time,open,high,low,close,Volume
2023-06-28T10:15:00+05:30,1310.45,1314.25,1306.7,1308.9,458500
2023-06-28T11:15:00+05:30,1308.9,1308.9,1303.9,1304.8,551600
2023-06-28T12:15:00+05:30,1305.15,1312.45,1304.45,1310.5,681800
2023-06-28T13:15:00+05:30,1310.1,1317.7,1308.7,1315.45,770000
2023-06-28T14:15:00+05:30,1316,1329.5,1315.5,1326.65,709100
2023-06-28T15:15:00+05:30,1327.4,1329.25,1325,1327.3,287000
2023-06-30T09:15:00+05:30,1344.65,1344.65,1320,1336.65,344400
2023-06-30T10:15:00+05:30,1334.55,1338.5,1329.55,1335,197400
2023-06-30T11:15:00+05:30,1335.55,1346.45,1333.4,1345.1,238700
2023-06-30T12:15:00+05:30,1345.05,1346.35,1341.05,1341.95,126700
2023-06-30T13:15:00+05:30,1342.45,1342.9,1337.05,1340.5,151200
2023-06-30T14:15:00+05:30,1340.5,1341.35,1331,1333.3,300300
2023-06-30T15:15:00+05:30,1333.05,1334.25,1332.15,1333.7,112000
2023-07-03T09:15:00+05:30,1336.4,1342,1329.95,1332.55,438200
2023-07-03T10:15:00+05:30,1332.4,1335.15,1326.15,1326.8,209300
2023-07-03T11:15:00+05:30,1325.7,1326.55,1320.5,1320.75,163100
2023-07-03T12:15:00+05:30,1320.4,1328.5,1319.95,1325.6,210700
2023-07-03T13:15:00+05:30,1324.95,1326.95,1322,1323.85,91000
2023-07-03T14:15:00+05:30,1323.35,1325.4,1321.7,1323.3,145600
2023-07-03T15:15:00+05:30,1323.45,1328.5,1322.55,1327.3,133700
2023-07-04T09:15:00+05:30,1337.95,1337.95,1323.3,1330,219100
2023-07-04T10:15:00+05:30,1330.8,1335,1326.5,1326.65,180600
2023-07-04T11:15:00+05:30,1327.5,1328.05,1321,1321.35,149800
2023-07-04T12:15:00+05:30,1321.3,1321.85,1310.7,1311.35,245000
2023-07-04T13:15:00+05:30,1311,1318.85,1310.05,1312.95,117600
2023-07-04T14:15:00+05:30,1312.65,1314.7,1305.95,1307.5,392700
2023-07-04T15:15:00+05:30,1308.75,1311,1307,1311,147700
2023-07-05T09:15:00+05:30,1311.1,1314.95,1305.35,1308.4,282800
2023-07-05T10:15:00+05:30,1309.05,1311.35,1302.25,1302.5,293300
2023-07-05T11:15:00+05:30,1302.2,1318,1301.3,1314.15,462000
2023-07-05T12:15:00+05:30,1315.1,1316,1310.5,1313.9,406700
2023-07-05T13:15:00+05:30,1313.75,1327,1309.5,1326,408800
2023-07-05T14:15:00+05:30,1326,1330.9,1317.8,1327.95,721700
2023-07-05T15:15:00+05:30,1326.95,1328.85,1326,1328,214900
2023-07-06T09:15:00+05:30,1328,1330.8,1318.1,1320.25,303800
2023-07-06T10:15:00+05:30,1319.15,1323.25,1314,1323.25,255500
2023-07-06T11:15:00+05:30,1323.4,1325.55,1319.7,1320,90300
2023-07-06T12:15:00+05:30,1318.85,1320.75,1311.75,1316.9,161000
2023-07-06T13:15:00+05:30,1315.55,1323,1315.55,1323,100800
2023-07-06T14:15:00+05:30,1323,1326.5,1319,1322.45,298900
2023-07-06T15:15:00+05:30,1322.05,1323.75,1322,1323.4,105000
2023-07-07T09:15:00+05:30,1323.95,1341.55,1319.4,1336.95,721000
2023-07-07T10:15:00+05:30,1337.65,1348.45,1325.65,1332.95,848400
2023-07-07T11:15:00+05:30,1332.95,1333.9,1318.25,1324.9,436100
2023-07-07T12:15:00+05:30,1324,1325.55,1317.1,1321.35,196700
2023-07-07T13:15:00+05:30,1322,1327.2,1320.05,1322.95,143500
2023-07-07T14:15:00+05:30,1323,1332.95,1322.85,1329.25,455000
2023-07-07T15:15:00+05:30,1329.55,1330,1327.3,1330,119700
2023-07-10T09:15:00+05:30,1331,1337.45,1316.05,1332.5,406700
2023-07-10T10:15:00+05:30,1332.15,1333.3,1325,1325.85,106400
2023-07-10T11:15:00+05:30,1325.5,1326.5,1316.5,1316.5,193200
2023-07-10T12:15:00+05:30,1316.5,1318,1311.4,1313.15,205100
2023-07-10T13:15:00+05:30,1313.95,1317.5,1313.1,1314.1,77000
2023-07-10T14:15:00+05:30,1314,1316.4,1312.1,1313.1,155400
2023-07-10T15:15:00+05:30,1313.3,1315.25,1311.8,1315.25,98000
2023-07-11T09:15:00+05:30,1319,1353.2,1317.95,1346.05,1039500
2023-07-11T10:15:00+05:30,1346,1357,1340.75,1356.2,632100
2023-07-11T11:15:00+05:30,1356.75,1362.1,1354.2,1357.5,436800
2023-07-11T12:15:00+05:30,1357.8,1358.4,1350.2,1354.7,173600
2023-07-11T13:15:00+05:30,1354.45,1354.45,1346.65,1349.1,262500
2023-07-11T14:15:00+05:30,1349.6,1350.65,1341.05,1348.55,278600
2023-07-11T15:15:00+05:30,1347.95,1355.4,1347.5,1355,252000
2023-07-12T09:15:00+05:30,1354.9,1359,1344.05,1346.45,285600
2023-07-12T10:15:00+05:30,1345.55,1353,1344,1351.7,81200
2023-07-12T11:15:00+05:30,1350.55,1354.75,1345.4,1346.05,69300
2023-07-12T12:15:00+05:30,1347,1347.8,1342.15,1345,149100
2023-07-12T13:15:00+05:30,1344.2,1345.3,1337.1,1340,212100
2023-07-12T14:15:00+05:30,1338.75,1346.95,1338.5,1342.6,222600
2023-07-12T15:15:00+05:30,1342,1344.5,1342,1344.5,84000
2023-07-13T09:15:00+05:30,1347.95,1352.9,1339.2,1344.45,249900
2023-07-13T10:15:00+05:30,1345.4,1352.25,1341.6,1350.6,137900
2023-07-13T11:15:00+05:30,1350.05,1350.05,1341.6,1342.6,139300
2023-07-13T12:15:00+05:30,1343.2,1350.4,1341.8,1349.3,204400
2023-07-13T13:15:00+05:30,1350,1352,1331.5,1332,476000
2023-07-13T14:15:00+05:30,1332.55,1335.95,1330.1,1334.75,312200
2023-07-13T15:15:00+05:30,1334.9,1339.25,1333.4,1338,128100
2023-07-14T09:15:00+05:30,1345.2,1345.9,1334.55,1339.85,173600
2023-07-14T10:15:00+05:30,1339.95,1340.45,1328.05,1332,235900
2023-07-14T11:15:00+05:30,1332,1334.05,1330.45,1332.9,66500
2023-07-14T12:15:00+05:30,1332.75,1333.5,1329.45,1331.95,46900
2023-07-14T13:15:00+05:30,1332.1,1341.15,1331.3,1337.45,112000
2023-07-14T14:15:00+05:30,1337.7,1357.25,1337.6,1355.95,617400
2023-07-14T15:15:00+05:30,1355.8,1358.8,1355.55,1358.8,210000
2023-07-17T09:15:00+05:30,1340.2,1366.9,1340.2,1357,663600
2023-07-17T10:15:00+05:30,1357.55,1357.55,1346,1346.95,191100
2023-07-17T11:15:00+05:30,1347.45,1352.65,1346.15,1348.3,109900
2023-07-17T12:15:00+05:30,1348.4,1354.1,1345.6,1354,100100
2023-07-17T13:15:00+05:30,1353.95,1353.95,1347.35,1347.5,156800
2023-07-17T14:15:00+05:30,1347.5,1350.2,1346.2,1349.25,163100
2023-07-17T15:15:00+05:30,1349.4,1349.65,1346.5,1348.5,101500
2023-07-18T09:15:00+05:30,1345.25,1371.05,1342.2,1361.6,819700
2023-07-18T10:15:00+05:30,1361.65,1365.7,1353.95,1356.45,557900
2023-07-18T11:15:00+05:30,1357.2,1357.2,1341,1343.55,404600
2023-07-18T12:15:00+05:30,1343.3,1351.8,1342.75,1349.45,281400
2023-07-18T13:15:00+05:30,1349.45,1351.65,1348.1,1350.85,163100
2023-07-18T14:15:00+05:30,1350.8,1351.3,1344,1348.35,235900
2023-07-18T15:15:00+05:30,1348,1351.65,1346.95,1350,157500
2023-07-19T09:15:00+05:30,1353,1355.05,1328.9,1334,500500
2023-07-19T10:15:00+05:30,1333.95,1342.95,1331.25,1342.2,254800
2023-07-19T11:15:00+05:30,1341.6,1351.45,1340.5,1349.05,291200
2023-07-19T12:15:00+05:30,1347.4,1348.85,1346,1347.1,65800
2023-07-19T13:15:00+05:30,1347.15,1347.15,1342,1342,87500
2023-07-19T14:15:00+05:30,1342.7,1344.35,1335.9,1339.65,217700
2023-07-19T15:15:00+05:30,1339.7,1343.25,1338,1343,101500
2023-07-20T09:15:00+05:30,1342.9,1344.05,1333.5,1340,237300
2023-07-20T10:15:00+05:30,1339.3,1350.8,1339.3,1344.95,452200
2023-07-20T11:15:00+05:30,1344.1,1344.1,1340.25,1340.8,93100
2023-07-20T12:15:00+05:30,1340,1345.4,1338.5,1345,140000
2023-07-20T13:15:00+05:30,1345.25,1352.5,1343,1350,247800
2023-07-20T14:15:00+05:30,1350.4,1352,1347.35,1350.5,154700
2023-07-20T15:15:00+05:30,1350.7,1352.75,1348,1351.45,216300
2023-07-21T09:15:00+05:30,1342.3,1347.55,1335.8,1337.3,360500
2023-07-21T10:15:00+05:30,1338.1,1344.85,1336,1343.05,243600
2023-07-21T11:15:00+05:30,1343.05,1345.8,1339.5,1344.05,137200
2023-07-21T12:15:00+05:30,1341.95,1342.3,1338.1,1340.65,151200
2023-07-21T13:15:00+05:30,1340.7,1346.8,1340.7,1343.95,240100
2023-07-21T14:15:00+05:30,1344.65,1348,1342.5,1345.4,198800
2023-07-21T15:15:00+05:30,1345.6,1345.9,1342,1342,109200
2023-07-24T09:15:00+05:30,1343.5,1361.8,1340.85,1360.95,574700
2023-07-24T10:15:00+05:30,1361.5,1366.5,1360,1361.45,583100
2023-07-24T11:15:00+05:30,1360.6,1364,1352,1358.8,336000
2023-07-24T12:15:00+05:30,1358.8,1368,1358.8,1366.7,583100
2023-07-24T13:15:00+05:30,1366.7,1376.1,1365.5,1374.15,639100
2023-07-24T14:15:00+05:30,1374.15,1376.9,1297.1,1315.1,4734800
2023-07-24T15:15:00+05:30,1314.55,1316.3,1298.2,1308.05,826700
2023-07-25T09:15:00+05:30,1329,1344.2,1317,1340.35,1820700
2023-07-25T10:15:00+05:30,1339.95,1363.55,1335.6,1359.6,1175300
2023-07-25T11:15:00+05:30,1359.6,1388.35,1358.65,1387.9,2419200
2023-07-25T12:15:00+05:30,1387.9,1388.4,1375.55,1383,883400
2023-07-25T13:15:00+05:30,1383,1386.7,1372.15,1378.6,749700
2023-07-25T14:15:00+05:30,1378.6,1389.45,1376.55,1388.35,1043700
2023-07-25T15:15:00+05:30,1388.15,1388.85,1384.15,1384.15,396200
2023-07-26T09:15:00+05:30,1388.1,1400.7,1382.6,1387.9,1051400
2023-07-26T10:15:00+05:30,1388,1395.9,1384.6,1386.7,396900
2023-07-26T11:15:00+05:30,1386.7,1387.3,1375,1376.95,599200
2023-07-26T12:15:00+05:30,1376.95,1379.1,1373,1373.9,550900
2023-07-26T13:15:00+05:30,1373.9,1375.95,1367.3,1368.75,527800
2023-07-26T14:15:00+05:30,1368.75,1378.2,1368.75,1372.15,455000
2023-07-26T15:15:00+05:30,1372.15,1373.95,1370.65,1372.75,108500
2023-07-27T09:15:00+05:30,1382.45,1382.45,1370.15,1371.5,581000
2023-07-27T10:15:00+05:30,1371.5,1376.1,1369.85,1373,429800
2023-07-27T11:15:00+05:30,1372.75,1375.9,1370.85,1371.45,417200
2023-07-27T12:15:00+05:30,1371.45,1373.85,1362.6,1364.7,669200
2023-07-27T13:15:00+05:30,1365.1,1368.05,1363,1366.9,378000
2023-07-27T14:15:00+05:30,1367.9,1368.3,1356.4,1367.4,593600
2023-07-27T15:15:00+05:30,1367.4,1371,1365.5,1368.8,142100
2023-07-28T09:15:00+05:30,1368.45,1372.05,1359.25,1362.6,205800
2023-07-28T10:15:00+05:30,1361.5,1367.6,1361.05,1362.65,63000
2023-07-28T11:15:00+05:30,1362.65,1366.25,1360,1360.8,112000
2023-07-28T12:15:00+05:30,1362.45,1363.8,1357.65,1363.35,172200
2023-07-28T13:15:00+05:30,1362.15,1364,1360.4,1362.45,54600
2023-07-28T14:15:00+05:30,1362.05,1372,1360.65,1369.8,154700
2023-07-28T15:15:00+05:30,1369.65,1370.75,1368.25,1369.45,98000
2023-07-31T09:15:00+05:30,1363,1368.25,1358.95,1366.9,134400
2023-07-31T10:15:00+05:30,1371.65,1372.4,1363.9,1370,129500
2023-07-31T11:15:00+05:30,1369.6,1379.6,1368.9,1378.15,155400
2023-07-31T12:15:00+05:30,1378,1382.7,1372.5,1382.5,155400
2023-07-31T13:15:00+05:30,1382.55,1385,1379.05,1380.45,170100
2023-07-31T14:15:00+05:30,1382,1387.1,1379.55,1385.55,245700
2023-07-31T15:15:00+05:30,1385.4,1385.95,1382.5,1383.7,141400
2023-08-01T09:15:00+05:30,1387.5,1387.5,1379.05,1382.85,320600
2023-08-01T10:15:00+05:30,1383.3,1384.7,1378.05,1382.5,101500
2023-08-01T11:15:00+05:30,1383.1,1383.85,1375.4,1376.5,98000
2023-08-01T12:15:00+05:30,1377.1,1377.1,1369.55,1372,119000
2023-08-01T13:15:00+05:30,1373.2,1376.95,1372.55,1376.95,57400
2023-08-01T14:15:00+05:30,1375.75,1380.85,1374.8,1375.9,105000
2023-08-01T15:15:00+05:30,1376,1378.95,1376,1378.95,56700
2023-08-02T09:15:00+05:30,1380.8,1402,1374,1385.4,1571500
2023-08-02T10:15:00+05:30,1385.7,1390.95,1382.6,1386.85,420000
2023-08-02T11:15:00+05:30,1387.2,1387.9,1378,1380.3,249900
2023-08-02T12:15:00+05:30,1379.9,1383.4,1375,1376,180600
2023-08-02T13:15:00+05:30,1375.5,1380.1,1368.4,1375.25,364700
2023-08-02T14:15:00+05:30,1374.05,1386.45,1373.95,1385.5,364000
2023-08-02T15:15:00+05:30,1385.4,1386.4,1383,1383.45,136500
2023-08-03T09:15:00+05:30,1394,1394.5,1375.55,1380.65,692300
2023-08-03T10:15:00+05:30,1380.7,1384.4,1376.55,1379.7,200900
2023-08-03T11:15:00+05:30,1379.55,1380.8,1372,1372,154000
2023-08-03T12:15:00+05:30,1372.45,1376.5,1362.8,1364.05,378000
2023-08-03T13:15:00+05:30,1362.8,1366,1360.2,1362.4,142800
2023-08-03T14:15:00+05:30,1361.8,1367.8,1358.2,1366.3,279300
2023-08-03T15:15:00+05:30,1365.25,1371.35,1364.8,1369.2,119000
2023-08-04T09:15:00+05:30,1370.9,1387,1362.65,1368.6,340200
2023-08-04T10:15:00+05:30,1368.3,1372.2,1363.55,1366.7,76300
2023-08-04T11:15:00+05:30,1367.6,1377.5,1367.6,1373.7,87500
2023-08-04T12:15:00+05:30,1374,1374,1368,1371.15,24500
2023-08-04T13:15:00+05:30,1370.95,1371,1355.7,1362.55,266000
2023-08-04T14:15:00+05:30,1362.9,1369.25,1360.5,1363.3,186200
2023-08-04T15:15:00+05:30,1363.3,1364.55,1361.5,1362.45,56700
2023-08-07T09:15:00+05:30,1363.9,1363.9,1344.4,1346.5,476700
2023-08-07T10:15:00+05:30,1346.95,1351.6,1343,1345,198800
2023-08-07T11:15:00+05:30,1345,1351,1340.65,1343.6,221900
2023-08-07T12:15:00+05:30,1343.05,1346.95,1341.4,1346.5,172900
2023-08-07T13:15:00+05:30,1347.05,1348,1343.15,1343.15,83300
2023-08-07T14:15:00+05:30,1343,1348,1342.1,1348,136500
2023-08-07T15:15:00+05:30,1347.4,1348.95,1346.55,1347.15,98700
2023-08-08T09:15:00+05:30,1348.95,1350,1343,1344.35,254100
2023-08-08T10:15:00+05:30,1344.5,1348.8,1333.4,1333.55,297500
2023-08-08T11:15:00+05:30,1333.05,1337.45,1326.2,1335.65,393400
2023-08-08T12:15:00+05:30,1335,1337.5,1330.45,1335.35,107800
2023-08-08T13:15:00+05:30,1336.2,1337.5,1332.8,1334,97300
2023-08-08T14:15:00+05:30,1335.25,1341.45,1331.2,1340.05,346500
2023-08-08T15:15:00+05:30,1340,1343.8,1340,1343,154000
2023-08-09T09:15:00+05:30,1336.05,1336.05,1325.15,1329.35,366800
2023-08-09T10:15:00+05:30,1329.4,1343.65,1327.1,1339.25,151900
2023-08-09T11:15:00+05:30,1339.15,1344.7,1338.6,1344.35,76300
2023-08-09T12:15:00+05:30,1344.7,1349,1343.45,1348.5,124600
2023-08-09T13:15:00+05:30,1348.65,1356,1347.8,1352.9,298900
2023-08-09T14:15:00+05:30,1352.7,1354.95,1343.95,1347.1,353500
2023-08-09T15:15:00+05:30,1349.05,1350,1344.3,1348.3,150500
2023-08-10T09:15:00+05:30,1350.2,1355,1339.4,1352.9,256200
2023-08-10T10:15:00+05:30,1353.3,1358.1,1345.85,1349.3,221900
2023-08-10T11:15:00+05:30,1349.35,1361.9,1348.45,1358,212100
2023-08-10T12:15:00+05:30,1357.85,1363.5,1357.2,1362,121100
2023-08-10T13:15:00+05:30,1362.1,1362.6,1353.85,1356.65,103600
2023-08-10T14:15:00+05:30,1357.3,1360,1353.75,1358.7,142800
2023-08-10T15:15:00+05:30,1358.65,1358.65,1355.35,1358.05,104300
2023-08-11T09:15:00+05:30,1358.75,1368,1353.25,1361.9,252700
2023-08-11T10:15:00+05:30,1361.7,1362.55,1349.9,1351,186900
2023-08-11T11:15:00+05:30,1350.5,1368.9,1350.05,1363.25,270900
2023-08-11T12:15:00+05:30,1363.7,1363.7,1357.2,1361.75,91000
2023-08-11T13:15:00+05:30,1361.85,1363.2,1356.15,1356.25,86100
2023-08-11T14:15:00+05:30,1356.85,1362.9,1353.9,1355.55,155400
2023-08-11T15:15:00+05:30,1356.45,1357.45,1352.85,1357.45,83300
2023-08-14T09:15:00+05:30,1349,1351.4,1326.85,1333.15,436100
2023-08-14T10:15:00+05:30,1333.05,1337.75,1330.5,1331.5,109200
2023-08-14T11:15:00+05:30,1332.05,1335.45,1329,1334.6,86100
2023-08-14T12:15:00+05:30,1335,1345.75,1332.15,1344.95,128800
2023-08-14T13:15:00+05:30,1345,1352.4,1344.95,1347.15,253400
2023-08-14T14:15:00+05:30,1347.9,1354.3,1346.05,1350.95,205800
2023-08-14T15:15:00+05:30,1350.55,1350.8,1348.05,1348.6,60900
2023-08-16T09:15:00+05:30,1340.3,1344.5,1328.2,1343.05,245700
2023-08-16T10:15:00+05:30,1343.8,1344.8,1335.55,1337,106400
2023-08-16T11:15:00+05:30,1336,1339.3,1332.25,1338,102900
2023-08-16T12:15:00+05:30,1337.9,1345,1337.9,1344.5,95900
2023-08-16T13:15:00+05:30,1344.9,1347.95,1336,1341.95,233800
2023-08-16T14:15:00+05:30,1342,1349.8,1340.3,1345.4,504700
2023-08-16T15:15:00+05:30,1344.5,1345.5,1341.65,1343.55,136500
2023-08-17T09:15:00+05:30,1333.2,1344.95,1333,1336.2,373800
2023-08-17T10:15:00+05:30,1337.35,1339,1334.3,1335,84000
2023-08-17T11:15:00+05:30,1335,1335.2,1329.7,1329.7,163800
2023-08-17T12:15:00+05:30,1330.25,1336.5,1330.25,1335.3,88900
2023-08-17T13:15:00+05:30,1335.9,1339.25,1335,1338.85,84700
2023-08-17T14:15:00+05:30,1339,1344.95,1336.9,1342.2,243600
2023-08-17T15:15:00+05:30,1340.35,1343,1339.6,1342.4,109200
2023-08-18T09:15:00+05:30,1342.2,1343.55,1334.45,1340.4,256200
2023-08-18T10:15:00+05:30,1340.3,1343,1336,1340.1,112000
2023-08-18T11:15:00+05:30,1340.95,1342.3,1337.05,1339.2,109900
2023-08-18T12:15:00+05:30,1339.3,1340.45,1337.15,1338.65,65100
2023-08-18T13:15:00+05:30,1338.55,1344.7,1338.55,1343.8,162400
2023-08-18T14:15:00+05:30,1343.5,1347.5,1341.3,1342.8,269500
2023-08-18T15:15:00+05:30,1343.4,1344.75,1342.05,1344.15,186900
2023-08-21T09:15:00+05:30,1339.35,1362.1,1330,1358,676900
2023-08-21T10:15:00+05:30,1356.75,1363.55,1352.25,1357,310800
2023-08-21T11:15:00+05:30,1357.5,1358,1352.8,1357.6,142800
2023-08-21T12:15:00+05:30,1356.6,1363.3,1356,1358.05,203000
2023-08-21T13:15:00+05:30,1358.45,1360,1352.75,1355.4,133000
2023-08-21T14:15:00+05:30,1355.3,1360.2,1350.7,1353.35,498400
2023-08-21T15:15:00+05:30,1353.7,1355.9,1351.3,1351.3,181300
2023-08-22T09:15:00+05:30,1354.7,1358.15,1345.6,1347.2,326900
2023-08-22T10:15:00+05:30,1347.65,1349,1340,1340.95,246400
2023-08-22T11:15:00+05:30,1340,1349.7,1340,1348.4,157500
2023-08-22T12:15:00+05:30,1348.85,1354,1346.15,1353.7,112000
2023-08-22T13:15:00+05:30,1353.75,1361.3,1353.15,1359.95,262500
2023-08-22T14:15:00+05:30,1359.85,1361.3,1352.45,1356.95,277900
2023-08-22T15:15:00+05:30,1357.05,1358.25,1356.55,1356.7,108500
2023-08-23T09:15:00+05:30,1357,1367.2,1354.6,1366,571200
2023-08-23T10:15:00+05:30,1367.25,1369.95,1358.65,1364.9,275100
2023-08-23T11:15:00+05:30,1365.3,1367,1359.5,1360.55,138600
2023-08-23T12:15:00+05:30,1359.25,1361,1356.35,1359.1,119000
2023-08-23T13:15:00+05:30,1358.7,1363.65,1358.1,1361.4,87500
2023-08-23T14:15:00+05:30,1360.5,1363.9,1358.05,1358.1,216300
2023-08-23T15:15:00+05:30,1358.05,1361,1358.05,1359.6,122500
2023-08-24T09:15:00+05:30,1370,1370,1359.6,1365.85,345800
2023-08-24T10:15:00+05:30,1366.5,1366.9,1358.1,1364.7,173600
2023-08-24T11:15:00+05:30,1364.6,1381.5,1363,1381.5,606900
2023-08-24T12:15:00+05:30,1381.7,1383.8,1375.7,1378,344400
2023-08-24T13:15:00+05:30,1377.1,1382.2,1377.1,1380.95,191800
2023-08-24T14:15:00+05:30,1380.75,1381.5,1366.3,1368.45,350700
2023-08-24T15:15:00+05:30,1367.5,1368.25,1362.6,1364.65,161000
2023-08-25T09:15:00+05:30,1359,1359.85,1345,1349.45,545300
2023-08-25T10:15:00+05:30,1349.45,1354.65,1347.4,1353.7,242900
2023-08-25T11:15:00+05:30,1353.7,1354.6,1351.3,1351.3,123200
2023-08-25T12:15:00+05:30,1351.3,1352.7,1349.15,1351.25,153300
2023-08-25T13:15:00+05:30,1351.25,1354.5,1349.8,1350.95,191800
2023-08-25T14:15:00+05:30,1350.9,1352.6,1321.75,1335,1243200
2023-08-25T15:15:00+05:30,1334.5,1340,1333.6,1339.1,281400
2023-08-28T09:15:00+05:30,1345,1350.15,1336.85,1346.05,442400
2023-08-28T10:15:00+05:30,1346.05,1347.95,1339.15,1341.2,321300
2023-08-28T11:15:00+05:30,1341.2,1342.85,1339.4,1339.8,324100
2023-08-28T12:15:00+05:30,1339.8,1343.85,1338.45,1343.85,462000
2023-08-28T13:15:00+05:30,1344.15,1351.25,1344.15,1350.05,286300
2023-08-28T14:15:00+05:30,1350.05,1351,1347.35,1349.55,240100
2023-08-28T15:15:00+05:30,1349.5,1350.95,1348,1350.95,123900
2023-08-29T09:15:00+05:30,1350.95,1357.05,1343.05,1352.5,424900
2023-08-29T10:15:00+05:30,1352.55,1359.45,1350.7,1358,376600
2023-08-29T11:15:00+05:30,1358,1389.75,1358,1373.1,1250200
2023-08-29T12:15:00+05:30,1373.1,1383.35,1373.1,1379.85,552300
2023-08-29T13:15:00+05:30,1379.85,1386.25,1378.85,1378.85,499800
2023-08-29T14:15:00+05:30,1378.85,1383,1376.65,1381.2,695800
2023-08-29T15:15:00+05:30,1380.9,1387.45,1380.9,1386,221200
2023-08-30T09:15:00+05:30,1387.95,1418.7,1383.25,1414.45,1500800
2023-08-30T10:15:00+05:30,1415,1418.45,1412.6,1417.6,332500
2023-08-30T11:15:00+05:30,1417.6,1418.95,1411.6,1415.2,627200
2023-08-30T12:15:00+05:30,1415.2,1418.3,1413,1416.5,364000
2023-08-30T13:15:00+05:30,1416.5,1417.4,1414.75,1415.7,315000
2023-08-30T14:15:00+05:30,1416.3,1417.7,1413,1414.5,770000
2023-08-30T15:15:00+05:30,1414.5,1416,1413.55,1414.55,148400
2023-08-31T09:15:00+05:30,1427.85,1433,1423.25,1428.8,504000
2023-08-31T10:15:00+05:30,1431,1436.35,1429.2,1435.1,567700
2023-08-31T11:15:00+05:30,1435.2,1442.15,1433.4,1436.95,886900
2023-08-31T12:15:00+05:30,1436.95,1440.95,1433.9,1435.25,773500
2023-08-31T13:15:00+05:30,1435.6,1439.4,1434.25,1438.15,548800
2023-08-31T14:15:00+05:30,1437.8,1438.3,1420.15,1433,858900
2023-08-31T15:15:00+05:30,1432.85,1434,1427.5,1430.45,326900
2023-09-01T09:15:00+05:30,1427.95,1437.75,1420.85,1435.2,487200
2023-09-01T10:15:00+05:30,1436.25,1440.95,1432.95,1440,193200
2023-09-01T11:15:00+05:30,1440.5,1446.3,1438.95,1444.75,402500
2023-09-01T12:15:00+05:30,1444.45,1446.9,1440.85,1443.45,246400
2023-09-01T13:15:00+05:30,1443.05,1452.4,1441.45,1452,291200
2023-09-01T14:15:00+05:30,1450.05,1460,1449.2,1455.6,729400
2023-09-01T15:15:00+05:30,1455.25,1456.1,1450.9,1453,310800
2023-09-04T09:15:00+05:30,1460.45,1467.9,1453,1461.4,645400
2023-09-04T10:15:00+05:30,1461,1462.4,1447.55,1455.05,261800
2023-09-04T11:15:00+05:30,1455.05,1455.3,1444.05,1448.4,203000
2023-09-04T12:15:00+05:30,1448.35,1454.8,1444.75,1454.5,239400
2023-09-04T13:15:00+05:30,1454.65,1463.85,1454.65,1460.45,186900
2023-09-04T14:15:00+05:30,1460.5,1460.5,1455.9,1457.35,354200
2023-09-04T15:15:00+05:30,1458.05,1461,1456.05,1460.6,135800
2023-09-05T09:15:00+05:30,1467.85,1473.5,1457.2,1460.6,321300
2023-09-05T10:15:00+05:30,1462,1462.4,1457.4,1461.05,97300
2023-09-05T11:15:00+05:30,1461.1,1464.95,1456.4,1459.2,93800
2023-09-05T12:15:00+05:30,1458.6,1462.15,1456,1461.55,94500
2023-09-05T13:15:00+05:30,1461.5,1462.75,1457.05,1461.85,62300
2023-09-05T14:15:00+05:30,1461.65,1462.75,1457.4,1458.3,169400
2023-09-05T15:15:00+05:30,1459.1,1464.35,1459,1463,84700
2023-09-06T09:15:00+05:30,1461.85,1483.7,1461.85,1474.35,825300
2023-09-06T10:15:00+05:30,1475.5,1478.5,1472.8,1474.95,112000
2023-09-06T11:15:00+05:30,1475.7,1481.75,1473.95,1476,149800
2023-09-06T12:15:00+05:30,1476.1,1476.1,1468.6,1471,168000
2023-09-06T13:15:00+05:30,1470.1,1470.5,1464.85,1465.9,225400
2023-09-06T14:15:00+05:30,1466.15,1478.2,1465.15,1477.7,259000
2023-09-06T15:15:00+05:30,1478,1478.75,1473.05,1473.05,165900
2023-09-07T09:15:00+05:30,1473.35,1483,1473.35,1481.65,305200
2023-09-07T10:15:00+05:30,1483,1483.75,1473,1474.45,150500
2023-09-07T11:15:00+05:30,1474.45,1476.7,1472,1472,88200
2023-09-07T12:15:00+05:30,1472.3,1480.95,1472.3,1480,80500
2023-09-07T13:15:00+05:30,1479.95,1481,1475.35,1477.5,72100
2023-09-07T14:15:00+05:30,1476.8,1480,1475.8,1477.3,163800
2023-09-07T15:15:00+05:30,1477.65,1479.2,1475.8,1475.8,91000
2023-09-08T09:15:00+05:30,1488,1488,1474.8,1481.55,177800
2023-09-08T10:15:00+05:30,1479.7,1483,1476.85,1479.05,78400
2023-09-08T11:15:00+05:30,1479.3,1483,1478,1478,81200
2023-09-08T12:15:00+05:30,1478,1483.75,1478,1482,146300
2023-09-08T13:15:00+05:30,1482,1488,1481.4,1486.9,165900
2023-09-08T14:15:00+05:30,1487,1487.8,1483.05,1483.8,153300
2023-09-08T15:15:00+05:30,1483.95,1486,1483.95,1485,91700
2023-09-11T09:15:00+05:30,1470.35,1494,1467.5,1484.75,207200
2023-09-11T10:15:00+05:30,1485.05,1487,1484.3,1486.45,59500
2023-09-11T11:15:00+05:30,1487.35,1490.55,1480.5,1490.55,133700
2023-09-11T12:15:00+05:30,1490.65,1494,1489.45,1492.6,112700
2023-09-11T13:15:00+05:30,1492.2,1494.7,1489.55,1494.45,189000
2023-09-11T14:15:00+05:30,1494.2,1497.5,1490,1491.75,235200
2023-09-11T15:15:00+05:30,1492.55,1496.75,1491.05,1493.45,128100
2023-09-12T09:15:00+05:30,1488.55,1499.45,1469.9,1477,725200
2023-09-12T10:15:00+05:30,1476.8,1478.95,1472,1476.3,204400
2023-09-12T11:15:00+05:30,1476.3,1479.75,1463.45,1467,290500
2023-09-12T12:15:00+05:30,1465.75,1473.35,1464.05,1471.15,168700
2023-09-12T13:15:00+05:30,1471.15,1476.85,1466.5,1469.5,245700
2023-09-12T14:15:00+05:30,1470.5,1475.8,1467.2,1469.4,329700
2023-09-12T15:15:00+05:30,1469.75,1472,1467.9,1469,98700
2023-09-13T09:15:00+05:30,1463.3,1470,1450.25,1450.25,691600
2023-09-13T10:15:00+05:30,1450.8,1455.5,1444,1448.05,399000
2023-09-13T11:15:00+05:30,1448,1453.6,1445,1452.05,207900
2023-09-13T12:15:00+05:30,1452,1459.35,1449.95,1458,171500
2023-09-13T13:15:00+05:30,1459.4,1459.4,1454.25,1457.15,107100
2023-09-13T14:15:00+05:30,1456.5,1463.55,1454,1458.5,284900
2023-09-13T15:15:00+05:30,1457.6,1459.45,1455.95,1459.45,111300
2023-09-14T09:15:00+05:30,1459.5,1468.55,1457.95,1459.15,359100
2023-09-14T10:15:00+05:30,1459,1463.05,1457.25,1460.9,95900
2023-09-14T11:15:00+05:30,1460.3,1460.45,1456.8,1459.75,45500
2023-09-14T12:15:00+05:30,1459.9,1460.7,1455.5,1459.15,57400
2023-09-14T13:15:00+05:30,1457.75,1467.6,1457.05,1466.5,187600
2023-09-14T14:15:00+05:30,1466,1469.7,1464.25,1467.9,199500
2023-09-14T15:15:00+05:30,1467.85,1472.2,1467.7,1471.5,104300
2023-09-15T09:15:00+05:30,1475,1496,1470.55,1489.45,875000
2023-09-15T10:15:00+05:30,1490.45,1492.5,1485,1488.85,175700
2023-09-15T11:15:00+05:30,1488.35,1488.5,1481,1484,93800
2023-09-15T12:15:00+05:30,1484.4,1495.2,1483.15,1494.85,219100
2023-09-15T13:15:00+05:30,1494.4,1509.9,1492.8,1507.9,855400
2023-09-15T14:15:00+05:30,1506.75,1512,1502.45,1509.4,680400
2023-09-15T15:15:00+05:30,1510,1510.7,1505.7,1507,284200
2023-09-18T09:15:00+05:30,1509.95,1511.3,1493.55,1506.45,518000
2023-09-18T10:15:00+05:30,1506.3,1519.9,1505.95,1516.9,497000
2023-09-18T11:15:00+05:30,1516.9,1522.5,1516.25,1517.5,181300
2023-09-18T12:15:00+05:30,1517.15,1521.45,1514.15,1519.95,179900
2023-09-18T13:15:00+05:30,1519.95,1525.95,1517.15,1523.8,277900
2023-09-18T14:15:00+05:30,1523.2,1528.55,1519.5,1525,528500
2023-09-18T15:15:00+05:30,1524.6,1525.85,1523.4,1524.95,249900
2023-09-20T09:15:00+05:30,1524.9,1533.85,1512.9,1526.35,443800
2023-09-20T10:15:00+05:30,1526.5,1528.25,1521.1,1528.25,143500
2023-09-20T11:15:00+05:30,1527.95,1529.95,1522.5,1524.7,130200
2023-09-20T12:15:00+05:30,1524.8,1529.35,1521,1522.85,97300
2023-09-20T13:15:00+05:30,1522,1524.25,1515.5,1521.5,131600
2023-09-20T14:15:00+05:30,1520.6,1521.6,1516.4,1519.25,96600
2023-09-20T15:15:00+05:30,1519.15,1519.5,1515.05,1517,119700
2023-09-21T09:15:00+05:30,1512.7,1513.1,1497.1,1505.4,313600
2023-09-21T10:15:00+05:30,1505.85,1508.15,1500.05,1507.6,114800
2023-09-21T11:15:00+05:30,1507,1507,1502.85,1506.1,52500
2023-09-21T12:15:00+05:30,1504.85,1506.05,1497.25,1500,170100
2023-09-21T13:15:00+05:30,1500.7,1501,1493.8,1497,119700
2023-09-21T14:15:00+05:30,1496.1,1499,1491.05,1497.45,172900
2023-09-21T15:15:00+05:30,1497.5,1498.4,1495.55,1495.55,72100
2023-09-22T09:15:00+05:30,1493.6,1497.85,1485.6,1494.55,314300
2023-09-22T10:15:00+05:30,1494.55,1496.05,1488,1489.45,185500
2023-09-22T11:15:00+05:30,1489.45,1498.45,1488.5,1494,114800
2023-09-22T12:15:00+05:30,1494,1497.6,1492,1493.05,79800
2023-09-22T13:15:00+05:30,1493.05,1500.95,1493,1500.6,122500
2023-09-22T14:15:00+05:30,1501.1,1501.85,1496.15,1498.65,113400
2023-09-22T15:15:00+05:30,1498.45,1499.4,1496.8,1497.3,85400
2023-09-25T09:15:00+05:30,1503.75,1521.3,1494.3,1495.85,928900
2023-09-25T10:15:00+05:30,1495,1497.9,1489.55,1491.35,440300
2023-09-25T11:15:00+05:30,1491.35,1497.2,1489.8,1495.6,419300
2023-09-25T12:15:00+05:30,1495.6,1509.8,1495.6,1508.1,602700
2023-09-25T13:15:00+05:30,1509.4,1509.4,1501.4,1502.85,422800
2023-09-25T14:15:00+05:30,1502.85,1515.75,1502.05,1512.25,466900
2023-09-25T15:15:00+05:30,1512.25,1515,1511.4,1512.75,183400
2023-09-26T09:15:00+05:30,1511,1534.85,1511,1527.35,1223600
2023-09-26T10:15:00+05:30,1527.45,1537.65,1527.45,1535.5,394800
2023-09-26T11:15:00+05:30,1535,1535,1529.1,1532.3,351400
2023-09-26T12:15:00+05:30,1532.3,1532.6,1526.3,1526.3,322700
2023-09-26T13:15:00+05:30,1527.45,1532.45,1526.6,1531.25,300300
2023-09-26T14:15:00+05:30,1531.25,1533.95,1526.45,1526.45,486500
2023-09-26T15:15:00+05:30,1527.95,1529.45,1526,1528,325500
2023-09-27T09:15:00+05:30,1528,1528,1513.9,1517.85,524300
2023-09-27T10:15:00+05:30,1517.85,1526.75,1514.15,1521.25,465500
2023-09-27T11:15:00+05:30,1521.25,1522.9,1518.25,1522.7,186900
2023-09-27T12:15:00+05:30,1522.7,1527.1,1522.35,1526.3,150500
2023-09-27T13:15:00+05:30,1526.3,1527.35,1524.05,1525.6,305200
2023-09-27T14:15:00+05:30,1525.6,1531.5,1525.6,1527.3,1082900
2023-09-27T15:15:00+05:30,1527.3,1529.5,1525,1525,151900
2023-09-28T09:15:00+05:30,1528,1550,1528,1543.05,878500
2023-09-28T10:15:00+05:30,1543.05,1543.05,1536.3,1536.3,908600
2023-09-28T11:15:00+05:30,1536.3,1537.5,1527.9,1532,842100
2023-09-28T12:15:00+05:30,1532,1539.1,1531,1533.05,576100
2023-09-28T13:15:00+05:30,1532.3,1534,1525.3,1529.5,622300
2023-09-28T14:15:00+05:30,1529,1530.75,1517.55,1521.35,1534400
2023-09-28T15:15:00+05:30,1520.65,1529.75,1519.05,1521.65,855400
2023-09-29T09:15:00+05:30,1523.55,1531.1,1510,1529.05,541800
2023-09-29T10:15:00+05:30,1529.05,1530.95,1522.7,1526.05,144900
2023-09-29T11:15:00+05:30,1526.95,1541.1,1526.35,1533,280000
2023-09-29T12:15:00+05:30,1533.5,1537.35,1529.75,1533.25,256900
2023-09-29T13:15:00+05:30,1533.7,1534.2,1529.55,1531.55,126000
2023-09-29T14:15:00+05:30,1530.55,1531.15,1520.35,1522.5,266700
2023-09-29T15:15:00+05:30,1522.5,1528.1,1521.5,1525.85,120400
2023-10-03T09:15:00+05:30,1538.65,1542.6,1527.9,1532.3,886200
2023-10-03T10:15:00+05:30,1532.5,1538,1530,1530,207900
2023-10-03T11:15:00+05:30,1530.3,1533.8,1530.25,1531.65,84000
2023-10-03T12:15:00+05:30,1531.6,1532.65,1528.4,1530.8,88900
2023-10-03T13:15:00+05:30,1531.1,1532.9,1529,1531.75,74200
2023-10-03T14:15:00+05:30,1532.6,1536.95,1531.3,1534.1,142800
2023-10-03T15:15:00+05:30,1534.9,1537.9,1534.5,1537.85,161700
2023-10-04T09:15:00+05:30,1530.35,1530.35,1499.4,1502.7,642600
2023-10-04T10:15:00+05:30,1502.7,1507,1501.25,1502.7,152600
2023-10-04T11:15:00+05:30,1504.1,1506.85,1497.5,1503.1,237300
2023-10-04T12:15:00+05:30,1504.5,1506.15,1497.9,1499.75,139300
2023-10-04T13:15:00+05:30,1499.75,1504.1,1496.6,1497.35,219100
2023-10-04T14:15:00+05:30,1497.6,1502,1495.3,1498,262500
2023-10-04T15:15:00+05:30,1498.5,1500.9,1498.05,1500,71400
2023-10-05T09:15:00+05:30,1506.4,1514.3,1505.45,1508.8,261800
2023-10-05T10:15:00+05:30,1507.55,1507.55,1497.7,1503.7,139300
2023-10-05T11:15:00+05:30,1503.6,1508.4,1502.2,1502.2,68600
2023-10-05T12:15:00+05:30,1502.2,1502.2,1495.75,1496.6,128800
2023-10-05T13:15:00+05:30,1498.5,1506.35,1498.5,1505.1,88200
2023-10-05T14:15:00+05:30,1504.7,1506,1502.15,1502.4,154700
2023-10-05T15:15:00+05:30,1503.15,1507.65,1503.1,1505.9,107800
2023-10-06T09:15:00+05:30,1497,1519.85,1488.85,1513.15,266700
2023-10-06T10:15:00+05:30,1512.5,1517.8,1512.1,1515.55,88200
2023-10-06T11:15:00+05:30,1514.4,1514.4,1506.45,1509.45,199500
2023-10-06T12:15:00+05:30,1509.05,1512.85,1508.7,1510.9,30800
2023-10-06T13:15:00+05:30,1510.9,1513.35,1508.75,1509.35,89600
2023-10-06T14:15:00+05:30,1509.05,1510.3,1505,1507,119000
2023-10-06T15:15:00+05:30,1508.25,1511.55,1507.75,1510.2,100100
2023-10-09T09:15:00+05:30,1512,1516.95,1501.2,1516,345800
2023-10-09T10:15:00+05:30,1516,1526.05,1513.35,1522,228900
2023-10-09T11:15:00+05:30,1523,1528,1520,1524.95,182000
2023-10-09T12:15:00+05:30,1524.25,1526.3,1518.25,1519.45,192500
2023-10-09T13:15:00+05:30,1519.25,1523,1516,1523,147700
2023-10-09T14:15:00+05:30,1523.2,1532,1522.75,1523.1,497000
2023-10-09T15:15:00+05:30,1523.5,1523.5,1520.05,1521.4,125300
2023-10-10T09:15:00+05:30,1521.4,1553.65,1521.4,1548.45,1628900
2023-10-10T10:15:00+05:30,1548.4,1548.6,1538,1541.1,410200
2023-10-10T11:15:00+05:30,1540.55,1542.7,1539.25,1541.5,176400
2023-10-10T12:15:00+05:30,1541.65,1541.7,1536.25,1537.35,191800
2023-10-10T13:15:00+05:30,1538.9,1541.45,1537.15,1537.9,183400
2023-10-10T14:15:00+05:30,1537.8,1540.5,1531.3,1533.8,400400
2023-10-10T15:15:00+05:30,1534,1535.4,1533.05,1535.4,204400
2023-10-11T09:15:00+05:30,1567,1573.2,1545.05,1551.7,1233400
2023-10-11T10:15:00+05:30,1551.8,1552.5,1548.05,1549.65,147700
2023-10-11T11:15:00+05:30,1550.25,1557.5,1549.65,1556.1,254800
2023-10-11T12:15:00+05:30,1555.4,1558.15,1553.6,1557,231000
2023-10-11T13:15:00+05:30,1556.65,1559.5,1553.65,1558.3,193900
2023-10-11T14:15:00+05:30,1559,1559.4,1554.55,1555.9,270200
2023-10-11T15:15:00+05:30,1556,1558,1555,1556.6,161700
2023-10-12T09:15:00+05:30,1565,1576.15,1556.4,1573.5,828800
2023-10-12T10:15:00+05:30,1572.15,1577.9,1571.1,1576,300300
2023-10-12T11:15:00+05:30,1575.95,1581.7,1573.1,1581.05,309400
2023-10-12T12:15:00+05:30,1581.35,1589.75,1580.6,1586.4,591500
2023-10-12T13:15:00+05:30,1587.35,1591.95,1586.6,1589.95,225400
2023-10-12T14:15:00+05:30,1589.6,1598.85,1589.6,1597.8,617400
2023-10-12T15:15:00+05:30,1598,1598.5,1595.5,1597.15,231000
2023-10-13T09:15:00+05:30,1591.65,1595.35,1586.8,1589.25,342300
2023-10-13T10:15:00+05:30,1589,1589.55,1584,1588.8,214900
2023-10-13T11:15:00+05:30,1588.8,1595.05,1588.1,1594.6,133000
2023-10-13T12:15:00+05:30,1594.8,1598.75,1592.85,1595.1,186900
2023-10-13T13:15:00+05:30,1595.55,1605,1595.55,1602.95,362600
2023-10-13T14:15:00+05:30,1602.1,1605.95,1596.2,1596.95,313600
2023-10-13T15:15:00+05:30,1597.35,1601.25,1597.35,1599.7,172200
2023-10-16T09:15:00+05:30,1599.7,1613.5,1598.25,1601.6,823900
2023-10-16T10:15:00+05:30,1601.85,1606.7,1600,1600.7,128100
2023-10-16T11:15:00+05:30,1600,1603.65,1596.2,1597,86100
2023-10-16T12:15:00+05:30,1597.05,1598.95,1592.65,1595.85,120400
2023-10-16T13:15:00+05:30,1595.75,1600.75,1594.7,1599.7,126700
2023-10-16T14:15:00+05:30,1599.45,1602.1,1599,1601.15,163800
2023-10-16T15:15:00+05:30,1601.1,1601.7,1599.85,1600.45,94500
2023-10-17T09:15:00+05:30,1612.6,1612.6,1598.55,1600.5,369600
2023-10-17T10:15:00+05:30,1602.2,1604,1600,1602.2,105700
2023-10-17T11:15:00+05:30,1602.2,1609,1600.15,1607.6,168700
2023-10-17T12:15:00+05:30,1607.55,1607.55,1604.35,1607.2,88900
2023-10-17T13:15:00+05:30,1605.9,1612,1603.2,1605.65,179200
2023-10-17T14:15:00+05:30,1606.3,1608.2,1605,1607.3,112700
2023-10-17T15:15:00+05:30,1607.65,1607.95,1605.6,1606.45,91700
2023-10-18T09:15:00+05:30,1600.25,1603.45,1589.5,1592.4,427000
2023-10-18T10:15:00+05:30,1593.8,1594,1586,1587.4,303800
2023-10-18T11:15:00+05:30,1587.25,1593,1587,1590,121100
2023-10-18T12:15:00+05:30,1589.3,1590.95,1587.55,1589.9,78400
2023-10-18T13:15:00+05:30,1589.85,1597.75,1589.85,1597.75,121100
2023-10-18T14:15:00+05:30,1598.1,1601,1595.45,1598.3,214200
2023-10-18T15:15:00+05:30,1598.75,1598.8,1596.1,1596.7,109900
2023-10-19T09:15:00+05:30,1596.7,1601.9,1588.85,1594.25,560700
2023-10-19T10:15:00+05:30,1594.25,1609.55,1593.65,1605,484400
2023-10-19T11:15:00+05:30,1605,1607.5,1598.1,1606.45,191800
2023-10-19T12:15:00+05:30,1605.15,1609.7,1604.7,1609.15,203000
2023-10-19T13:15:00+05:30,1609,1610.95,1605,1610.45,186200
2023-10-19T14:15:00+05:30,1610.3,1610.65,1601.05,1601.05,207900
2023-10-19T15:15:00+05:30,1601.05,1603.95,1600,1601.9,107800
2023-10-20T09:15:00+05:30,1598.65,1606.55,1592.65,1601.5,519400
2023-10-20T10:15:00+05:30,1601.3,1601.3,1590.75,1591.7,249900
2023-10-20T11:15:00+05:30,1591.7,1594.6,1590,1593,391300
2023-10-20T12:15:00+05:30,1593,1598.5,1592,1592,238700
2023-10-20T13:15:00+05:30,1592,1598.25,1592,1598.05,217000
2023-10-20T14:15:00+05:30,1598.05,1600.3,1597,1597.85,301000
2023-10-20T15:15:00+05:30,1597.95,1598.95,1595.25,1596.25,154000
2023-10-23T09:15:00+05:30,1596.25,1605.55,1588.35,1594.5,676200
2023-10-23T10:15:00+05:30,1594.3,1597.6,1593,1595.65,408100
2023-10-23T11:15:00+05:30,1595.65,1601.7,1594.3,1597.7,480900
2023-10-23T12:15:00+05:30,1597.7,1602,1596.55,1597.85,378000
2023-10-23T13:15:00+05:30,1597.85,1599.1,1591.1,1595.45,842100
2023-10-23T14:15:00+05:30,1595.45,1596.8,1586.85,1587.5,632800
2023-10-23T15:15:00+05:30,1587.5,1588.35,1583.1,1584.95,178500
2023-10-25T09:15:00+05:30,1584.95,1602.35,1583.5,1601.5,672000
2023-10-25T10:15:00+05:30,1601.75,1604.1,1596.15,1597.75,451500
2023-10-25T11:15:00+05:30,1597.75,1599.45,1583.2,1583.2,720300
2023-10-25T12:15:00+05:30,1583,1583.85,1573,1573.4,601300
2023-10-25T13:15:00+05:30,1573.4,1581,1568.5,1579.1,448700
2023-10-25T14:15:00+05:30,1579.1,1579.9,1571,1574.5,593600
2023-10-25T15:15:00+05:30,1574.5,1578.3,1572.45,1573.05,147700
2023-10-26T09:15:00+05:30,1571.85,1571.85,1560.5,1567,449400
2023-10-26T10:15:00+05:30,1567,1567.05,1557,1561.45,463400
2023-10-26T11:15:00+05:30,1561.45,1563.9,1553.05,1559.65,476700
2023-10-26T12:15:00+05:30,1559.65,1564.15,1558.75,1563.6,450800
2023-10-26T13:15:00+05:30,1563.6,1573.15,1559.8,1572.7,628600
2023-10-26T14:15:00+05:30,1572.6,1578.35,1568.45,1576.1,542500
2023-10-26T15:15:00+05:30,1574.7,1580.5,1574,1579.05,148400
2023-10-27T09:15:00+05:30,1581,1596.55,1580.05,1591.65,323050
2023-10-27T10:15:00+05:30,1589.25,1592.8,1585,1589.2,95900
2023-10-27T11:15:00+05:30,1590,1595.75,1588.8,1591.9,106400
2023-10-27T12:15:00+05:30,1591.25,1591.95,1585.45,1588.25,84700
2023-10-27T13:15:00+05:30,1588,1604.95,1587.05,1604.95,241150
2023-10-27T14:15:00+05:30,1603.6,1606.8,1595.75,1597.3,319550
2023-10-27T15:15:00+05:30,1596.1,1601,1595.4,1600.95,99400
2023-10-30T09:15:00+05:30,1594.9,1600,1566.2,1576,457450
2023-10-30T10:15:00+05:30,1577,1588.55,1575,1579,217350
2023-10-30T11:15:00+05:30,1579.85,1589,1578.45,1587.8,142450
2023-10-30T12:15:00+05:30,1587.5,1594.7,1585.4,1589.65,177800
2023-10-30T13:15:00+05:30,1590,1602,1590,1599.1,281050
2023-10-30T14:15:00+05:30,1599.1,1605.55,1596.4,1602.95,381150
2023-10-30T15:15:00+05:30,1602.3,1609.35,1601.55,1606,257250
2023-10-31T09:15:00+05:30,1619.9,1649.65,1586.6,1591.8,1949150
2023-10-31T10:15:00+05:30,1592.7,1593.95,1579.2,1586.7,474950
2023-10-31T11:15:00+05:30,1586.6,1593.3,1583.5,1584.8,204050
2023-10-31T12:15:00+05:30,1584.3,1593.6,1581.3,1591.85,237650
2023-10-31T13:15:00+05:30,1591.1,1594.05,1590,1592.6,128800
2023-10-31T14:15:00+05:30,1592.4,1595.15,1583.8,1587.9,264250
2023-10-31T15:15:00+05:30,1588,1591.7,1586.35,1590.2,174300
2023-11-01T09:15:00+05:30,1589.7,1592.95,1574,1586.6,309750
2023-11-01T10:15:00+05:30,1587.5,1594.45,1583,1583.4,140350
2023-11-01T11:15:00+05:30,1583.85,1587,1581.6,1581.6,94500
2023-11-01T12:15:00+05:30,1581.75,1582.9,1572.05,1573.1,153650
2023-11-01T13:15:00+05:30,1572.8,1579.3,1572,1573.15,132650
2023-11-01T14:15:00+05:30,1573.15,1575.85,1562.9,1565.4,421050
2023-11-01T15:15:00+05:30,1564.6,1567.7,1562,1563.25,141400
2023-11-02T09:15:00+05:30,1566.6,1577.5,1558,1569.4,418600
2023-11-02T10:15:00+05:30,1569.15,1571,1562.75,1563.95,79800
2023-11-02T11:15:00+05:30,1564.4,1566.95,1558.9,1561.25,120400
2023-11-02T12:15:00+05:30,1560.5,1568.85,1559.4,1568.05,71400
2023-11-02T13:15:00+05:30,1568.5,1575,1566.3,1573.05,131600
2023-11-02T14:15:00+05:30,1573.95,1577.3,1573.25,1576,155750
2023-11-02T15:15:00+05:30,1575.6,1577.85,1575.6,1576.15,116550
2023-11-03T09:15:00+05:30,1580.3,1586.85,1577.2,1585.2,179900
2023-11-03T10:15:00+05:30,1584.1,1589.85,1584.1,1587.75,165900
2023-11-03T11:15:00+05:30,1587.5,1597.05,1585.65,1596.15,222600
2023-11-03T12:15:00+05:30,1595.75,1602,1593.75,1600,171150
2023-11-03T13:15:00+05:30,1600.3,1602.8,1598.15,1600.1,139650
2023-11-03T14:15:00+05:30,1600,1602.55,1594.45,1599.5,139300
2023-11-03T15:15:00+05:30,1599.5,1600.3,1598.35,1599.55,60900
2023-11-06T09:15:00+05:30,1608.65,1613.65,1605.05,1609.15,204050
2023-11-06T10:15:00+05:30,1609.15,1612.65,1606.5,1611.9,107450
2023-11-06T11:15:00+05:30,1611.5,1612.4,1605.6,1607.8,64750
2023-11-06T12:15:00+05:30,1607,1609.5,1605,1607.4,51100
2023-11-06T13:15:00+05:30,1607,1611.1,1606.3,1611.1,49000
2023-11-06T14:15:00+05:30,1611.45,1618.9,1610.65,1617.05,253400
2023-11-06T15:15:00+05:30,1617.05,1618.9,1616,1618.85,115850
2023-11-07T09:15:00+05:30,1625,1625,1609.8,1620.45,212800
2023-11-07T10:15:00+05:30,1620.05,1620.7,1612.5,1613.25,75250
2023-11-07T11:15:00+05:30,1613.15,1619.75,1612.1,1614.1,104300
2023-11-07T12:15:00+05:30,1614,1615.9,1610.05,1611.9,99750
2023-11-07T13:15:00+05:30,1612,1615.3,1610.1,1613.05,118650
2023-11-07T14:15:00+05:30,1614.05,1620,1611.75,1614.9,152250
2023-11-07T15:15:00+05:30,1614.75,1617.95,1614.7,1615.3,76650
2023-11-08T09:15:00+05:30,1618,1633.7,1615.05,1632,295750
2023-11-08T10:15:00+05:30,1632,1643.85,1632,1642,359450
2023-11-08T11:15:00+05:30,1642,1642.75,1635.2,1636.85,100100
2023-11-08T12:15:00+05:30,1636.9,1642.05,1636.15,1640.75,69650
2023-11-08T13:15:00+05:30,1641.95,1645,1639.5,1642.05,85050
2023-11-08T14:15:00+05:30,1642.6,1647.85,1640.55,1647,219450
2023-11-08T15:15:00+05:30,1647.3,1647.35,1645,1645.2,126000
2023-11-09T09:15:00+05:30,1649.95,1651.25,1640,1644.4,244300
2023-11-09T10:15:00+05:30,1644.6,1644.9,1634,1636.25,163450
2023-11-09T11:15:00+05:30,1636.95,1640.95,1632.25,1637.2,121100
2023-11-09T12:15:00+05:30,1637.5,1638.5,1634.2,1635.55,86100
2023-11-09T13:15:00+05:30,1635.6,1643.6,1633.5,1641.8,140350
2023-11-09T14:15:00+05:30,1641.8,1643.3,1636.55,1640.7,106750
2023-11-09T15:15:00+05:30,1641.3,1641.95,1638.7,1638.7,65450
2023-11-10T09:15:00+05:30,1634.9,1640.2,1627,1631.95,234850
2023-11-10T10:15:00+05:30,1632.35,1634.95,1628.05,1632.45,61600
2023-11-10T11:15:00+05:30,1632.5,1641,1632.5,1640,52500
2023-11-10T12:15:00+05:30,1639.55,1639.9,1635.45,1637.75,58800
2023-11-10T13:15:00+05:30,1638.25,1638.3,1634.2,1634.95,31850
2023-11-10T14:15:00+05:30,1635,1637.9,1631.05,1633.85,173600
2023-11-10T15:15:00+05:30,1633.7,1638.4,1632.8,1636.1,106050
2023-11-12T18:15:00+05:30,1645.9,1648,1636,1643,124250
2023-11-13T09:15:00+05:30,1617.9,1648.5,1617.9,1644.85,137550
2023-11-13T10:15:00+05:30,1643.95,1644.8,1637.3,1642.55,88900
2023-11-13T11:15:00+05:30,1642.55,1645.2,1639.6,1641.35,35000
2023-11-13T12:15:00+05:30,1641.75,1643.5,1638.35,1641.4,23100
2023-11-13T13:15:00+05:30,1641.3,1644.85,1640.95,1644.3,36050
2023-11-13T14:15:00+05:30,1644.1,1645.2,1641,1642.85,87150
2023-11-13T15:15:00+05:30,1641.7,1644.7,1641.6,1644.65,57050
2023-11-15T09:15:00+05:30,1646.65,1658.95,1645.3,1655.2,292250
2023-11-15T10:15:00+05:30,1654.8,1668.35,1653.9,1664.8,429800
2023-11-15T11:15:00+05:30,1665.35,1669.15,1664,1667.25,127050
2023-11-15T12:15:00+05:30,1667.25,1670.4,1665.6,1668.2,163100
2023-11-15T13:15:00+05:30,1668.2,1670.4,1666.3,1666.95,129150
2023-11-15T14:15:00+05:30,1667,1670,1664.4,1670,146650
2023-11-15T15:15:00+05:30,1669.75,1669.85,1665.95,1665.95,87500
2023-11-16T09:15:00+05:30,1671.25,1674.4,1665.9,1674.35,144550
2023-11-16T10:15:00+05:30,1674.3,1677.6,1673,1676.5,113050
2023-11-16T11:15:00+05:30,1675.2,1676.6,1671.55,1673.55,79100
2023-11-16T12:15:00+05:30,1673.55,1679.75,1672.85,1679,71750
2023-11-16T13:15:00+05:30,1679.45,1679.5,1675.45,1678.4,68600
2023-11-16T14:15:00+05:30,1677.7,1682,1676.4,1677.9,220850
2023-11-16T15:15:00+05:30,1677.5,1680.7,1677.1,1679,81200
2023-11-17T09:15:00+05:30,1689.85,1707.1,1682,1699.35,720300
2023-11-17T10:15:00+05:30,1698.2,1706.75,1696.2,1701.3,168700
2023-11-17T11:15:00+05:30,1701,1703,1697,1700.6,96250
2023-11-17T12:15:00+05:30,1700.65,1724.6,1700.65,1724.6,359100
2023-11-17T13:15:00+05:30,1724.05,1752.65,1722,1746.2,925750
2023-11-17T14:15:00+05:30,1746,1749.4,1735.3,1745.95,662200
2023-11-17T15:15:00+05:30,1745.35,1749.45,1744.25,1747.1,235900
2023-11-20T09:15:00+05:30,1753,1755.75,1728.55,1732.2,635950
2023-11-20T10:15:00+05:30,1732.35,1732.95,1719.1,1719.6,305900
2023-11-20T11:15:00+05:30,1718.9,1726,1718.5,1725.65,145250
2023-11-20T12:15:00+05:30,1724.9,1731.2,1707.95,1710.55,228200
2023-11-20T13:15:00+05:30,1711.6,1711.85,1705.55,1706.9,186550
2023-11-20T14:15:00+05:30,1706.15,1717.9,1706.1,1716,132650
2023-11-20T15:15:00+05:30,1716.15,1719.95,1715.5,1715.8,110950
2023-11-21T09:15:00+05:30,1727.6,1734.05,1720.45,1722.55,219450
2023-11-21T10:15:00+05:30,1721.9,1726.6,1720.4,1725.8,79800
2023-11-21T11:15:00+05:30,1727.25,1728.85,1719.7,1723,243250
2023-11-21T12:15:00+05:30,1724.35,1726.45,1717.15,1717.5,65450
2023-11-21T13:15:00+05:30,1717.7,1722.4,1717.7,1718.25,53900
2023-11-21T14:15:00+05:30,1718.9,1730.95,1717.85,1727.15,251300
2023-11-21T15:15:00+05:30,1727.1,1728.15,1725.5,1727.9,57400
2023-11-22T09:15:00+05:30,1733.05,1738,1729.9,1733,239750
2023-11-22T10:15:00+05:30,1733.85,1743.55,1732,1737.95,219800
2023-11-22T11:15:00+05:30,1737.35,1738.7,1726.95,1727.7,303800
2023-11-22T12:15:00+05:30,1727.7,1734.3,1724.15,1729.75,187250
2023-11-22T13:15:00+05:30,1729.45,1730.9,1727.55,1729.35,99050
2023-11-22T14:15:00+05:30,1728.55,1737.4,1728.55,1737.4,161000
2023-11-22T15:15:00+05:30,1737.65,1737.65,1733.45,1735.65,145600
2023-11-23T09:15:00+05:30,1745.2,1781.85,1745.1,1777.9,1264900
2023-11-23T10:15:00+05:30,1777.05,1777.9,1769.7,1774.2,295750
2023-11-23T11:15:00+05:30,1774.2,1775.2,1766.15,1770.55,169050
2023-11-23T12:15:00+05:30,1771.55,1774.5,1768.75,1770.55,165550
2023-11-23T13:15:00+05:30,1770.8,1772.9,1768.8,1772.05,107800
2023-11-23T14:15:00+05:30,1772,1780.55,1771.25,1777.4,262150
2023-11-23T15:15:00+05:30,1777.65,1780,1776.65,1780,165200
2023-11-24T09:15:00+05:30,1780,1815.05,1778.9,1796,1489600
2023-11-24T10:15:00+05:30,1796.95,1800.05,1788.7,1793.9,363650
2023-11-24T11:15:00+05:30,1793.9,1797,1790,1792.95,256900
2023-11-24T12:15:00+05:30,1792.95,1796.55,1791.5,1792.5,181650
2023-11-24T13:15:00+05:30,1792,1800.9,1792,1800.05,215950
2023-11-24T14:15:00+05:30,1800.35,1802.4,1792.3,1793.65,328650
2023-11-24T15:15:00+05:30,1794.5,1795.85,1793.5,1794.3,162400
2023-11-28T09:15:00+05:30,1793.2,1806.5,1793.2,1803.65,626500
2023-11-28T10:15:00+05:30,1803.65,1803.7,1793.7,1797,690550
2023-11-28T11:15:00+05:30,1797,1798.4,1793.65,1795.8,386750
2023-11-28T12:15:00+05:30,1795.6,1796.3,1790.65,1794.3,591500
2023-11-28T13:15:00+05:30,1795,1800,1794.7,1798.6,502950
2023-11-28T14:15:00+05:30,1798.6,1818,1797.85,1817.4,474250
2023-11-28T15:15:00+05:30,1817.5,1820,1815.95,1818.75,205450
2023-11-29T09:15:00+05:30,1816.35,1844.9,1816.35,1842.25,709450
2023-11-29T10:15:00+05:30,1842.15,1846.85,1838.2,1842.75,512750
2023-11-29T11:15:00+05:30,1842.75,1861.25,1838.4,1861.2,658350
2023-11-29T12:15:00+05:30,1861.15,1868.35,1852.3,1858.05,605500
2023-11-29T13:15:00+05:30,1858.5,1863.9,1858,1860.55,321300
2023-11-29T14:15:00+05:30,1860.55,1861.1,1854.75,1860.25,371000
2023-11-29T15:15:00+05:30,1860.45,1860.45,1854,1854,332850
2023-11-30T09:15:00+05:30,1856.1,1863.95,1846.95,1858.1,489650
2023-11-30T10:15:00+05:30,1858.3,1863,1851.5,1859.7,790300
2023-11-30T11:15:00+05:30,1860.1,1863.3,1855.2,1858.85,829150
2023-11-30T12:15:00+05:30,1858.85,1864.75,1851.7,1856,487550
2023-11-30T13:15:00+05:30,1856.3,1862,1854.3,1859,588350
2023-11-30T14:15:00+05:30,1859.15,1863.65,1857.15,1857.75,526050
2023-11-30T15:15:00+05:30,1857.4,1870,1851.5,1865,634200
2023-12-01T09:15:00+05:30,1870.05,1895.9,1866,1884,553700
2023-12-01T10:15:00+05:30,1884.2,1893.95,1882,1892,211750
2023-12-01T11:15:00+05:30,1892.4,1921.2,1889.55,1908.55,469350
2023-12-01T12:15:00+05:30,1909,1924.6,1905.15,1910.25,254800
2023-12-01T13:15:00+05:30,1910,1913.6,1905.75,1905.9,128100
2023-12-01T14:15:00+05:30,1905.5,1914,1889.2,1897.4,782250
2023-12-01T15:15:00+05:30,1897.25,1899.9,1893.05,1897.8,192150
2023-12-04T09:15:00+05:30,1940.4,1944.85,1887,1893,760550
2023-12-04T10:15:00+05:30,1893.1,1897.25,1881.2,1896,218050
2023-12-04T11:15:00+05:30,1896,1906.15,1893.7,1897.9,163100
2023-12-04T12:15:00+05:30,1897.85,1900.85,1888.15,1892.6,150850
2023-12-04T13:15:00+05:30,1892.75,1899,1890.45,1898.1,154700
2023-12-04T14:15:00+05:30,1897.05,1903.2,1895.8,1899.5,131950
2023-12-04T15:15:00+05:30,1899.85,1900.4,1897.85,1899.1,79800
2023-12-05T09:15:00+05:30,1908.9,1908.9,1894.75,1901,279650
2023-12-05T10:15:00+05:30,1898.9,1902.8,1892.7,1895.7,140350
2023-12-05T11:15:00+05:30,1895.75,1899.9,1888.1,1898.2,141750
2023-12-05T12:15:00+05:30,1898.75,1914.2,1897.65,1911.3,190400
2023-12-05T13:15:00+05:30,1910.95,1915.95,1907.65,1908.4,179900
2023-12-05T14:15:00+05:30,1908.2,1911.2,1902.1,1904,269500
2023-12-05T15:15:00+05:30,1904.05,1906.85,1900.8,1905,123900
2023-12-06T09:15:00+05:30,1895.1,1898.6,1876.25,1885.25,463400
2023-12-06T10:15:00+05:30,1885.25,1896.5,1885.25,1895.75,127400
2023-12-06T11:15:00+05:30,1895.9,1896.45,1891.5,1891.5,63000
2023-12-06T12:15:00+05:30,1890.65,1892.35,1883.1,1884.85,91350
2023-12-06T13:15:00+05:30,1883.35,1893.65,1880.1,1893.35,147350
2023-12-06T14:15:00+05:30,1893,1895.15,1889.2,1891,121800
2023-12-06T15:15:00+05:30,1891.65,1895.1,1891.55,1895.1,61250
2023-12-07T09:15:00+05:30,1895.1,1917.75,1889.45,1914.05,366100
2023-12-07T10:15:00+05:30,1914.05,1916.7,1912,1914.55,110950
2023-12-07T11:15:00+05:30,1914.2,1916.7,1913,1915.6,111650
2023-12-07T12:15:00+05:30,1915.25,1918.5,1912.85,1917.8,94150
2023-12-07T13:15:00+05:30,1917.5,1925.8,1914.1,1923.55,162750
2023-12-07T14:15:00+05:30,1923,1928.95,1918.35,1921.8,189000
2023-12-07T15:15:00+05:30,1922.35,1927.5,1919.1,1925.5,115850
2023-12-08T09:15:00+05:30,1932.8,1932.8,1911.25,1914,285250
2023-12-08T10:15:00+05:30,1914,1914,1894.4,1900,261450
2023-12-08T11:15:00+05:30,1900.55,1902.2,1893.5,1896.9,108150
2023-12-08T12:15:00+05:30,1896.5,1902.7,1888.25,1895.8,144200
2023-12-08T13:15:00+05:30,1895.7,1901.65,1887.85,1899,109900
2023-12-08T14:15:00+05:30,1898,1907.35,1898,1904,87850
2023-12-08T15:15:00+05:30,1904.6,1906.55,1903.55,1904,51800
2023-12-11T09:15:00+05:30,1907.8,1913.75,1901.2,1911.4,167650
2023-12-11T10:15:00+05:30,1912.7,1916.6,1907.1,1915.85,143850
2023-12-11T11:15:00+05:30,1915.75,1919.5,1912.75,1914.1,93800
2023-12-11T12:15:00+05:30,1912.3,1919.2,1909,1916.45,55300
2023-12-11T13:15:00+05:30,1915.8,1926.4,1913.95,1920.1,115500
2023-12-11T14:15:00+05:30,1921,1932.65,1919.05,1931.25,211400
2023-12-11T15:15:00+05:30,1932,1934.4,1927.35,1932,141750
2023-12-12T09:15:00+05:30,1933,1948.85,1924.5,1935.7,424900
2023-12-12T10:15:00+05:30,1935,1940.25,1931.25,1940.25,176400
2023-12-12T11:15:00+05:30,1939,1939.35,1934,1936.25,121800
2023-12-12T12:15:00+05:30,1936.25,1943.45,1935.85,1939,154000
2023-12-12T13:15:00+05:30,1939.35,1940.9,1928.2,1928.65,115850
2023-12-12T14:15:00+05:30,1928.05,1934.9,1922.05,1932.85,266000
2023-12-12T15:15:00+05:30,1933.35,1934.15,1930.8,1930.8,85050
2023-12-13T09:15:00+05:30,1936.85,1982.15,1929.55,1971.7,1110200
2023-12-13T10:15:00+05:30,1972.5,1982.4,1970,1975.45,230300
2023-12-13T11:15:00+05:30,1975,1975.6,1966.6,1967,342650
2023-12-13T12:15:00+05:30,1966.85,1978.95,1960.05,1976,163800
2023-12-13T13:15:00+05:30,1975.25,1991.25,1975.25,1989.15,360500
2023-12-13T14:15:00+05:30,1988.05,2016.9,1987.65,2016.8,1106000
2023-12-13T15:15:00+05:30,2016.45,2018.55,2013.7,2016,335300
2023-12-14T09:15:00+05:30,2023.65,2027.9,1999,2010.5,565250
2023-12-14T10:15:00+05:30,2011.65,2021.25,2009.45,2016.5,261450
2023-12-14T11:15:00+05:30,2018.15,2018.65,2006.5,2007.45,113750
2023-12-14T12:15:00+05:30,2007.3,2014,2006.9,2014,67200
2023-12-14T13:15:00+05:30,2014.8,2019.6,2011,2018.05,77700
2023-12-14T14:15:00+05:30,2018.15,2048,2017.2,2038.45,620550
2023-12-14T15:15:00+05:30,2038.45,2050.2,2038.35,2041.5,284900
2023-12-15T09:15:00+05:30,2039.15,2048.2,2031.6,2040.9,311500
2023-12-15T10:15:00+05:30,2042,2043,2020.6,2020.7,140350
2023-12-15T11:15:00+05:30,2022.2,2027.15,2022.2,2024.65,105000
2023-12-15T12:15:00+05:30,2023.8,2023.8,2013.45,2015.55,151550
2023-12-15T13:15:00+05:30,2015.9,2018.65,2007,2015.75,141400
2023-12-15T14:15:00+05:30,2015.85,2019.8,2011,2019,198100
2023-12-15T15:15:00+05:30,2019.85,2027.05,2019.7,2025,151900
2023-12-18T09:15:00+05:30,2026.45,2040,2008.05,2034,270900
2023-12-18T10:15:00+05:30,2032.2,2038.05,2029,2032.2,59850
2023-12-18T11:15:00+05:30,2032.8,2034.8,2026.05,2027.85,75600
2023-12-18T12:15:00+05:30,2027.7,2028.15,2007.15,2008.75,164500
2023-12-18T13:15:00+05:30,2008.6,2009.3,2003.05,2005.75,379750
2023-12-18T14:15:00+05:30,2006.55,2007.3,2002.4,2005,200550
2023-12-18T15:15:00+05:30,2005.7,2006.85,2003.7,2006.8,88200
2023-12-19T09:15:00+05:30,2004.85,2008.1,1969,1969.9,476000
2023-12-19T10:15:00+05:30,1968.9,1979.85,1965.6,1974.5,199500
2023-12-19T11:15:00+05:30,1973.8,1976.75,1968.45,1969.6,126350
2023-12-19T12:15:00+05:30,1969.35,1975.15,1965.15,1966.75,154000
2023-12-19T13:15:00+05:30,1966.45,1986,1964.8,1985,252000
2023-12-19T14:15:00+05:30,1985,1985.65,1968.1,1976.05,479500
2023-12-19T15:15:00+05:30,1976.05,1986.05,1976.05,1983.15,147700
2023-12-20T09:15:00+05:30,1990.4,2000.95,1981.3,1992.85,251300
2023-12-20T10:15:00+05:30,1993.45,1995.2,1990.2,1991,163100
2023-12-20T11:15:00+05:30,1991.45,1991.7,1979.15,1989.9,267750
2023-12-20T12:15:00+05:30,1989.15,1989.35,1980.85,1982,77350
2023-12-20T13:15:00+05:30,1982,1982.9,1947.65,1952.8,364000
2023-12-20T14:15:00+05:30,1953.1,1962.85,1945,1947.3,499100
2023-12-20T15:15:00+05:30,1947.2,1954.35,1947.2,1951,145250
2023-12-21T09:15:00+05:30,1951,1963.9,1928.75,1960.05,556850
2023-12-21T10:15:00+05:30,1961.2,1975.1,1952.9,1972.05,284900
2023-12-21T11:15:00+05:30,1973.35,1973.5,1963.05,1964,123550
2023-12-21T12:15:00+05:30,1963.45,1968.9,1957.05,1958.7,115500
2023-12-21T13:15:00+05:30,1958.65,1964,1948.95,1953.25,94500
2023-12-21T14:15:00+05:30,1953.85,1959.35,1949.2,1952.4,215600
2023-12-21T15:15:00+05:30,1953.25,1957.5,1952,1953.7,95900
2023-12-22T09:15:00+05:30,1942.85,1961.45,1940.05,1954.45,536900
2023-12-22T10:15:00+05:30,1953.4,1974,1952.8,1971.6,576800
2023-12-22T11:15:00+05:30,1971.6,1992,1968.7,1985.85,742000
2023-12-22T12:15:00+05:30,1987.25,1987.8,1958.5,1961.45,360850
2023-12-22T13:15:00+05:30,1961.45,1964.8,1948.95,1959.55,287000
2023-12-22T14:15:00+05:30,1959.55,1969.95,1957.55,1968,339500
2023-12-22T15:15:00+05:30,1968,1973.3,1965,1968.5,143850
2023-12-26T09:15:00+05:30,1972.95,2006.9,1971.85,1996.85,935550
2023-12-26T10:15:00+05:30,1998.05,2001.85,1986.9,1994,469000
2023-12-26T11:15:00+05:30,1994,2001.35,1993.35,1994.5,321300
2023-12-26T12:15:00+05:30,1994.5,1996.75,1991.25,1994.95,311500
2023-12-26T13:15:00+05:30,1994.95,2000,1987.65,1988.5,386400
2023-12-26T14:15:00+05:30,1989.5,1997.9,1988.85,1994.05,224000
2023-12-26T15:15:00+05:30,1994.05,1997.85,1992.55,1997.4,102200
2023-12-27T09:15:00+05:30,2002.5,2015.8,1998,2014.3,221550
2023-12-27T10:15:00+05:30,2014.3,2023.35,2001.55,2004.35,392700
2023-12-27T11:15:00+05:30,2004.35,2004.35,1995,1998,295050
2023-12-27T12:15:00+05:30,1998,2004.35,1987.3,2004,484750
2023-12-27T13:15:00+05:30,2004.65,2012,2004.65,2006.85,249900
2023-12-27T14:15:00+05:30,2008,2014.9,2008,2011.55,437500
2023-12-27T15:15:00+05:30,2011.15,2012.15,2010,2010,55300
2023-12-28T09:15:00+05:30,2025.95,2037.95,2022,2030.55,275450
2023-12-28T10:15:00+05:30,2031,2032.3,2021.05,2028.65,291550
2023-12-28T11:15:00+05:30,2028.4,2031.4,2020,2021.45,265650
2023-12-28T12:15:00+05:30,2022.4,2026,2011.45,2011.8,339150
2023-12-28T13:15:00+05:30,2012.5,2024.2,2007.65,2020.3,289100
2023-12-28T14:15:00+05:30,2021.25,2023.9,2015,2020.75,467950
2023-12-28T15:15:00+05:30,2021.3,2027.95,2019.7,2021.6,134050
2023-12-29T09:15:00+05:30,2027.6,2042.9,2016,2016.95,493150
2023-12-29T10:15:00+05:30,2016.3,2037,2015.25,2031.65,232050
2023-12-29T11:15:00+05:30,2031.65,2034.45,2024.55,2024.55,125650
2023-12-29T12:15:00+05:30,2026,2031.95,2022,2024.5,93800
2023-12-29T13:15:00+05:30,2023.2,2039,2018.5,2031.9,160300
2023-12-29T14:15:00+05:30,2030.6,2049,2030,2040.45,291900
2023-12-29T15:15:00+05:30,2040.9,2046.9,2040.15,2046.15,111300
2024-01-01T09:15:00+05:30,2050.05,2056.85,2038.05,2049,262850
2024-01-01T10:15:00+05:30,2049,2052.55,2037.45,2046,133700
2024-01-01T11:15:00+05:30,2046.8,2047.4,2036.8,2044.45,70700
2024-01-01T12:15:00+05:30,2044.35,2050,2034.15,2037,87850
2024-01-01T13:15:00+05:30,2037.95,2037.95,2027.7,2032.95,99400
2024-01-01T14:15:00+05:30,2032.3,2040,2025.25,2025.8,106400
2024-01-01T15:15:00+05:30,2025.6,2029.8,2025.45,2027,72450
2024-01-02T09:15:00+05:30,2040,2048.95,1998.1,2001.2,684950
2024-01-02T10:15:00+05:30,2000,2000.95,1965.3,1983.4,462700
2024-01-02T11:15:00+05:30,1983,1993.6,1980.1,1988.9,152250
2024-01-02T12:15:00+05:30,1989.75,1997,1984.4,1985.05,170800
2024-01-02T13:15:00+05:30,1984.25,1986.5,1974.8,1978.9,138600
2024-01-02T14:15:00+05:30,1979.9,1983.85,1973.6,1974.5,244300
2024-01-02T15:15:00+05:30,1974,1981.75,1974,1981.75,100100
2024-01-03T09:15:00+05:30,1980.15,1983.55,1967.85,1975.3,264950
2024-01-03T10:15:00+05:30,1975.25,1986.1,1973,1983.25,91700
2024-01-03T11:15:00+05:30,1983.5,1999.95,1983.05,1990.5,162400
2024-01-03T12:15:00+05:30,1990,1998.55,1983,1988.5,91700
2024-01-03T13:15:00+05:30,1989,1998.7,1989,1992.4,67900
2024-01-03T14:15:00+05:30,1990,2028,1987.1,2011.75,700700
2024-01-03T15:15:00+05:30,2010.05,2012,2005.2,2011,119700
2024-01-04T09:15:00+05:30,2018.1,2022.4,1993,1995.75,281750
2024-01-04T10:15:00+05:30,1995.65,2008.85,1995.65,2002.3,115500
2024-01-04T11:15:00+05:30,2002.8,2004.8,1995.7,2000.95,82600
2024-01-04T12:15:00+05:30,2001,2003.75,1996.25,1999.1,73850
2024-01-04T13:15:00+05:30,1998.95,1999.75,1990,1992.85,126700
2024-01-04T14:15:00+05:30,1992.65,1997.65,1992.5,1994.5,149450
2024-01-04T15:15:00+05:30,1993.05,1997.95,1993,1997.85,68950
2024-01-05T09:15:00+05:30,2001.4,2020,1999.2,2007.95,392350
2024-01-05T10:15:00+05:30,2008,2021.25,2000.45,2001.7,260750
2024-01-05T11:15:00+05:30,2001.5,2006,1993.3,2002,134750
2024-01-05T12:15:00+05:30,2001.2,2002.3,1996.05,1997.6,65450
2024-01-05T13:15:00+05:30,1997.8,1997.9,1982.85,1983.5,148400
2024-01-05T14:15:00+05:30,1983,1993.55,1980.1,1990,183750
2024-01-05T15:15:00+05:30,1991.05,1991.05,1986.05,1986.8,85400
2024-01-08T09:15:00+05:30,1994.65,2046.9,1985.05,2040.9,1060150
2024-01-08T10:15:00+05:30,2040,2051.5,2032.95,2048.45,479150
2024-01-08T11:15:00+05:30,2047.85,2051.35,2038,2044.5,253050
2024-01-08T12:15:00+05:30,2043.9,2051.1,2036.05,2049.3,197050
2024-01-08T13:15:00+05:30,2049,2072.65,2046.1,2049.2,763000
2024-01-08T14:15:00+05:30,2049.2,2052.5,2041.45,2046.5,346500
2024-01-08T15:15:00+05:30,2046.6,2051.35,2044.2,2048.25,184100
2024-01-09T09:15:00+05:30,2045,2055.9,2009.3,2027,901950
2024-01-09T10:15:00+05:30,2025.6,2033.7,2017.85,2027.95,226450
2024-01-09T11:15:00+05:30,2026.75,2031.45,2021.5,2024.55,76650
2024-01-09T12:15:00+05:30,2024.6,2028.9,2022,2028.1,51100
2024-01-09T13:15:00+05:30,2027.8,2031.55,2021.9,2023.75,85400
2024-01-09T14:15:00+05:30,2023,2025.8,2013.6,2022,229250
2024-01-09T15:15:00+05:30,2022.45,2024.4,2018.45,2022.55,116550
2024-01-10T09:15:00+05:30,2014.9,2020,1998.65,2012.25,290850
2024-01-10T10:15:00+05:30,2013.15,2019.5,2011.15,2011.15,106400
2024-01-10T11:15:00+05:30,2011.15,2012,2005.25,2007.65,59850
2024-01-10T12:15:00+05:30,2006.6,2016.6,2006.55,2015.65,84350
2024-01-10T13:15:00+05:30,2014.8,2019.2,2011.95,2018.4,97300
2024-01-10T14:15:00+05:30,2018.1,2031.5,2016.9,2028.65,217350
2024-01-10T15:15:00+05:30,2029.5,2030,2025.2,2028.25,73150
2024-01-11T09:15:00+05:30,2035.7,2056.25,2030.7,2053.15,519400
2024-01-11T10:15:00+05:30,2053.95,2082.2,2050.15,2081,679700
2024-01-11T11:15:00+05:30,2082,2094.7,2075.85,2094,452550
2024-01-11T12:15:00+05:30,2094,2103.45,2092.75,2095,402850
2024-01-11T13:15:00+05:30,2095.5,2096.95,2085,2088,179550
2024-01-11T14:15:00+05:30,2087.1,2099,2087,2097.1,205800
2024-01-11T15:15:00+05:30,2097.4,2097.65,2091.2,2091.2,136150
2024-01-12T09:15:00+05:30,2099.85,2106.85,2069.5,2072.5,495250
2024-01-12T10:15:00+05:30,2072.5,2074.95,2065.95,2067.55,158200
2024-01-12T11:15:00+05:30,2067.3,2081.5,2065,2077.95,107800
2024-01-12T12:15:00+05:30,2078.45,2081.1,2077,2079,52150
2024-01-12T13:15:00+05:30,2079.8,2080.55,2075,2077.85,69300
2024-01-12T14:15:00+05:30,2078.15,2088.15,2077.95,2083.15,131950
2024-01-12T15:15:00+05:30,2083.2,2095.6,2082.85,2093.35,106750
2024-01-15T09:15:00+05:30,2095,2103,2041.3,2052.9,463750
2024-01-15T10:15:00+05:30,2053.55,2056.95,2041.7,2049.8,178500
2024-01-15T11:15:00+05:30,2052,2052,2031.9,2033.45,251300
2024-01-15T12:15:00+05:30,2032.65,2036.4,2023.3,2028.9,266700
2024-01-15T13:15:00+05:30,2028.9,2028.9,2017.6,2019.25,213850
2024-01-15T14:15:00+05:30,2019.25,2029.95,2015.6,2027.4,208600
2024-01-15T15:15:00+05:30,2027.35,2033.95,2026.9,2033.95,113050
2024-01-16T09:15:00+05:30,2038.4,2045.85,2021.45,2032.3,360500
2024-01-16T10:15:00+05:30,2032.05,2041.05,2028.6,2040.4,87150
2024-01-16T11:15:00+05:30,2040,2040.3,2017.7,2024.4,159250
2024-01-16T12:15:00+05:30,2023.55,2035,2020.55,2034,181300
2024-01-16T13:15:00+05:30,2034.2,2037.85,2029,2033.4,138950
2024-01-16T14:15:00+05:30,2033,2038.85,2032.65,2033.45,117950
2024-01-16T15:15:00+05:30,2034,2034.8,2031.25,2033.1,66150
2024-01-17T09:15:00+05:30,2018.25,2041,2015.2,2023.5,312200
2024-01-17T10:15:00+05:30,2022.05,2041.65,2021.5,2039.75,116900
2024-01-17T11:15:00+05:30,2039.75,2043.3,2031.6,2035.75,120050
2024-01-17T12:15:00+05:30,2036.8,2046.6,2036.35,2039.5,127050
2024-01-17T13:15:00+05:30,2039,2040.4,2016.1,2017.45,151200
2024-01-17T14:15:00+05:30,2017.75,2021.15,2008.55,2020,353850
2024-01-17T15:15:00+05:30,2020.05,2022.95,2015.05,2022.8,207550
2024-01-18T09:15:00+05:30,2014.65,2025.55,1982.8,2003.3,540400
2024-01-18T10:15:00+05:30,2002.5,2023,2000.3,2016.7,195650
2024-01-18T11:15:00+05:30,2015.1,2020.75,2011.35,2016.7,113400
2024-01-18T12:15:00+05:30,2016.4,2031.25,2013.55,2017.95,166950
2024-01-18T13:15:00+05:30,2018.1,2024.9,2011.55,2013,116200
2024-01-18T14:15:00+05:30,2014.95,2023.3,2011.3,2018.55,278950
2024-01-18T15:15:00+05:30,2018.7,2019.55,2015.25,2019.55,72100
2024-01-19T09:15:00+05:30,2032.2,2034.95,2016.6,2020.85,243600
2024-01-19T10:15:00+05:30,2020.85,2039.15,2018.55,2034.9,245000
2024-01-19T11:15:00+05:30,2034.35,2042.35,2027.1,2027.6,202650
2024-01-19T12:15:00+05:30,2027.5,2039.7,2021,2038.3,155400
2024-01-19T13:15:00+05:30,2038.3,2038.3,2024.1,2026.1,118650
2024-01-19T14:15:00+05:30,2026.1,2044.2,2025.45,2042.65,198800
2024-01-19T15:15:00+05:30,2044.25,2049.55,2041.2,2043.8,158550
2024-01-20T09:15:00+05:30,2042.1,2058.4,2029.3,2031.6,122150
2024-01-20T10:15:00+05:30,2031.45,2036,2031.45,2034,45150
2024-01-20T11:15:00+05:30,2034.6,2038,2029.5,2030.2,47600
2024-01-20T12:15:00+05:30,2030,2030.85,2002.95,2010.7,138950
2024-01-20T13:15:00+05:30,2013.9,2023.75,2001.45,2022,187950
2024-01-20T14:15:00+05:30,2022.6,2022.6,2006,2011.1,56000
2024-01-20T15:15:00+05:30,2011.1,2014.65,2007.55,2010.75,53550
2024-01-23T09:15:00+05:30,2010.75,2039.65,2010.75,2033,520800
2024-01-23T10:15:00+05:30,2033.5,2045,2026.95,2034.85,427000
2024-01-23T11:15:00+05:30,2034.85,2034.85,2007.45,2010.05,418950
2024-01-23T12:15:00+05:30,2010.05,2012.7,1994,1994,319900
2024-01-23T13:15:00+05:30,1994,2009.8,1988.25,2003.1,283150
2024-01-23T14:15:00+05:30,2003.1,2004.1,1980.85,1985.85,530600
2024-01-23T15:15:00+05:30,1986.45,1995.65,1981.1,1995.65,177800
2024-01-24T09:15:00+05:30,1995.65,2008,1966.55,1976.95,467250
2024-01-24T10:15:00+05:30,1976.95,2007.15,1975.55,1999.65,385000
2024-01-24T11:15:00+05:30,1999.65,2000.85,1985.6,1985.6,373800
2024-01-24T12:15:00+05:30,1985.6,2001.15,1981.6,1997.6,547750
2024-01-24T13:15:00+05:30,1997.6,2003,1992.2,2000.75,452550
2024-01-24T14:15:00+05:30,2000.75,2009,1997.75,2005.15,353150
2024-01-24T15:15:00+05:30,2004,2016,2004,2009,95200
2024-01-25T09:15:00+05:30,2058.9,2061.45,1945.1,1984.45,1984850
2024-01-25T10:15:00+05:30,1983.05,1983.05,1947.85,1961.95,845950
2024-01-25T11:15:00+05:30,1962,1970.25,1950.65,1954.95,428400
2024-01-25T12:15:00+05:30,1954.5,1957.2,1949.3,1955.7,274750
2024-01-25T13:15:00+05:30,1955.35,1963.1,1945,1945.85,396200
2024-01-25T14:15:00+05:30,1945.1,1958,1938,1956.3,547050
2024-01-25T15:15:00+05:30,1956.6,1963.7,1955.05,1962.1,210350
2024-01-29T09:15:00+05:30,1954.05,1985.85,1944.15,1982,594300
2024-01-29T10:15:00+05:30,1982,1989.9,1966.5,1988,442400
2024-01-29T11:15:00+05:30,1988.45,1990.95,1972.25,1983.95,249200
2024-01-29T12:15:00+05:30,1983.9,1985.85,1971.85,1971.85,240450
2024-01-29T13:15:00+05:30,1970.45,1984.05,1966.9,1981,206150
2024-01-29T14:15:00+05:30,1980.75,1989,1975.35,1981.95,233450
2024-01-29T15:15:00+05:30,1981.4,1983.75,1973.75,1974.75,224350
2024-01-30T09:15:00+05:30,1977.7,2003.85,1976.5,1999.55,328300
2024-01-30T10:15:00+05:30,1999.6,2002.2,1983.15,1986,125650
2024-01-30T11:15:00+05:30,1988.4,1997.5,1985,1996.15,75250
2024-01-30T12:15:00+05:30,1996.3,1999.4,1994.9,1997.9,60550
2024-01-30T13:15:00+05:30,1995.75,2011.9,1991.25,1995.8,243950
2024-01-30T14:15:00+05:30,1995.7,1996.65,1970.3,1970.65,253400
2024-01-30T15:15:00+05:30,1970.45,1976.35,1968.75,1975.9,171150
2024-01-31T09:15:00+05:30,1976.65,1979,1965.05,1974.5,268800
2024-01-31T10:15:00+05:30,1974.5,1981.15,1970.55,1972,154000
2024-01-31T11:15:00+05:30,1972.3,1992.15,1968.3,1991,150850
2024-01-31T12:15:00+05:30,1992.1,1997.05,1988.7,1993.9,200550
2024-01-31T13:15:00+05:30,1994.3,2000.35,1991.9,1995.25,143500
2024-01-31T14:15:00+05:30,1995.6,2014,1993.45,2013,289100
2024-01-31T15:15:00+05:30,2013.75,2013.95,2005.05,2009.65,111300
2024-02-01T09:15:00+05:30,2015.05,2027.45,2014.7,2022,229950
2024-02-01T10:15:00+05:30,2021.85,2033.95,2019.95,2023.65,174300
2024-02-01T11:15:00+05:30,2022.85,2023.45,1995.15,2007.95,185850
2024-02-01T12:15:00+05:30,2007,2017.5,1999,2015.5,136500
2024-02-01T13:15:00+05:30,2014.3,2016.95,2005,2005,115850
2024-02-01T14:15:00+05:30,2005.3,2010,2001.25,2004.9,175700
2024-02-01T15:15:00+05:30,2004.9,2015.7,2003.2,2014,83300
2024-02-02T09:15:00+05:30,2020.45,2041,2013.15,2035.75,386750
2024-02-02T10:15:00+05:30,2037,2047.5,2035.05,2042.25,182700
2024-02-02T11:15:00+05:30,2042.5,2056.8,2042,2052.95,177450
2024-02-02T12:15:00+05:30,2052.95,2057.45,2041.55,2048.35,184800
2024-02-02T13:15:00+05:30,2047.9,2051.85,2041,2049.35,67900
2024-02-02T14:15:00+05:30,2049.5,2056.1,2048,2055.5,170450
2024-02-02T15:15:00+05:30,2055.7,2055.7,2048.35,2051.45,129850
2024-02-05T09:15:00+05:30,2057.1,2090.5,2054.4,2076.15,477750
2024-02-05T10:15:00+05:30,2076.8,2078,2030,2039.6,287000
2024-02-05T11:15:00+05:30,2039.7,2045.9,2033.75,2043.3,99750
2024-02-05T12:15:00+05:30,2044,2044,2030.25,2033.15,86100
2024-02-05T13:15:00+05:30,2033.7,2034.95,2026,2030.8,87850
2024-02-05T14:15:00+05:30,2029.55,2030.45,2015.25,2029.3,186900
2024-02-05T15:15:00+05:30,2029.05,2034.15,2028,2031.75,107800
2024-02-06T09:15:00+05:30,2034,2060.5,2032,2060,207900
2024-02-06T10:15:00+05:30,2058.8,2075,2056.05,2071,157150
2024-02-06T11:15:00+05:30,2071.95,2072.45,2058.25,2062.15,74900
2024-02-06T12:15:00+05:30,2064,2066.5,2057.2,2060.25,37100
2024-02-06T13:15:00+05:30,2060.6,2063.05,2047.4,2058,150150
2024-02-06T14:15:00+05:30,2055.85,2064.85,2055.05,2060,107100
2024-02-06T15:15:00+05:30,2060,2062.1,2057,2060,71750
2024-02-07T09:15:00+05:30,2067.95,2073.35,2054.45,2063.1,137550
2024-02-07T10:15:00+05:30,2063.5,2065,2046.6,2052.6,67550
2024-02-07T11:15:00+05:30,2052.9,2061.65,2046.1,2060.1,65100
2024-02-07T12:15:00+05:30,2060,2076.75,2060,2074.35,96250
2024-02-07T13:15:00+05:30,2073.45,2084.2,2072.7,2081.45,173250
2024-02-07T14:15:00+05:30,2081.05,2085,2074.05,2074.5,98350
2024-02-07T15:15:00+05:30,2074.8,2078.3,2073.95,2075.6,53200
2024-02-08T09:15:00+05:30,2071.35,2078.5,2058,2065.05,143850
2024-02-08T10:15:00+05:30,2063,2064.25,2042.65,2044.95,109200
2024-02-08T11:15:00+05:30,2043.35,2051.65,2035.8,2050.15,122150
2024-02-08T12:15:00+05:30,2048.5,2054.65,2044.25,2050.85,49000
2024-02-08T13:15:00+05:30,2051.5,2054.2,2039.4,2042.6,51800
2024-02-08T14:15:00+05:30,2040,2045.35,2033.9,2037.7,89600
2024-02-08T15:15:00+05:30,2038.1,2046,2038.1,2046,35350
2024-02-09T09:15:00+05:30,2045.2,2045.2,2015.6,2033.65,214550
2024-02-09T10:15:00+05:30,2032.2,2034,2010,2016.8,126000
2024-02-09T11:15:00+05:30,2017,2032,2015,2031.15,43050
2024-02-09T12:15:00+05:30,2029.75,2037.6,2029.75,2033,38850
2024-02-09T13:15:00+05:30,2033.15,2033.15,2021.9,2028.4,30100
2024-02-09T14:15:00+05:30,2026.55,2044.5,2026.55,2041.75,99400
2024-02-09T15:15:00+05:30,2042.6,2048.9,2040.6,2048,75250
2024-02-12T09:15:00+05:30,2057.85,2060,2028.75,2037.5,150850
2024-02-12T10:15:00+05:30,2036.05,2052.45,2030.25,2048.95,121800
2024-02-12T11:15:00+05:30,2048.95,2048.95,2025.25,2036.9,82250
2024-02-12T12:15:00+05:30,2038.9,2048,2033,2040.95,70000
2024-02-12T13:15:00+05:30,2042.45,2052.25,2041.05,2050,50050
2024-02-12T14:15:00+05:30,2050.2,2054,2040,2040,86450
2024-02-12T15:15:00+05:30,2040.1,2047.2,2035.75,2047.2,55650
2024-02-13T09:15:00+05:30,2037.9,2050.8,2027.95,2050.8,129850
2024-02-13T10:15:00+05:30,2050,2068.45,2049.5,2058.85,214200
2024-02-13T11:15:00+05:30,2058.85,2059.35,2040,2040.8,88200
2024-02-13T12:15:00+05:30,2041,2046.3,2036.8,2041.6,57050
2024-02-13T13:15:00+05:30,2042,2053.7,2040.15,2049.1,54950
2024-02-13T14:15:00+05:30,2050.85,2053.15,2044.25,2051,77350
2024-02-13T15:15:00+05:30,2051.5,2057.05,2050.85,2050.85,60900
2024-02-14T09:15:00+05:30,2040.05,2059.35,2030,2056.25,126350
2024-02-14T10:15:00+05:30,2056.9,2061.75,2045.6,2046,71400
2024-02-14T11:15:00+05:30,2046.3,2066.9,2046.3,2064.55,100800
2024-02-14T12:15:00+05:30,2065,2073.4,2052.4,2053.05,172200
2024-02-14T13:15:00+05:30,2053.05,2071.65,2053.05,2070.35,83650
2024-02-14T14:15:00+05:30,2070.2,2095,2070.2,2091.8,344750
2024-02-14T15:15:00+05:30,2092.25,2106.4,2092.1,2106.4,220850
2024-02-15T09:15:00+05:30,2096.15,2120,2071.95,2076.6,483700
2024-02-15T10:15:00+05:30,2077.5,2088.45,2076.65,2080.8,102200
2024-02-15T11:15:00+05:30,2082.25,2083.55,2075,2075,86800
2024-02-15T12:15:00+05:30,2073,2078.65,2061.1,2078.65,160650
2024-02-15T13:15:00+05:30,2078.5,2094.65,2078.5,2090,97650
2024-02-15T14:15:00+05:30,2091.1,2099,2090.7,2096.4,187950
2024-02-15T15:15:00+05:30,2097.5,2097.75,2093.1,2093.4,85400
2024-02-16T09:15:00+05:30,2100,2188,2097.75,2173.85,1681400
2024-02-16T10:15:00+05:30,2173.6,2184.25,2168.2,2168.2,385350
2024-02-16T11:15:00+05:30,2167,2183.45,2162.35,2183,402850
2024-02-16T12:15:00+05:30,2183.45,2186.85,2163.45,2184.2,316750
2024-02-16T13:15:00+05:30,2174.1,2180.45,2145.6,2153.05,442750
2024-02-16T14:15:00+05:30,2151.35,2155,2142.15,2148,278950
2024-02-16T15:15:00+05:30,2147.9,2148.15,2143.6,2147,151900
2024-02-19T09:15:00+05:30,2149.1,2167,2114.05,2114.05,498050
2024-02-19T10:15:00+05:30,2113.95,2126.65,2098,2126.65,474250
2024-02-19T11:15:00+05:30,2126.8,2137.3,2120,2134.5,188300
2024-02-19T12:15:00+05:30,2135.05,2139.85,2124.95,2131,116900
2024-02-19T13:15:00+05:30,2132,2135.7,2126,2133.85,69300
2024-02-19T14:15:00+05:30,2134.8,2135.85,2124.25,2125.85,199150
2024-02-19T15:15:00+05:30,2126.5,2129.65,2125.05,2126.6,71050
2024-02-20T09:15:00+05:30,2116.9,2136.1,2099,2120.85,475300
2024-02-20T10:15:00+05:30,2120.6,2132.05,2111.5,2129.1,118300
2024-02-20T11:15:00+05:30,2129,2129.95,2113.65,2124.15,85050
2024-02-20T12:15:00+05:30,2125,2128.85,2120,2123.45,31850
2024-02-20T13:15:00+05:30,2123.45,2124.7,2110.7,2114,57400
2024-02-20T14:15:00+05:30,2115,2119,2108.7,2118.4,92400
2024-02-20T15:15:00+05:30,2117.2,2123,2117.2,2121.85,54250
2024-02-21T09:15:00+05:30,2098.4,2138.8,2098.4,2129.3,150150
2024-02-21T10:15:00+05:30,2131.5,2132.9,2119,2119.35,73150
2024-02-21T11:15:00+05:30,2119.45,2121.8,2113.05,2114.55,60900
2024-02-21T12:15:00+05:30,2114.5,2117.4,2112,2114.2,52150
2024-02-21T13:15:00+05:30,2115,2121.65,2106,2108.5,74900
2024-02-21T14:15:00+05:30,2107.35,2110.05,2086.2,2099.35,257950
2024-02-21T15:15:00+05:30,2098,2098.95,2091.15,2096,91350
2024-02-22T09:15:00+05:30,2100.45,2125.35,2088.15,2103.1,204400
2024-02-22T10:15:00+05:30,2103.95,2106.3,2101.2,2105.8,32550
2024-02-22T11:15:00+05:30,2105.8,2111,2104,2110.8,30100
2024-02-22T12:15:00+05:30,2110.9,2111.8,2103,2104.2,32900
2024-02-22T13:15:00+05:30,2104.2,2116.85,2104.2,2106.85,92400
2024-02-22T14:15:00+05:30,2106.5,2133,2106.1,2128.45,313600
2024-02-22T15:15:00+05:30,2129.05,2133.5,2128.05,2133.5,79800
2024-02-23T09:15:00+05:30,2133.5,2143.1,2122.6,2130.55,154350
2024-02-23T10:15:00+05:30,2130.55,2136.7,2117.5,2136,98000
2024-02-23T11:15:00+05:30,2135.7,2135.95,2127.35,2130.05,117250
2024-02-23T12:15:00+05:30,2129.45,2138.15,2129.05,2134.35,115500
2024-02-23T13:15:00+05:30,2134.35,2135.55,2120.8,2120.8,93100
2024-02-23T14:15:00+05:30,2120.9,2129.55,2120.5,2122.35,125300
2024-02-23T15:15:00+05:30,2122,2122,2110,2110.35,79450
2024-02-26T09:15:00+05:30,2115.65,2121,2097.35,2099,330050
2024-02-26T10:15:00+05:30,2098.85,2117.65,2092,2112.5,188650
2024-02-26T11:15:00+05:30,2112.5,2140,2111.35,2135.4,262150
2024-02-26T12:15:00+05:30,2135.4,2158,2134.05,2152.9,345100
2024-02-26T13:15:00+05:30,2153.6,2163.85,2149.85,2159,247450
2024-02-26T14:15:00+05:30,2159.15,2165.8,2157.15,2163.55,292250
2024-02-26T15:15:00+05:30,2163.3,2163.3,2158,2158.95,139300
2024-02-27T09:15:00+05:30,2160.4,2167.25,2142.05,2144,532000
2024-02-27T10:15:00+05:30,2144,2151.75,2132.75,2147.1,230650
2024-02-27T11:15:00+05:30,2147.1,2151.75,2139.1,2139.25,190400
2024-02-27T12:15:00+05:30,2139.2,2150.7,2137.05,2149.4,134750
2024-02-27T13:15:00+05:30,2150.85,2150.85,2128.15,2132.75,229250
2024-02-27T14:15:00+05:30,2132.9,2141.45,2129.45,2137.65,227500
2024-02-27T15:15:00+05:30,2137,2139.35,2132.85,2139.35,80850
2024-02-28T09:15:00+05:30,2139.35,2139.35,2109.75,2121,397600
2024-02-28T10:15:00+05:30,2121,2134.3,2100.05,2104.1,250950
2024-02-28T11:15:00+05:30,2104.1,2104.1,2076.4,2080.7,305200
2024-02-28T12:15:00+05:30,2080.7,2096,2073.25,2085.95,225750
2024-02-28T13:15:00+05:30,2085.95,2101.75,2085.45,2099.85,155400
2024-02-28T14:15:00+05:30,2099.85,2103.7,2084.6,2091.75,333900
2024-02-28T15:15:00+05:30,2091.75,2092,2086,2088,56700
2024-02-29T09:15:00+05:30,2094.2,2128.85,2089.05,2105,457100
2024-02-29T10:15:00+05:30,2106.6,2113.8,2099.25,2112.6,308000
2024-02-29T11:15:00+05:30,2112.6,2116.85,2101.85,2115.4,465150
2024-02-29T12:15:00+05:30,2115.4,2121.55,2099.1,2104,366800
2024-02-29T13:15:00+05:30,2104,2108.9,2097.8,2108.9,299600
2024-02-29T14:15:00+05:30,2109,2139.5,2109,2139.3,1089550
2024-02-29T15:15:00+05:30,2139.45,2154.35,2136.25,2145.55,712950
2024-03-01T09:15:00+05:30,2154.45,2179.5,2147.95,2158.5,325150
2024-03-01T10:15:00+05:30,2157.6,2161,2127,2128.45,386050
2024-03-01T11:15:00+05:30,2130.75,2152,2130.75,2150.5,197050
2024-03-01T12:15:00+05:30,2150.85,2151.6,2130.1,2133.85,196350
2024-03-01T13:15:00+05:30,2133.3,2152,2133.3,2148.6,117250
2024-03-01T14:15:00+05:30,2147,2246.7,2141.05,2245,2695000
2024-03-01T15:15:00+05:30,2245.15,2271.5,2241.55,2268.5,1013250
2024-03-02T09:15:00+05:30,2264.7,2277.6,2246.6,2260.2,228550
2024-03-02T11:15:00+05:30,2268.95,2268.95,2249,2254.8,85750
2024-03-02T12:15:00+05:30,2253.5,2259.95,2252.7,2257.05,45500
2024-03-04T09:15:00+05:30,2257.4,2267,2236,2241,542150
2024-03-04T10:15:00+05:30,2241.2,2246.5,2234,2246.5,139300
2024-03-04T11:15:00+05:30,2247.05,2268.7,2246.55,2265,203000
2024-03-04T12:15:00+05:30,2265.8,2267.3,2260,2260.8,92050
2024-03-04T13:15:00+05:30,2260.55,2262,2230.7,2233.25,358050
2024-03-04T14:15:00+05:30,2233.25,2234.65,2221.95,2230.05,273700
2024-03-04T15:15:00+05:30,2230,2238.45,2227.55,2238.45,108850
2024-03-05T09:15:00+05:30,2221.95,2278.3,2221.95,2263.55,592200
2024-03-05T10:15:00+05:30,2263,2267.1,2247.35,2247.35,214550
2024-03-05T11:15:00+05:30,2248.5,2276.75,2246,2276.5,256550
2024-03-05T12:15:00+05:30,2276.95,2277.9,2264.9,2270,219100
2024-03-05T13:15:00+05:30,2270,2279.65,2268.25,2273.15,188650
2024-03-05T14:15:00+05:30,2273.3,2279.35,2270.25,2274.7,196350
2024-03-05T15:15:00+05:30,2274.7,2283.95,2273,2275,216300
2024-03-06T09:15:00+05:30,2276.3,2290,2245,2257.85,681800
2024-03-06T10:15:00+05:30,2256.1,2279,2249.2,2271.85,265650
2024-03-06T11:15:00+05:30,2271,2273.55,2237.6,2245,233450
2024-03-06T12:15:00+05:30,2244,2250.75,2238.05,2248.7,249200
2024-03-06T13:15:00+05:30,2247,2272.85,2243.3,2271,152600
2024-03-06T14:15:00+05:30,2270.75,2282,2267.9,2281,212450
2024-03-06T15:15:00+05:30,2281.2,2285.55,2281.2,2282.2,131600
2024-03-07T09:15:00+05:30,2288.75,2294.85,2265.2,2289.8,325850
2024-03-07T10:15:00+05:30,2289.75,2297.95,2286.2,2291.35,212800
2024-03-07T11:15:00+05:30,2290.9,2298,2287.05,2289,113050
2024-03-07T12:15:00+05:30,2288.85,2312.25,2285.95,2295.45,263900
2024-03-07T13:15:00+05:30,2295.6,2300.7,2278.3,2281.75,161000
2024-03-07T14:15:00+05:30,2281.3,2286.45,2262.85,2264.95,329700
2024-03-07T15:15:00+05:30,2264.95,2267,2261.05,2263.1,135800
2024-03-11T09:15:00+05:30,2263.25,2283,2260.05,2280.95,194600
2024-03-11T10:15:00+05:30,2283,2302.2,2280.95,2290.1,226800
2024-03-11T11:15:00+05:30,2290.15,2296,2263.25,2263.5,169050
2024-03-11T12:15:00+05:30,2263.5,2269.9,2257.5,2269.9,98000
2024-03-11T13:15:00+05:30,2269,2270.85,2263,2263,53200
2024-03-11T14:15:00+05:30,2263.4,2276.95,2260,2264.15,178850
2024-03-11T15:15:00+05:30,2263.8,2265.65,2255,2260.8,165550
2024-03-12T09:15:00+05:30,2309,2309,2250.5,2263.15,185500
2024-03-12T10:15:00+05:30,2263.15,2266,2241,2250.2,128800
2024-03-12T11:15:00+05:30,2251.2,2254.9,2232.1,2249.8,176050
2024-03-12T12:15:00+05:30,2249,2254.95,2240.5,2247.15,67900
2024-03-12T13:15:00+05:30,2249,2259.8,2247.6,2249.2,71400
2024-03-12T14:15:00+05:30,2249.15,2250.95,2238.7,2240.7,170100
2024-03-12T15:15:00+05:30,2240.7,2247.45,2236.45,2247.45,89950
2024-03-13T09:15:00+05:30,2240.75,2254,2204.6,2225,354200
2024-03-13T10:15:00+05:30,2226.9,2229.6,2197.3,2200.45,294700
2024-03-13T11:15:00+05:30,2200.15,2204.9,2167.4,2170.15,269850
2024-03-13T12:15:00+05:30,2170.8,2183.15,2163.85,2170.95,193200
2024-03-13T13:15:00+05:30,2170.55,2174,2155,2156.6,214900
2024-03-13T14:15:00+05:30,2157.35,2161.55,2128.6,2142.65,397950
2024-03-13T15:15:00+05:30,2142.5,2146,2135.25,2138,146650
2024-03-14T09:15:00+05:30,2121.65,2159.2,2110.45,2155.45,350350
2024-03-14T10:15:00+05:30,2155.75,2172.65,2145.15,2164.75,159950
2024-03-14T11:15:00+05:30,2165,2172.1,2160,2163.45,72800
2024-03-14T12:15:00+05:30,2164.6,2169.1,2141.5,2151.6,142100
2024-03-14T13:15:00+05:30,2153.5,2159.55,2130,2131.25,116900
2024-03-14T14:15:00+05:30,2131.7,2142.35,2121.1,2135.4,232750
2024-03-14T15:15:00+05:30,2136.8,2203.4,2136.8,2151,714000
2024-03-15T09:15:00+05:30,2156.05,2156.3,2100.15,2114.95,532000
2024-03-15T10:15:00+05:30,2115.05,2117.3,2072.45,2075.4,312200
2024-03-15T11:15:00+05:30,2076.45,2086.65,2066.6,2073.4,265300
2024-03-15T12:15:00+05:30,2072.15,2084.4,2068.65,2081,141400
2024-03-15T13:15:00+05:30,2079.45,2092,2073.65,2079.4,192500
2024-03-15T14:15:00+05:30,2079,2080,2058.05,2066.9,350000
2024-03-15T15:15:00+05:30,2066.9,2073.85,2060,2064.85,218750
2024-03-18T09:15:00+05:30,2063.05,2067.9,2022,2024.6,423500
2024-03-18T10:15:00+05:30,2025.55,2042.55,2024.55,2027.8,237300
2024-03-18T11:15:00+05:30,2027.8,2033.35,2021.65,2026.5,147700
2024-03-18T12:15:00+05:30,2026.1,2030.8,2018,2018.2,138600
2024-03-18T13:15:00+05:30,2018.15,2021,2012.7,2015.75,186900
2024-03-18T14:15:00+05:30,2015.75,2034.45,2015.75,2032.1,321300
2024-03-18T15:15:00+05:30,2032.55,2036.9,2032,2035.1,109900
2024-03-19T09:15:00+05:30,2038.4,2041.6,2016,2025.95,368550
2024-03-19T10:15:00+05:30,2024.6,2027,2017.05,2026.05,154700
2024-03-19T11:15:00+05:30,2026.05,2038.3,2026.05,2033.65,119700
2024-03-19T12:15:00+05:30,2032.4,2054.75,2032.2,2053.8,213850
2024-03-19T13:15:00+05:30,2053.8,2063.95,2041.85,2049.7,247100
2024-03-19T14:15:00+05:30,2049.65,2051.8,2041.5,2044.25,185500
2024-03-19T15:15:00+05:30,2045.55,2053.7,2045.55,2053.7,97650
2024-03-20T09:15:00+05:30,2060,2109.8,2024,2028.35,1361150
2024-03-20T10:15:00+05:30,2029.55,2057.3,2012.05,2056.35,404600
2024-03-20T11:15:00+05:30,2057.55,2058.9,2027.05,2031,250600
2024-03-20T12:15:00+05:30,2031.4,2054.3,2031.4,2053.8,186200
2024-03-20T13:15:00+05:30,2053,2053.2,2033.45,2038,123200
2024-03-20T14:15:00+05:30,2038,2043.6,2034.3,2037.25,193900
2024-03-20T15:15:00+05:30,2037.5,2046.85,2037.5,2042.4,144550
2024-03-21T09:15:00+05:30,2070.5,2083,2045.25,2062.5,495600
2024-03-21T10:15:00+05:30,2062.15,2071.35,2060,2064.5,117250
2024-03-21T11:15:00+05:30,2063.9,2063.9,2035.1,2038,201600
2024-03-21T12:15:00+05:30,2037.25,2048.35,2030,2048,161000
2024-03-21T13:15:00+05:30,2045.95,2058.6,2043,2055.6,142800
2024-03-21T14:15:00+05:30,2055.5,2068.25,2050,2067.1,253400
2024-03-21T15:15:00+05:30,2066.55,2067.85,2061.3,2065.75,144900
2024-03-22T09:15:00+05:30,2076.7,2076.7,2041.95,2058.1,590450
2024-03-22T10:15:00+05:30,2056.85,2071.5,2055.95,2071.45,199500
2024-03-22T11:15:00+05:30,2072.15,2085.4,2070,2081.25,277200
2024-03-22T12:15:00+05:30,2081.25,2090.85,2077.8,2088.15,172550
2024-03-22T13:15:00+05:30,2088.15,2092,2077.8,2077.8,147350
2024-03-22T14:15:00+05:30,2077.8,2085,2055.05,2056.5,286300
2024-03-22T15:15:00+05:30,2057.15,2062.4,2057.15,2058.1,108500
2024-03-26T09:15:00+05:30,2058.1,2076.85,2037,2050.7,665700
2024-03-26T10:15:00+05:30,2050.65,2063.3,2045.35,2058,307650
2024-03-26T11:15:00+05:30,2058,2075.95,2056.55,2073,352800
2024-03-26T12:15:00+05:30,2073,2091,2068.8,2091,295400
2024-03-26T13:15:00+05:30,2091,2094.9,2086,2091.55,215250
2024-03-26T14:15:00+05:30,2091.55,2095,2080.5,2090.6,229600
2024-03-26T15:15:00+05:30,2089.65,2094,2089.55,2092,64400
2024-03-27T09:15:00+05:30,2085.15,2126.7,2085.15,2119.65,509250
2024-03-27T10:15:00+05:30,2118.85,2126.15,2112.65,2118.5,320250
2024-03-27T11:15:00+05:30,2118.5,2136.95,2117.45,2124,210350
2024-03-27T12:15:00+05:30,2123.4,2128.9,2119.05,2121.65,138950
2024-03-27T13:15:00+05:30,2121.65,2134.1,2121.65,2126.9,170100
2024-03-27T14:15:00+05:30,2126.2,2126.2,2111.1,2122,287000
2024-03-27T15:15:00+05:30,2122.1,2129.25,2122.05,2123.05,95200
2024-03-28T09:15:00+05:30,2148,2148.55,2119.9,2127.35,325150
2024-03-28T10:15:00+05:30,2127.3,2136.45,2120.65,2133.45,186550
2024-03-28T11:15:00+05:30,2135,2141.8,2130.05,2136,349650
2024-03-28T12:15:00+05:30,2135.55,2169.75,2135.55,2169.55,485800
2024-03-28T13:15:00+05:30,2168.95,2174.7,2162.7,2165,731150
2024-03-28T14:15:00+05:30,2165,2175,2159.25,2164.25,654850
2024-03-28T15:15:00+05:30,2163,2174.3,2159.4,2173.8,258300
2024-04-01T09:15:00+05:30,2179,2198.3,2176.1,2190.95,312900
2024-04-01T10:15:00+05:30,2190.95,2203.95,2186,2195.1,151900
2024-04-01T11:15:00+05:30,2196.35,2202.5,2171.95,2176.25,162750
2024-04-01T12:15:00+05:30,2177.25,2185.4,2160.65,2162,136850
2024-04-01T13:15:00+05:30,2162.15,2171.95,2157.6,2157.6,121450
2024-04-01T14:15:00+05:30,2156.9,2160.9,2145,2158.4,235550
2024-04-01T15:15:00+05:30,2159,2162,2151.7,2160.9,117600
2024-04-02T09:15:00+05:30,2165,2168,2126.05,2136.15,714350
2024-04-02T10:15:00+05:30,2136,2155,2135.35,2148.85,221550
2024-04-02T11:15:00+05:30,2148.95,2176.95,2148.85,2174,374500
2024-04-02T12:15:00+05:30,2174.5,2175.95,2166.5,2170.25,62300
2024-04-02T13:15:00+05:30,2169.95,2178.7,2165.05,2176.15,116200
2024-04-02T14:15:00+05:30,2174.55,2179,2164.65,2166.05,166600
2024-04-02T15:15:00+05:30,2166.8,2168,2161.55,2161.55,113050
2024-04-03T09:15:00+05:30,2155.5,2161.85,2138.55,2152,250600
2024-04-03T10:15:00+05:30,2155,2159,2148,2152.6,87150
2024-04-03T11:15:00+05:30,2153.85,2156.85,2140.4,2143.1,91000
2024-04-03T12:15:00+05:30,2146.95,2148.4,2140.1,2141.85,85400
2024-04-03T13:15:00+05:30,2141.55,2142.85,2133,2135.55,218050
2024-04-03T14:15:00+05:30,2135.35,2137.65,2115,2117.3,457800
2024-04-03T15:15:00+05:30,2117.5,2120,2115.3,2115.95,158900
2024-04-04T09:15:00+05:30,2117,2134.85,2098.6,2108.25,352800
2024-04-04T10:15:00+05:30,2107.45,2115.95,2094.55,2101,144900
2024-04-04T11:15:00+05:30,2101.05,2103.3,2081.45,2081.8,166950
2024-04-04T12:15:00+05:30,2080.85,2094.8,2079.15,2087.55,138950
2024-04-04T13:15:00+05:30,2087.55,2095.85,2081.8,2081.8,122850
2024-04-04T14:15:00+05:30,2081.75,2096.5,2081.3,2094.95,201250
2024-04-04T15:15:00+05:30,2095.55,2101.85,2094,2098.3,108500
2024-04-05T09:15:00+05:30,2090.3,2095.8,2076.65,2079,212450
2024-04-05T10:15:00+05:30,2079,2081.8,2077.55,2079.55,81900
2024-04-05T11:15:00+05:30,2080.15,2081,2069.4,2069.95,117600
2024-04-05T12:15:00+05:30,2069.4,2075.9,2069.3,2073.75,80150
2024-04-05T13:15:00+05:30,2073.9,2078,2070.5,2074.45,81900
2024-04-05T14:15:00+05:30,2075.85,2080.35,2074,2079.3,95900
2024-04-05T15:15:00+05:30,2078.65,2082,2077.1,2080.6,71400
2024-04-08T09:15:00+05:30,2093.9,2100,2079.9,2100,189700
2024-04-08T10:15:00+05:30,2100,2115.2,2091,2112.8,211750
2024-04-08T11:15:00+05:30,2113.45,2131.5,2112.65,2128.3,360500
2024-04-08T12:15:00+05:30,2127.55,2137.8,2124.1,2136.5,172550
2024-04-08T13:15:00+05:30,2137,2137,2123,2134,260750
2024-04-08T14:15:00+05:30,2134.55,2142,2130,2137.25,372750
2024-04-08T15:15:00+05:30,2137.25,2139.9,2135,2139.4,123900
2024-04-09T09:15:00+05:30,2142.6,2147.7,2119.95,2127.2,320600
2024-04-09T10:15:00+05:30,2128,2132.2,2122.25,2124.4,97650
2024-04-09T11:15:00+05:30,2125.6,2136.45,2125.55,2129.1,44450
2024-04-09T12:15:00+05:30,2129.3,2134,2126.8,2128.05,90300
2024-04-09T13:15:00+05:30,2127.7,2128.1,2108,2109.15,158900
2024-04-09T14:15:00+05:30,2108,2119.15,2104.15,2107.35,225050
2024-04-09T15:15:00+05:30,2108.6,2110.85,2105.85,2110.35,89250
2024-04-10T09:15:00+05:30,2109.85,2146.8,2095,2096.9,603050
2024-04-10T10:15:00+05:30,2099.15,2117.05,2099.15,2103,118300
2024-04-10T11:15:00+05:30,2103,2114.8,2102.05,2111.9,88900
2024-04-10T12:15:00+05:30,2112,2113.95,2104.2,2105.9,47950
2024-04-10T13:15:00+05:30,2106.55,2111,2100.4,2100.6,79800
2024-04-10T14:15:00+05:30,2101,2108.15,2100.4,2103.8,131950
2024-04-10T15:15:00+05:30,2103,2105.75,2101.05,2104.5,64750
2024-04-12T09:15:00+05:30,2090,2112.9,2084.9,2109.7,217350
2024-04-12T10:15:00+05:30,2107.95,2108.65,2100,2100.6,73500
2024-04-12T11:15:00+05:30,2100.55,2101.95,2077.5,2078,196350
2024-04-12T12:15:00+05:30,2078.1,2084.9,2071.1,2072.45,179200
2024-04-12T13:15:00+05:30,2072.1,2079.3,2057.5,2057.85,199500
2024-04-12T14:15:00+05:30,2058.95,2064.75,2052.6,2055.15,212800
2024-04-12T15:15:00+05:30,2055.7,2055.7,2042.6,2046.35,365050
2024-04-15T09:15:00+05:30,2046.35,2046.35,1991.2,2032.5,726950
2024-04-15T10:15:00+05:30,2030.05,2048,2028,2039.15,120400
2024-04-15T11:15:00+05:30,2038.85,2042.95,2029.35,2041.9,92050
2024-04-15T12:15:00+05:30,2041.8,2046.3,2028.85,2030.95,81900
2024-04-15T13:15:00+05:30,2030.9,2035,2018.55,2030.8,151200
2024-04-15T14:15:00+05:30,2030.6,2034.35,2000.15,2006.3,388500
2024-04-15T15:15:00+05:30,2006.9,2010.95,2001.05,2001.05,81550
2024-04-16T09:15:00+05:30,1971.1,2004,1971.1,1988.8,346150
2024-04-16T10:15:00+05:30,1987.4,2006.7,1984.55,2006.7,177100
2024-04-16T11:15:00+05:30,2005.55,2006.5,1981.1,1989.85,221200
2024-04-16T12:15:00+05:30,1988.2,1991.95,1968.15,1969.45,180950
2024-04-16T13:15:00+05:30,1967.9,1987.25,1966.25,1982.65,207550
2024-04-16T14:15:00+05:30,1983.75,1988.25,1964.95,1981.7,308700
2024-04-16T15:15:00+05:30,1981.65,1982.7,1977.25,1978.6,158900
2024-04-18T09:15:00+05:30,1988.3,1989.3,1949,1958,479850
2024-04-18T10:15:00+05:30,1958,1971,1957.2,1969.75,532700
2024-04-18T11:15:00+05:30,1970.25,1993.3,1962,1976.65,702100
2024-04-18T12:15:00+05:30,1977.3,1980,1969.25,1972.7,227150
2024-04-18T13:15:00+05:30,1972.6,1975.25,1960,1964.85,367850
2024-04-18T14:15:00+05:30,1964.2,1967.4,1933.2,1947,360150
2024-04-18T15:15:00+05:30,1947.25,1954,1945,1948.15,118650
2024-04-19T09:15:00+05:30,1921.55,1931.75,1896,1908.4,675500
2024-04-19T10:15:00+05:30,1908,1908.7,1884.5,1886.55,335650
2024-04-19T11:15:00+05:30,1886.7,1904.6,1885.7,1897.35,382200
2024-04-19T12:15:00+05:30,1897.5,1904.05,1887.15,1887.55,274750
2024-04-19T13:15:00+05:30,1887,1897.95,1872.75,1895.75,375200
2024-04-19T14:15:00+05:30,1895.3,1906.95,1890.3,1902,355950
2024-04-19T15:15:00+05:30,1901.5,1901.8,1894.15,1894.15,149100
2024-04-22T09:15:00+05:30,1910.8,1917.25,1895.1,1912.85,711200
2024-04-22T10:15:00+05:30,1912.85,1916.65,1906.1,1913,224350
2024-04-22T11:15:00+05:30,1914.5,1927,1914.5,1921,212450
2024-04-22T12:15:00+05:30,1921,1928.35,1918.25,1926,187950
2024-04-22T13:15:00+05:30,1926.4,1937.45,1924.85,1931,291900
2024-04-22T14:15:00+05:30,1931,1948.15,1927.6,1947.75,326900
2024-04-22T15:15:00+05:30,1946.95,1949.85,1943.9,1948.95,126000
2024-04-23T09:15:00+05:30,1951,1951,1925.7,1934.6,529550
2024-04-23T10:15:00+05:30,1934.7,1946.6,1921,1942,231350
2024-04-23T11:15:00+05:30,1942,1943.4,1924.3,1941.1,312200
2024-04-23T12:15:00+05:30,1941.1,1943.8,1936.65,1938.4,162050
2024-04-23T13:15:00+05:30,1938.4,1970.8,1938,1968.55,483000
2024-04-23T14:15:00+05:30,1968.55,1972,1949.55,1952.9,312550
2024-04-23T15:15:00+05:30,1954,1960.8,1953.35,1959.65,90300
2024-04-24T09:15:00+05:30,1959.65,1968.3,1945.05,1955.3,396900
2024-04-24T10:15:00+05:30,1956,1963.1,1955.15,1957.35,236600
2024-04-24T11:15:00+05:30,1957.4,1961,1953.35,1960,142800
2024-04-24T12:15:00+05:30,1960,1961.15,1952.25,1956,251650
2024-04-24T13:15:00+05:30,1956,1969.2,1954.7,1965.3,536200
2024-04-24T14:15:00+05:30,1965.3,1971.45,1962.25,1965.6,360850
2024-04-24T15:15:00+05:30,1965.15,1968.4,1964.45,1965,183050
2024-04-25T09:15:00+05:30,1972.75,1992.45,1966.35,1992.45,530950
2024-04-25T10:15:00+05:30,1992.45,1994,1980.65,1989,408450
2024-04-25T11:15:00+05:30,1989,2017,1985.85,2008.2,569800
2024-04-25T12:15:00+05:30,2008.2,2014.25,2005,2010,625800
2024-04-25T13:15:00+05:30,2009.95,2020,2003.05,2013.2,732550
2024-04-25T14:15:00+05:30,2012.75,2026.35,2012,2024.8,668850
2024-04-25T15:15:00+05:30,2024.5,2033,2024,2028.2,280350
2024-04-26T09:15:00+05:30,2029.95,2039.65,2012.6,2035,264250
2024-04-26T10:15:00+05:30,2035,2051.9,2031.65,2038.35,234500
2024-04-26T11:15:00+05:30,2038,2042.55,2034,2037.65,83300
2024-04-26T12:15:00+05:30,2036.25,2050,2032.85,2047,161000
2024-04-26T13:15:00+05:30,2046.4,2057.1,2044.8,2046.1,226100
2024-04-26T14:15:00+05:30,2047.7,2050.85,2033,2033.6,163450
2024-04-26T15:15:00+05:30,2032.6,2037.7,2032.6,2036.1,59850
2024-04-29T09:15:00+05:30,2046.65,2051.4,2028.65,2034,211750
2024-04-29T10:15:00+05:30,2034.35,2038.75,2028.45,2032.5,114800
2024-04-29T11:15:00+05:30,2031.95,2048,2030.05,2046,110600
2024-04-29T12:15:00+05:30,2046.95,2053.95,2043.15,2048.35,88200
2024-04-29T13:15:00+05:30,2048.75,2053.45,2045,2045.95,65100
2024-04-29T14:15:00+05:30,2045.95,2055.95,2043.05,2047.9,252000
2024-04-29T15:15:00+05:30,2047.3,2050,2044.4,2047.3,109900
2024-04-30T09:15:00+05:30,2059.85,2117.95,2055.65,2098.05,946750
2024-04-30T10:15:00+05:30,2100,2107.1,2084.85,2087.55,294000
2024-04-30T11:15:00+05:30,2087.6,2098.5,2081.1,2096.9,123200
2024-04-30T12:15:00+05:30,2096.5,2097.6,2085,2086.35,99050
2024-04-30T13:15:00+05:30,2086.5,2094.8,2084.6,2087.65,91350
2024-04-30T14:15:00+05:30,2088.1,2090.45,2071.55,2074.85,200900
2024-04-30T15:15:00+05:30,2075,2084.2,2073.25,2084.2,138250
2024-05-02T09:15:00+05:30,2109.7,2138,2082.1,2089,750050
2024-05-02T10:15:00+05:30,2088,2115,2088,2112.3,492100
2024-05-02T11:15:00+05:30,2111.4,2111.55,2090.15,2092.15,317800
2024-05-02T12:15:00+05:30,2091.7,2104.4,2091,2097.6,240100
2024-05-02T13:15:00+05:30,2097.6,2104,2093.15,2098.8,223650
2024-05-02T14:15:00+05:30,2099,2099.55,2086.85,2088.2,391650
2024-05-02T15:15:00+05:30,2088,2100.75,2087.4,2098.95,201600
2024-05-03T09:15:00+05:30,2102.7,2105,2079.95,2089.8,198100
2024-05-03T10:15:00+05:30,2089.8,2093.55,2076.6,2088.8,128800
2024-05-03T11:15:00+05:30,2086.25,2088.1,2060.3,2065.25,226100
2024-05-03T12:15:00+05:30,2063.25,2074.5,2060.85,2064.85,114450
2024-05-03T13:15:00+05:30,2062.35,2067.4,2050.15,2063.25,151550
2024-05-03T14:15:00+05:30,2063.75,2072.9,2058.95,2070.1,127050
2024-05-03T15:15:00+05:30,2070.3,2074.65,2069.3,2074.65,50400
2024-05-06T09:15:00+05:30,2085.5,2085.7,2044.25,2058.85,361200
2024-05-06T10:15:00+05:30,2060.85,2078.75,2058.45,2076.7,125300
2024-05-06T11:15:00+05:30,2076,2085,2067.65,2084.6,74550
2024-05-06T12:15:00+05:30,2084.9,2085,2071.55,2072.9,61250
2024-05-06T13:15:00+05:30,2072.35,2072.35,2058.85,2066.45,65800
2024-05-06T14:15:00+05:30,2068.1,2076.95,2065.2,2071,94500
2024-05-06T15:15:00+05:30,2070.4,2072.8,2067,2070.6,72800
2024-05-07T09:15:00+05:30,2065.45,2069.1,2053.85,2058.45,181300
2024-05-07T10:15:00+05:30,2057.7,2065.45,2026.7,2029.15,361900
2024-05-07T11:15:00+05:30,2029.05,2029.7,2011.5,2022,184450
2024-05-07T12:15:00+05:30,2021.2,2023.9,1991.7,1995,219450
2024-05-07T13:15:00+05:30,1994.7,2006.8,1993.95,2003.7,152950
2024-05-07T14:15:00+05:30,2003.5,2003.5,1986.5,1990.45,168000
2024-05-07T15:15:00+05:30,1990.8,1992.9,1984.4,1987.9,103600
2024-05-08T09:15:00+05:30,1979.4,1980.3,1945.95,1967.1,532000
2024-05-08T10:15:00+05:30,1966,1979.35,1932,1970.9,475300
2024-05-08T11:15:00+05:30,1973,1978.75,1967.55,1976,179200
2024-05-08T12:15:00+05:30,1975.1,1984.25,1971.4,1977.5,224700
2024-05-08T13:15:00+05:30,1977.35,1986.6,1973.2,1973.3,235550
2024-05-08T14:15:00+05:30,1972.15,2009.5,1965.15,2005,679700
2024-05-08T15:15:00+05:30,2005.1,2039.8,2002.1,2032.95,712950
2024-05-09T09:15:00+05:30,2035,2136.45,2035,2126,4955300
2024-05-09T10:15:00+05:30,2125,2125.95,2080.05,2099,1444100
2024-05-09T11:15:00+05:30,2098.45,2115.85,2082.1,2100,568050
2024-05-09T12:15:00+05:30,2100,2102.05,2080.05,2087.8,399350
2024-05-09T13:15:00+05:30,2087.5,2098.85,2080.1,2097.25,278600
2024-05-09T14:15:00+05:30,2097.65,2097.65,2070.4,2073.8,593250
2024-05-09T15:15:00+05:30,2074,2081.75,2071,2078,311150
2024-05-10T09:15:00+05:30,2089.9,2095,2033,2074.5,1073800
2024-05-10T10:15:00+05:30,2072.8,2097.95,2072.8,2078.35,499100
2024-05-10T11:15:00+05:30,2076.9,2082.4,2045,2051,258300
2024-05-10T12:15:00+05:30,2050.8,2067,2048.05,2063,182000
2024-05-10T13:15:00+05:30,2063.8,2085.95,2061.25,2073,170800
2024-05-10T14:15:00+05:30,2072.95,2075,2060,2070.6,233450
2024-05-10T15:15:00+05:30,2069.5,2078.85,2062.25,2062.25,190750
2024-05-13T09:15:00+05:30,2068.05,2069.25,1983.05,2035.2,1051750
2024-05-13T10:15:00+05:30,2037.1,2049.8,2029.2,2046.1,255850
2024-05-13T11:15:00+05:30,2046.35,2091.75,2046.35,2084.2,400400
2024-05-13T12:15:00+05:30,2084.4,2087.25,2055.2,2059.5,273350
2024-05-13T13:15:00+05:30,2061.25,2078.3,2044.7,2077.1,205800
2024-05-13T14:15:00+05:30,2077.45,2079.9,2071.65,2076.3,295050
2024-05-13T15:15:00+05:30,2076.65,2078.2,2064.8,2064.85,256550
2024-05-14T09:15:00+05:30,2079.9,2133.9,2071,2126.6,1155000
2024-05-14T10:15:00+05:30,2127.2,2136.4,2108.3,2125.55,508550
2024-05-14T11:15:00+05:30,2126.55,2130.4,2119.85,2127,167650
2024-05-14T12:15:00+05:30,2125.6,2132.8,2122.75,2128.9,137200
2024-05-14T13:15:00+05:30,2127.7,2129.85,2122.6,2127.7,91350
2024-05-14T14:15:00+05:30,2128.4,2152,2125,2145.1,607600
2024-05-14T15:15:00+05:30,2145.15,2149.15,2144.25,2146,166950
2024-05-15T09:15:00+05:30,2150.25,2159.95,2130.2,2138.25,461650
2024-05-15T10:15:00+05:30,2136.65,2138.7,2121.55,2124.95,222600
2024-05-15T11:15:00+05:30,2127.15,2132.2,2111.9,2113.4,145250
2024-05-15T12:15:00+05:30,2113.45,2114.8,2092.5,2099.75,396900
2024-05-15T13:15:00+05:30,2098.15,2109.65,2092,2106.2,123900
2024-05-15T14:15:00+05:30,2106.65,2117.4,2099.35,2108.8,160300
2024-05-15T15:15:00+05:30,2108.25,2109.7,2097.5,2105.1,187250
2024-05-16T09:15:00+05:30,2130.8,2140.45,2114.85,2125.25,387800
2024-05-16T10:15:00+05:30,2124.75,2130.8,2105.4,2108.25,143150
2024-05-16T11:15:00+05:30,2107,2122,2095.3,2121.35,190050
2024-05-16T12:15:00+05:30,2122.35,2123.5,2111.75,2115.6,84700
2024-05-16T13:15:00+05:30,2114.5,2115.75,2102.05,2110.15,107450
2024-05-16T14:15:00+05:30,2110.25,2138.95,2110.25,2136.65,285250
2024-05-16T15:15:00+05:30,2136,2138.3,2131.8,2132.8,135800
2024-05-17T09:15:00+05:30,2144.2,2167.9,2135.05,2155.7,529900
2024-05-17T10:15:00+05:30,2157,2178.4,2151.4,2174.15,315000
2024-05-17T11:15:00+05:30,2176.2,2177,2160.8,2171,271600
2024-05-17T12:15:00+05:30,2171,2177.75,2165.7,2173.95,159600
2024-05-17T13:15:00+05:30,2174.85,2182.95,2168.8,2178.25,206850
2024-05-17T14:15:00+05:30,2178.5,2193,2173,2188.85,351400
2024-05-17T15:15:00+05:30,2189,2195.05,2188.6,2188.6,205450
2024-05-18T09:15:00+05:30,2197.95,2201.95,2184,2186.65,127750
2024-05-18T11:15:00+05:30,2195.95,2195.95,2188.05,2192.5,57400
2024-05-18T12:15:00+05:30,2192.7,2193.25,2186.25,2190,32900
2024-05-21T09:15:00+05:30,2194.1,2196.05,2147.15,2163.7,358750
2024-05-21T10:15:00+05:30,2162.3,2164.2,2148,2162.2,184100
2024-05-21T11:15:00+05:30,2163.3,2166.35,2143.6,2151.3,205800
2024-05-21T12:15:00+05:30,2151.3,2165,2150.25,2165,108850
2024-05-21T13:15:00+05:30,2164.95,2166.6,2155.75,2155.75,84000
2024-05-21T14:15:00+05:30,2157.15,2162.25,2151.35,2159.5,107450
2024-05-21T15:15:00+05:30,2159.65,2160.3,2155,2155.1,97650
2024-05-22T09:15:00+05:30,2155.1,2171,2145.25,2150.55,277200
2024-05-22T10:15:00+05:30,2151.5,2154.95,2140.1,2141.3,111300
2024-05-22T11:15:00+05:30,2142,2142,2123.65,2132.75,272300
2024-05-22T12:15:00+05:30,2136.7,2136.7,2126.4,2128.25,65800
2024-05-22T13:15:00+05:30,2127.95,2135,2125.85,2129.5,123900
2024-05-22T14:15:00+05:30,2129.55,2145.45,2129.5,2141.9,183400
2024-05-22T15:15:00+05:30,2142.6,2147,2139.8,2144.35,93100
2024-05-23T09:15:00+05:30,2144.95,2163.55,2135.15,2162.4,152600
2024-05-23T10:15:00+05:30,2161.5,2163.55,2145.75,2160.2,115500
2024-05-23T11:15:00+05:30,2160,2165,2153.6,2164.9,98700
2024-05-23T12:15:00+05:30,2164.4,2172.95,2163.45,2167.25,143500
2024-05-23T13:15:00+05:30,2167.25,2179.95,2164.7,2175.25,120050
2024-05-23T14:15:00+05:30,2175.25,2187.6,2168.1,2180,273350
2024-05-23T15:15:00+05:30,2180,2182.55,2178.5,2180.8,85050
2024-05-24T09:15:00+05:30,2175.95,2187.1,2156,2168,194250
2024-05-24T10:15:00+05:30,2168,2188.25,2168,2185,255150
2024-05-24T11:15:00+05:30,2184.85,2219.45,2184.7,2217,464450
2024-05-24T12:15:00+05:30,2217.9,2241.05,2206.6,2227.5,496650
2024-05-24T13:15:00+05:30,2228,2256.5,2227.5,2253.8,326550
2024-05-24T14:15:00+05:30,2254.05,2254.2,2226.25,2234.65,511000
2024-05-24T15:15:00+05:30,2233.25,2244.95,2233.05,2242,222950
2024-05-27T09:15:00+05:30,2256.35,2265.65,2213.25,2218,640850
2024-05-27T10:15:00+05:30,2218,2245.85,2211.5,2239.05,487200
2024-05-27T11:15:00+05:30,2239.05,2252.25,2237.75,2245.7,416500
2024-05-27T12:15:00+05:30,2244.8,2258.65,2243.9,2257.7,251650
2024-05-27T13:15:00+05:30,2257.7,2258.55,2247,2254.45,283150
2024-05-27T14:15:00+05:30,2255.3,2255.65,2243.9,2252.9,455000
2024-05-27T15:15:00+05:30,2252.9,2253.75,2248.2,2248.2,143150
2024-05-28T09:15:00+05:30,2248.2,2258.4,2228,2237.35,894250
2024-05-28T10:15:00+05:30,2237.35,2271.15,2237.35,2267.6,641550
2024-05-28T11:15:00+05:30,2267,2271,2248.05,2251.2,669550
2024-05-28T12:15:00+05:30,2251.2,2253.95,2240,2252.4,381500
2024-05-28T13:15:00+05:30,2252.4,2258,2243.5,2252.35,413350
2024-05-28T14:15:00+05:30,2252.35,2258,2250.3,2253.75,271950
2024-05-28T15:15:00+05:30,2253.75,2255.65,2249.75,2249.75,70000
2024-05-29T09:15:00+05:30,2249.75,2249.75,2221.6,2234.15,406700
2024-05-29T10:15:00+05:30,2234.15,2244,2230.15,2233.9,204400
2024-05-29T11:15:00+05:30,2234,2240,2227.2,2238.2,424900
2024-05-29T12:15:00+05:30,2239.1,2251,2237.3,2251,193550
2024-05-29T13:15:00+05:30,2251,2258,2248,2252.8,231000
2024-05-29T14:15:00+05:30,2252.8,2261.3,2250.5,2256,186200
2024-05-29T15:15:00+05:30,2256,2260,2256,2258.55,72450
2024-05-30T09:15:00+05:30,2257.8,2267.5,2243.8,2256.3,337050
2024-05-30T10:15:00+05:30,2256.3,2265.8,2254.75,2255,423850
2024-05-30T11:15:00+05:30,2255,2262.05,2254.5,2257,347200
2024-05-30T12:15:00+05:30,2256.7,2277.45,2256.25,2268.5,434700
2024-05-30T13:15:00+05:30,2268.5,2270.6,2253,2255.4,465850
2024-05-30T14:15:00+05:30,2255.4,2258.35,2238.55,2243.5,347900
2024-05-30T15:15:00+05:30,2244.7,2251.95,2238.5,2251.95,110250
2024-05-31T09:15:00+05:30,2276.9,2276.9,2210.1,2223.35,680750
2024-05-31T10:15:00+05:30,2222.65,2231.5,2203.85,2204.95,380100
2024-05-31T11:15:00+05:30,2204.1,2209.65,2185.25,2194.6,487200
2024-05-31T12:15:00+05:30,2195.55,2195.95,2180.05,2191.55,273350
2024-05-31T13:15:00+05:30,2192,2209.8,2186.95,2203.7,267050
2024-05-31T14:15:00+05:30,2203.6,2204.2,2165.95,2197.65,617750
2024-05-31T15:15:00+05:30,2198.35,2208.3,2195.05,2208.3,241150
2024-06-03T09:15:00+05:30,2268,2273.85,2217.6,2258.2,828800
2024-06-03T10:15:00+05:30,2257.35,2260.55,2238.75,2238.95,324800
2024-06-03T11:15:00+05:30,2240.95,2248.4,2236.05,2246.05,214550
2024-06-03T12:15:00+05:30,2245.9,2254.8,2238.85,2254.8,163800
2024-06-03T13:15:00+05:30,2254.75,2266.5,2252,2257.45,131950
2024-06-03T14:15:00+05:30,2259.5,2267.95,2250,2261.8,280350
2024-06-03T15:15:00+05:30,2262.25,2266.55,2259.45,2264.9,123900
2024-06-04T09:15:00+05:30,2245,2253.3,2168.65,2248.95,714000
2024-06-04T10:15:00+05:30,2247.95,2261.95,2164.4,2169.65,391300
2024-06-04T11:15:00+05:30,2166.9,2195.05,2108.15,2114.6,326900
2024-06-04T12:15:00+05:30,2115.1,2200,2074.25,2194,407400
2024-06-04T13:15:00+05:30,2194.95,2242.65,2187.1,2211.3,337400
2024-06-04T14:15:00+05:30,2209,2233.7,2185.25,2226.05,351400
2024-06-04T15:15:00+05:30,2224.65,2229.35,2214,2227,103250
2024-06-05T09:15:00+05:30,2226.45,2307.75,2207.7,2304.55,689850
2024-06-05T10:15:00+05:30,2301.95,2361.75,2281.95,2348.25,924350
2024-06-05T11:15:00+05:30,2348.25,2350.45,2310.85,2346.45,431550
2024-06-05T12:15:00+05:30,2346.5,2354.45,2324.45,2324.45,334250
2024-06-05T13:15:00+05:30,2324.3,2375,2321.05,2362.75,326900
2024-06-05T14:15:00+05:30,2365.75,2381.35,2358.8,2359.2,512050
2024-06-05T15:15:00+05:30,2359.05,2368.05,2347.5,2350,337400
2024-06-06T09:15:00+05:30,2366.35,2409.5,2345.2,2351.9,810950
2024-06-06T10:15:00+05:30,2353.25,2397.45,2352.4,2396.75,324100
2024-06-06T11:15:00+05:30,2394.95,2411.6,2383.65,2393.45,587300
2024-06-06T12:15:00+05:30,2395,2409.9,2378.55,2383.15,245000
2024-06-06T13:15:00+05:30,2384.85,2407.45,2384.85,2400.05,188650
2024-06-06T14:15:00+05:30,2397.05,2418.55,2397,2406.25,589050
2024-06-06T15:15:00+05:30,2406.3,2407,2397,2398.6,223650
2024-06-07T09:15:00+05:30,2400.65,2434.65,2392.85,2416.3,424550
2024-06-07T10:15:00+05:30,2416.95,2432.7,2412.9,2425,128800
2024-06-07T11:15:00+05:30,2423.6,2433.25,2418.6,2425.9,135800
2024-06-07T12:15:00+05:30,2426.7,2429.75,2410.9,2412,132650
2024-06-07T13:15:00+05:30,2412.95,2414.1,2404.35,2408.7,255500
2024-06-07T14:15:00+05:30,2406.65,2414.75,2403,2411.3,292600
2024-06-07T15:15:00+05:30,2412.5,2413.45,2406,2406,95200
2024-06-10T09:15:00+05:30,2423,2446.05,2414,2430,475650
2024-06-10T10:15:00+05:30,2430.3,2438.7,2421,2426.5,301000
2024-06-10T11:15:00+05:30,2425.35,2442.9,2424.05,2437,365400
2024-06-10T12:15:00+05:30,2438.25,2443.25,2428.55,2434.5,231000
2024-06-10T13:15:00+05:30,2434.4,2445,2433.2,2437.6,99400
2024-06-10T14:15:00+05:30,2436.6,2441.85,2427.5,2439.3,690900
2024-06-10T15:15:00+05:30,2439.55,2443.5,2438.4,2440,167300
2024-06-11T09:15:00+05:30,2445.05,2447.2,2423.2,2437,200550
2024-06-11T10:15:00+05:30,2437,2446,2432.4,2440,130900
2024-06-11T11:15:00+05:30,2441.25,2444.85,2435.15,2440.35,92400
2024-06-11T12:15:00+05:30,2439.65,2441.25,2425.5,2438.1,112000
2024-06-11T13:15:00+05:30,2439.7,2457,2439.55,2446.6,225750
2024-06-11T14:15:00+05:30,2447.05,2453,2443.05,2446.95,189700
2024-06-11T15:15:00+05:30,2446.25,2447.8,2441.55,2442.5,90300
2024-06-12T09:15:00+05:30,2444,2450.65,2418,2431.5,358050
2024-06-12T10:15:00+05:30,2432.05,2435.6,2420.95,2428.2,328650
2024-06-12T11:15:00+05:30,2429.5,2434.1,2426,2428.6,107100
2024-06-12T12:15:00+05:30,2429.4,2433.85,2426.5,2427.45,88200
2024-06-12T13:15:00+05:30,2427.6,2432.45,2419.3,2423.55,136850
2024-06-12T14:15:00+05:30,2424.35,2427.25,2421.05,2423.4,155400
2024-06-12T15:15:00+05:30,2423,2425.55,2420,2420.05,84000
2024-06-13T09:15:00+05:30,2428.3,2447.35,2423,2438.65,228900
2024-06-13T10:15:00+05:30,2438.5,2449,2430.05,2430.85,173950
2024-06-13T11:15:00+05:30,2430.35,2446.5,2427.55,2440.95,106750
2024-06-13T12:15:00+05:30,2440.95,2461.55,2435.75,2460,190400
2024-06-13T13:15:00+05:30,2460.85,2468,2441.5,2447.55,255500
2024-06-13T14:15:00+05:30,2446.7,2451.45,2441.6,2446.2,154700
2024-06-13T15:15:00+05:30,2446.8,2449.5,2445.6,2447.1,53900
2024-06-14T09:15:00+05:30,2457,2462,2442.1,2455,262500
2024-06-14T10:15:00+05:30,2455.8,2483,2447.9,2481.55,278250
2024-06-14T11:15:00+05:30,2481.8,2488.85,2471.15,2473.5,295400
2024-06-14T12:15:00+05:30,2473.05,2522.25,2471.5,2512.85,550550
2024-06-14T13:15:00+05:30,2513.65,2520.4,2499.1,2509.3,197050
2024-06-14T14:15:00+05:30,2509.55,2517.85,2503,2506.15,394800
2024-06-14T15:15:00+05:30,2506.6,2510,2492.7,2494.1,124600
2024-06-18T09:15:00+05:30,2505,2505,2474.05,2490,550900
2024-06-18T10:15:00+05:30,2490,2496.9,2467.9,2473.5,204050
2024-06-18T11:15:00+05:30,2473.85,2474.5,2460.2,2461.55,149100
2024-06-18T12:15:00+05:30,2461.55,2480,2457.25,2476.9,205450
2024-06-18T13:15:00+05:30,2474.95,2480.7,2461.15,2461.15,148050
2024-06-18T14:15:00+05:30,2460.75,2483.65,2460.15,2476.8,644350
2024-06-18T15:15:00+05:30,2475.9,2476.2,2469.35,2476.2,90650
2024-06-19T09:15:00+05:30,2468.05,2473.25,2448,2458,479850
2024-06-19T10:15:00+05:30,2456,2480.8,2451.3,2471.15,332500
2024-06-19T11:15:00+05:30,2471.4,2474.9,2462,2465,150850
2024-06-19T12:15:00+05:30,2465,2465.55,2451,2454.95,111650
2024-06-19T13:15:00+05:30,2456.5,2456.9,2436.85,2440.5,140350
2024-06-19T14:15:00+05:30,2441.7,2449.5,2436.15,2438.6,222600
2024-06-19T15:15:00+05:30,2437.3,2442.6,2437.05,2442.6,63700
2024-06-20T09:15:00+05:30,2429.15,2453.3,2422.35,2439.35,286650
2024-06-20T10:15:00+05:30,2439,2439,2430,2432.75,51450
2024-06-20T11:15:00+05:30,2430.95,2435,2406.9,2410.5,305550
2024-06-20T12:15:00+05:30,2410.35,2413.5,2393.3,2403,234500
2024-06-20T13:15:00+05:30,2404.9,2408.25,2397,2401.6,120050
2024-06-20T14:15:00+05:30,2401.7,2426.2,2401.5,2426.15,381500
2024-06-20T15:15:00+05:30,2426.1,2436,2426.1,2435.05,194600
2024-06-21T09:15:00+05:30,2434,2459.6,2424.7,2452.8,414050
2024-06-21T10:15:00+05:30,2453.85,2466.65,2435.8,2441.2,231700
2024-06-21T11:15:00+05:30,2441.1,2443.35,2438.5,2441.05,55300
2024-06-21T12:15:00+05:30,2440.75,2444,2430.3,2441.4,139300
2024-06-21T13:15:00+05:30,2441,2451.25,2438.15,2447.85,112000
2024-06-21T14:15:00+05:30,2448.45,2449.4,2432.05,2432.85,318150
2024-06-21T15:15:00+05:30,2432.7,2435,2422.95,2422.95,102550
2024-06-24T09:15:00+05:30,2422.95,2456.75,2422.05,2440.95,653800
2024-06-24T10:15:00+05:30,2441.55,2446.85,2432.45,2439.6,268800
2024-06-24T11:15:00+05:30,2439.6,2444,2434.95,2440.35,229950
2024-06-24T12:15:00+05:30,2440.35,2448.55,2437.55,2448,364000
2024-06-24T13:15:00+05:30,2448,2448.35,2440.15,2441.65,228200
2024-06-24T14:15:00+05:30,2441.65,2447.9,2440.9,2444.95,238700
2024-06-24T15:15:00+05:30,2444.95,2445.05,2439.05,2439.45,103950
2024-06-25T09:15:00+05:30,2439.3,2479.85,2439.3,2477.45,777350
2024-06-25T10:15:00+05:30,2477.45,2478.65,2442.55,2448.6,488950
2024-06-25T11:15:00+05:30,2449,2449,2414.65,2427.85,595350
2024-06-25T12:15:00+05:30,2427.85,2434.3,2414.35,2433.65,565950
2024-06-25T13:15:00+05:30,2433.65,2445.25,2422.5,2428.4,366800
2024-06-25T14:15:00+05:30,2428.4,2428.8,2407.15,2414.35,434700
2024-06-25T15:15:00+05:30,2413.65,2416.95,2413.25,2415.85,107450
2024-06-26T09:15:00+05:30,2410,2410,2356.9,2358,626850
2024-06-26T10:15:00+05:30,2358.35,2374,2356.3,2369.05,326900
2024-06-26T11:15:00+05:30,2369.05,2384.05,2368,2382.95,222950
2024-06-26T12:15:00+05:30,2382.95,2387.9,2367.55,2371.45,204050
2024-06-26T13:15:00+05:30,2371.45,2380.4,2366.8,2369.05,156450
2024-06-26T14:15:00+05:30,2369.05,2385.35,2362.2,2382.5,742700
2024-06-26T15:15:00+05:30,2382.95,2387.05,2371.9,2385.75,73500
2024-06-27T09:15:00+05:30,2387.45,2415.05,2387.15,2396.25,516250
2024-06-27T10:15:00+05:30,2397.15,2398.35,2382.55,2391.65,369950
2024-06-27T11:15:00+05:30,2392.95,2399.95,2385.55,2395.15,422800
2024-06-27T12:15:00+05:30,2395.35,2397.5,2375.05,2380.9,369600
2024-06-27T13:15:00+05:30,2380.9,2384.6,2365.95,2366.45,366800
2024-06-27T14:15:00+05:30,2366.35,2373.95,2353.95,2358.85,1314250
2024-06-27T15:15:00+05:30,2359.75,2367.85,2351.3,2363.2,634550
2024-06-28T09:15:00+05:30,2368.9,2375.1,2343.65,2350.4,362950
2024-06-28T10:15:00+05:30,2351,2365,2346,2359.45,142800
2024-06-28T11:15:00+05:30,2358.95,2361.5,2353.45,2357.05,75950
2024-06-28T12:15:00+05:30,2357.85,2358.2,2350,2354,56000
2024-06-28T13:15:00+05:30,2354,2371,2354,2369.25,136150
2024-06-28T14:15:00+05:30,2370,2384.95,2366,2370.65,315700
2024-06-28T15:15:00+05:30,2370.85,2373.8,2369.4,2371.95,54250
2024-07-01T09:15:00+05:30,2369.2,2388.3,2353.1,2381.35,407750
2024-07-01T10:15:00+05:30,2381.3,2398,2380.15,2381,175700
2024-07-01T11:15:00+05:30,2380.05,2393,2378.35,2388.5,73500
2024-07-01T12:15:00+05:30,2390.8,2394,2387.05,2387.6,53900
2024-07-01T13:15:00+05:30,2387.4,2387.5,2371.6,2378,91350
2024-07-01T14:15:00+05:30,2377.35,2377.65,2363.4,2369.55,121450
2024-07-01T15:15:00+05:30,2370,2372,2367.65,2369.8,60550
2024-07-02T09:15:00+05:30,2345,2378.4,2320,2376.3,835800
2024-07-02T10:15:00+05:30,2376.3,2378,2367.55,2369.4,119350
2024-07-02T11:15:00+05:30,2368.6,2372.15,2352,2352,165200
2024-07-02T12:15:00+05:30,2351.6,2357.15,2323,2334.3,279300
2024-07-02T13:15:00+05:30,2332.2,2356.2,2330.3,2346.45,106050
2024-07-02T14:15:00+05:30,2348.85,2349.95,2340.6,2345.65,109900
2024-07-02T15:15:00+05:30,2346.3,2348.5,2343.15,2346,84700
2024-07-03T09:15:00+05:30,2335.15,2379,2335.15,2376.85,308000
2024-07-03T10:15:00+05:30,2376.85,2377.6,2359.45,2360,117600
2024-07-03T11:15:00+05:30,2360,2363.45,2336,2340.15,194950
2024-07-03T12:15:00+05:30,2340.5,2340.5,2316.9,2322.5,426650
2024-07-03T13:15:00+05:30,2323,2327.5,2308.5,2310.85,287350
2024-07-03T14:15:00+05:30,2312.1,2320.9,2310,2320,281750
2024-07-03T15:15:00+05:30,2319.45,2325.5,2319.2,2324.6,133700
2024-07-04T09:15:00+05:30,2360,2360,2328.5,2338.5,579950
2024-07-04T10:15:00+05:30,2339.05,2360.95,2330.4,2344.45,392350
2024-07-04T11:15:00+05:30,2343.1,2358.9,2340.55,2354,151200
2024-07-04T12:15:00+05:30,2354,2373.95,2353,2364.7,253050
2024-07-04T13:15:00+05:30,2363.25,2384,2363.25,2381.45,361550
2024-07-04T14:15:00+05:30,2380.6,2405.95,2373.2,2378.35,629300
2024-07-04T15:15:00+05:30,2378.35,2383.45,2378.1,2380.75,119000
2024-07-05T09:15:00+05:30,2387.7,2418,2383.05,2414,1144150
2024-07-05T10:15:00+05:30,2412.55,2427,2410,2413,410550
2024-07-05T11:15:00+05:30,2413.4,2432.4,2412.5,2430.35,460600
2024-07-05T12:15:00+05:30,2428.05,2432,2420.4,2423,434000
2024-07-05T13:15:00+05:30,2423,2439.2,2423,2436,399350
2024-07-05T14:15:00+05:30,2436,2445.5,2419.1,2436.9,927150
2024-07-05T15:15:00+05:30,2437.6,2439,2431.1,2432.15,165550
2024-07-08T09:15:00+05:30,2442,2448.1,2418,2424.25,382550
2024-07-08T10:15:00+05:30,2423,2426,2410,2414.75,232050
2024-07-08T11:15:00+05:30,2415.9,2418.45,2394,2403.3,197400
2024-07-08T12:15:00+05:30,2405.1,2421.2,2403,2420.7,99400
2024-07-08T13:15:00+05:30,2420.7,2422.65,2415,2420.8,129850
2024-07-08T14:15:00+05:30,2420.6,2422.85,2395.4,2396.25,224700
2024-07-08T15:15:00+05:30,2397.25,2409.9,2396.9,2408.65,122850
2024-07-09T09:15:00+05:30,2412.95,2434.25,2401.9,2414.45,279650
2024-07-09T10:15:00+05:30,2416.8,2429.95,2412.5,2424.1,246400
2024-07-09T11:15:00+05:30,2424.45,2435.15,2422.5,2434.3,203000
2024-07-09T12:15:00+05:30,2434.3,2445.35,2430.1,2435.45,257950
2024-07-09T13:15:00+05:30,2435,2444,2426.25,2430.4,107450
2024-07-09T14:15:00+05:30,2432.2,2445.75,2425.45,2445,365400
2024-07-09T15:15:00+05:30,2444.65,2450.35,2436.35,2439,245350
2024-07-10T09:15:00+05:30,2446.4,2479.95,2443.75,2452.2,689850
2024-07-10T10:15:00+05:30,2451.55,2458.7,2408.3,2440.3,552650
2024-07-10T11:15:00+05:30,2439.25,2448.95,2429,2440.9,107450
2024-07-10T12:15:00+05:30,2441.95,2451.95,2437,2449.95,113050
2024-07-10T13:15:00+05:30,2449.5,2464.65,2439.9,2446.65,149100
2024-07-10T14:15:00+05:30,2446.1,2446.1,2431.2,2443.5,243600
2024-07-10T15:15:00+05:30,2442.5,2451.55,2441.05,2442.5,115150
2024-07-11T09:15:00+05:30,2442.35,2494.4,2442.35,2483.1,626150
2024-07-11T10:15:00+05:30,2482.35,2491,2468.15,2472.1,301000
2024-07-11T11:15:00+05:30,2472,2478.4,2465.75,2473.95,128800
2024-07-11T12:15:00+05:30,2474.8,2480.05,2466.6,2469.15,145250
2024-07-11T13:15:00+05:30,2468.25,2474.45,2459.05,2470,187250
2024-07-11T14:15:00+05:30,2469,2483,2469,2476.75,234150
2024-07-11T15:15:00+05:30,2477.85,2482,2474.2,2478.4,159600
2024-07-12T09:15:00+05:30,2475.6,2489.65,2453,2453,209650
2024-07-12T10:15:00+05:30,2453.8,2455.75,2441.6,2449.3,158900
2024-07-12T11:15:00+05:30,2447.25,2448.15,2427.65,2439.4,166950
2024-07-12T12:15:00+05:30,2441,2447.35,2429,2445,151550
2024-07-12T13:15:00+05:30,2446,2462.1,2444,2460,306950
2024-07-12T14:15:00+05:30,2460.3,2462.9,2447,2448.1,220850
2024-07-12T15:15:00+05:30,2448.7,2449.35,2441.2,2444.95,95550
2024-07-15T09:15:00+05:30,2451.65,2453.3,2429.95,2453,193900
2024-07-15T10:15:00+05:30,2453.6,2457.85,2440.5,2444.4,93100
2024-07-15T11:15:00+05:30,2445.4,2457.95,2445.4,2455,57750
2024-07-15T12:15:00+05:30,2456,2457.3,2448.25,2455.25,34650
2024-07-15T13:15:00+05:30,2454.7,2456,2442.3,2446.3,50750
2024-07-15T14:15:00+05:30,2446.1,2462,2445.9,2457.9,131250
2024-07-15T15:15:00+05:30,2458.95,2461.75,2455.65,2460,55300
2024-07-16T09:15:00+05:30,2457.15,2468.45,2445.65,2458.5,134750
2024-07-16T10:15:00+05:30,2458.25,2467.8,2455.05,2461,80150
2024-07-16T11:15:00+05:30,2460.3,2467.9,2455.55,2461.85,45150
2024-07-16T12:15:00+05:30,2461,2473.35,2459.8,2469.95,92050
2024-07-16T13:15:00+05:30,2470.05,2481.4,2464.85,2470,185150
2024-07-16T14:15:00+05:30,2470,2475,2463.35,2466.6,91350
2024-07-16T15:15:00+05:30,2465.6,2467,2458.55,2464.4,74200
2024-07-18T09:15:00+05:30,2459.8,2465.8,2404.55,2440,415800
2024-07-18T10:15:00+05:30,2440.1,2440.1,2408.35,2409.4,177450
2024-07-18T11:15:00+05:30,2408,2416.1,2396,2407.4,190400
2024-07-18T12:15:00+05:30,2407.4,2409.95,2388.25,2396.65,184800
2024-07-18T13:15:00+05:30,2397,2408.1,2392.7,2398.35,141400
2024-07-18T14:15:00+05:30,2399.15,2414,2394.45,2411.05,308700
2024-07-18T15:15:00+05:30,2411.95,2422.05,2411.95,2421.8,146300
2024-07-19T09:15:00+05:30,2417.7,2418.4,2382.8,2385.8,225750
2024-07-19T10:15:00+05:30,2384.15,2400,2372.35,2382.85,232400
2024-07-19T11:15:00+05:30,2380.8,2398,2373.1,2397.2,153650
2024-07-19T12:15:00+05:30,2397.2,2402,2384,2386.6,143150
2024-07-19T13:15:00+05:30,2386.55,2403.45,2375.85,2398,156800
2024-07-19T14:15:00+05:30,2398,2405.25,2392.1,2404.05,306950
2024-07-19T15:15:00+05:30,2403.9,2405.55,2397.95,2402.4,150850
2024-07-22T09:15:00+05:30,2402.4,2440.65,2368.4,2436.5,644700
2024-07-22T10:15:00+05:30,2436.5,2443.45,2428.8,2434,249200
2024-07-22T11:15:00+05:30,2434,2434,2407.7,2407.7,328300
2024-07-22T12:15:00+05:30,2407.7,2409.55,2394.95,2401.1,294000
2024-07-22T13:15:00+05:30,2401.1,2424.75,2401.1,2422.4,391300
2024-07-22T14:15:00+05:30,2422.4,2429.9,2418,2419.05,375200
2024-07-22T15:15:00+05:30,2418.5,2421.4,2415.4,2421.2,88200
2024-07-23T09:15:00+05:30,2443.8,2443.8,2405.8,2409.7,425250
2024-07-23T10:15:00+05:30,2409.7,2441.55,2403.85,2440,271600
2024-07-23T11:15:00+05:30,2440,2465.55,2424.65,2460.3,478100
2024-07-23T12:15:00+05:30,2460.3,2460.3,2342.4,2437,791000
2024-07-23T13:15:00+05:30,2437,2471.05,2419,2468,566650
2024-07-23T14:15:00+05:30,2468,2489.35,2462.05,2469.6,701400
2024-07-23T15:15:00+05:30,2470,2474.1,2467.2,2472.8,151200
2024-07-24T09:15:00+05:30,2472.85,2479.8,2443.95,2445.7,96250
2024-07-24T15:15:00+05:30,2447.75,2447.75,2446.15,2446.15,6650
2024-07-25T09:15:00+05:30,2426.25,2451.1,2426.25,2448.45,297500
2024-07-25T10:15:00+05:30,2446,2471.5,2440,2467.5,373800
2024-07-25T11:15:00+05:30,2468.5,2476.25,2460,2463.75,335650
2024-07-25T12:15:00+05:30,2463.75,2469.85,2459,2466.1,269500
2024-07-25T13:15:00+05:30,2465,2471.2,2460.15,2465.1,296100
2024-07-25T14:15:00+05:30,2464.4,2468.3,2458.6,2463.25,348600
2024-07-25T15:15:00+05:30,2463.15,2469,2459.55,2459.55,158900
2024-07-26T09:15:00+05:30,2455.5,2539.85,2455.45,2530,1031450
2024-07-26T10:15:00+05:30,2529.5,2545,2516,2520,409500
2024-07-26T11:15:00+05:30,2521,2527.7,2517.1,2519,94850
2024-07-26T12:15:00+05:30,2518.55,2523.5,2513.05,2522.35,106050
2024-07-26T13:15:00+05:30,2521.4,2521.95,2509,2517.1,141750
2024-07-26T14:15:00+05:30,2518.4,2530.75,2517.05,2528.2,499450
2024-07-26T15:15:00+05:30,2528.25,2528.25,2521.75,2527,126000
2024-07-29T09:15:00+05:30,2532,2555,2490.6,2490.6,509600
2024-07-29T10:15:00+05:30,2492,2502.5,2487.05,2499.5,236950
2024-07-29T11:15:00+05:30,2500,2508.6,2497,2497,114800
2024-07-29T12:15:00+05:30,2497,2498.6,2483,2498.35,117950
2024-07-29T13:15:00+05:30,2496.1,2507.9,2496.1,2499.85,79100
2024-07-29T14:15:00+05:30,2500.4,2504,2496.45,2501.6,118650
2024-07-29T15:15:00+05:30,2502,2504.7,2501.65,2504.7,62650
2024-07-30T09:15:00+05:30,2491.8,2519,2489.15,2515.25,274750
2024-07-30T10:15:00+05:30,2516.35,2519.1,2508,2515,128450
2024-07-30T11:15:00+05:30,2513.65,2528.85,2509.75,2509.75,246750
2024-07-30T12:15:00+05:30,2509.8,2520,2509.8,2512.1,107100
2024-07-30T13:15:00+05:30,2512,2519.9,2505.8,2514.15,89600
2024-07-30T14:15:00+05:30,2514.35,2522.45,2512.45,2513.25,130900
2024-07-30T15:15:00+05:30,2512.2,2515.45,2512.2,2513.5,53550
2024-07-31T09:15:00+05:30,2505.25,2568,2505.25,2563.9,803950
2024-07-31T10:15:00+05:30,2563.3,2569.6,2553.55,2566,511700
2024-07-31T11:15:00+05:30,2565,2574.9,2562.75,2568.5,264600
2024-07-31T12:15:00+05:30,2567.5,2568.65,2557,2560.9,144550
2024-07-31T13:15:00+05:30,2560.9,2568.6,2550,2550.8,198450
2024-07-31T14:15:00+05:30,2551,2558.15,2543.15,2544.35,206850
2024-07-31T15:15:00+05:30,2544.35,2555,2543.6,2555,103600
2024-08-01T09:15:00+05:30,2552.95,2607.4,2532,2602.3,1070300
2024-08-01T10:15:00+05:30,2604,2612.5,2593.65,2602.7,879900
2024-08-01T11:15:00+05:30,2602.6,2609.9,2578.6,2597,534800
2024-08-01T12:15:00+05:30,2597,2609.25,2594.5,2603.3,523600
2024-08-01T13:15:00+05:30,2603.3,2604.3,2588.9,2590.55,330750
2024-08-01T14:15:00+05:30,2591.1,2606.9,2575.5,2593.95,683900
2024-08-01T15:15:00+05:30,2593.85,2601.05,2579.15,2585.85,373450
2024-08-02T09:15:00+05:30,2575.45,2582.1,2532.8,2577.25,541800
2024-08-02T10:15:00+05:30,2575.25,2590.75,2575,2578.85,208600
2024-08-02T11:15:00+05:30,2578.85,2581.9,2570.05,2571.7,170800
2024-08-02T12:15:00+05:30,2574.95,2577.25,2570.25,2572.5,154700
2024-08-02T13:15:00+05:30,2572.5,2594.2,2562.5,2576.2,378000
2024-08-02T14:15:00+05:30,2578.1,2583.65,2569.7,2575,198100
2024-08-02T15:15:00+05:30,2574.9,2576.05,2570,2575,80500
2024-08-05T09:15:00+05:30,2545.2,2563.45,2512.25,2526.9,615300
2024-08-05T10:15:00+05:30,2525.55,2533.85,2472.3,2484.6,602700
2024-08-05T11:15:00+05:30,2482.95,2501,2469.55,2477.15,420000
2024-08-05T12:15:00+05:30,2477.25,2486.05,2470.45,2480.7,266000
2024-08-05T13:15:00+05:30,2480.95,2503.7,2465,2496.9,225400
2024-08-05T14:15:00+05:30,2496.05,2519.9,2484.9,2495,311850
2024-08-05T15:15:00+05:30,2496.55,2500.85,2491.7,2491.7,72450
2024-08-06T09:15:00+05:30,2511,2536.15,2506,2508.4,309400
2024-08-06T10:15:00+05:30,2510.85,2515.55,2495.1,2508.95,190400
2024-08-06T11:15:00+05:30,2509.35,2527.3,2509.35,2519.95,77700
2024-08-06T12:15:00+05:30,2520.95,2526.2,2517.1,2521.8,191800
2024-08-06T13:15:00+05:30,2521.8,2531.85,2433.7,2449.75,1741950
2024-08-06T14:15:00+05:30,2448,2504.85,2448,2475.7,920850
2024-08-06T15:15:00+05:30,2475.45,2485.6,2470.25,2483.65,166600
2024-08-07T09:15:00+05:30,2534.65,2629.05,2534.65,2561,1816150
2024-08-07T10:15:00+05:30,2562.7,2595.75,2557.2,2585.9,584850
2024-08-07T11:15:00+05:30,2585,2586.55,2563.6,2569.35,391300
2024-08-07T12:15:00+05:30,2570,2594.45,2566,2580.65,325850
2024-08-07T13:15:00+05:30,2580.95,2585.9,2573.8,2580.95,296800
2024-08-07T14:15:00+05:30,2581.85,2590,2575.25,2589.1,372400
2024-08-07T15:15:00+05:30,2589.7,2593.95,2585.35,2590,193550
2024-08-08T09:15:00+05:30,2604.95,2604.95,2541.4,2550,327250
2024-08-08T10:15:00+05:30,2550,2565,2536,2538,176750
2024-08-08T11:15:00+05:30,2538.55,2546.1,2517,2525.8,348250
2024-08-08T12:15:00+05:30,2526.15,2562,2522.1,2537.4,281050
2024-08-08T13:15:00+05:30,2537,2549.1,2534.75,2538.7,64050
2024-08-08T14:15:00+05:30,2540.35,2545.8,2531.05,2537.8,138950
2024-08-08T15:15:00+05:30,2537.3,2541.55,2533.05,2541.55,84350
2024-08-09T09:15:00+05:30,2575.3,2583.65,2547.3,2571.8,391300
2024-08-09T10:15:00+05:30,2574,2595.95,2572.55,2588.65,235550
2024-08-09T11:15:00+05:30,2588.7,2593.95,2582.7,2587.95,116550
2024-08-09T12:15:00+05:30,2588,2593.85,2586.2,2590.1,90650
2024-08-09T13:15:00+05:30,2590.05,2601.2,2587.65,2599.65,191100
2024-08-09T14:15:00+05:30,2599.35,2600.95,2586.4,2595.3,180600
2024-08-09T15:15:00+05:30,2595.95,2598.95,2590,2590,128100
2024-08-12T09:15:00+05:30,2575.6,2581.3,2565,2573.15,187600
2024-08-12T10:15:00+05:30,2571.8,2571.8,2546.1,2555.9,178850
2024-08-12T11:15:00+05:30,2556.8,2583.9,2556.8,2581.75,111650
2024-08-12T12:15:00+05:30,2579.6,2584.5,2569.9,2572.8,152600
2024-08-12T13:15:00+05:30,2573.1,2584,2568.5,2582.3,94150
2024-08-12T14:15:00+05:30,2582.95,2587,2570.35,2580.35,305900
2024-08-12T15:15:00+05:30,2580.4,2584,2572.6,2573.25,81200
2024-08-13T09:15:00+05:30,2563.1,2623,2553,2607.65,477050
2024-08-13T10:15:00+05:30,2605.35,2630.65,2590.7,2626.4,393050
2024-08-13T11:15:00+05:30,2626.25,2650,2623.55,2642.6,611100
2024-08-13T12:15:00+05:30,2641.25,2647.45,2630,2631.35,328300
2024-08-13T13:15:00+05:30,2632,2656.75,2630.5,2638.35,477750
2024-08-13T14:15:00+05:30,2639.25,2642.3,2631,2634.25,310800
2024-08-13T15:15:00+05:30,2633,2644.15,2630.2,2640.65,165900
2024-08-14T09:15:00+05:30,2650.05,2656.3,2617.9,2622.75,464800
2024-08-14T10:15:00+05:30,2622.75,2641.9,2618,2620.7,260400
2024-08-14T11:15:00+05:30,2622.25,2629.95,2602.05,2614.65,347550
2024-08-14T12:15:00+05:30,2614,2618,2605,2606,121800
2024-08-14T13:15:00+05:30,2606.3,2614.5,2602,2612.9,157150
2024-08-14T14:15:00+05:30,2613.1,2614.35,2602.65,2606.7,215600
2024-08-14T15:15:00+05:30,2606.75,2608.35,2602.5,2605.5,197400
2024-08-16T09:15:00+05:30,2617.85,2621.9,2595.05,2602.5,348950
2024-08-16T10:15:00+05:30,2602.05,2602.6,2574,2592.7,269850
2024-08-16T11:15:00+05:30,2591.65,2609,2582.85,2604.1,126350
2024-08-16T12:15:00+05:30,2603.5,2605.8,2594.05,2599.3,101500
2024-08-16T13:15:00+05:30,2599.85,2606.2,2597.3,2604.85,100450
2024-08-16T14:15:00+05:30,2604.85,2610,2597.05,2608.8,271600
2024-08-16T15:15:00+05:30,2608.25,2615.7,2607.45,2614.95,166250
2024-08-19T09:15:00+05:30,2616.95,2629,2604.1,2609.6,276500
2024-08-19T10:15:00+05:30,2607.85,2608.7,2593.1,2596.15,143850
2024-08-19T11:15:00+05:30,2596.55,2616.9,2595.95,2611.45,101500
2024-08-19T12:15:00+05:30,2611.4,2619.15,2609.1,2615.65,64400
2024-08-19T13:15:00+05:30,2616.7,2617.95,2610,2615.05,44100
2024-08-19T14:15:00+05:30,2615.55,2620.35,2610.15,2613.6,92400
2024-08-19T15:15:00+05:30,2614.3,2619.6,2613.5,2618,54250
2024-08-20T09:15:00+05:30,2610.05,2649.95,2610,2649.95,249900
2024-08-20T10:15:00+05:30,2649.95,2650,2636.65,2637.65,166950
2024-08-20T11:15:00+05:30,2638.95,2642.6,2634,2634.45,68250
2024-08-20T12:15:00+05:30,2633.55,2642.35,2633.55,2638.3,52500
2024-08-20T13:15:00+05:30,2638.6,2649.35,2637.15,2641,105350
2024-08-20T14:15:00+05:30,2641.05,2645.8,2638.3,2642.9,143500
2024-08-20T15:15:00+05:30,2643.5,2646.5,2640.15,2640.15,84350
2024-08-21T09:15:00+05:30,2631,2634.6,2604.2,2617.25,225050
2024-08-21T10:15:00+05:30,2618.2,2630,2616,2623.5,70700
2024-08-21T11:15:00+05:30,2626.3,2630,2623.35,2628.9,46200
2024-08-21T12:15:00+05:30,2627.2,2628.95,2625.05,2628.6,39200
2024-08-21T13:15:00+05:30,2628.9,2635,2626.7,2632.05,94500
2024-08-21T14:15:00+05:30,2631.95,2640.4,2631.25,2638.6,116200
2024-08-21T15:15:00+05:30,2638.7,2639.75,2635.2,2635.2,77350
2024-08-22T09:15:00+05:30,2653.75,2673.95,2635.05,2673.95,336700
2024-08-22T10:15:00+05:30,2674,2680,2666,2676.75,177450
2024-08-22T11:15:00+05:30,2676,2688.65,2666.75,2686.4,210350
2024-08-22T12:15:00+05:30,2686.85,2722.15,2685,2698.75,500150
2024-08-22T13:15:00+05:30,2699,2709.1,2693.5,2708.8,133700
2024-08-22T14:15:00+05:30,2708.15,2713.3,2701.35,2705.8,221550
2024-08-22T15:15:00+05:30,2706.85,2707.9,2702.2,2704,112000
2024-08-23T09:15:00+05:30,2755,2819.85,2750,2797.95,2261700
2024-08-23T10:15:00+05:30,2798,2798,2777.1,2794.05,430500
2024-08-23T11:15:00+05:30,2794.05,2806.3,2790.5,2803.5,402150
2024-08-23T12:15:00+05:30,2803.85,2810.9,2795.5,2799.05,328300
2024-08-23T13:15:00+05:30,2798.1,2800.95,2787.75,2791.75,208950
2024-08-23T14:15:00+05:30,2792.35,2793.6,2767.95,2771.15,425250
2024-08-23T15:15:00+05:30,2771.2,2773.05,2766.9,2770.5,222950
2024-08-26T09:15:00+05:30,2785.25,2791.55,2746.1,2785.8,551600
2024-08-26T10:15:00+05:30,2784.6,2789.9,2771.4,2776.45,579250
2024-08-26T11:15:00+05:30,2776.45,2780.3,2771.6,2774.9,387100
2024-08-26T12:15:00+05:30,2774.9,2780.5,2758,2759.15,345100
2024-08-26T13:15:00+05:30,2758.2,2780.15,2758.2,2779.2,292250
2024-08-26T14:15:00+05:30,2778.95,2785.75,2776.8,2785.3,348600
2024-08-26T15:15:00+05:30,2785.3,2785.3,2775.8,2779.35,177450
2024-08-27T09:15:00+05:30,2791.75,2791.75,2751.95,2756.2,489300
2024-08-27T10:15:00+05:30,2756.2,2763.2,2753.8,2758.1,375200
2024-08-27T11:15:00+05:30,2758.1,2764.2,2754.5,2759.85,224000
2024-08-27T12:15:00+05:30,2759.85,2762,2751.15,2751.45,262850
2024-08-27T13:15:00+05:30,2751.45,2761.3,2751.45,2755.15,416500
2024-08-27T14:15:00+05:30,2755.15,2756.35,2727.15,2751,472850
2024-08-27T15:15:00+05:30,2750.95,2750.95,2740,2746.75,72800
2024-08-28T09:15:00+05:30,2749.6,2760,2725,2726.55,329000
2024-08-28T10:15:00+05:30,2727,2736,2718.95,2734.9,339500
2024-08-28T11:15:00+05:30,2734.9,2746,2734.9,2738.15,224000
2024-08-28T12:15:00+05:30,2738.15,2744.25,2736.45,2740,235550
2024-08-28T13:15:00+05:30,2740,2744.65,2736.5,2736.5,222600
2024-08-28T14:15:00+05:30,2736.5,2743.65,2733.25,2733.25,203000
2024-08-28T15:15:00+05:30,2733.25,2741.75,2729.85,2737.1,88550
2024-08-29T09:15:00+05:30,2754.6,2779.4,2751.9,2758.55,559650
2024-08-29T10:15:00+05:30,2758.55,2760.2,2745.9,2751.15,380800
2024-08-29T11:15:00+05:30,2751.15,2752.8,2739.05,2739.1,400050
2024-08-29T12:15:00+05:30,2740,2756,2738.05,2749.5,264950
2024-08-29T13:15:00+05:30,2749.4,2754.1,2741.8,2747.65,291900
2024-08-29T14:15:00+05:30,2746.85,2774.8,2741,2761.65,388150
2024-08-29T15:15:00+05:30,2760.7,2781.4,2760.7,2781.4,284900
2024-08-30T09:15:00+05:30,2783.85,2802.6,2773.35,2788.3,691250
2024-08-30T10:15:00+05:30,2787.15,2797.15,2783.3,2785,245350
2024-08-30T11:15:00+05:30,2784.4,2790.2,2783.15,2788,141050
2024-08-30T12:15:00+05:30,2787.9,2791,2782.3,2784.75,157500
2024-08-30T13:15:00+05:30,2784.75,2787.3,2777,2784.6,155400
2024-08-30T14:15:00+05:30,2789.8,2831.95,2786.7,2829.25,876750
2024-08-30T15:15:00+05:30,2829.45,2830,2822.55,2828.1,338450
2024-09-02T09:15:00+05:30,2850,2874.95,2805.45,2814.1,1070650
2024-09-02T10:15:00+05:30,2813.45,2817,2801,2811.1,275800
2024-09-02T11:15:00+05:30,2811,2812,2797,2799.95,182700
2024-09-02T12:15:00+05:30,2801.7,2813,2800,2804.35,174300
2024-09-02T13:15:00+05:30,2804.4,2811.95,2801.75,2803.65,126350
2024-09-02T14:15:00+05:30,2804.3,2810,2799.1,2807.5,280350
2024-09-02T15:15:00+05:30,2808.2,2810.75,2806.15,2806.9,146300
2024-09-03T09:15:00+05:30,2816.95,2816.95,2792.8,2812,367850
2024-09-03T10:15:00+05:30,2811.7,2816.5,2804.65,2806.95,205800
2024-09-03T11:15:00+05:30,2805.8,2814.95,2805.65,2811.05,179900
2024-09-03T12:15:00+05:30,2810.4,2812,2801.7,2806.3,111300
2024-09-03T13:15:00+05:30,2806.3,2809.85,2802.9,2807.9,113400
2024-09-03T14:15:00+05:30,2807.9,2809.2,2796.6,2796.8,183400
2024-09-03T15:15:00+05:30,2797.5,2800.9,2796.05,2799.2,121100
2024-09-04T09:15:00+05:30,2798.05,2800,2749.95,2790.05,224350
2024-09-04T10:15:00+05:30,2788.6,2789.4,2770,2771.15,176050
2024-09-04T11:15:00+05:30,2771.75,2772.85,2764,2770,115150
2024-09-04T12:15:00+05:30,2770.25,2775,2767,2770.9,69300
2024-09-04T13:15:00+05:30,2770.9,2787,2770.9,2784,128800
2024-09-04T14:15:00+05:30,2783.1,2795.9,2781.6,2795.9,125300
2024-09-04T15:15:00+05:30,2795.45,2795.45,2784.45,2790,99400
2024-09-05T09:15:00+05:30,2795,2795.55,2782.4,2788.55,113750
2024-09-05T10:15:00+05:30,2789.5,2794.3,2774.8,2787.65,110250
2024-09-05T11:15:00+05:30,2787.75,2790.5,2780.9,2786.4,46200
2024-09-05T12:15:00+05:30,2786.9,2817.8,2785,2797,336000
2024-09-05T13:15:00+05:30,2797.85,2800.75,2785,2787,172900
2024-09-05T14:15:00+05:30,2786,2789.05,2767.2,2769.95,201250
2024-09-05T15:15:00+05:30,2769.65,2770.7,2763,2763,92400
2024-09-06T09:15:00+05:30,2763,2789.25,2740.05,2747.8,749700
2024-09-06T10:15:00+05:30,2747,2770,2738,2762.7,181300
2024-09-06T11:15:00+05:30,2764,2770.25,2763.8,2766.3,126000
2024-09-06T12:15:00+05:30,2767.6,2769.45,2755.55,2762.45,99750
2024-09-06T13:15:00+05:30,2762,2767.25,2752.65,2756.8,86800
2024-09-06T14:15:00+05:30,2756.9,2759.7,2746,2753.55,180250
2024-09-06T15:15:00+05:30,2753.65,2763.5,2753.15,2759.4,99050
2024-09-09T09:15:00+05:30,2757,2760.6,2724.15,2734.75,339500
2024-09-09T10:15:00+05:30,2734.75,2758.5,2728.55,2757.15,115850
2024-09-09T11:15:00+05:30,2755.3,2758.5,2740.7,2742.65,102200
2024-09-09T12:15:00+05:30,2740.9,2747.7,2737,2744.95,78050
2024-09-09T13:15:00+05:30,2745.85,2755.5,2744.75,2747.3,52500
2024-09-09T14:15:00+05:30,2750.3,2774.9,2748.95,2768.85,221900
2024-09-09T15:15:00+05:30,2768.85,2772.45,2768.05,2769.65,75600
2024-09-10T09:15:00+05:30,2763.9,2792.95,2728,2767.2,214900
2024-09-10T10:15:00+05:30,2768.8,2771.4,2757,2762.9,121450
2024-09-10T11:15:00+05:30,2762.85,2768.05,2758.85,2758.85,52850
2024-09-10T12:15:00+05:30,2758.05,2773,2754.5,2770,78050
2024-09-10T13:15:00+05:30,2770.3,2776.3,2767.8,2773.75,62650
2024-09-10T14:15:00+05:30,2773.75,2773.95,2754,2760.3,151550
2024-09-10T15:15:00+05:30,2760.6,2767.95,2760.1,2761.05,93800
2024-09-11T09:15:00+05:30,2752.6,2767,2732.35,2764.4,249900
2024-09-11T10:15:00+05:30,2767,2780,2762.45,2775,122500
2024-09-11T11:15:00+05:30,2773.15,2790,2772.05,2773.5,148050
2024-09-11T12:15:00+05:30,2774.5,2788,2773.75,2782.05,71400
2024-09-11T13:15:00+05:30,2782.1,2783.75,2758.6,2759.15,103250
2024-09-11T14:15:00+05:30,2759,2773.5,2751,2767.05,186900
2024-09-11T15:15:00+05:30,2767.7,2771.2,2764.6,2768.9,107450
2024-09-12T09:15:00+05:30,2791.8,2807.15,2775.3,2805.35,350000
2024-09-12T10:15:00+05:30,2806,2812.6,2791,2801.25,298200
2024-09-12T11:15:00+05:30,2802,2810.5,2794,2798.35,165200
2024-09-12T12:15:00+05:30,2800.75,2818.65,2797.2,2809.95,231350
2024-09-12T13:15:00+05:30,2809.95,2819.85,2804.3,2815.8,164500
2024-09-12T14:15:00+05:30,2816.25,2834.65,2815.45,2828.85,441000
2024-09-12T15:15:00+05:30,2828.95,2831.7,2823.55,2826.55,115850
2024-09-13T09:15:00+05:30,2827.8,2840.9,2823.8,2832.4,267750
2024-09-13T10:15:00+05:30,2833,2849,2830,2836.15,242900
2024-09-13T11:15:00+05:30,2837,2838.55,2827.25,2835.8,152250
2024-09-13T12:15:00+05:30,2837.25,2841.5,2833.75,2838.8,151900
2024-09-13T13:15:00+05:30,2838.35,2841,2834.2,2837,81550
2024-09-13T14:15:00+05:30,2837,2842.9,2829.1,2833,136150
2024-09-13T15:15:00+05:30,2832.85,2836.05,2831,2832.25,69650
2024-09-16T09:15:00+05:30,2832.25,2841.25,2815.25,2834.15,200900
2024-09-16T10:15:00+05:30,2836.9,2840,2825,2830.05,77700
2024-09-16T11:15:00+05:30,2831.4,2833.85,2817.05,2818.05,109550
2024-09-16T12:15:00+05:30,2818,2824.55,2813.3,2817.15,149800
2024-09-16T13:15:00+05:30,2815.9,2831.5,2814.1,2828.15,99050
2024-09-16T14:15:00+05:30,2827.95,2847.6,2823.25,2842.2,198800
2024-09-16T15:15:00+05:30,2842.2,2852.6,2842.2,2849.65,146300
2024-09-17T09:15:00+05:30,2847.05,2854.95,2792.05,2795.35,486150
2024-09-17T10:15:00+05:30,2795.25,2811.5,2792.5,2808.8,266700
2024-09-17T11:15:00+05:30,2809.25,2820.5,2808.5,2808.8,147000
2024-09-17T12:15:00+05:30,2808.25,2819.3,2805,2815.3,92750
2024-09-17T13:15:00+05:30,2814.5,2822,2812.5,2819.4,113750
2024-09-17T14:15:00+05:30,2819.25,2831,2817,2829.15,300300
2024-09-17T15:15:00+05:30,2829.15,2830.9,2821,2828.5,92400
2024-09-18T09:15:00+05:30,2823.5,2842,2810.1,2831,369600
2024-09-18T10:15:00+05:30,2831.9,2840,2816.2,2819,143500
2024-09-18T11:15:00+05:30,2817.3,2822,2807.7,2816.65,92750
2024-09-18T12:15:00+05:30,2815.05,2821.9,2797.1,2797.1,98000
2024-09-18T13:15:00+05:30,2797,2797.85,2778.35,2784.8,177800
2024-09-18T14:15:00+05:30,2785.25,2794,2780.55,2792,90650
2024-09-18T15:15:00+05:30,2792,2793.95,2784.35,2785,66500
2024-09-19T09:15:00+05:30,2785,2818.5,2785,2792.95,261800
2024-09-19T10:15:00+05:30,2792.85,2803.3,2783,2789,131950
2024-09-19T11:15:00+05:30,2788.05,2788.05,2757.4,2767.15,232400
2024-09-19T12:15:00+05:30,2766.45,2780.7,2751,2753.8,192500
2024-09-19T13:15:00+05:30,2751,2763.15,2736.1,2738.5,210000
2024-09-19T14:15:00+05:30,2739.65,2776,2738.2,2774.95,236600
2024-09-19T15:15:00+05:30,2774.1,2783.35,2771,2778,114100
2024-09-20T09:15:00+05:30,2770,2801,2755.95,2787.95,342650
2024-09-20T10:15:00+05:30,2788.45,2809,2786.65,2801.3,304850
2024-09-20T11:15:00+05:30,2800.4,2815.6,2796,2815.5,221200
2024-09-20T12:15:00+05:30,2815,2816.75,2804.35,2804.35,186200
2024-09-20T13:15:00+05:30,2804.35,2815.1,2797,2807.75,152950
2024-09-20T14:15:00+05:30,2807.75,2817.5,2804.25,2816.15,364350
2024-09-20T15:15:00+05:30,2816.3,2828,2816,2823.45,221550
2024-09-23T09:15:00+05:30,2831.1,2881.1,2812.65,2820,899850
2024-09-23T10:15:00+05:30,2820,2835.1,2817.65,2828,389200
2024-09-23T11:15:00+05:30,2829.45,2840.95,2824,2839.5,317100
2024-09-23T12:15:00+05:30,2839.5,2851,2839.3,2847.7,326900
2024-09-23T13:15:00+05:30,2847.7,2853,2845.05,2846.9,226100
2024-09-23T14:15:00+05:30,2846.9,2849.5,2838,2845.2,304850
2024-09-23T15:15:00+05:30,2845.35,2850.6,2841.15,2845.05,142800
2024-09-24T09:15:00+05:30,2837,2873.1,2832.3,2868.45,620200
2024-09-24T10:15:00+05:30,2868.45,2883.45,2863.6,2871.2,618800
2024-09-24T11:15:00+05:30,2869.1,2873.6,2857.55,2871,498050
2024-09-24T12:15:00+05:30,2871,2871.55,2849,2858,412300
2024-09-24T13:15:00+05:30,2858.25,2862.9,2854.15,2860.55,315350
2024-09-24T14:15:00+05:30,2860.1,2865.4,2855.5,2864.4,363300
2024-09-24T15:15:00+05:30,2865.2,2870,2861.85,2862.75,131600
2024-09-25T09:15:00+05:30,2874.55,2891.85,2857.05,2861.5,552300
2024-09-25T10:15:00+05:30,2860.8,2862.6,2841.85,2854.1,618450
2024-09-25T11:15:00+05:30,2854.1,2873.75,2846.2,2846.2,697200
2024-09-25T12:15:00+05:30,2846.2,2852.4,2843.3,2843.4,579250
2024-09-25T13:15:00+05:30,2843.3,2858.35,2842.1,2850.35,729750
2024-09-25T14:15:00+05:30,2850.35,2869.15,2850.25,2867,427700
2024-09-25T15:15:00+05:30,2867,2868,2854.15,2860,118650
2024-09-26T09:15:00+05:30,2884.65,2891.65,2853.95,2872.1,330400
2024-09-26T10:15:00+05:30,2872.1,2885,2868.55,2871.2,256200
2024-09-26T11:15:00+05:30,2871.2,2880.2,2865,2877,357700
2024-09-26T12:15:00+05:30,2877,2885.85,2874.7,2878,264250
2024-09-26T13:15:00+05:30,2878,2905,2877.45,2900.65,464450
2024-09-26T14:15:00+05:30,2900.65,2925.4,2900.65,2915.85,805350
2024-09-26T15:15:00+05:30,2914.3,2919,2900,2913,311500
2024-09-27T09:15:00+05:30,2896.45,2928.5,2891,2910,340200
2024-09-27T10:15:00+05:30,2910.8,2915.8,2903.8,2911.7,100800
2024-09-27T11:15:00+05:30,2911.15,2919,2907.75,2917.8,122500
2024-09-27T12:15:00+05:30,2916.55,2924,2913.9,2919.3,62650
2024-09-27T13:15:00+05:30,2920.4,2941.5,2912.75,2937.35,225750
2024-09-27T14:15:00+05:30,2937.8,2976.35,2930.85,2974.3,738150
2024-09-27T15:15:00+05:30,2974.85,2976.15,2953.6,2958.85,337050
2024-09-30T09:15:00+05:30,2951.7,2951.75,2876.2,2907.05,852600
2024-09-30T10:15:00+05:30,2907.05,2908.6,2867.5,2880.9,327950
2024-09-30T11:15:00+05:30,2877.65,2885.9,2873.4,2875.4,239400
2024-09-30T12:15:00+05:30,2875.6,2883.2,2859.3,2862.8,250950
2024-09-30T13:15:00+05:30,2863,2866.05,2831.2,2832.3,395150
2024-09-30T14:15:00+05:30,2833.05,2863.55,2824.9,2863.05,743750
2024-09-30T15:15:00+05:30,2863.2,2875.5,2863,2868,319200
2024-10-01T09:15:00+05:30,2889.2,2889.2,2862.6,2865,432600
2024-10-01T10:15:00+05:30,2864.15,2864.15,2833.45,2838.25,245700
2024-10-01T11:15:00+05:30,2839.7,2864,2839.7,2856.6,130200
2024-10-01T12:15:00+05:30,2857,2861.05,2840.2,2841.65,78750
2024-10-01T13:15:00+05:30,2844.95,2884.2,2844.95,2860.6,808150
2024-10-01T14:15:00+05:30,2859.5,2863,2845.95,2857.05,225750
2024-10-01T15:15:00+05:30,2858.15,2868.45,2857.5,2866.95,141050
2024-10-03T09:15:00+05:30,2784.3,2823.5,2762.45,2821.1,809900
2024-10-03T10:15:00+05:30,2821.1,2823,2776.45,2783.25,322700
2024-10-03T11:15:00+05:30,2783,2792.35,2780,2788.1,354900
2024-10-03T12:15:00+05:30,2788.05,2792.8,2757.3,2757.3,272300
2024-10-03T13:15:00+05:30,2759.2,2759.55,2740.5,2751,218050
2024-10-03T14:15:00+05:30,2753.85,2756.4,2740.55,2749.45,214550
2024-10-03T15:15:00+05:30,2749.15,2750.45,2742.8,2750,124600
2024-10-04T09:15:00+05:30,2755,2769,2712,2749.1,527450
2024-10-04T10:15:00+05:30,2750,2755,2736.05,2739.65,159250
2024-10-04T11:15:00+05:30,2738.5,2752,2733,2745,195300
2024-10-04T12:15:00+05:30,2744.05,2745,2704.55,2709.2,255500
2024-10-04T13:15:00+05:30,2711.55,2711.55,2685.1,2697.25,350000
2024-10-04T14:15:00+05:30,2694.45,2712.8,2679,2702,481250
2024-10-04T15:15:00+05:30,2701.5,2711.35,2697.75,2705.15,170800
2024-10-07T09:15:00+05:30,2718.65,2726.4,2670.05,2681.85,441350
2024-10-07T10:15:00+05:30,2681.85,2683.85,2643.05,2665.5,379400
2024-10-07T11:15:00+05:30,2667.9,2683.9,2665.55,2677,170100
2024-10-07T12:15:00+05:30,2679.95,2680.65,2652.3,2653.65,111650
2024-10-07T13:15:00+05:30,2656.1,2669.6,2650.95,2655.6,173950
2024-10-07T14:15:00+05:30,2653.4,2655,2635.95,2644.3,321650
2024-10-07T15:15:00+05:30,2645.3,2654.9,2645.3,2647,107800
2024-10-08T09:15:00+05:30,2649.1,2684.75,2642.7,2670,394450
2024-10-08T10:15:00+05:30,2669.2,2695,2665.35,2692.15,267750
2024-10-08T11:15:00+05:30,2691.35,2730,2687.65,2710.5,457800
2024-10-08T12:15:00+05:30,2715.75,2745,2709.05,2743.4,315000
2024-10-08T13:15:00+05:30,2740,2752.95,2729.2,2752.95,193550
2024-10-08T14:15:00+05:30,2753,2756.95,2727.5,2751.9,420700
2024-10-08T15:15:00+05:30,2751.2,2757.9,2749.6,2753.55,239400
2024-10-09T09:15:00+05:30,2755.15,2794.7,2736.95,2782.9,512750
2024-10-09T10:15:00+05:30,2782,2809.25,2777.7,2807.55,349300
2024-10-09T11:15:00+05:30,2808.35,2813.2,2778.2,2797.1,224000
2024-10-09T12:15:00+05:30,2797.55,2807,2789.9,2803.65,109550
2024-10-09T13:15:00+05:30,2800.65,2808.6,2790.05,2802.7,106400
2024-10-09T14:15:00+05:30,2803.45,2804.9,2786.7,2792.35,212800
2024-10-09T15:15:00+05:30,2792.5,2794.4,2780,2784.4,212100
2024-10-10T09:15:00+05:30,2783.05,2835.6,2775.05,2831.55,425250
2024-10-10T10:15:00+05:30,2834.25,2839.7,2818.1,2820,392000
2024-10-10T11:15:00+05:30,2821.9,2837.15,2815,2835.05,236950
2024-10-10T12:15:00+05:30,2830.05,2833.15,2799.65,2805.55,138950
2024-10-10T13:15:00+05:30,2805.4,2816.65,2800,2810,134400
2024-10-10T14:15:00+05:30,2810.05,2813.9,2801.25,2807.55,101500
2024-10-10T15:15:00+05:30,2806,2806.4,2797.2,2802.1,120050
2024-10-11T09:15:00+05:30,2793.35,2802.75,2782.2,2794,132650
2024-10-11T10:15:00+05:30,2794.75,2796.8,2780.05,2791,129150
2024-10-11T11:15:00+05:30,2791,2802,2787.65,2802,44800
2024-10-11T12:15:00+05:30,2802,2807.4,2798.15,2805.3,46900
2024-10-11T13:15:00+05:30,2806,2806.8,2799,2800.8,42700
2024-10-11T14:15:00+05:30,2801.5,2805,2795.35,2803.3,199850
2024-10-11T15:15:00+05:30,2804.3,2814.25,2803.3,2808.9,100800
2024-10-14T09:15:00+05:30,2806,2838.95,2801.8,2829.35,291200
2024-10-14T10:15:00+05:30,2829.3,2836.1,2802.5,2809.1,213150
2024-10-14T11:15:00+05:30,2809.75,2818.2,2809.75,2817.95,101500
2024-10-14T12:15:00+05:30,2817,2817.85,2806,2815,110600
2024-10-14T13:15:00+05:30,2814,2836.45,2814,2836.45,142800
2024-10-14T14:15:00+05:30,2837.85,2852.4,2828.55,2836.2,388850
2024-10-14T15:15:00+05:30,2836.45,2841.4,2835,2841,80850
2024-10-15T09:15:00+05:30,2842.55,2854.85,2816.5,2816.5,274050
2024-10-15T10:15:00+05:30,2816.4,2839.3,2812.55,2838,139650
2024-10-15T11:15:00+05:30,2838.25,2844,2833.5,2843.1,100450
2024-10-15T12:15:00+05:30,2843.2,2847.6,2831.15,2832.55,79800
2024-10-15T13:15:00+05:30,2832.15,2849.35,2831.4,2839.35,157150
2024-10-15T14:15:00+05:30,2839.05,2851,2833.55,2838.45,187950
2024-10-15T15:15:00+05:30,2838.15,2840.2,2835.05,2836,64400
2024-10-16T09:15:00+05:30,2830.7,2837.1,2813.95,2829,276500
2024-10-16T10:15:00+05:30,2827.05,2829.3,2803.25,2804,271250
2024-10-16T11:15:00+05:30,2805,2805,2788,2790.4,210700
2024-10-16T12:15:00+05:30,2791.5,2796,2776.8,2784.35,146650
2024-10-16T13:15:00+05:30,2785.85,2786.95,2763.55,2786.45,159250
2024-10-16T14:15:00+05:30,2786.2,2795,2781.95,2790.5,132300
2024-10-16T15:15:00+05:30,2791.6,2791.6,2772,2776.95,205800
2024-10-17T09:15:00+05:30,2745.7,2757.8,2606.25,2630.35,2428650
2024-10-17T10:15:00+05:30,2629.8,2675.75,2618.9,2657.6,1069600
2024-10-17T11:15:00+05:30,2658,2679.6,2647.35,2668.3,313950
2024-10-17T12:15:00+05:30,2670.95,2732.25,2665.5,2711.3,625100
2024-10-17T13:15:00+05:30,2712.45,2712.45,2682.4,2683.5,372400
2024-10-17T14:15:00+05:30,2683.45,2703.05,2680,2690.65,350700
2024-10-17T15:15:00+05:30,2692.65,2697.1,2684.6,2687.95,223650
2024-10-18T09:15:00+05:30,2676.35,2739.85,2640.8,2730,673750
2024-10-18T10:15:00+05:30,2729.95,2765,2724.45,2759.2,371000
2024-10-18T11:15:00+05:30,2756.2,2758,2727.05,2741.1,174300
2024-10-18T12:15:00+05:30,2742.85,2745.4,2726.65,2726.65,95200
2024-10-18T13:15:00+05:30,2727.55,2740.95,2726.9,2736.85,86800
2024-10-18T14:15:00+05:30,2736.8,2738.55,2722.55,2724.45,140000
2024-10-18T15:15:00+05:30,2723.5,2734.8,2722.8,2731,77350
2024-10-21T09:15:00+05:30,2727.05,2728.25,2676.25,2712,372400
2024-10-21T10:15:00+05:30,2709.9,2766,2709.35,2761.7,566650
2024-10-21T11:15:00+05:30,2761.9,2763.5,2725.3,2726.5,174300
2024-10-21T12:15:00+05:30,2723.1,2749.55,2723.1,2737.3,186200
2024-10-21T13:15:00+05:30,2738.5,2761,2734.65,2749.35,206500
2024-10-21T14:15:00+05:30,2750.1,2756.15,2737.4,2741.5,154350
2024-10-21T15:15:00+05:30,2742.35,2756.25,2740.15,2753.7,177450
2024-10-22T09:15:00+05:30,2758.4,2758.4,2715.2,2716.25,318150
2024-10-22T10:15:00+05:30,2718.05,2731.05,2704.05,2723.55,167650
2024-10-22T11:15:00+05:30,2724.35,2730,2701.3,2710,152250
2024-10-22T12:15:00+05:30,2709.65,2722.7,2692,2697.1,169750
2024-10-22T13:15:00+05:30,2696,2707,2688.3,2701.65,115150
2024-10-22T14:15:00+05:30,2701,2702.05,2663.2,2664.8,324100
2024-10-22T15:15:00+05:30,2664,2678.9,2664,2671.05,126700
2024-10-23T09:15:00+05:30,2671.05,2734,2657.4,2729.2,1165850
2024-10-23T10:15:00+05:30,2727.95,2769,2727.95,2755.95,1491000
2024-10-23T11:15:00+05:30,2754,2779.9,2748.15,2755,770350
2024-10-23T12:15:00+05:30,2756.15,2769.9,2752.7,2760.8,347550
2024-10-23T13:15:00+05:30,2760,2760,2740.5,2742.95,230300
2024-10-23T14:15:00+05:30,2741.5,2751.5,2488.9,2527.9,5089700
2024-10-23T15:15:00+05:30,2529.85,2591.05,2522.65,2587.15,2184350
2024-10-24T09:15:00+05:30,2631,2652.45,2491.65,2547.7,3658900
2024-10-24T10:15:00+05:30,2547.95,2552.85,2511.8,2521.3,532000
2024-10-24T11:15:00+05:30,2521,2538,2509.6,2525.75,323750
2024-10-24T12:15:00+05:30,2525.75,2527.05,2488,2496.65,423850
2024-10-24T13:15:00+05:30,2494.5,2506,2486.25,2497.75,352800
2024-10-24T14:15:00+05:30,2495.65,2497.2,2482.5,2491.3,490700
2024-10-24T15:15:00+05:30,2490.85,2499.45,2484.1,2488.25,333550
2024-10-25T09:15:00+05:30,2490.95,2496.3,2402.05,2402.05,933800
2024-10-25T10:15:00+05:30,2404.1,2420.3,2380.3,2389.55,574000
2024-10-25T11:15:00+05:30,2394.15,2414.5,2385,2393.55,312200
2024-10-25T12:15:00+05:30,2393.55,2411.55,2391.65,2395.05,333200
2024-10-25T13:15:00+05:30,2394.15,2428.8,2389.7,2421.85,316400
2024-10-25T14:15:00+05:30,2419.85,2456.8,2418.9,2452.95,415800
2024-10-25T15:15:00+05:30,2452.3,2455.1,2439.4,2443.9,189350
2024-10-28T09:15:00+05:30,2441,2461.5,2414.2,2459,518000
2024-10-28T10:15:00+05:30,2457,2463.95,2432.75,2440.95,310100
2024-10-28T11:15:00+05:30,2442.3,2459.95,2441.2,2456.85,263550
2024-10-28T12:15:00+05:30,2456.85,2476,2454.65,2466.85,341250
2024-10-28T13:15:00+05:30,2466.75,2477.75,2464.7,2472,426650
2024-10-28T14:15:00+05:30,2471.8,2482.95,2458.7,2463.95,423150
2024-10-28T15:15:00+05:30,2463.95,2466.7,2458.55,2463.3,173250
2024-10-29T09:15:00+05:30,2458.55,2472.25,2433.4,2440.55,553350
2024-10-29T10:15:00+05:30,2440.55,2440.55,2416,2421.3,521150
2024-10-29T11:15:00+05:30,2421.3,2437.65,2415,2433.15,438550
2024-10-29T12:15:00+05:30,2433.15,2442.15,2431.15,2432.75,475650
2024-10-29T13:15:00+05:30,2432.75,2444.95,2422.75,2441.8,455350
2024-10-29T14:15:00+05:30,2441.8,2456.1,2439.6,2444.45,495250
2024-10-29T15:15:00+05:30,2447.4,2451.15,2444.4,2451.15,149800
2024-10-30T09:15:00+05:30,2451.15,2498,2432.75,2468.7,618450
2024-10-30T10:15:00+05:30,2468.7,2481.3,2460.6,2479.1,443800
2024-10-30T11:15:00+05:30,2479.1,2481.35,2466.8,2471.5,339150
2024-10-30T12:15:00+05:30,2471.5,2492.8,2465.9,2482,319550
2024-10-30T13:15:00+05:30,2482,2482,2465.65,2465.65,429450
2024-10-30T14:15:00+05:30,2465.75,2477.3,2460.05,2461.2,723800
2024-10-30T15:15:00+05:30,2461.2,2468.7,2455,2459.85,77700
2024-10-31T09:15:00+05:30,2458.6,2489.75,2458.6,2486.45,526750
2024-10-31T10:15:00+05:30,2485,2500,2480.3,2494.95,521850
2024-10-31T11:15:00+05:30,2494.95,2503.45,2490.7,2492.2,402850
2024-10-31T12:15:00+05:30,2490.65,2500.95,2482.5,2486,566300
2024-10-31T13:15:00+05:30,2487.85,2495,2485.25,2488.5,325150
2024-10-31T14:15:00+05:30,2488.45,2508,2476.85,2508,460600
2024-10-31T15:15:00+05:30,2508.2,2510,2496.05,2498.95,189000
2024-11-01T18:00:00+05:30,2520,2575,2503.6,2516,283500
2024-11-04T09:15:00+05:30,2522,2525,2440.35,2453.15,501200
2024-11-04T10:15:00+05:30,2451.15,2462,2421.25,2428,206150
2024-11-04T11:15:00+05:30,2427.65,2442.75,2419.25,2427.2,128450
2024-11-04T12:15:00+05:30,2427,2429.35,2410.65,2422.25,247100
2024-11-04T13:15:00+05:30,2421.45,2440.5,2414.2,2437.1,150500
2024-11-04T14:15:00+05:30,2437.1,2441.65,2419.75,2423.2,203700
2024-11-04T15:15:00+05:30,2424,2429,2422.55,2424.05,99400
2024-11-05T09:15:00+05:30,2425.1,2464.95,2410.1,2441,343350
2024-11-05T10:15:00+05:30,2440,2454.9,2434.55,2451,143850
2024-11-05T11:15:00+05:30,2451.4,2455,2430.6,2437,147000
2024-11-05T12:15:00+05:30,2437,2442.3,2431.3,2436.7,56000
2024-11-05T13:15:00+05:30,2438,2460.45,2432.9,2457.75,143500
2024-11-05T14:15:00+05:30,2458.3,2473.6,2455.85,2467.2,187250
2024-11-05T15:15:00+05:30,2466.6,2477,2463.3,2474,124250
2024-11-06T09:15:00+05:30,2489.75,2520,2473.25,2510,509950
2024-11-06T10:15:00+05:30,2509.65,2510.85,2493.55,2500,184450
2024-11-06T11:15:00+05:30,2499.45,2506.4,2494,2494.25,185500
2024-11-06T12:15:00+05:30,2495.25,2499.45,2482,2494,125650
2024-11-06T13:15:00+05:30,2495.35,2498,2483.25,2486,124600
2024-11-06T14:15:00+05:30,2486,2507.75,2485.35,2500,377650
2024-11-06T15:15:00+05:30,2501.7,2502.4,2496.6,2501.95,95900
2024-11-07T09:15:00+05:30,2487.1,2511.7,2456.6,2462.1,262150
2024-11-07T10:15:00+05:30,2464.1,2477.1,2455.65,2475.85,136150
2024-11-07T11:15:00+05:30,2475.15,2484.95,2473.05,2476.3,91350
2024-11-07T12:15:00+05:30,2477,2492.8,2477,2485.45,88200
2024-11-07T13:15:00+05:30,2484.8,2494.5,2472.8,2491.1,130900
2024-11-07T14:15:00+05:30,2491.05,2491.6,2479.5,2485.65,295050
2024-11-07T15:15:00+05:30,2486.45,2486.45,2472.45,2479.95,100100
2024-11-08T09:15:00+05:30,2473.1,2499,2455.7,2490,178150
2024-11-08T10:15:00+05:30,2488.85,2495.5,2482,2487.2,99050
2024-11-08T11:15:00+05:30,2487,2488.3,2469,2480,116900
2024-11-08T12:15:00+05:30,2481,2492.95,2477.65,2487.2,117600
2024-11-08T13:15:00+05:30,2485.75,2490.7,2482.3,2483.45,61600
2024-11-08T14:15:00+05:30,2482.5,2489.4,2478.15,2479.4,97300
2024-11-08T15:15:00+05:30,2479.65,2479.9,2469.05,2474.85,92750
2024-11-11T09:15:00+05:30,2461.25,2498,2446.6,2482.2,261450
2024-11-11T10:15:00+05:30,2482.3,2498.05,2476.3,2496.3,86800
2024-11-11T11:15:00+05:30,2499,2504.25,2485.05,2487.45,100450
2024-11-11T12:15:00+05:30,2486.65,2486.65,2478.1,2479.85,76300
2024-11-11T13:15:00+05:30,2478.95,2480.25,2464.15,2465.85,96250
2024-11-11T14:15:00+05:30,2463.9,2477.8,2461.05,2469,115500
2024-11-11T15:15:00+05:30,2468.65,2477.15,2468.3,2472.15,44450
2024-11-12T09:15:00+05:30,2480.5,2492.25,2456.15,2461.15,138950
2024-11-12T10:15:00+05:30,2462.45,2470,2453.85,2458.65,77700
2024-11-12T11:15:00+05:30,2457.8,2481.1,2456,2475.65,107800
2024-11-12T12:15:00+05:30,2476.85,2482.45,2468,2472,121800
2024-11-12T13:15:00+05:30,2469.75,2475.05,2460,2461.7,137200
2024-11-12T14:15:00+05:30,2463.45,2473.75,2443,2445,178150
2024-11-12T15:15:00+05:30,2442.55,2448.05,2440,2440,162400
2024-11-13T09:15:00+05:30,2420.5,2436.3,2391.1,2401.75,547750
2024-11-13T10:15:00+05:30,2401,2421.15,2395,2400.2,226800
2024-11-13T11:15:00+05:30,2400.35,2403,2373.6,2375.2,289450
2024-11-13T12:15:00+05:30,2375.2,2390.05,2373.7,2385.6,195300
2024-11-13T13:15:00+05:30,2382.85,2399.3,2377.8,2387.45,86800
2024-11-13T14:15:00+05:30,2387.45,2390.8,2366.05,2384.45,251300
2024-11-13T15:15:00+05:30,2385.7,2396.3,2385.7,2395.3,82950
2024-11-14T09:15:00+05:30,2390.85,2410,2366,2403.35,242200
2024-11-14T10:15:00+05:30,2404.65,2421,2401.45,2402.45,156100
2024-11-14T11:15:00+05:30,2402.5,2416,2401.65,2411.75,61600
2024-11-14T12:15:00+05:30,2414.75,2414.75,2402.8,2407.8,70000
2024-11-14T13:15:00+05:30,2408.15,2413.35,2396.55,2402.75,69300
2024-11-14T14:15:00+05:30,2403.35,2407.15,2395.1,2401.55,89950
2024-11-14T15:15:00+05:30,2402.4,2406.9,2399,2405.05,46550
2024-11-18T09:15:00+05:30,2396,2428.5,2396,2420,268450
2024-11-18T10:15:00+05:30,2418.5,2422.15,2408,2419.9,67900
2024-11-18T11:15:00+05:30,2418.4,2435.9,2418.1,2435,187600
2024-11-18T12:15:00+05:30,2436,2444.5,2429.35,2431.4,151200
2024-11-18T13:15:00+05:30,2431.4,2436,2420.6,2426.15,139300
2024-11-18T14:15:00+05:30,2426.25,2426.3,2411.55,2417.45,118300
2024-11-18T15:15:00+05:30,2418.45,2423.1,2415.15,2415.15,65800
2024-11-19T09:15:00+05:30,2415.15,2453,2415.15,2447.75,226450
2024-11-19T10:15:00+05:30,2449.55,2459.55,2443,2452.8,197400
2024-11-19T11:15:00+05:30,2456.4,2473.4,2456.4,2466.35,203700
2024-11-19T12:15:00+05:30,2467.5,2471.95,2462.7,2462.95,105000
2024-11-19T13:15:00+05:30,2463.65,2473.6,2454.35,2461,168700
2024-11-19T14:15:00+05:30,2462.45,2467.4,2425.4,2427.9,271950
2024-11-19T15:15:00+05:30,2427.25,2433,2424.15,2426.95,65800
2024-11-21T09:15:00+05:30,2449.9,2449.9,2393.8,2417,431550
2024-11-21T10:15:00+05:30,2412.3,2427.55,2412.3,2426.05,85400
2024-11-21T11:15:00+05:30,2425.5,2427.95,2410.05,2415.05,118650
2024-11-21T12:15:00+05:30,2415,2419.9,2402.1,2403.75,88200
2024-11-21T13:15:00+05:30,2403.75,2415,2401.1,2402.1,100100
2024-11-21T14:15:00+05:30,2402.1,2404.4,2384.85,2393.7,193200
2024-11-21T15:15:00+05:30,2394.35,2402.45,2394.35,2396.1,72800
2024-11-22T09:15:00+05:30,2395.1,2403.05,2364.95,2386,286650
2024-11-22T10:15:00+05:30,2386.9,2389,2368.45,2389,197050
2024-11-22T11:15:00+05:30,2388.3,2407.7,2370.85,2402.95,303800
2024-11-22T12:15:00+05:30,2404.15,2417,2401.95,2412.25,231350
2024-11-22T13:15:00+05:30,2412.5,2429.9,2408,2427.15,154700
2024-11-22T14:15:00+05:30,2426.1,2429.4,2416.15,2418.6,126700
2024-11-22T15:15:00+05:30,2419.3,2420,2413.35,2417.85,81900
2024-11-25T09:15:00+05:30,2444,2474.75,2444,2462.7,518000
2024-11-25T10:15:00+05:30,2462.7,2488.8,2462.7,2482.8,741650
2024-11-25T11:15:00+05:30,2482.8,2486.9,2467,2471.9,460950
2024-11-25T12:15:00+05:30,2471.9,2480.55,2461.2,2476.7,439250
2024-11-25T13:15:00+05:30,2476.7,2480.85,2466.85,2474.35,362250
2024-11-25T14:15:00+05:30,2475.15,2479,2451,2463.9,688100
2024-11-25T15:15:00+05:30,2464,2466.7,2463.2,2465.9,147000
2024-11-26T09:15:00+05:30,2450.2,2461.15,2409.95,2425.75,1313200
2024-11-26T10:15:00+05:30,2425.75,2438.2,2416.2,2434.1,562100
2024-11-26T11:15:00+05:30,2434.1,2434.1,2417.35,2423.4,392000
2024-11-26T12:15:00+05:30,2423.4,2434.35,2421.05,2433,365400
2024-11-26T13:15:00+05:30,2433,2435.25,2425.5,2427,351050
2024-11-26T14:15:00+05:30,2427,2435.15,2422.25,2422.9,385700
2024-11-26T15:15:00+05:30,2423.8,2425.05,2421,2422.6,101150
2024-11-27T09:15:00+05:30,2422.6,2439.75,2407.6,2426.15,469350
2024-11-27T10:15:00+05:30,2426.15,2432.95,2417.6,2425.25,447300
2024-11-27T11:15:00+05:30,2425.25,2427.9,2418.1,2423.45,307300
2024-11-27T12:15:00+05:30,2423.25,2438.75,2423.25,2433.45,412300
2024-11-27T13:15:00+05:30,2433.45,2437.9,2424.9,2425,464100
2024-11-27T14:15:00+05:30,2425,2435.7,2422.55,2435,380450
2024-11-27T15:15:00+05:30,2434.3,2435.95,2427.3,2432.05,103600
2024-11-28T09:15:00+05:30,2459,2472.15,2438,2466.5,455700
2024-11-28T10:15:00+05:30,2464.6,2473.9,2447,2450.8,279650
2024-11-28T11:15:00+05:30,2451,2460.5,2444.55,2448.2,298550
2024-11-28T12:15:00+05:30,2447.75,2450.3,2426.5,2429.7,651700
2024-11-28T13:15:00+05:30,2429.7,2442,2424.75,2433.3,422800
2024-11-28T14:15:00+05:30,2433.3,2434.25,2418.6,2424.5,665700
2024-11-28T15:15:00+05:30,2424,2432.15,2422.35,2428.95,86800
2024-11-29T09:15:00+05:30,2408.45,2453,2408.45,2446.6,222950
2024-11-29T10:15:00+05:30,2447.35,2455.3,2440,2446.5,147700
2024-11-29T11:15:00+05:30,2448,2458.25,2443,2443.4,162050
2024-11-29T12:15:00+05:30,2443,2445.75,2437.05,2445.25,55300
2024-11-29T13:15:00+05:30,2445.25,2452.45,2441.7,2443.4,54600
2024-11-29T14:15:00+05:30,2442.2,2459,2442,2448.4,262500
2024-11-29T15:15:00+05:30,2448.35,2453.7,2447.7,2451.6,133700
2024-12-02T09:15:00+05:30,2459.4,2491.2,2459.35,2478.1,956200
2024-12-02T10:15:00+05:30,2477.3,2484.75,2469.6,2473.3,248850
2024-12-02T11:15:00+05:30,2474.35,2496.6,2470.5,2493.4,325850
2024-12-02T12:15:00+05:30,2492.55,2493.4,2483.55,2485.3,148050
2024-12-02T13:15:00+05:30,2485.95,2494.95,2481.15,2492.65,115150
2024-12-02T14:15:00+05:30,2493,2505,2491.8,2503.9,340200
2024-12-02T15:15:00+05:30,2504,2504.2,2499.45,2501.5,107100
2024-12-03T09:15:00+05:30,2505.5,2571.75,2505.5,2565.6,799050
2024-12-03T10:15:00+05:30,2566.35,2580,2557,2563.85,511700
2024-12-03T11:15:00+05:30,2563.4,2564,2549.2,2554.9,215950
2024-12-03T12:15:00+05:30,2555.3,2558.05,2535,2535,224700
2024-12-03T13:15:00+05:30,2535.55,2558.55,2532.2,2554.8,226100
2024-12-03T14:15:00+05:30,2553.2,2570,2551.95,2568.45,409150
2024-12-03T15:15:00+05:30,2568.5,2568.7,2557,2560,109900
2024-12-04T09:15:00+05:30,2567.9,2571.25,2543.95,2544,249550
2024-12-04T10:15:00+05:30,2544.5,2550,2535,2549.55,182000
2024-12-04T11:15:00+05:30,2549.25,2555,2509.9,2522.9,317800
2024-12-04T12:15:00+05:30,2523.55,2532.25,2521.25,2529.35,201950
2024-12-04T13:15:00+05:30,2529.4,2536.7,2528,2534.6,112000
2024-12-04T14:15:00+05:30,2534.35,2536.7,2521.1,2522.9,145250
2024-12-04T15:15:00+05:30,2522.9,2526.9,2522,2525.3,55650
2024-12-05T09:15:00+05:30,2525.3,2530,2490.35,2496.05,248150
2024-12-05T10:15:00+05:30,2495.65,2507.9,2491.1,2498.15,101500
2024-12-05T11:15:00+05:30,2496,2504.2,2477.5,2501.2,160650
2024-12-05T12:15:00+05:30,2502.1,2519,2502.1,2511.35,172200
2024-12-05T13:15:00+05:30,2513.1,2516.25,2503.1,2512.1,67200
2024-12-05T14:15:00+05:30,2512.55,2527.6,2503,2519.7,258300
2024-12-05T15:15:00+05:30,2520.5,2522.95,2517.2,2521.55,90300
2024-12-06T09:15:00+05:30,2514.6,2545.6,2506.8,2525,519050
2024-12-06T10:15:00+05:30,2523.4,2540.55,2517.2,2532.75,226800
2024-12-06T11:15:00+05:30,2533.95,2539,2523.35,2536,203700
2024-12-06T12:15:00+05:30,2534.2,2536.65,2530.2,2530.75,81200
2024-12-06T13:15:00+05:30,2531.65,2534,2526.4,2530.1,40950
2024-12-06T14:15:00+05:30,2530.8,2533.6,2525,2531.05,95900
2024-12-06T15:15:00+05:30,2531.55,2536.15,2529.5,2529.5,116200
2024-12-09T09:15:00+05:30,2525.3,2543.1,2519.45,2521.45,172900
2024-12-09T10:15:00+05:30,2521.45,2528.9,2517.5,2520.9,87850
2024-12-09T11:15:00+05:30,2522,2526.75,2519.1,2522.15,38150
2024-12-09T12:15:00+05:30,2521.55,2522.3,2515.55,2519.4,41300
2024-12-09T13:15:00+05:30,2519.8,2519.8,2508,2508.25,74550
2024-12-09T14:15:00+05:30,2508,2508.8,2493.4,2497.9,130900
2024-12-09T15:15:00+05:30,2498,2504.9,2498,2504.9,89950
2024-12-10T09:15:00+05:30,2509.7,2517.1,2496,2506,162050
2024-12-10T10:15:00+05:30,2506,2520.3,2504.55,2520.3,56000
2024-12-10T11:15:00+05:30,2522.7,2527,2517.05,2518.1,62300
2024-12-10T12:15:00+05:30,2515,2516.25,2505,2510.8,51100
2024-12-10T13:15:00+05:30,2512,2526.6,2511.65,2524,85050
2024-12-10T14:15:00+05:30,2524.25,2527.15,2517,2522.85,159950
2024-12-10T15:15:00+05:30,2523.4,2524.65,2521,2522.7,69650
2024-12-11T09:15:00+05:30,2525.1,2539,2521.95,2534.85,194250
2024-12-11T10:15:00+05:30,2533.55,2538.55,2526.6,2531.45,114100
2024-12-11T11:15:00+05:30,2531.4,2538,2530,2534.2,47950
2024-12-11T12:15:00+05:30,2533.2,2535.55,2527.8,2529.4,53200
2024-12-11T13:15:00+05:30,2529.05,2545,2524,2541.15,104300
2024-12-11T14:15:00+05:30,2542.85,2546.7,2533.6,2538.85,156450
2024-12-11T15:15:00+05:30,2538.8,2543.75,2534.85,2542,74550
2024-12-12T09:15:00+05:30,2539,2543.6,2515.1,2515.1,165900
2024-12-12T10:15:00+05:30,2515,2519.9,2503.1,2507,121800
2024-12-12T11:15:00+05:30,2506.65,2515.85,2506,2514.9,69300
2024-12-12T12:15:00+05:30,2513.55,2520.95,2512.35,2519.85,37450
2024-12-12T13:15:00+05:30,2520,2525,2516.65,2525,105000
2024-12-12T14:15:00+05:30,2525.75,2530.25,2520.95,2530.15,115850
2024-12-12T15:15:00+05:30,2530,2531.6,2530,2530,56350
2024-12-13T09:15:00+05:30,2511.45,2526,2475.05,2484.15,345450
2024-12-13T10:15:00+05:30,2483.4,2495.95,2466.85,2490.9,170450
2024-12-13T11:15:00+05:30,2490,2514,2490,2514,161000
2024-12-13T12:15:00+05:30,2513.5,2518.7,2502,2517.35,290150
2024-12-13T13:15:00+05:30,2517.5,2533.35,2511.6,2530,173950
2024-12-13T14:15:00+05:30,2530.3,2534.55,2524.6,2527.6,87150
2024-12-13T15:15:00+05:30,2528.1,2533.5,2526.5,2532.05,44800
2024-12-16T09:15:00+05:30,2528.4,2541.75,2520,2535.75,120050
2024-12-16T10:15:00+05:30,2535.5,2535.5,2521.05,2523,96600
2024-12-16T11:15:00+05:30,2524.35,2531.95,2518.95,2518.95,81900
2024-12-16T12:15:00+05:30,2516.2,2526.25,2514.15,2520.35,66500
2024-12-16T13:15:00+05:30,2519.15,2528.15,2519.15,2524.75,52850
2024-12-16T14:15:00+05:30,2524.65,2537,2523.6,2537,145950
2024-12-16T15:15:00+05:30,2537.25,2539.15,2533.2,2536.25,69650
2024-12-17T09:15:00+05:30,2523.25,2528.7,2497,2501.9,290500
2024-12-17T10:15:00+05:30,2499.5,2508.15,2487.5,2501,236250
2024-12-17T11:15:00+05:30,2501.35,2504.7,2473.35,2475.8,148400
2024-12-17T12:15:00+05:30,2475.6,2489.05,2470.2,2486.95,118300
2024-12-17T13:15:00+05:30,2486.15,2486.8,2463.85,2467.95,256200
2024-12-17T14:15:00+05:30,2467,2470.4,2455.35,2465.95,248500
2024-12-17T15:15:00+05:30,2467,2467.75,2445,2446,249200
2024-12-18T09:15:00+05:30,2444.95,2471.85,2438.2,2462.3,366800
2024-12-18T10:15:00+05:30,2460.35,2485.2,2460,2470.6,243600
2024-12-18T11:15:00+05:30,2470.65,2485.85,2470.1,2482.5,160650
2024-12-18T12:15:00+05:30,2484,2486.5,2475.15,2478.7,121800
2024-12-18T13:15:00+05:30,2478.65,2484.15,2473.25,2473.7,98000
2024-12-18T14:15:00+05:30,2474.6,2489.85,2473.5,2478.2,263550
2024-12-18T15:15:00+05:30,2477.55,2484.9,2477.55,2481.15,101150
2024-12-19T09:15:00+05:30,2402.55,2458.25,2402.55,2439.5,259700
2024-12-19T10:15:00+05:30,2441.3,2466.55,2437.45,2462.25,142100
2024-12-19T11:15:00+05:30,2463.45,2472.65,2463.45,2468.55,104300
2024-12-19T12:15:00+05:30,2468.55,2469.6,2453,2454.4,91350
2024-12-19T13:15:00+05:30,2453.9,2460,2443.5,2455.8,168350
2024-12-19T14:15:00+05:30,2456,2467,2455.25,2461.05,240800
2024-12-19T15:15:00+05:30,2461.4,2462,2453.7,2453.7,111650
2024-12-20T09:15:00+05:30,2462,2467.95,2442.2,2446.05,315350
2024-12-20T10:15:00+05:30,2445.25,2468.5,2443.05,2464.45,284550
2024-12-20T11:15:00+05:30,2464.45,2464.55,2453.65,2459,252000
2024-12-20T12:15:00+05:30,2456.9,2458.55,2417.8,2421.65,284200
2024-12-20T13:15:00+05:30,2421.25,2432.4,2413.55,2416.7,255150
2024-12-20T14:15:00+05:30,2417.25,2420.4,2386.1,2387,447300
2024-12-20T15:15:00+05:30,2388.5,2395.2,2381,2389.15,285250
2024-12-23T09:15:00+05:30,2389.15,2413.5,2382.55,2407.45,779450
2024-12-23T10:15:00+05:30,2407.45,2418.8,2404.4,2417.25,502250
2024-12-23T11:15:00+05:30,2417.55,2423,2398,2401.55,550900
2024-12-23T12:15:00+05:30,2400.55,2407.55,2393.4,2394.75,429450
2024-12-23T13:15:00+05:30,2394.75,2403,2386,2391.15,390600
2024-12-23T14:15:00+05:30,2391.15,2394,2384.45,2391.95,424550
2024-12-23T15:15:00+05:30,2391.95,2392.05,2382.2,2382.2,126350
2024-12-24T09:15:00+05:30,2382.2,2403.4,2373.4,2400,538650
2024-12-24T10:15:00+05:30,2400,2414.95,2398.55,2411.65,382900
2024-12-24T11:15:00+05:30,2411.65,2428.7,2411.55,2425.5,473550
2024-12-24T12:15:00+05:30,2425.5,2432.9,2420,2421.85,326550
2024-12-24T13:15:00+05:30,2421.85,2428,2406.9,2423.3,254450
2024-12-24T14:15:00+05:30,2424.15,2436.55,2419.7,2428.2,343000
2024-12-24T15:15:00+05:30,2428.2,2429.95,2425.5,2426.15,60200
2024-12-26T09:15:00+05:30,2446.65,2461.6,2438,2445.5,365400
2024-12-26T10:15:00+05:30,2444.75,2451.7,2435.9,2449.9,622650
2024-12-26T11:15:00+05:30,2451.4,2463.55,2446.5,2457,367850
2024-12-26T12:15:00+05:30,2457,2468.25,2452.3,2460.35,296800
2024-12-26T13:15:00+05:30,2460.35,2462.8,2441.1,2447.1,471100
2024-12-26T14:15:00+05:30,2446.15,2456.9,2441.75,2454.3,463400
2024-12-26T15:15:00+05:30,2455.2,2465,2449.6,2463,119700
2024-12-27T09:15:00+05:30,2450.05,2498.55,2450.05,2497.05,393050
2024-12-27T10:15:00+05:30,2497.95,2508,2474.25,2474.6,198100
2024-12-27T11:15:00+05:30,2474.85,2477.75,2453.55,2453.55,128100
2024-12-27T12:15:00+05:30,2452.85,2457.1,2444.3,2448.05,108850
2024-12-27T13:15:00+05:30,2447.2,2464,2443.9,2458.6,94150
2024-12-27T14:15:00+05:30,2459.05,2459.05,2435.5,2439.7,176750
2024-12-27T15:15:00+05:30,2438.65,2441.1,2437.15,2441.1,101850
2024-12-30T09:15:00+05:30,2449.15,2449.15,2393.2,2404.05,354550
2024-12-30T10:15:00+05:30,2405.15,2408.55,2387,2395.1,164500
2024-12-30T11:15:00+05:30,2395.55,2416.95,2395.1,2403.65,147700
2024-12-30T12:15:00+05:30,2401.95,2402.3,2388.55,2401.05,190400
2024-12-30T13:15:00+05:30,2401.05,2402.7,2387,2389.35,99050
2024-12-30T14:15:00+05:30,2388.25,2398.7,2367.65,2375.35,694050
2024-12-30T15:15:00+05:30,2373.95,2396.5,2362.05,2388,545650
2024-12-31T09:15:00+05:30,2369.8,2389.3,2360.9,2363.2,272650
2024-12-31T10:15:00+05:30,2365.15,2374.9,2360.75,2370.85,135800
2024-12-31T11:15:00+05:30,2370.05,2377,2364.5,2372.7,113050
2024-12-31T12:15:00+05:30,2372.8,2384.75,2372.8,2383.3,61600
2024-12-31T13:15:00+05:30,2384,2392.65,2382.55,2387.75,108150
2024-12-31T14:15:00+05:30,2387.85,2388.95,2380.85,2386.8,86450
2024-12-31T15:15:00+05:30,2386.35,2389.25,2385.15,2389.25,61600
2025-01-01T09:15:00+05:30,2380.05,2383.4,2365.55,2377.2,133700
2025-01-01T10:15:00+05:30,2376.85,2396.9,2364.55,2392.4,111300
2025-01-01T11:15:00+05:30,2394.85,2396.75,2388.25,2395.9,38150
2025-01-01T12:15:00+05:30,2396.4,2403,2392,2396.4,47600
2025-01-01T13:15:00+05:30,2397,2412.15,2390,2409.15,187950
2025-01-01T14:15:00+05:30,2409.4,2432.8,2409.4,2418.4,315700
2025-01-01T15:15:00+05:30,2418.5,2421.05,2411.7,2417,107800
2025-01-02T09:15:00+05:30,2420,2450,2418.6,2443.05,391650
2025-01-02T10:15:00+05:30,2443.05,2481.95,2438.15,2467.85,464100
2025-01-02T11:15:00+05:30,2467.5,2506,2456.8,2493.35,472150
2025-01-02T12:15:00+05:30,2493.55,2511.8,2492.15,2507.2,281050
2025-01-02T13:15:00+05:30,2507.55,2509.45,2425.9,2501,1446900
2025-01-02T14:15:00+05:30,2500.65,2522.9,2495.05,2517.75,533400
2025-01-02T15:15:00+05:30,2516.6,2523.8,2516,2523.8,182000
2025-01-03T09:15:00+05:30,2531.75,2531.75,2495.15,2496,315350
2025-01-03T10:15:00+05:30,2495.25,2500.4,2482.05,2499.4,215250
2025-01-03T11:15:00+05:30,2500.9,2516,2496.4,2502,186900
2025-01-03T12:15:00+05:30,2501.35,2501.35,2490.85,2493.9,82950
2025-01-03T13:15:00+05:30,2494.05,2501.35,2491.75,2495.5,67550
2025-01-03T14:15:00+05:30,2495.7,2504,2491.35,2499.85,151200
2025-01-03T15:15:00+05:30,2499.65,2501.4,2491.1,2493.85,90650
2025-01-06T09:15:00+05:30,2470.3,2508.3,2470.3,2496.05,222600
2025-01-06T10:15:00+05:30,2497,2500.15,2450.5,2456.95,186550
2025-01-06T11:15:00+05:30,2454.25,2464,2441.95,2460.3,143850
2025-01-06T12:15:00+05:30,2459.9,2461.15,2444.65,2446.7,147700
2025-01-06T13:15:00+05:30,2446,2448.05,2433.6,2441,115850
2025-01-06T14:15:00+05:30,2440.05,2441.4,2419.15,2423.85,202300
2025-01-06T15:15:00+05:30,2424.55,2430,2412.95,2416.85,102550
2025-01-07T09:15:00+05:30,2420,2456.1,2408,2421.65,302750
2025-01-07T10:15:00+05:30,2423.75,2425.2,2407.1,2415.9,184800
2025-01-07T11:15:00+05:30,2415.65,2424.2,2404.3,2405.85,106750
2025-01-07T12:15:00+05:30,2405,2405.4,2396.05,2396.8,94500
2025-01-07T13:15:00+05:30,2396.3,2412,2396.1,2406.8,123200
2025-01-07T14:15:00+05:30,2408.95,2409.8,2395,2397.35,150850
2025-01-07T15:15:00+05:30,2397.3,2397.45,2378.5,2385,161700
2025-01-08T09:15:00+05:30,2395.4,2401.6,2379.05,2386.9,237650
2025-01-08T10:15:00+05:30,2388,2392.7,2378,2382.6,82600
2025-01-08T11:15:00+05:30,2380.8,2380.85,2364,2373.4,174650
2025-01-08T12:15:00+05:30,2372.95,2377.25,2356.95,2360.6,116550
2025-01-08T13:15:00+05:30,2359.15,2390.05,2355.7,2388.3,193550
2025-01-08T14:15:00+05:30,2388.7,2394.65,2369.1,2376.4,215600
2025-01-08T15:15:00+05:30,2376.4,2377,2368.6,2371.7,85400
2025-01-09T09:15:00+05:30,2408.9,2408.9,2325.75,2345,362950
2025-01-09T10:15:00+05:30,2342.5,2351.4,2327.4,2337.4,274050
2025-01-09T11:15:00+05:30,2337.6,2340.8,2322.75,2337.05,194600
2025-01-09T12:15:00+05:30,2337,2344,2330.6,2332.45,142800
2025-01-09T13:15:00+05:30,2332.4,2339.9,2328.6,2331.05,182000
2025-01-09T14:15:00+05:30,2330.65,2344.05,2330,2337.4,192500
2025-01-09T15:15:00+05:30,2338.45,2344.3,2334.85,2343.55,72800
2025-01-10T09:15:00+05:30,2317.95,2341.75,2291.85,2307.8,331100
2025-01-10T10:15:00+05:30,2308.15,2321.05,2295.2,2321.05,149100
2025-01-10T11:15:00+05:30,2323.2,2324.85,2302.25,2310.75,101500
2025-01-10T12:15:00+05:30,2312.45,2321.1,2301.35,2306.8,83650
2025-01-10T13:15:00+05:30,2306.7,2310.5,2286.65,2286.65,127050
2025-01-10T14:15:00+05:30,2286.15,2295.75,2283.5,2290.3,184100
2025-01-10T15:15:00+05:30,2291.8,2298.5,2290.6,2297.2,149800
2025-01-13T09:15:00+05:30,2294.3,2297.25,2232.65,2235.9,521500
2025-01-13T10:15:00+05:30,2239.5,2250.75,2220,2227.9,222250
2025-01-13T11:15:00+05:30,2227.9,2235.4,2222,2223.25,252700
2025-01-13T12:15:00+05:30,2221.45,2224.8,2207.5,2212.65,266000
2025-01-13T13:15:00+05:30,2214.1,2214.1,2197.65,2201.7,147350
2025-01-13T14:15:00+05:30,2201.85,2204.8,2181.15,2186.15,367850
2025-01-13T15:15:00+05:30,2186.2,2191.4,2183.25,2189,128450
2025-01-14T09:15:00+05:30,2217.15,2241.9,2200,2230.75,330750
2025-01-14T10:15:00+05:30,2229.8,2273.75,2226.9,2265.55,335650
2025-01-14T11:15:00+05:30,2262.05,2262.05,2234.9,2239.4,164500
2025-01-14T12:15:00+05:30,2239.65,2246.75,2235.15,2241.75,88200
2025-01-14T13:15:00+05:30,2241.75,2246.75,2235.85,2245.55,190400
2025-01-14T14:15:00+05:30,2246.05,2252,2241.75,2246.05,167300
2025-01-14T15:15:00+05:30,2245,2250.05,2241.3,2242.7,124600
2025-01-15T09:15:00+05:30,2275.8,2275.8,2238.6,2250.7,532350
2025-01-15T10:15:00+05:30,2252.05,2270.55,2250.45,2259.2,174650
2025-01-15T11:15:00+05:30,2261.1,2264.25,2252.95,2258.05,165900
2025-01-15T12:15:00+05:30,2258.2,2265,2248.9,2250.5,158900
2025-01-15T13:15:00+05:30,2249.65,2250.8,2235,2245.25,189000
2025-01-15T14:15:00+05:30,2244.5,2266.4,2243.8,2258.9,711900
2025-01-15T15:15:00+05:30,2258.45,2260.05,2255.3,2259,77700
2025-01-16T09:15:00+05:30,2270.25,2312.4,2270.25,2308.65,541800
2025-01-16T10:15:00+05:30,2310,2316,2285.4,2288,212100
2025-01-16T11:15:00+05:30,2286.3,2302.4,2286.3,2291.85,136500
2025-01-16T12:15:00+05:30,2292.35,2292.35,2280.5,2280.5,157850
2025-01-16T13:15:00+05:30,2280.15,2293.1,2278.05,2291.5,134400
2025-01-16T14:15:00+05:30,2289.65,2294.9,2284,2286.8,169750
2025-01-16T15:15:00+05:30,2286.4,2290.75,2284.5,2290.75,76300
2025-01-17T09:15:00+05:30,2277.1,2294.3,2263,2292.1,183400
2025-01-17T10:15:00+05:30,2291.55,2303.6,2281,2283.15,257950
2025-01-17T11:15:00+05:30,2283.75,2308.9,2281.3,2307,111650
2025-01-17T12:15:00+05:30,2308.2,2315.2,2304.75,2306.85,90300
2025-01-17T13:15:00+05:30,2307.35,2308,2298.6,2305.5,92050
2025-01-17T14:15:00+05:30,2304.75,2312,2303.9,2306.2,119700
2025-01-17T15:15:00+05:30,2306.35,2308.05,2301.15,2306,60200
2025-01-20T09:15:00+05:30,2309.95,2310.65,2252.3,2255.75,317100
2025-01-20T10:15:00+05:30,2256,2294.1,2256,2294.1,399000
2025-01-20T11:15:00+05:30,2293.85,2312.95,2292.7,2308.7,154350
2025-01-20T12:15:00+05:30,2307.5,2315,2302.5,2310.55,98350
2025-01-20T13:15:00+05:30,2313.25,2314.85,2306,2307.15,59850
2025-01-20T14:15:00+05:30,2311,2313.25,2299.35,2299.65,149800
2025-01-20T15:15:00+05:30,2300.1,2300.55,2296.35,2297.95,71750
2025-01-21T09:15:00+05:30,2309.9,2330.8,2300,2317.7,407050
2025-01-21T10:15:00+05:30,2316.3,2317.8,2301.35,2309.1,267050
2025-01-21T11:15:00+05:30,2308.8,2333.15,2300.9,2310,156800
2025-01-21T12:15:00+05:30,2307.55,2319.15,2299.7,2314,107100
2025-01-21T13:15:00+05:30,2313.1,2320.3,2303.2,2305.75,95900
2025-01-21T14:15:00+05:30,2304.3,2306.45,2285,2291.85,182000
2025-01-21T15:15:00+05:30,2293.25,2295.75,2290.15,2292.5,79100
2025-01-22T09:15:00+05:30,2292.4,2310.9,2288.55,2290.35,143850
2025-01-22T10:15:00+05:30,2292.5,2301,2290,2292.1,49700
2025-01-22T11:15:00+05:30,2292.15,2297.95,2282.45,2288.9,95550
2025-01-22T12:15:00+05:30,2282.15,2288.05,2260.8,2275.3,267750
2025-01-22T13:15:00+05:30,2275.25,2275.25,2247.3,2261.35,168700
2025-01-22T14:15:00+05:30,2261.55,2282.35,2260.1,2278.55,166950
2025-01-22T15:15:00+05:30,2278.85,2278.85,2272.1,2273.95,87500
2025-01-23T09:15:00+05:30,2263.1,2303.45,2252,2290.15,217000
2025-01-23T10:15:00+05:30,2290.95,2301.35,2288.55,2292.6,120400
2025-01-23T11:15:00+05:30,2291.85,2298.15,2282.6,2296.6,78050
2025-01-23T12:15:00+05:30,2296.6,2305,2294.7,2301.7,73850
2025-01-23T13:15:00+05:30,2300.6,2306.95,2297.7,2304.25,61600
2025-01-23T14:15:00+05:30,2304.65,2306.2,2296,2301.4,126350
2025-01-23T15:15:00+05:30,2301.45,2301.45,2296,2296.7,45500
2025-01-24T09:15:00+05:30,2292.15,2307.9,2266.9,2275,191800
2025-01-24T10:15:00+05:30,2273.65,2283.45,2263.7,2280.1,116200
2025-01-24T11:15:00+05:30,2280.25,2291.05,2275.2,2279.3,88200
2025-01-24T12:15:00+05:30,2279.3,2281.35,2266.75,2274.15,59850
2025-01-24T13:15:00+05:30,2274.4,2278.95,2267,2267.7,75950
2025-01-24T14:15:00+05:30,2266.85,2272.75,2257.75,2266.65,175350
2025-01-24T15:15:00+05:30,2267.35,2272.95,2266.2,2272.25,103950
2025-01-27T09:15:00+05:30,2272.25,2272.25,2241.45,2248.95,728350
2025-01-27T10:15:00+05:30,2248.35,2249.1,2231.15,2240.3,788200
2025-01-27T11:15:00+05:30,2239.9,2251.3,2229.55,2240.9,501200
2025-01-27T12:15:00+05:30,2239.85,2251.95,2236.05,2240.5,460600
2025-01-27T13:15:00+05:30,2240.5,2246.15,2236.05,2238.15,382200
2025-01-27T14:15:00+05:30,2238.15,2243.2,2219,2234.9,431900
2025-01-27T15:15:00+05:30,2234.7,2238.7,2234,2237.75,100450
2025-01-28T09:15:00+05:30,2247.4,2259,2214.6,2220.2,980000
2025-01-28T10:15:00+05:30,2220.25,2239.75,2216.8,2235.5,735700
2025-01-28T11:15:00+05:30,2235.5,2291.9,2230.15,2285,917350
2025-01-28T12:15:00+05:30,2285,2310.75,2260.2,2260.2,1214850
2025-01-28T13:15:00+05:30,2260.05,2365.85,2257.65,2361.3,2046100
2025-01-28T14:15:00+05:30,2361.3,2373.1,2328.3,2334.8,907900
2025-01-28T15:15:00+05:30,2334.8,2346.25,2334,2343.5,194250
2025-01-29T09:15:00+05:30,2365.95,2541.25,2365.3,2508,1760150
2025-01-29T10:15:00+05:30,2508,2513,2491,2509,594650
2025-01-29T11:15:00+05:30,2509,2515.25,2494.4,2500.5,450450
2025-01-29T12:15:00+05:30,2500.5,2506.15,2495.35,2497.7,345450
2025-01-29T13:15:00+05:30,2497.7,2504.55,2492.25,2492.6,361200
2025-01-29T14:15:00+05:30,2492.6,2493.4,2453.55,2464.8,475650
2025-01-29T15:15:00+05:30,2464,2468.1,2457.2,2463,158900
2025-01-30T09:15:00+05:30,2467.55,2510.6,2452,2497.8,350000
2025-01-30T10:15:00+05:30,2502.5,2513.15,2472.95,2474.5,630700
2025-01-30T11:15:00+05:30,2474.5,2479.4,2469.2,2472.85,595700
2025-01-30T12:15:00+05:30,2471.8,2480,2465.3,2470.5,584150
2025-01-30T13:15:00+05:30,2470.5,2470.5,2453.75,2456.2,660100
2025-01-30T14:15:00+05:30,2456.95,2479.4,2453.95,2463.4,558600
2025-01-30T15:15:00+05:30,2464.7,2474,2456.6,2464,222950
2025-01-31T09:15:00+05:30,2504.05,2504.05,2455,2474.8,183750
2025-01-31T10:15:00+05:30,2474.05,2488,2470.9,2485.2,109200
2025-01-31T11:15:00+05:30,2483.05,2493.5,2478.55,2490.5,103950
2025-01-31T12:15:00+05:30,2490.7,2502.4,2489,2494.35,112000
2025-01-31T13:15:00+05:30,2496,2500.6,2475,2478.55,158900
2025-01-31T14:15:00+05:30,2478.05,2482.15,2460.85,2461.9,381150
2025-01-31T15:15:00+05:30,2462.5,2473.7,2462,2472.7,179900
2025-02-01T09:15:00+05:30,2455.1,2476.7,2450,2471.45,84350
2025-02-01T10:15:00+05:30,2471.45,2497,2471.45,2488.55,82250
2025-02-01T11:15:00+05:30,2493.25,2511.4,2452.5,2490.95,262850
2025-02-01T12:15:00+05:30,2492.2,2700,2490,2538.3,1680700
2025-02-01T13:15:00+05:30,2539.8,2585,2520,2555.5,595700
2025-02-01T14:15:00+05:30,2552.85,2580.1,2544.95,2570.1,828800
2025-02-01T15:15:00+05:30,2567.4,2569.6,2558,2563,92750
2025-02-03T09:15:00+05:30,2565.95,2645,2538.75,2642.55,1607550
2025-02-03T10:15:00+05:30,2641.5,2654,2631.35,2642.25,730450
2025-02-03T11:15:00+05:30,2641.55,2662,2641.55,2649.35,664650
2025-02-03T12:15:00+05:30,2649.4,2658.65,2637.8,2654,416500
2025-02-03T13:15:00+05:30,2654,2654.8,2635.55,2638.2,326200
2025-02-03T14:15:00+05:30,2639.2,2666.5,2635.7,2663.2,472500
2025-02-03T15:15:00+05:30,2663.3,2664.85,2651,2658.05,220500
2025-02-04T09:15:00+05:30,2659.95,2725,2656.05,2690.15,782950
2025-02-04T10:15:00+05:30,2691.4,2700.75,2668.05,2677.3,253750
2025-02-04T11:15:00+05:30,2677.85,2701.1,2676.15,2678.65,228900
2025-02-04T12:15:00+05:30,2678.7,2678.85,2652.6,2670.85,315350
2025-02-04T13:15:00+05:30,2672.1,2687,2669.05,2670.5,157850
2025-02-04T14:15:00+05:30,2670.5,2674.55,2643.7,2653.95,357000
2025-02-04T15:15:00+05:30,2652.5,2655.6,2650.2,2655,90650
2025-02-05T09:15:00+05:30,2638.7,2662.8,2620.75,2626,307650
2025-02-05T10:15:00+05:30,2628.05,2633.6,2607.35,2620.1,189350
2025-02-05T11:15:00+05:30,2619.5,2629,2613.95,2623.15,81900
2025-02-05T12:15:00+05:30,2624.1,2642.15,2621,2633.65,141750
2025-02-05T13:15:00+05:30,2634.3,2636.4,2620.4,2624.35,91000
2025-02-05T14:15:00+05:30,2623.9,2627.8,2613.45,2621.25,121450
2025-02-05T15:15:00+05:30,2622,2630.7,2619.45,2624.05,114100
2025-02-06T09:15:00+05:30,2652.85,2652.85,2596.65,2602.2,189700
2025-02-06T10:15:00+05:30,2600.3,2627.9,2598,2618.5,123550
2025-02-06T11:15:00+05:30,2619,2622.85,2607.35,2618.85,128450
2025-02-06T12:15:00+05:30,2614.5,2618.25,2606,2616.35,68250
2025-02-06T13:15:00+05:30,2615.25,2621.7,2604.9,2605.7,162750
2025-02-06T14:15:00+05:30,2605,2610,2599,2601.2,119350
2025-02-06T15:15:00+05:30,2601.1,2609.1,2601.1,2606.3,39900
2025-02-07T09:15:00+05:30,2618.85,2622.1,2594.3,2603.4,161000
2025-02-07T10:15:00+05:30,2601.6,2614.95,2582.2,2614.75,168700
2025-02-07T11:15:00+05:30,2613.75,2642,2611.6,2614.7,418600
2025-02-07T12:15:00+05:30,2615.25,2623.9,2606.9,2615.7,77700
2025-02-07T13:15:00+05:30,2616.9,2631.1,2607.55,2607.6,99050
2025-02-07T14:15:00+05:30,2607.55,2618.35,2601,2614.9,99050
2025-02-07T15:15:00+05:30,2614.95,2617.35,2607.6,2607.6,46550
2025-02-10T09:15:00+05:30,2622.25,2622.25,2570.95,2578.25,245700
2025-02-10T10:15:00+05:30,2578.9,2584.05,2563.75,2566.95,147000
2025-02-10T11:15:00+05:30,2569,2573.85,2551.7,2551.85,132650
2025-02-10T12:15:00+05:30,2552.95,2559.7,2550.3,2556.2,136500
2025-02-10T13:15:00+05:30,2555.4,2557.45,2540,2540.85,106750
2025-02-10T14:15:00+05:30,2541.65,2571.8,2541.05,2559.65,198100
2025-02-10T15:15:00+05:30,2560.75,2563.65,2557.25,2562.2,68250
2025-02-11T09:15:00+05:30,2582.55,2582.55,2534.4,2539.4,192850
2025-02-11T10:15:00+05:30,2539.05,2541.05,2519.4,2520.25,148400
2025-02-11T11:15:00+05:30,2520.85,2526.3,2505.65,2508.05,119350
2025-02-11T12:15:00+05:30,2507.75,2508.25,2483.9,2486,138950
2025-02-11T13:15:00+05:30,2487.2,2494.95,2481.05,2493.05,117600
2025-02-11T14:15:00+05:30,2492.7,2505.35,2485.8,2492.3,135800
2025-02-11T15:15:00+05:30,2492.75,2501.1,2489.9,2501.1,78050
2025-02-12T09:15:00+05:30,2487.2,2501.5,2428.65,2431.6,336700
2025-02-12T10:15:00+05:30,2431.9,2483.6,2428.95,2466.95,380100
2025-02-12T11:15:00+05:30,2465,2493,2462.25,2485.55,173950
2025-02-12T12:15:00+05:30,2485.25,2498.9,2479.1,2494.25,110600
2025-02-12T13:15:00+05:30,2495,2502.85,2479.35,2485.35,174650
2025-02-12T14:15:00+05:30,2484.6,2500.6,2482.35,2496.5,171150
2025-02-12T15:15:00+05:30,2495.85,2501.75,2494.5,2499.45,102900
2025-02-13T09:15:00+05:30,2499,2528.25,2483.05,2515.3,277900
2025-02-13T10:15:00+05:30,2516.95,2518.85,2500,2509.5,85050
2025-02-13T11:15:00+05:30,2510.55,2512.25,2499.6,2502.5,53550
2025-02-13T12:15:00+05:30,2505,2507.1,2484.75,2486.1,89950
2025-02-13T13:15:00+05:30,2485.05,2490,2464.75,2472.7,123200
2025-02-13T14:15:00+05:30,2472.1,2485.85,2463.95,2476.75,134750
2025-02-13T15:15:00+05:30,2476.45,2478.95,2473.05,2476.4,73500
2025-02-14T09:15:00+05:30,2478.35,2488.05,2441.1,2445.15,276500
2025-02-14T10:15:00+05:30,2444.2,2458.95,2408.95,2420.75,242550
2025-02-14T11:15:00+05:30,2421.55,2426.65,2406.4,2410.65,74550
2025-02-14T12:15:00+05:30,2411.2,2412.1,2386.2,2396.3,125300
2025-02-14T13:15:00+05:30,2395.9,2403.35,2375,2377.5,180250
2025-02-14T14:15:00+05:30,2379.55,2426.15,2378.45,2409.2,286300
2025-02-14T15:15:00+05:30,2409.5,2411.65,2398.1,2409.95,114100
2025-02-17T09:15:00+05:30,2391.35,2410.5,2358.15,2384.1,381150
2025-02-17T10:15:00+05:30,2380.15,2408.8,2378.55,2382.15,190750
2025-02-17T11:15:00+05:30,2378.9,2389.75,2367.3,2377.6,123200
2025-02-17T12:15:00+05:30,2377.35,2381.45,2366,2375.55,93800
2025-02-17T13:15:00+05:30,2374.6,2394,2361.1,2366.1,161700
2025-02-17T14:15:00+05:30,2367.8,2375.35,2359.05,2371.85,201600
2025-02-17T15:15:00+05:30,2372.95,2377.85,2367.2,2371.75,98350
2025-02-18T09:15:00+05:30,2371.75,2371.75,2341,2356.1,470050
2025-02-18T10:15:00+05:30,2356.2,2368,2348.65,2352.05,165200
2025-02-18T11:15:00+05:30,2350.1,2359.2,2342,2346.35,88200
2025-02-18T12:15:00+05:30,2346.65,2351.05,2341.7,2349.9,71750
2025-02-18T13:15:00+05:30,2352,2363.9,2349.05,2356,86800
2025-02-18T14:15:00+05:30,2357.8,2359.65,2350.55,2354.55,186900
2025-02-18T15:15:00+05:30,2355.5,2355.5,2349,2350.2,60200
2025-02-19T09:15:00+05:30,2340,2394.7,2329.5,2384.2,428750
2025-02-19T10:15:00+05:30,2384.2,2402.1,2369.3,2381.9,182700
2025-02-19T11:15:00+05:30,2382.45,2395.4,2379.55,2391.65,38850
2025-02-19T12:15:00+05:30,2393,2394,2374,2378.05,56000
2025-02-19T13:15:00+05:30,2377.15,2388.05,2377.15,2386.05,114100
2025-02-19T14:15:00+05:30,2385.7,2393.85,2363.45,2384.45,269850
2025-02-19T15:15:00+05:30,2383,2388.35,2382.45,2385.6,103600
2025-02-20T09:15:00+05:30,2384.8,2388.25,2347,2383.95,204050
2025-02-20T10:15:00+05:30,2386.5,2407.95,2382.8,2406.5,211400
2025-02-20T11:15:00+05:30,2407.65,2416.2,2398.8,2398.8,158550
2025-02-20T12:15:00+05:30,2397,2399.1,2389.15,2390.7,143150
2025-02-20T13:15:00+05:30,2390,2411,2390,2406.25,176750
2025-02-20T14:15:00+05:30,2407.15,2425,2405.05,2419.55,295050
2025-02-20T15:15:00+05:30,2419.2,2421.55,2408.95,2409.1,141400
2025-02-21T09:15:00+05:30,2409.1,2421,2343,2343,1061200
2025-02-21T10:15:00+05:30,2343.1,2351.55,2320.15,2329.9,784000
2025-02-21T11:15:00+05:30,2329.9,2342.15,2312.45,2332.25,682850
2025-02-21T12:15:00+05:30,2332.25,2351.05,2313.2,2322.6,778400
2025-02-21T13:15:00+05:30,2322.6,2331.95,2303.45,2330,600600
2025-02-21T14:15:00+05:30,2331.5,2344.6,2322.65,2329.7,513100
2025-02-21T15:15:00+05:30,2329.9,2329.95,2324,2326.95,89250
2025-02-24T09:15:00+05:30,2299,2324.05,2269.65,2324.05,1055950
2025-02-24T10:15:00+05:30,2324.05,2353.7,2322,2346.15,732550
2025-02-24T11:15:00+05:30,2346.15,2366.2,2341.6,2349.3,564550
2025-02-24T12:15:00+05:30,2349.3,2359.05,2343.15,2358.7,566650
2025-02-24T13:15:00+05:30,2358.7,2366,2351.9,2356.8,525350
2025-02-24T14:15:00+05:30,2356.8,2374.75,2354,2364,474950
2025-02-24T15:15:00+05:30,2364,2364,2357.75,2362,114100
2025-02-25T09:15:00+05:30,2370.7,2394.1,2346.6,2369,543200
2025-02-25T10:15:00+05:30,2368.7,2383.15,2359.65,2367.25,432250
2025-02-25T11:15:00+05:30,2367.25,2372.05,2358,2364,451500
2025-02-25T12:15:00+05:30,2364,2367.35,2353,2364.65,392000
2025-02-25T13:15:00+05:30,2364.65,2373,2361,2368.5,409850
2025-02-25T14:15:00+05:30,2367.35,2374.45,2360.6,2362,512400
2025-02-25T15:15:00+05:30,2362,2362,2352.15,2352.15,75950
2025-02-27T09:15:00+05:30,2340.15,2374.45,2331.55,2347.2,292250
2025-02-27T10:15:00+05:30,2347.05,2358.65,2329.75,2329.75,439600
2025-02-27T11:15:00+05:30,2330.35,2332.65,2315.5,2318.55,651700
2025-02-27T12:15:00+05:30,2318.55,2326.15,2306.8,2313.2,799750
2025-02-27T13:15:00+05:30,2313.2,2329.5,2309.1,2326.5,881300
2025-02-27T14:15:00+05:30,2326.05,2351.9,2324.45,2346.7,551600
2025-02-27T15:15:00+05:30,2345.45,2347.3,2334.25,2337.45,78050
2025-02-28T09:15:00+05:30,2325.65,2325.65,2265.2,2273.9,393400
2025-02-28T10:15:00+05:30,2274.75,2288.5,2261.5,2263.25,141050
2025-02-28T11:15:00+05:30,2264.75,2268.7,2249,2253.8,96600
2025-02-28T12:15:00+05:30,2255,2259.75,2228.65,2233.35,157150
2025-02-28T13:15:00+05:30,2234.6,2236.05,2209.7,2214.8,133700
2025-02-28T14:15:00+05:30,2214.3,2242.1,2200.1,2232,429450
2025-02-28T15:15:00+05:30,2232.35,2238,2229.6,2238,166600
2025-03-03T09:15:00+05:30,2281.1,2339.8,2256.5,2263.85,946750
2025-03-03T10:15:00+05:30,2267,2293.5,2263.55,2269.9,224000
2025-03-03T11:15:00+05:30,2268.85,2288.85,2263,2287.1,147700
2025-03-03T12:15:00+05:30,2287,2305.6,2281.3,2300.35,220150
2025-03-03T13:15:00+05:30,2302,2312.4,2292.35,2305.7,156450
2025-03-03T14:15:00+05:30,2304.55,2327.35,2301,2323.25,367150
2025-03-03T15:15:00+05:30,2323.2,2333.35,2321.65,2324.3,192150
2025-03-04T09:15:00+05:30,2294,2316.55,2261,2309.55,355250
2025-03-04T10:15:00+05:30,2310,2333.1,2293.5,2319.8,375900
2025-03-04T11:15:00+05:30,2320.5,2321.95,2293.05,2294.45,164150
2025-03-04T12:15:00+05:30,2294.1,2297.05,2279.9,2288.2,142450
2025-03-04T13:15:00+05:30,2289,2298,2280,2294.35,187950
2025-03-04T14:15:00+05:30,2294.25,2304.95,2289.9,2292.15,227150
2025-03-04T15:15:00+05:30,2293.5,2295.3,2288,2293.9,87500
2025-03-05T09:15:00+05:30,2281.8,2345.8,2281.8,2342.9,311150
2025-03-05T10:15:00+05:30,2342.2,2347,2332.95,2343.2,176050
2025-03-05T11:15:00+05:30,2342.65,2344.25,2334.1,2334.8,151550
2025-03-05T12:15:00+05:30,2334.25,2336.25,2324,2328,154000
2025-03-05T13:15:00+05:30,2327.95,2333.9,2319.6,2329.4,136150
2025-03-05T14:15:00+05:30,2329.35,2339.95,2320.5,2335.3,118650
2025-03-05T15:15:00+05:30,2335.3,2339,2331.6,2339,65100
2025-03-06T09:15:00+05:30,2322.5,2359.5,2308.25,2310,255850
2025-03-06T10:15:00+05:30,2309.05,2318.95,2291.15,2318.95,163100
2025-03-06T11:15:00+05:30,2317.15,2317.15,2294.45,2303.35,118300
2025-03-06T12:15:00+05:30,2302,2318.2,2300,2314.8,106750
2025-03-06T13:15:00+05:30,2314.2,2317.2,2310.7,2311.85,145250
2025-03-06T14:15:00+05:30,2311.5,2318.8,2300.1,2318,206150
2025-03-06T15:15:00+05:30,2317.55,2323.3,2317.2,2317.5,144200
2025-03-07T09:15:00+05:30,2329.85,2357.7,2311.65,2341.6,407050
2025-03-07T10:15:00+05:30,2344.65,2347.3,2324.85,2334.6,92050
2025-03-07T11:15:00+05:30,2334.6,2338.75,2313.95,2318.05,140700
2025-03-07T12:15:00+05:30,2317.7,2329,2310,2322.55,103950
2025-03-07T13:15:00+05:30,2324.05,2343.75,2322.3,2342.5,105000
2025-03-07T14:15:00+05:30,2341.05,2346,2332.35,2332.7,129500
2025-03-07T15:15:00+05:30,2332.4,2335.65,2328,2335.4,80150
2025-03-10T09:15:00+05:30,2316.1,2335.95,2305.2,2324.45,224700
2025-03-10T10:15:00+05:30,2326.35,2326.9,2299.8,2303.1,162400
2025-03-10T11:15:00+05:30,2303.45,2316,2294.9,2297.15,77700
2025-03-10T12:15:00+05:30,2297.3,2301.65,2294.65,2297.7,45500
2025-03-10T13:15:00+05:30,2298,2298.65,2274,2274.85,150150
2025-03-10T14:15:00+05:30,2274.85,2276.2,2256.1,2257.35,255150
2025-03-10T15:15:00+05:30,2257.8,2257.8,2241.9,2244.7,134050
2025-03-11T09:15:00+05:30,2239.9,2273.8,2221.2,2273.5,436450
2025-03-11T10:15:00+05:30,2273.4,2280,2261.65,2264.75,315000
2025-03-11T11:15:00+05:30,2264.6,2269.8,2251.1,2268.9,346500
2025-03-11T12:15:00+05:30,2269.2,2274.9,2259.6,2267.8,146300
2025-03-11T13:15:00+05:30,2265.75,2284.7,2262.95,2280.15,130550
2025-03-11T14:15:00+05:30,2280.3,2292.5,2279.8,2286.25,148050
2025-03-11T15:15:00+05:30,2285.65,2296.4,2284.05,2296.4,72800
2025-03-12T09:15:00+05:30,2271.05,2299.55,2251,2251.45,242550
2025-03-12T10:15:00+05:30,2250.1,2264.35,2248.2,2257.65,114100
2025-03-12T11:15:00+05:30,2257,2257.2,2237.8,2255,208950
2025-03-12T12:15:00+05:30,2254.45,2257.55,2243.65,2257.1,96250
2025-03-12T13:15:00+05:30,2257.25,2267.65,2251.9,2258.1,131950
2025-03-12T14:15:00+05:30,2257.05,2268.55,2255.35,2264.1,135450
2025-03-12T15:15:00+05:30,2263.6,2263.6,2258.5,2260,43400
2025-03-13T09:15:00+05:30,2262.55,2284.6,2246.15,2280,170100
2025-03-13T10:15:00+05:30,2280.35,2280.35,2261,2271.25,115850
2025-03-13T11:15:00+05:30,2271.25,2272.2,2252,2255.9,115150
2025-03-13T12:15:00+05:30,2255.45,2259.75,2250.1,2253.7,99050
2025-03-13T13:15:00+05:30,2253.75,2254.95,2249,2251.2,66850
2025-03-13T14:15:00+05:30,2249.85,2265.8,2246.25,2252.2,199850
2025-03-13T15:15:00+05:30,2252.2,2257.8,2250.55,2252.3,147350
2025-03-17T09:15:00+05:30,2276.95,2310.25,2262,2276.65,416850
2025-03-17T10:15:00+05:30,2276.55,2280,2267,2272.05,134400
2025-03-17T11:15:00+05:30,2272.05,2275,2262.15,2267.65,63000
2025-03-17T12:15:00+05:30,2268.2,2269.65,2261.8,2265.45,68950
2025-03-17T13:15:00+05:30,2266.5,2278.65,2266.4,2273.85,132300
2025-03-17T14:15:00+05:30,2274.9,2274.95,2255.45,2258.1,196000
2025-03-17T15:15:00+05:30,2259.15,2260.95,2256,2257.15,103600
2025-03-18T09:15:00+05:30,2228.55,2293.4,2228.55,2270.7,318150
2025-03-18T10:15:00+05:30,2272.95,2279.95,2260.6,2276.55,228550
2025-03-18T11:15:00+05:30,2276.65,2292.2,2276,2285,272650
2025-03-18T12:15:00+05:30,2285,2317.3,2280.85,2308,280350
2025-03-18T13:15:00+05:30,2307.65,2326.75,2307.65,2319,272300
2025-03-18T14:15:00+05:30,2319,2324.9,2302.2,2303.6,309750
2025-03-18T15:15:00+05:30,2305.2,2311,2301.1,2310.75,129500
2025-03-19T09:15:00+05:30,2306.15,2323.05,2298.65,2313.1,191800
2025-03-19T10:15:00+05:30,2314.55,2324.25,2313.35,2321.5,117600
2025-03-19T11:15:00+05:30,2320.05,2328.65,2308.5,2322.7,161000
2025-03-19T12:15:00+05:30,2324,2334.9,2320.9,2323.9,165900
2025-03-19T13:15:00+05:30,2323.85,2328.85,2316.35,2317.55,99400
2025-03-19T14:15:00+05:30,2316,2324.65,2313.65,2319,141750
2025-03-19T15:15:00+05:30,2319.9,2321.8,2315.4,2318,66850
2025-03-20T09:15:00+05:30,2350.1,2350.1,2300.15,2303,329000
2025-03-20T10:15:00+05:30,2301.85,2333.6,2300.95,2326.65,220850
2025-03-20T11:15:00+05:30,2330,2337,2323.35,2337,176050
2025-03-20T12:15:00+05:30,2337,2345.7,2336.95,2343.15,145950
2025-03-20T13:15:00+05:30,2343.95,2348.05,2340.7,2346.1,138950
2025-03-20T14:15:00+05:30,2346,2348.2,2332.95,2337.25,153650
2025-03-20T15:15:00+05:30,2337.8,2340.5,2336.1,2336.4,101150
2025-03-21T09:15:00+05:30,2324.9,2418.9,2324.9,2413.2,696150
2025-03-21T10:15:00+05:30,2413.2,2433.25,2408.4,2416.4,333900
2025-03-21T11:15:00+05:30,2415.55,2421.45,2412.15,2418.7,114100
2025-03-21T12:15:00+05:30,2419.4,2439.65,2419.4,2433.55,147000
2025-03-21T13:15:00+05:30,2433.55,2436.85,2418,2429.15,194950
2025-03-21T14:15:00+05:30,2429.15,2432.9,2403.5,2407.5,281400
2025-03-21T15:15:00+05:30,2407.95,2412,2404.75,2410.1,189700
2025-03-24T09:15:00+05:30,2433,2444.4,2381.45,2395.1,963550
2025-03-24T10:15:00+05:30,2395.1,2415.6,2390.8,2411.6,646800
2025-03-24T11:15:00+05:30,2411.6,2416.1,2405.05,2413.7,596050
2025-03-24T12:15:00+05:30,2413.7,2428.55,2411.4,2425,536900
2025-03-24T13:15:00+05:30,2425,2431.3,2413.65,2426.7,463050
2025-03-24T14:15:00+05:30,2426.7,2444.65,2425.35,2430.5,566300
2025-03-24T15:15:00+05:30,2431.05,2433.6,2427.05,2430.85,126700
2025-03-25T09:15:00+05:30,2430.85,2442.85,2399.35,2421.45,1121050
2025-03-25T10:15:00+05:30,2421.45,2428.6,2411.95,2426,577850
2025-03-25T11:15:00+05:30,2426,2431,2416.9,2423.8,465150
2025-03-25T12:15:00+05:30,2423.8,2433.5,2419.95,2426.75,417900
2025-03-25T13:15:00+05:30,2426.75,2427.65,2418.45,2423.2,467950
2025-03-25T14:15:00+05:30,2423.2,2424.75,2401.2,2406.2,423850
2025-03-25T15:15:00+05:30,2406.2,2411.1,2401.6,2404.75,106400
2025-03-26T09:15:00+05:30,2413.7,2436.5,2401.6,2404.95,531650
2025-03-26T10:15:00+05:30,2406.2,2418.2,2401.85,2406.3,304500
2025-03-26T11:15:00+05:30,2406.3,2419.1,2405,2419.1,323750
2025-03-26T12:15:00+05:30,2420,2434.9,2416.65,2428.05,303450
2025-03-26T13:15:00+05:30,2428.05,2431.2,2416,2431,388150
2025-03-26T14:15:00+05:30,2431,2442.3,2420.8,2422.8,388500
2025-03-26T15:15:00+05:30,2422.9,2423.15,2414.6,2419.45,88550
2025-03-27T09:15:00+05:30,2457.75,2466.9,2407.45,2463.7,306250
2025-03-27T10:15:00+05:30,2463.7,2466,2456.3,2461.9,321300
2025-03-27T11:15:00+05:30,2464.05,2466,2448,2452.8,990150
2025-03-27T12:15:00+05:30,2452.8,2454.75,2438.85,2441,1556100
2025-03-27T13:15:00+05:30,2441,2446.35,2439,2445.75,498750
2025-03-27T14:15:00+05:30,2445.75,2471,2437.7,2469.75,522900
2025-03-27T15:15:00+05:30,2469.3,2474.9,2463.45,2468,240800
2025-03-28T09:15:00+05:30,2467.35,2479.7,2440.25,2448.95,213850
2025-03-28T10:15:00+05:30,2449.1,2475.65,2448.6,2467,169400
2025-03-28T11:15:00+05:30,2467,2475,2461.05,2472.1,52150
2025-03-28T12:15:00+05:30,2473.6,2473.6,2432.9,2436.05,99050
2025-03-28T13:15:00+05:30,2435.2,2439.7,2408.8,2416.6,155750
2025-03-28T14:15:00+05:30,2416.95,2434.9,2412.85,2434.35,256900
2025-03-28T15:15:00+05:30,2434.55,2434.6,2425.25,2429.55,75950
2025-04-01T09:15:00+05:30,2440,2465.8,2440,2444,221200
2025-04-01T10:15:00+05:30,2444.95,2451.8,2415.1,2416.25,114450
2025-04-01T11:15:00+05:30,2414.6,2424,2401.9,2421.6,103950
2025-04-01T12:15:00+05:30,2423.1,2427.85,2414.55,2417.25,45500
2025-04-01T13:15:00+05:30,2414.5,2463.35,2414.5,2456.7,533400
2025-04-01T14:15:00+05:30,2456.15,2457.2,2449.15,2451.6,169750
2025-04-01T15:15:00+05:30,2451.45,2454,2447.15,2453.5,61250
2025-04-02T09:15:00+05:30,2461,2525,2451.3,2513.25,821450
2025-04-02T10:15:00+05:30,2513.9,2525.45,2487.4,2490,287350
2025-04-02T11:15:00+05:30,2491.65,2498.45,2478.15,2492.2,89250
2025-04-02T12:15:00+05:30,2491.25,2495.95,2486.6,2490.3,59850
2025-04-02T13:15:00+05:30,2491.8,2506,2489.8,2496.45,80500
2025-04-02T14:15:00+05:30,2497.2,2508.75,2496,2504.35,103250
2025-04-02T15:15:00+05:30,2503,2504.7,2499.45,2500,61250
2025-04-03T09:15:00+05:30,2465.05,2481.8,2451.2,2474,277550
2025-04-03T10:15:00+05:30,2471.95,2483.7,2466.4,2479.55,67900
2025-04-03T11:15:00+05:30,2479.65,2489,2478.9,2484.8,95200
2025-04-03T12:15:00+05:30,2485.55,2487.6,2480.05,2481.4,48650
2025-04-03T13:15:00+05:30,2481.4,2509.3,2481.4,2501,156800
2025-04-03T14:15:00+05:30,2500.7,2507.05,2484.15,2487.25,215950
2025-04-03T15:15:00+05:30,2487.4,2491.2,2485.1,2485.5,85750
2025-04-04T09:15:00+05:30,2485,2485.7,2453,2471,230650
2025-04-04T10:15:00+05:30,2470.4,2503.45,2470,2484.4,204750
2025-04-04T11:15:00+05:30,2483.75,2488.6,2466.3,2476,127050
2025-04-04T12:15:00+05:30,2473.4,2498.3,2470.25,2490.1,87500
2025-04-04T13:15:00+05:30,2487.8,2493,2471.7,2476.7,85050
2025-04-04T14:15:00+05:30,2475.8,2477.2,2455.6,2470.75,146650
2025-04-04T15:15:00+05:30,2471.9,2472.65,2462.95,2462.95,76300
2025-04-07T09:15:00+05:30,2221.4,2399.05,2221.4,2358.7,1091300
2025-04-07T10:15:00+05:30,2357.1,2385,2344.95,2380,407050
2025-04-07T11:15:00+05:30,2376,2380,2336.95,2338.9,186550
2025-04-07T12:15:00+05:30,2337.05,2351.95,2322.65,2332.1,219800
2025-04-07T13:15:00+05:30,2331.4,2364.9,2330.7,2353.4,137900
2025-04-07T14:15:00+05:30,2354.5,2374.75,2340.1,2373.05,203000
2025-04-07T15:15:00+05:30,2373.25,2381.95,2369.95,2377.8,138600
2025-04-08T09:15:00+05:30,2398.95,2423,2373.9,2373.9,340550
2025-04-08T10:15:00+05:30,2373.9,2400.1,2362.5,2396.5,366800
2025-04-08T11:15:00+05:30,2397.65,2416.8,2391.4,2410.95,259350
2025-04-08T12:15:00+05:30,2412.2,2444.75,2411.55,2441.35,210700
2025-04-08T13:15:00+05:30,2441.4,2445.7,2420,2435,164850
2025-04-08T14:15:00+05:30,2433.5,2451.95,2431.9,2439.95,312550
2025-04-08T15:15:00+05:30,2438.75,2447.15,2436.25,2442.55,98350
2025-04-09T09:15:00+05:30,2439.95,2467.95,2422.55,2433.55,415800
2025-04-09T10:15:00+05:30,2434.55,2476.9,2429.65,2465.9,557550
2025-04-09T11:15:00+05:30,2465,2489.2,2459.95,2460.5,343000
2025-04-09T12:15:00+05:30,2460.7,2483.85,2459.55,2476.9,135100
2025-04-09T13:15:00+05:30,2478.95,2482.6,2464.85,2471.85,101500
2025-04-09T14:15:00+05:30,2470.7,2479.65,2470,2478.85,130200
2025-04-09T15:15:00+05:30,2478.65,2482.9,2476.2,2480.3,85050
2025-04-11T09:15:00+05:30,2507.45,2529,2497.55,2511.35,328300
2025-04-11T10:15:00+05:30,2508.65,2530,2506.15,2527,123550
2025-04-11T11:15:00+05:30,2526.1,2531.95,2514.2,2519,116550
2025-04-11T12:15:00+05:30,2517.95,2525.45,2513.3,2514.5,73850
2025-04-11T13:15:00+05:30,2515,2515,2505,2507.8,97650
2025-04-11T14:15:00+05:30,2508.1,2521.55,2504.9,2515.85,126000
2025-04-11T15:15:00+05:30,2514.65,2528,2511.75,2528,119350
2025-04-15T09:15:00+05:30,2576.2,2600,2550,2593.5,513450
2025-04-15T10:15:00+05:30,2595,2601.1,2587,2595.1,121450
2025-04-15T11:15:00+05:30,2597.1,2598.9,2585.2,2593,109900
2025-04-15T12:15:00+05:30,2592.4,2596.2,2583,2583,93450
2025-04-15T13:15:00+05:30,2584,2588.6,2569.7,2576,184100
2025-04-15T14:15:00+05:30,2576.7,2589.9,2571.7,2587.6,422100
2025-04-15T15:15:00+05:30,2588.3,2593.3,2577.8,2586.1,194250
2025-04-16T09:15:00+05:30,2585,2595.1,2573,2586.3,256200
2025-04-16T10:15:00+05:30,2587,2588,2571,2582.7,148750
2025-04-16T11:15:00+05:30,2583.5,2586.3,2573.8,2584.3,82600
2025-04-16T12:15:00+05:30,2584.3,2593.9,2582.9,2586.8,120750
2025-04-16T13:15:00+05:30,2586.2,2613,2580.7,2604.2,182000
2025-04-16T14:15:00+05:30,2605.1,2611.9,2596.9,2609,168700
2025-04-16T15:15:00+05:30,2610.9,2619,2610.5,2615,141400
2025-04-17T09:15:00+05:30,2607.6,2639.9,2604.1,2619.1,332150
2025-04-17T10:15:00+05:30,2619.6,2642.8,2618.5,2633,113400
2025-04-17T11:15:00+05:30,2633.5,2658,2632.9,2658,109200
2025-04-17T12:15:00+05:30,2657,2678.7,2654.2,2670,212100
2025-04-17T13:15:00+05:30,2670.9,2685,2669.2,2677,201600
2025-04-17T14:15:00+05:30,2675.6,2685.4,2670.7,2676.8,210700
2025-04-17T15:15:00+05:30,2675.7,2679.5,2673.9,2679.2,76650
2025-04-21T09:15:00+05:30,2679.2,2700,2664,2689.4,1156400
2025-04-21T10:15:00+05:30,2689.4,2716.2,2682.9,2715.6,711200
2025-04-21T11:15:00+05:30,2715.6,2725,2713.2,2719.9,512750
2025-04-21T12:15:00+05:30,2719.9,2723.4,2713.2,2716,334950
2025-04-21T13:15:00+05:30,2716,2730,2716,2725.8,340200
2025-04-21T14:15:00+05:30,2725.8,2738.2,2723.8,2728.2,342650
2025-04-21T15:15:00+05:30,2728.7,2732.4,2726.8,2728.6,73150
2025-04-22T09:15:00+05:30,2730,2764.6,2726.1,2733.6,484050
2025-04-22T10:15:00+05:30,2733,2741,2727.6,2732.5,680050
2025-04-22T11:15:00+05:30,2732.5,2752.5,2732.5,2734.6,369250
2025-04-22T12:15:00+05:30,2734,2738.3,2731,2736.9,336350
2025-04-22T13:15:00+05:30,2736.9,2739.4,2731,2737.2,297150
2025-04-22T14:15:00+05:30,2737.2,2738.2,2729,2735.3,389200
2025-04-22T15:15:00+05:30,2735.3,2736.1,2722,2731,101850
2025-04-23T09:15:00+05:30,2731,2761,2731,2733,291550
2025-04-23T10:15:00+05:30,2733,2741.1,2714.9,2728.5,299950
2025-04-23T11:15:00+05:30,2728.5,2743.8,2728.5,2740,287700
2025-04-23T12:15:00+05:30,2740,2754.9,2740,2751.8,262850
2025-04-23T13:15:00+05:30,2751.8,2762.6,2751,2761.8,319200
2025-04-23T14:15:00+05:30,2761.8,2815.3,2761.1,2815,1024800
2025-04-23T15:15:00+05:30,2815,2818.7,2808.3,2808.3,532700
2025-04-24T09:15:00+05:30,2825.9,2831,2786.6,2796,270900
2025-04-24T10:15:00+05:30,2795,2798,2786,2790.1,329350
2025-04-24T11:15:00+05:30,2790.1,2790.7,2779,2787.3,549150
2025-04-24T12:15:00+05:30,2789.3,2801.7,2786.8,2798.4,725900
2025-04-24T13:15:00+05:30,2798.4,2800,2783.3,2784.9,770350
2025-04-24T14:15:00+05:30,2788.9,2796.5,2765.8,2793.8,539700
2025-04-24T15:15:00+05:30,2794.5,2797.9,2793.1,2794,102900
2025-04-25T09:15:00+05:30,2808.4,2820,2745.2,2753.4,333900
2025-04-25T10:15:00+05:30,2754.1,2759.1,2721.6,2727.4,252000
2025-04-25T11:15:00+05:30,2727.1,2732,2705.1,2731.7,155750
2025-04-25T12:15:00+05:30,2728.2,2748.3,2725.6,2743.9,78050
2025-04-25T13:15:00+05:30,2742.8,2759.9,2734.3,2747.1,138250
2025-04-25T14:15:00+05:30,2747.7,2756.5,2736.4,2743.2,156800
2025-04-25T15:15:00+05:30,2744.7,2747.1,2737.7,2740.1,140350
2025-04-28T09:15:00+05:30,2746.3,2759.6,2718,2740,405650
2025-04-28T10:15:00+05:30,2738.1,2764.6,2734.6,2739.9,368900
2025-04-28T11:15:00+05:30,2740.1,2758.3,2737.1,2757.4,147700
2025-04-28T12:15:00+05:30,2757.2,2768.2,2742,2746,270550
2025-04-28T13:15:00+05:30,2746.7,2759.3,2743,2747.1,163450
2025-04-28T14:15:00+05:30,2745.4,2761.7,2732.4,2749.3,348950
2025-04-28T15:15:00+05:30,2749.5,2865.4,2748.8,2782.2,2871750
2025-04-29T09:15:00+05:30,2777,2803,2708.5,2718,2136750
2025-04-29T10:15:00+05:30,2719,2719,2687,2710,654500
2025-04-29T11:15:00+05:30,2711.1,2738,2709.8,2719.9,498050
2025-04-29T12:15:00+05:30,2719.5,2721.8,2701.6,2712.4,250950
2025-04-29T13:15:00+05:30,2713.4,2721,2708.9,2716.7,127400
2025-04-29T14:15:00+05:30,2717.4,2719,2706.5,2714,238700
2025-04-29T15:15:00+05:30,2712.9,2714.7,2709,2711.8,153650
2025-04-30T09:15:00+05:30,2711.7,2711.7,2677.4,2691.1,398650
2025-04-30T10:15:00+05:30,2692.7,2704,2690.2,2694.1,156800
2025-04-30T11:15:00+05:30,2694,2699.1,2675,2687.4,179200
2025-04-30T12:15:00+05:30,2687.5,2693,2678.1,2679,93450
2025-04-30T13:15:00+05:30,2679,2684.8,2675,2677.9,129850
2025-04-30T14:15:00+05:30,2677,2689.6,2665.7,2684,402150
2025-04-30T15:15:00+05:30,2685,2686.7,2669.4,2673.9,164850
2025-05-02T09:15:00+05:30,2709.9,2766,2705.2,2753.1,1285550
2025-05-02T10:15:00+05:30,2750,2750.4,2727.2,2729.8,212800
2025-05-02T11:15:00+05:30,2726,2729.7,2713.1,2717.4,271250
2025-05-02T12:15:00+05:30,2717.2,2738.7,2712.3,2736.6,197750
2025-05-02T13:15:00+05:30,2736.6,2763.5,2736.6,2744.3,344050
2025-05-02T14:15:00+05:30,2744.5,2745.1,2723.5,2726.5,304500
2025-05-02T15:15:00+05:30,2724.8,2725.2,2720.3,2720.4,92400
2025-05-05T09:15:00+05:30,2737.3,2775.8,2735,2772.1,459550
2025-05-05T10:15:00+05:30,2770.6,2804.7,2770,2786.6,455000
2025-05-05T11:15:00+05:30,2785.8,2793.3,2777,2790.2,143150
2025-05-05T12:15:00+05:30,2790.2,2792.9,2785.1,2785.1,51800
2025-05-05T13:15:00+05:30,2788,2798,2785.1,2788,199150
2025-05-05T14:15:00+05:30,2788,2796.2,2778.9,2792,238350
2025-05-05T15:15:00+05:30,2792,2794.7,2790.2,2791,51800
2025-05-06T09:15:00+05:30,2792,2839.8,2790.1,2813,533400
2025-05-06T10:15:00+05:30,2812.1,2821.6,2795.2,2796.5,191800
2025-05-06T11:15:00+05:30,2795.7,2800,2781.7,2793.5,198800
2025-05-06T12:15:00+05:30,2792.1,2796.9,2785.2,2796.8,86800
2025-05-06T13:15:00+05:30,2796.7,2803.7,2790.7,2792,140700
2025-05-06T14:15:00+05:30,2792.8,2792.8,2770.9,2783.6,291900
2025-05-06T15:15:00+05:30,2785,2785.1,2771.2,2771.5,74200
2025-05-07T09:15:00+05:30,2760.2,2800,2760.2,2777.4,212100
2025-05-07T10:15:00+05:30,2776.5,2818,2773.7,2818,130200
2025-05-07T11:15:00+05:30,2817.9,2820.8,2803.9,2809,71050
2025-05-07T12:15:00+05:30,2809.6,2815,2801.4,2801.4,40600
2025-05-07T13:15:00+05:30,2801.5,2806,2791.8,2799,68250
2025-05-07T14:15:00+05:30,2800.5,2802.6,2794,2799,144200
2025-05-07T15:15:00+05:30,2801.4,2801.6,2796.4,2796.6,42700
2025-05-08T09:15:00+05:30,2828.6,2828.6,2776.1,2781,137900
2025-05-08T10:15:00+05:30,2781.8,2785.2,2773,2781.1,49350
2025-05-08T11:15:00+05:30,2780.2,2791.2,2773,2773,41300
2025-05-08T12:15:00+05:30,2772.8,2777,2765,2766.9,93100
2025-05-08T13:15:00+05:30,2769.1,2769.1,2719.5,2724.2,268100
2025-05-08T14:15:00+05:30,2723,2734.3,2697.2,2705.1,290150
2025-05-08T15:15:00+05:30,2704.4,2708.1,2691,2694.9,183750
2025-05-09T09:15:00+05:30,2655.1,2693.7,2655.1,2676.9,302750
2025-05-09T10:15:00+05:30,2677.8,2679,2662.3,2666.6,85050
2025-05-09T11:15:00+05:30,2668.3,2681.5,2664.7,2675.7,249900
2025-05-09T12:15:00+05:30,2677.3,2678.3,2653.1,2662.5,208950
2025-05-09T13:15:00+05:30,2661.9,2668.6,2645.4,2666.3,145250
2025-05-09T14:15:00+05:30,2667.2,2674.7,2656.8,2663.1,157500
2025-05-09T15:15:00+05:30,2667,2685,2665.3,2681.2,110250
2025-05-12T09:15:00+05:30,2726.9,2776.2,2726.9,2753.5,528500
2025-05-12T10:15:00+05:30,2756,2768.8,2755.9,2762.9,82600
2025-05-12T11:15:00+05:30,2762.4,2766.6,2753,2765.2,151550
2025-05-12T12:15:00+05:30,2764.4,2778,2750.7,2753.3,129150
2025-05-12T13:15:00+05:30,2754.3,2767.3,2752.5,2767.3,69650
2025-05-12T14:15:00+05:30,2767.3,2779.7,2765.7,2770.1,173950
2025-05-12T15:15:00+05:30,2769.9,2775.5,2769.9,2771,61250
2025-05-13T09:15:00+05:30,2788.6,2788.6,2747,2758,170450
2025-05-13T10:15:00+05:30,2755.8,2756.6,2736.9,2738,131600
2025-05-13T11:15:00+05:30,2737.7,2747.2,2729.4,2740.1,185150
2025-05-13T12:15:00+05:30,2740.5,2743.8,2718.7,2721.1,93800
2025-05-13T13:15:00+05:30,2720.9,2723.6,2703.7,2715.5,94150
2025-05-13T14:15:00+05:30,2715,2731.1,2710.3,2718.6,157500
2025-05-13T15:15:00+05:30,2717.8,2721.6,2708.4,2716.9,85400
2025-05-14T09:15:00+05:30,2741.7,2741.7,2694.3,2736.6,184450
2025-05-14T10:15:00+05:30,2737.3,2745.9,2731.6,2740.2,119000
2025-05-14T11:15:00+05:30,2741.6,2748.9,2730.8,2744.3,264600
2025-05-14T12:15:00+05:30,2744.5,2744.5,2729.2,2741,65100
2025-05-14T13:15:00+05:30,2739.9,2742,2730.8,2733.2,36750
2025-05-14T14:15:00+05:30,2733.7,2740,2729.5,2736.6,101500
2025-05-14T15:15:00+05:30,2737.2,2740.7,2735,2736.6,65800
2025-05-15T09:15:00+05:30,2739.4,2769.1,2712.7,2754.2,380100
2025-05-15T10:15:00+05:30,2753.8,2770,2753.8,2759,126350
2025-05-15T11:15:00+05:30,2759.5,2766,2755.2,2756,39200
2025-05-15T12:15:00+05:30,2756,2760.1,2752,2759.5,38500
2025-05-15T13:15:00+05:30,2758.7,2787,2753,2781.5,320250
2025-05-15T14:15:00+05:30,2782.9,2805.4,2781.3,2798.5,442750
2025-05-15T15:15:00+05:30,2796.2,2800,2791.2,2794.8,111300
2025-05-16T09:15:00+05:30,2799.4,2819.9,2781.4,2813.4,331100
2025-05-16T10:15:00+05:30,2815.2,2824.5,2810,2816,129850
2025-05-16T11:15:00+05:30,2815,2817,2805.6,2813.9,87500
2025-05-16T12:15:00+05:30,2814.1,2840,2813.8,2837,234850
2025-05-16T13:15:00+05:30,2835,2856.8,2831.3,2855.8,273000
2025-05-16T14:15:00+05:30,2857,2858.7,2842,2848.9,204750
2025-05-16T15:15:00+05:30,2848,2848.8,2840,2842.2,88200
2025-05-19T09:15:00+05:30,2858.7,2880,2842.6,2852.8,407750
2025-05-19T10:15:00+05:30,2853.1,2854.5,2842.8,2842.8,98350
2025-05-19T11:15:00+05:30,2844,2850.2,2839,2847.7,84350
2025-05-19T12:15:00+05:30,2846.8,2848.9,2831.9,2832.2,93450
2025-05-19T13:15:00+05:30,2832.1,2832.2,2820.8,2824.6,124250
2025-05-19T14:15:00+05:30,2825,2844.4,2822.2,2828.3,183400
2025-05-19T15:15:00+05:30,2827,2831.1,2826.1,2827.8,61600
2025-05-20T09:15:00+05:30,2828,2829.8,2781.9,2788.5,287700
2025-05-20T10:15:00+05:30,2787.6,2799,2784.1,2794.7,157850
2025-05-20T11:15:00+05:30,2794,2799.9,2776.1,2792.6,121800
2025-05-20T12:15:00+05:30,2791.8,2802.2,2788.9,2797.2,94850
2025-05-20T13:15:00+05:30,2796.6,2799.9,2769,2772.7,91700
2025-05-20T14:15:00+05:30,2774.2,2774.2,2755.7,2760.8,191100
2025-05-20T15:15:00+05:30,2761.4,2765.7,2758.1,2764.5,93100
2025-05-21T09:15:00+05:30,2763,2791.3,2744.6,2788.2,185150
2025-05-21T10:15:00+05:30,2790,2811.6,2783.5,2802,172900
2025-05-21T11:15:00+05:30,2802.5,2804.9,2770.5,2771.3,116550
2025-05-21T12:15:00+05:30,2771.5,2787.4,2764.1,2781.2,81550
2025-05-21T13:15:00+05:30,2784,2791.1,2774.2,2774.2,78050
2025-05-21T14:15:00+05:30,2774.2,2785.4,2773,2774.6,136500
2025-05-21T15:15:00+05:30,2775,2777,2771.2,2771.2,62300
2025-05-22T09:15:00+05:30,2789,2789,2725,2730.7,219450
2025-05-22T10:15:00+05:30,2730.7,2746.4,2719,2742.8,108850
2025-05-22T11:15:00+05:30,2742.6,2783.3,2742.6,2781.9,136150
2025-05-22T12:15:00+05:30,2780.6,2797.9,2774.2,2784.9,265650
2025-05-22T13:15:00+05:30,2785.3,2798.9,2783.7,2786,133350
2025-05-22T14:15:00+05:30,2786.4,2810.6,2781.9,2806.3,170450
2025-05-22T15:15:00+05:30,2805.2,2808.2,2802.3,2808.2,102550
2025-05-23T09:15:00+05:30,2828.2,2828.2,2794.4,2799.7,208600
2025-05-23T10:15:00+05:30,2802.5,2805.9,2786.9,2796.3,138250
2025-05-23T11:15:00+05:30,2796.8,2797.6,2787.1,2788.4,123550
2025-05-23T12:15:00+05:30,2788.4,2790.9,2785.4,2787.5,94500
2025-05-23T13:15:00+05:30,2787.1,2790,2783.4,2785,131950
2025-05-23T14:15:00+05:30,2785.2,2793.8,2783.4,2787.4,201250
2025-05-23T15:15:00+05:30,2782.2,2788,2782.2,2787,81900
2025-05-26T09:15:00+05:30,2780,2813.1,2758.9,2800,399350
2025-05-26T10:15:00+05:30,2800.1,2802.4,2784.2,2786.4,517650
2025-05-26T11:15:00+05:30,2786.4,2799.4,2773.2,2790,395850
2025-05-26T12:15:00+05:30,2790,2792.5,2775.6,2775.9,364700
2025-05-26T13:15:00+05:30,2775.9,2789.8,2775.9,2785.6,333900
2025-05-26T14:15:00+05:30,2785.6,2790.5,2779.7,2785.9,334950
2025-05-26T15:15:00+05:30,2785.9,2786.7,2777.7,2779.1,133700
2025-05-27T09:15:00+05:30,2779.1,2785,2743.2,2775.3,685650
2025-05-27T10:15:00+05:30,2775.3,2777,2762.4,2768.1,358050
2025-05-27T11:15:00+05:30,2768.1,2789,2768.1,2786.7,367150
2025-05-27T12:15:00+05:30,2786.7,2804,2777.4,2802.3,793100
2025-05-27T13:15:00+05:30,2802.3,2802.3,2784.3,2784.3,786450
2025-05-27T14:15:00+05:30,2784.3,2806,2783,2804.2,773500
2025-05-27T15:15:00+05:30,2802.3,2803.4,2794.1,2794.9,79450
2025-05-28T09:15:00+05:30,2794.9,2809.5,2779.9,2781.4,314300
2025-05-28T10:15:00+05:30,2781.4,2804.7,2775.6,2799.6,385350
2025-05-28T11:15:00+05:30,2799.6,2803.2,2785.2,2786.9,351750
2025-05-28T12:15:00+05:30,2786.7,2792.7,2779.6,2791.3,370650
2025-05-28T13:15:00+05:30,2792.1,2803.3,2790.6,2797,387800
2025-05-28T14:15:00+05:30,2797,2800.8,2792.1,2798,647850
2025-05-28T15:15:00+05:30,2797,2798.8,2792.4,2792.4,163450
2025-05-29T09:15:00+05:30,2809,2846,2801.1,2844.2,565950
2025-05-29T10:15:00+05:30,2844.2,2845.4,2824.2,2827,344400
2025-05-29T11:15:00+05:30,2827.2,2827.4,2817,2824.8,514150
2025-05-29T12:15:00+05:30,2824.8,2826.2,2818.9,2824.1,547050
2025-05-29T13:15:00+05:30,2824.3,2824.7,2811.1,2811.9,415800
2025-05-29T14:15:00+05:30,2811.6,2826,2811.6,2822.7,359450
2025-05-29T15:15:00+05:30,2825.4,2825.4,2817.1,2819.4,161000
2025-05-30T09:15:00+05:30,2796.1,2799.9,2743.7,2785.8,437150
2025-05-30T10:15:00+05:30,2786.9,2805,2782,2802.4,124950
2025-05-30T11:15:00+05:30,2803.5,2805.7,2793,2797.3,53550
2025-05-30T12:15:00+05:30,2794.4,2799.7,2782.3,2790.8,50050
2025-05-30T13:15:00+05:30,2791.2,2791.2,2784,2787.2,67200
2025-05-30T14:15:00+05:30,2785.3,2811.1,2780.2,2795.5,282450
2025-05-30T15:15:00+05:30,2793.9,2811.9,2793.1,2811.9,168350
2025-06-02T09:15:00+05:30,2805,2805,2738.6,2738.7,430500
2025-06-02T10:15:00+05:30,2738,2763.8,2732,2759.9,221550
2025-06-02T11:15:00+05:30,2759.6,2771,2756.9,2764,106400
2025-06-02T12:15:00+05:30,2765,2775,2760,2775,65100
2025-06-02T13:15:00+05:30,2774.9,2776,2766,2770.6,174300
2025-06-02T14:15:00+05:30,2769.9,2777,2764,2770.7,114450
2025-06-02T15:15:00+05:30,2771.2,2774,2770.5,2770.5,71050
2025-06-03T09:15:00+05:30,2772.3,2783.4,2765.4,2773,133350
2025-06-03T10:15:00+05:30,2771.7,2782.6,2752.3,2753,135100
2025-06-03T11:15:00+05:30,2752,2762.4,2746,2759.2,87150
2025-06-03T12:15:00+05:30,2759.6,2778.6,2758.1,2766.7,128800
2025-06-03T13:15:00+05:30,2767,2770.6,2756.9,2764,75950
2025-06-03T14:15:00+05:30,2762.9,2766.7,2754,2754.1,77700
2025-06-03T15:15:00+05:30,2754,2758.5,2751.3,2756,52150
2025-06-04T09:15:00+05:30,2756.1,2786.2,2755.9,2778.6,131600
2025-06-04T10:15:00+05:30,2776,2783.5,2772,2772.2,55650
2025-06-04T11:15:00+05:30,2769.6,2776.6,2766,2770.2,34650
2025-06-04T12:15:00+05:30,2771.6,2773,2764.6,2767.5,24850
2025-06-04T13:15:00+05:30,2768.9,2768.9,2759,2763.3,42700
2025-06-04T14:15:00+05:30,2763.7,2775.1,2762.3,2768.4,100100
2025-06-04T15:15:00+05:30,2765.9,2777.1,2765.1,2765.1,71750
2025-06-05T09:15:00+05:30,2765.1,2773.1,2750.4,2766.7,160650
2025-06-05T10:15:00+05:30,2764.4,2769.7,2736.5,2748,185850
2025-06-05T11:15:00+05:30,2748.5,2754.4,2711,2735.4,267050
2025-06-05T12:15:00+05:30,2735,2746.3,2728.8,2743,214200
2025-06-05T13:15:00+05:30,2744,2744,2728.9,2730.3,110250
2025-06-05T14:15:00+05:30,2731.7,2735.7,2722.8,2725,153650
2025-06-05T15:15:00+05:30,2725.2,2727.9,2723.1,2727.2,121450
2025-06-06T09:15:00+05:30,2737.2,2753.6,2719.1,2744.1,269500
2025-06-06T10:15:00+05:30,2747.6,2768.1,2740.6,2745.1,521500
2025-06-06T11:15:00+05:30,2746.5,2759.9,2746.5,2756.1,150150
2025-06-06T12:15:00+05:30,2756.1,2758.3,2736.6,2745.5,148750
2025-06-06T13:15:00+05:30,2746.3,2760,2746,2760,117600
2025-06-06T14:15:00+05:30,2759.7,2770.5,2756.1,2760,176050
2025-06-06T15:15:00+05:30,2760.9,2761.1,2757.1,2758.3,59150
2025-06-09T09:15:00+05:30,2762.1,2775,2742.5,2744.4,260750
2025-06-09T10:15:00+05:30,2745,2745,2734.1,2737.1,119000
2025-06-09T11:15:00+05:30,2736.5,2741.1,2730.6,2735.6,73500
2025-06-09T12:15:00+05:30,2736.9,2763,2736.9,2750,198800
2025-06-09T13:15:00+05:30,2750,2758.7,2750,2756.4,82250
2025-06-09T14:15:00+05:30,2755.4,2763,2752.7,2752.7,87500
2025-06-09T15:15:00+05:30,2752.7,2757.9,2752.7,2756,68950
2025-06-10T09:15:00+05:30,2758.4,2767,2743.1,2753,70350
2025-06-10T10:15:00+05:30,2754.4,2771.6,2753,2766.1,100450
2025-06-10T11:15:00+05:30,2766.3,2775,2762,2762,120400
2025-06-10T12:15:00+05:30,2762,2764.9,2750.3,2753.9,117600
2025-06-10T13:15:00+05:30,2753.6,2765,2752,2756.3,82600
2025-06-10T14:15:00+05:30,2756.3,2761.6,2750.1,2752.3,81900
2025-06-10T15:15:00+05:30,2751.4,2754.8,2751.1,2751.7,43050
2025-06-11T09:15:00+05:30,2764.9,2820,2764.9,2811,1104250
2025-06-11T10:15:00+05:30,2812,2815.9,2793,2794.2,346850
2025-06-11T11:15:00+05:30,2794.2,2796.2,2777,2780.5,227500
2025-06-11T12:15:00+05:30,2785,2790,2775.9,2779.7,143500
2025-06-11T13:15:00+05:30,2778.6,2786.3,2773.5,2777,138600
2025-06-11T14:15:00+05:30,2777,2785.3,2776.6,2781.1,161350
2025-06-11T15:15:00+05:30,2779.7,2785,2779.7,2783,84000
2025-06-12T09:15:00+05:30,2802.7,2802.7,2778,2783.2,166950
2025-06-12T10:15:00+05:30,2783.3,2785.9,2770.9,2778.9,152600
2025-06-12T11:15:00+05:30,2778.4,2785,2757.3,2762.9,109550
2025-06-12T12:15:00+05:30,2764,2778,2758.3,2771.9,76300
2025-06-12T13:15:00+05:30,2771.9,2773.9,2747.2,2749,138250
2025-06-12T14:15:00+05:30,2750.4,2759.1,2739.4,2747.4,166600
2025-06-12T15:15:00+05:30,2747,2747,2733,2735,92750
2025-06-13T09:15:00+05:30,2730,2738,2651.4,2724.6,567350
2025-06-13T10:15:00+05:30,2723.4,2725.7,2707.9,2711.5,99400
2025-06-13T11:15:00+05:30,2712.7,2716.1,2709.6,2710.3,52150
2025-06-13T12:15:00+05:30,2708.3,2721.4,2706.5,2720.9,72100
2025-06-13T13:15:00+05:30,2720.6,2744.9,2720.6,2731.2,140700
2025-06-13T14:15:00+05:30,2731.2,2744.7,2729.9,2741,125650
2025-06-13T15:15:00+05:30,2742.1,2747.7,2740.5,2743.3,64400
2025-06-16T09:15:00+05:30,2745.7,2755,2724.2,2744.6,171150
2025-06-16T10:15:00+05:30,2746,2779.2,2744,2777.1,174650
2025-06-16T11:15:00+05:30,2776.5,2794,2776.5,2780.8,168000
2025-06-16T12:15:00+05:30,2780.7,2793,2778,2792.9,51450
2025-06-16T13:15:00+05:30,2793.2,2795,2787.2,2794.2,110950
2025-06-16T14:15:00+05:30,2793.5,2798.9,2788.1,2797,158200
2025-06-16T15:15:00+05:30,2797,2800,2795.2,2795.2,108850
2025-06-17T09:15:00+05:30,2810,2810,2787.5,2795.4,138250
2025-06-17T10:15:00+05:30,2793.9,2802.8,2784.8,2784.8,56000
2025-06-17T11:15:00+05:30,2782.5,2786.5,2777,2782.8,56350
2025-06-17T12:15:00+05:30,2783.5,2800,2778.6,2780.5,137200
2025-06-17T13:15:00+05:30,2780.4,2790,2776.4,2786,85750
2025-06-17T14:15:00+05:30,2787.4,2787.4,2774,2777.8,84700
2025-06-17T15:15:00+05:30,2776.8,2781,2776.8,2777,44100
2025-06-18T09:15:00+05:30,2771,2830.2,2766,2824.7,413000
2025-06-18T10:15:00+05:30,2826.4,2831.2,2809,2825.3,213500
2025-06-18T11:15:00+05:30,2825,2827,2810,2816.5,93800
2025-06-18T12:15:00+05:30,2817,2820.3,2797,2799,82950
2025-06-18T13:15:00+05:30,2799,2801.9,2788,2790.5,55300
2025-06-18T14:15:00+05:30,2790.2,2795.6,2781.3,2782.9,126700
2025-06-18T15:15:00+05:30,2782.7,2787.7,2780.3,2785.7,92750
2025-06-19T09:15:00+05:30,2784.5,2817.7,2782.6,2805.4,249550
2025-06-19T10:15:00+05:30,2804.9,2806.7,2791.7,2794.3,119350
2025-06-19T11:15:00+05:30,2794.8,2796.5,2782.1,2791.3,46900
2025-06-19T12:15:00+05:30,2789.8,2789.8,2776.6,2781.7,68600
2025-06-19T13:15:00+05:30,2780.4,2788.6,2773.9,2781.3,75250
2025-06-19T14:15:00+05:30,2781.7,2792.5,2778,2778,113050
2025-06-19T15:15:00+05:30,2779,2788.1,2779,2786,106400
2025-06-20T09:15:00+05:30,2789,2795.3,2753.4,2779,331100
2025-06-20T10:15:00+05:30,2778.9,2805.5,2774,2800.2,167300
2025-06-20T11:15:00+05:30,2799.2,2827.5,2796.6,2818.9,213850
2025-06-20T12:15:00+05:30,2818.7,2825,2805.9,2820.7,162750
2025-06-20T13:15:00+05:30,2820.5,2826,2819,2820.4,149800
2025-06-20T14:15:00+05:30,2820.4,2837.9,2814.5,2815.9,393400
2025-06-20T15:15:00+05:30,2816,2818.8,2810.1,2810.1,170100
2025-06-23T09:15:00+05:30,2808.9,2810,2765.4,2767.7,518000
2025-06-23T10:15:00+05:30,2770.8,2787.6,2767.9,2779.7,414050
2025-06-23T11:15:00+05:30,2780.5,2790.3,2772.5,2786,427350
2025-06-23T12:15:00+05:30,2786,2789.1,2776.7,2779.2,388850
2025-06-23T13:15:00+05:30,2779.2,2785.7,2777.1,2782.3,617400
2025-06-23T14:15:00+05:30,2782.3,2785.7,2770.6,2784.9,743400
2025-06-23T15:15:00+05:30,2783.5,2785.3,2777.8,2779.2,107450
2025-06-24T09:15:00+05:30,2800,2852,2799.4,2848.8,725900
2025-06-24T10:15:00+05:30,2848.8,2862,2840.5,2859.1,477750
2025-06-24T11:15:00+05:30,2858.3,2870,2852.8,2869,496300
2025-06-24T12:15:00+05:30,2869,2877,2856.2,2858.5,489300
2025-06-24T13:15:00+05:30,2858.4,2861.6,2833,2837.2,497350
2025-06-24T14:15:00+05:30,2837.2,2841.2,2828,2832.3,470400
2025-06-24T15:15:00+05:30,2832.8,2845,2832.8,2838.9,119700
2025-06-25T09:15:00+05:30,2838.9,2870,2835.7,2863.5,498750
2025-06-25T10:15:00+05:30,2863.5,2879,2863.5,2870.6,402500
2025-06-25T11:15:00+05:30,2870.6,2876,2867.7,2873.5,298550
2025-06-25T12:15:00+05:30,2872.9,2890.4,2872,2888.6,622650
2025-06-25T13:15:00+05:30,2888.6,2893.1,2882.3,2890.9,424900
2025-06-25T14:15:00+05:30,2890.9,2919.7,2889.8,2911.2,700350
2025-06-25T15:15:00+05:30,2911.2,2916.2,2907,2910,201600
2025-06-26T09:15:00+05:30,2929.9,2944,2910,2922.8,488250
2025-06-26T10:15:00+05:30,2921.4,2928,2912.2,2914.4,609350
2025-06-26T11:15:00+05:30,2913.6,2919,2907,2913.1,873250
2025-06-26T12:15:00+05:30,2913.5,2920,2902.9,2920,575400
2025-06-26T13:15:00+05:30,2920.2,2921.6,2911.6,2919.1,223300
2025-06-26T14:15:00+05:30,2919.5,2932.1,2912,2921.7,407400
2025-06-26T15:15:00+05:30,2921.7,2927.8,2920.2,2923.2,130900
2025-06-27T09:15:00+05:30,2926.7,2942.8,2922.5,2936.4,248850
2025-06-27T10:15:00+05:30,2936.4,2954.9,2930.7,2936.6,364350
2025-06-27T11:15:00+05:30,2938,2943.5,2935.4,2939,79450
2025-06-27T12:15:00+05:30,2939.4,2964,2939.4,2950,260750
2025-06-27T13:15:00+05:30,2950,2955.3,2947.4,2952.1,110950
2025-06-27T14:15:00+05:30,2952.4,2956.4,2929.4,2935.4,556500
2025-06-27T15:15:00+05:30,2934,2939.6,2927.8,2927.8,376250
2025-06-30T09:15:00+05:30,2936.9,2940.8,2876.4,2907.8,690900
2025-06-30T10:15:00+05:30,2909.6,2947.8,2908.1,2942.7,339500
2025-06-30T11:15:00+05:30,2941.7,2945.6,2918,2928.8,218400
2025-06-30T12:15:00+05:30,2928.3,2929.5,2908.8,2917.5,118650
2025-06-30T13:15:00+05:30,2917.8,2930.9,2913,2917.9,121800
2025-06-30T14:15:00+05:30,2918.1,2933,2915,2921,203000
2025-06-30T15:15:00+05:30,2920.3,2925.5,2918.3,2920.6,104650
2025-07-01T09:15:00+05:30,2926,2944,2918,2933.3,227500
2025-07-01T10:15:00+05:30,2932.5,2939,2916,2922.5,103250
2025-07-01T11:15:00+05:30,2922.3,2942,2920.2,2927.8,208250
2025-07-01T12:15:00+05:30,2927.2,2933,2911.4,2929,237300
2025-07-01T13:15:00+05:30,2929,2929.5,2892.3,2904.4,663950
2025-07-01T14:15:00+05:30,2905,2907,2896.2,2902.8,255150
2025-07-01T15:15:00+05:30,2902,2905,2900,2903.5,106050
2025-07-02T09:15:00+05:30,2905,2919.4,2889.3,2893.8,213500
2025-07-02T10:15:00+05:30,2896.6,2901.8,2890.8,2894.7,111300
2025-07-02T11:15:00+05:30,2894.6,2903.2,2890,2893.1,141400
2025-07-02T12:15:00+05:30,2895,2906.1,2891.3,2904.2,77700
2025-07-02T13:15:00+05:30,2901.5,2903,2891.6,2902.5,61600
2025-07-02T14:15:00+05:30,2901.6,2911.9,2897.9,2907.2,159950
2025-07-02T15:15:00+05:30,2907.3,2909.4,2905.1,2908.6,50050
2025-07-03T09:15:00+05:30,2927,2954.2,2914,2945.9,458150
2025-07-03T10:15:00+05:30,2946.1,2949.2,2929.2,2932,132300
2025-07-03T11:15:00+05:30,2932.3,2933.6,2925,2928,60550
2025-07-03T12:15:00+05:30,2928,2932,2921.8,2924.2,65450
2025-07-03T13:15:00+05:30,2925,2929.5,2916.1,2918.3,88550
2025-07-03T14:15:00+05:30,2920,2923,2906.4,2910,171850
2025-07-03T15:15:00+05:30,2910.2,2913.5,2909,2909.1,65800
2025-07-04T09:15:00+05:30,2909.9,2920,2900,2905.7,127050
2025-07-04T10:15:00+05:30,2907.2,2907.2,2886.4,2886.5,92400
2025-07-04T11:15:00+05:30,2887,2887,2860,2868,204400
2025-07-04T12:15:00+05:30,2867.1,2882,2862.3,2879.7,128800
2025-07-04T13:15:00+05:30,2879.7,2892.6,2876,2882.8,58450
2025-07-04T14:15:00+05:30,2883.8,2899.2,2883.1,2893.1,177450
2025-07-04T15:15:00+05:30,2893.1,2893.1,2886.1,2892,75950
2025-07-07T09:15:00+05:30,2893.3,2898,2876.2,2881.6,147700
2025-07-07T10:15:00+05:30,2880.5,2888.7,2872.3,2885.6,88200
2025-07-07T11:15:00+05:30,2886.4,2891.9,2881.8,2887.2,58100
2025-07-07T12:15:00+05:30,2886.5,2889.8,2877.3,2880.9,46200
2025-07-07T13:15:00+05:30,2880.5,2881.8,2872.2,2879.9,54600
2025-07-07T14:15:00+05:30,2879.6,2883.8,2871.7,2880.9,85400
2025-07-07T15:15:00+05:30,2881.1,2882.7,2878.6,2878.6,56350
2025-07-08T09:15:00+05:30,2883.2,2885.2,2842.1,2847.1,212450
2025-07-08T10:15:00+05:30,2847.1,2852.9,2818.4,2821.6,189700
2025-07-08T11:15:00+05:30,2821,2821,2807.6,2818.3,149100
2025-07-08T12:15:00+05:30,2818.5,2834.4,2816.2,2831.6,96250
2025-07-08T13:15:00+05:30,2832.2,2835.4,2824.1,2826.4,62650
2025-07-08T14:15:00+05:30,2826,2841.9,2822.3,2839.6,115500
2025-07-08T15:15:00+05:30,2839.1,2842,2833.5,2835.5,82600
2025-07-09T09:15:00+05:30,2836.5,2846.4,2827.8,2845.1,106750
2025-07-09T10:15:00+05:30,2843.8,2846.8,2840.1,2843.9,56700
2025-07-09T11:15:00+05:30,2844,2844.3,2826.9,2835.5,99050
2025-07-09T12:15:00+05:30,2835.8,2846,2832,2845.4,87150
2025-07-09T13:15:00+05:30,2845,2846,2838.2,2843.7,52500
2025-07-09T14:15:00+05:30,2843.7,2849.8,2838.2,2848.8,142800
2025-07-09T15:15:00+05:30,2848,2849.5,2842.4,2842.4,47600
2025-07-10T09:15:00+05:30,2822.6,2852.1,2822.6,2834.9,98000
2025-07-10T10:15:00+05:30,2836.1,2845.8,2830.2,2831.7,47250
2025-07-10T11:15:00+05:30,2833.3,2834.4,2825,2829.6,40950
2025-07-10T12:15:00+05:30,2829.6,2838.9,2829.1,2831,36400
2025-07-10T13:15:00+05:30,2830.5,2842,2830.5,2841.6,27300
2025-07-10T14:15:00+05:30,2840.9,2842.1,2829,2831,67200
2025-07-10T15:15:00+05:30,2831.8,2831.8,2825.1,2825.1,54950
2025-07-11T09:15:00+05:30,2820,2829.2,2799.5,2801.3,176400
2025-07-11T10:15:00+05:30,2802.1,2802.6,2784,2794.8,119350
2025-07-11T11:15:00+05:30,2793.3,2796.8,2780.2,2784.8,70000
2025-07-11T12:15:00+05:30,2783.6,2787,2763,2767.4,100100
2025-07-11T13:15:00+05:30,2768.9,2769.9,2760.3,2765.9,87850
2025-07-11T14:15:00+05:30,2766.9,2773.5,2761.6,2767.3,210000
2025-07-11T15:15:00+05:30,2766.2,2766.2,2753.1,2755,105700
2025-07-14T09:15:00+05:30,2754,2786.6,2748.6,2784.8,229950
2025-07-14T10:15:00+05:30,2787,2787,2770,2770.8,100100
2025-07-14T11:15:00+05:30,2770,2803.9,2770,2798,140700
2025-07-14T12:15:00+05:30,2799,2814.6,2791,2792,137900
2025-07-14T13:15:00+05:30,2792.4,2808.2,2788.7,2808.1,116550
2025-07-14T14:15:00+05:30,2808.3,2817.9,2802,2813.6,347550
2025-07-14T15:15:00+05:30,2814.4,2816.4,2810.9,2814,83650
2025-07-15T09:15:00+05:30,2811.4,2842.6,2809.2,2836,169400
2025-07-15T10:15:00+05:30,2839.2,2880.6,2828.9,2877.3,260750
2025-07-15T11:15:00+05:30,2879.6,2906.5,2878,2884.5,312200
2025-07-15T12:15:00+05:30,2884.5,2903,2878.9,2901.8,176050
2025-07-15T13:15:00+05:30,2900.7,2908,2881,2882,295400
2025-07-15T14:15:00+05:30,2882,2892,2879,2892,228900
2025-07-15T15:15:00+05:30,2890,2896,2887,2895.7,145600
2025-07-16T09:15:00+05:30,2884.4,2892.8,2866.6,2881.7,144200
2025-07-16T10:15:00+05:30,2881.7,2882.4,2876.1,2882,55650
2025-07-16T11:15:00+05:30,2881.1,2885.9,2875.3,2881.4,57400
2025-07-16T12:15:00+05:30,2881.4,2894.9,2879,2889.8,91350
2025-07-16T13:15:00+05:30,2889.9,2906.9,2887.7,2905.5,98700
2025-07-16T14:15:00+05:30,2903.9,2904.9,2893.4,2899.4,121450
2025-07-16T15:15:00+05:30,2899.7,2900.7,2894.3,2894.3,78400
2025-07-17T09:15:00+05:30,2898.9,2917,2898.9,2900.7,176050
2025-07-17T10:15:00+05:30,2902.3,2913,2892.1,2897.7,122150
2025-07-17T11:15:00+05:30,2896.2,2905.5,2887.6,2888.7,162750
2025-07-17T12:15:00+05:30,2887.6,2890.9,2883.4,2885.9,55300
2025-07-17T13:15:00+05:30,2885.6,2893.1,2885.6,2890.9,40600
2025-07-17T14:15:00+05:30,2889.6,2891.7,2885.5,2891.5,87850
2025-07-17T15:15:00+05:30,2891.5,2892.8,2886.4,2886.7,50400
2025-07-18T09:15:00+05:30,2895.8,2904.3,2883.3,2888.3,86800
2025-07-18T10:15:00+05:30,2890.2,2890.2,2869.3,2881.2,105350
2025-07-18T11:15:00+05:30,2878.8,2878.9,2860,2867.5,107100
2025-07-18T12:15:00+05:30,2868,2880.6,2863.8,2872.2,105700
2025-07-18T13:15:00+05:30,2871.6,2878.4,2869.3,2870.1,71050
2025-07-18T14:15:00+05:30,2870.1,2875.4,2857.3,2861.2,108850
2025-07-18T15:15:00+05:30,2861.1,2863.3,2856.5,2863.3,59850
2025-07-21T09:15:00+05:30,2860.2,2895,2847.2,2888.8,176750
2025-07-21T10:15:00+05:30,2887.5,2888,2878,2886,144550
2025-07-21T11:15:00+05:30,2880.1,2888.9,2870,2871.7,83650
2025-07-21T12:15:00+05:30,2870.9,2870.9,2863.2,2867.2,45500
2025-07-21T13:15:00+05:30,2866.2,2867.2,2847.6,2848.9,91700
2025-07-21T14:15:00+05:30,2848.8,2850.7,2841.1,2847.2,140700
2025-07-21T15:15:00+05:30,2846.6,2849.7,2841,2843.3,109900
2025-07-22T09:15:00+05:30,2841,2845,2807.7,2809.7,204750
2025-07-22T10:15:00+05:30,2810.7,2817.9,2798.5,2805.7,146650
2025-07-22T11:15:00+05:30,2804.1,2805.7,2795.9,2800.5,90650
2025-07-22T12:15:00+05:30,2799.7,2807.9,2798.5,2800.2,72800
2025-07-22T13:15:00+05:30,2800.9,2815.4,2796.8,2811.3,69650
2025-07-22T14:15:00+05:30,2810.4,2813,2796.6,2798.5,94500
2025-07-22T15:15:00+05:30,2797,2809.6,2796,2805.8,50400
2025-07-23T09:15:00+05:30,2817.6,2842.6,2805.7,2831.2,198800
2025-07-23T10:15:00+05:30,2830,2831.2,2806,2806.2,113750
2025-07-23T11:15:00+05:30,2806.5,2815,2799,2815,100100
2025-07-23T12:15:00+05:30,2815.1,2818.5,2809,2814.8,79800
2025-07-23T13:15:00+05:30,2811.1,2816,2802.8,2803.3,49700
2025-07-23T14:15:00+05:30,2805.1,2811.4,2803.8,2809,49350
2025-07-23T15:15:00+05:30,2809.6,2815.7,2809,2815.5,77000
2025-07-24T09:15:00+05:30,2824.8,2832.8,2809,2812.5,115850
2025-07-24T10:15:00+05:30,2812,2818.3,2795.5,2797,104300
2025-07-24T11:15:00+05:30,2798.5,2805.1,2785.5,2796.2,122500
2025-07-24T12:15:00+05:30,2798,2810.8,2794.7,2802,66500
2025-07-24T13:15:00+05:30,2803.1,2807.4,2801,2805.3,25900
2025-07-24T14:15:00+05:30,2805.3,2808.8,2796.6,2799.1,93100
2025-07-24T15:15:00+05:30,2799,2803.9,2797.9,2801,44450
2025-07-25T09:15:00+05:30,2782.4,2789.2,2735.8,2738,332150
2025-07-25T10:15:00+05:30,2735.4,2747.7,2732.9,2740.6,162750
2025-07-25T11:15:00+05:30,2740.8,2750.8,2738.4,2742.9,90300
2025-07-25T12:15:00+05:30,2740.5,2755.6,2736.2,2748.2,53550
2025-07-25T13:15:00+05:30,2748.3,2770.1,2744.1,2766.7,164500
2025-07-25T14:15:00+05:30,2767.5,2782.7,2764.3,2780.5,221200
2025-07-25T15:15:00+05:30,2780.8,2786.8,2772.3,2780.2,111650
2025-07-28T09:15:00+05:30,2780.2,2822.8,2761.7,2820.7,515200
2025-07-28T10:15:00+05:30,2820.1,2837.8,2800.1,2803.4,460600
2025-07-28T11:15:00+05:30,2804.2,2817.4,2795.8,2804,318500
2025-07-28T12:15:00+05:30,2802.4,2809.1,2793.9,2803.4,343000
2025-07-28T13:15:00+05:30,2803.4,2832.4,2799.3,2803.6,437150
2025-07-28T14:15:00+05:30,2801.4,2812,2795.5,2808,426650
2025-07-28T15:15:00+05:30,2808.2,2811.4,2802.6,2811.4,104650
2025-07-29T09:15:00+05:30,2811.4,2829.5,2799.9,2809.1,394100
2025-07-29T10:15:00+05:30,2809.1,2814.5,2790.2,2793,319200
2025-07-29T11:15:00+05:30,2793,2811,2793,2803.2,483000
2025-07-29T12:15:00+05:30,2803.2,2814.3,2799.4,2799.8,495600
2025-07-29T13:15:00+05:30,2799.8,2803.2,2797.7,2797.9,393750
2025-07-29T14:15:00+05:30,2797.9,2807.7,2796.6,2804.9,432600
2025-07-29T15:15:00+05:30,2802.4,2816.9,2802,2814.1,252000
2025-07-30T09:15:00+05:30,2814.1,2824.5,2802.8,2815.4,333900
2025-07-30T10:15:00+05:30,2815.4,2815.4,2796.5,2804.4,295400
2025-07-30T11:15:00+05:30,2804.4,2810.5,2789,2791,353500
2025-07-30T12:15:00+05:30,2791,2792.1,2759.2,2761.7,421400
2025-07-30T13:15:00+05:30,2761.7,2784.7,2755.8,2783.9,379750
2025-07-30T14:15:00+05:30,2783.9,2800.1,2783.9,2795,599900
2025-07-30T15:15:00+05:30,2795,2796.8,2783.3,2785.1,85750
2025-07-31T09:15:00+05:30,2792.5,2800.6,2758.8,2783.7,797300
2025-07-31T10:15:00+05:30,2786,2815,2783.6,2810,504700
2025-07-31T11:15:00+05:30,2810,2825,2802.1,2811,450800
2025-07-31T12:15:00+05:30,2815,2832.3,2809.6,2829.2,237300
2025-07-31T13:15:00+05:30,2831,2857.5,2780.8,2808.4,1832600
2025-07-31T14:15:00+05:30,2810.2,2818,2796.2,2803.7,449050
2025-07-31T15:15:00+05:30,2804.3,2811.3,2802,2805.2,269150
2025-08-01T09:15:00+05:30,2810,2877.3,2800,2874.3,1523550
2025-08-01T10:15:00+05:30,2871.8,2896,2840,2840.8,648900
2025-08-01T11:15:00+05:30,2839,2843.9,2818.1,2829.7,273000
2025-08-01T12:15:00+05:30,2829.7,2882.4,2820,2864.8,848750
2025-08-01T13:15:00+05:30,2866.9,2892,2859,2880.1,351050
2025-08-01T14:15:00+05:30,2880,2887,2861.3,2867,299600
2025-08-01T15:15:00+05:30,2867.3,2877.8,2859.1,2875,226800
2025-08-04T09:15:00+05:30,2895,2968.9,2889,2920.9,1338050
2025-08-04T10:15:00+05:30,2921.2,2955,2916.8,2952.9,486500
2025-08-04T11:15:00+05:30,2952.3,2964,2946.6,2960.1,276850
2025-08-04T12:15:00+05:30,2960.1,2974.5,2954.4,2955,411250
2025-08-04T13:15:00+05:30,2958.4,2958.4,2933,2936.4,323400
2025-08-04T14:15:00+05:30,2936.8,2952.3,2933.3,2943.9,386400
2025-08-04T15:15:00+05:30,2943.2,2943.7,2936.7,2938.6,232050
2025-08-05T09:15:00+05:30,2949.1,2949.3,2917,2929.8,227850
2025-08-05T10:15:00+05:30,2927.6,2964,2925.2,2960,309050
2025-08-05T11:15:00+05:30,2960.6,2970,2953.3,2961.1,455700
2025-08-05T12:15:00+05:30,2962.4,2980,2960.6,2971.8,195650
2025-08-05T13:15:00+05:30,2972.9,2983.8,2967,2972.4,219450
2025-08-05T14:15:00+05:30,2973,2979,2969,2975.7,169050
2025-08-05T15:15:00+05:30,2974.8,2979.7,2974,2978,132650
2025-08-06T09:15:00+05:30,2978.9,2996.9,2952.2,2956.5,407050
2025-08-06T10:15:00+05:30,2958,2967.8,2942.4,2948,162750
2025-08-06T11:15:00+05:30,2948.6,2977.3,2943.3,2970.9,162050
2025-08-06T12:15:00+05:30,2971,2972.8,2960,2964.3,96950
2025-08-06T13:15:00+05:30,2963.1,2971,2956.2,2961.2,84000
2025-08-06T14:15:00+05:30,2960.9,2963.2,2953.9,2957.4,102200
2025-08-06T15:15:00+05:30,2956.6,2959.5,2954.6,2958.1,70350
2025-08-07T09:15:00+05:30,2960,2993.8,2937.7,2970.1,480200
2025-08-07T10:15:00+05:30,2970.8,2970.8,2955.3,2957.1,120750
2025-08-07T11:15:00+05:30,2957.3,2971.9,2957.3,2968.6,85400
2025-08-07T12:15:00+05:30,2970,2973.5,2961.2,2961.6,81200
2025-08-07T13:15:00+05:30,2963,2972.5,2947.4,2965.5,180600
2025-08-07T14:15:00+05:30,2966.8,3016.5,2966.8,3011.1,541450
2025-08-07T15:15:00+05:30,3010.8,3017.9,3010.8,3016,152950
2025-08-08T09:15:00+05:30,3012,3021.3,2989,2997.7,256900
2025-08-08T10:15:00+05:30,2996.5,3003.1,2993,2998,67200
2025-08-08T11:15:00+05:30,2997.1,3004.4,2987,2993.2,102900
2025-08-08T12:15:00+05:30,2991.7,3004.9,2985.6,2989.8,115150
2025-08-08T13:15:00+05:30,2991,2995.7,2983.7,2985.8,111300
2025-08-08T14:15:00+05:30,2988.4,2993.9,2970,2970.9,163100
2025-08-08T15:15:00+05:30,2971.5,2974.6,2968,2970.2,67200
2025-08-11T09:15:00+05:30,2984.9,2995.5,2963,2975,212100
2025-08-11T10:15:00+05:30,2978,2986.8,2968.7,2971,78050
2025-08-11T11:15:00+05:30,2973,2978,2961.4,2969,109550
2025-08-11T12:15:00+05:30,2968.7,2984,2968.7,2978.7,165200
2025-08-11T13:15:00+05:30,2978.8,2988,2975.3,2986.8,93450
2025-08-11T14:15:00+05:30,2987.9,2993.1,2982.9,2989,114100
2025-08-11T15:15:00+05:30,2989.5,2991.5,2987.1,2990.8,60550
2025-08-12T09:15:00+05:30,2990.1,2995,2977.6,2988.4,180250
2025-08-12T10:15:00+05:30,2990,3003.8,2989.4,2989.8,153650
2025-08-12T11:15:00+05:30,2988.4,2993.7,2981.1,2981.1,81200
2025-08-12T12:15:00+05:30,2981.5,2989,2971,2973.4,123200
2025-08-12T13:15:00+05:30,2973.3,2980.7,2967.9,2968,84700
2025-08-12T14:15:00+05:30,2968.4,2980.8,2965.4,2971.9,135450
2025-08-12T15:15:00+05:30,2972.7,2973.9,2968.9,2968.9,56700
2025-08-13T09:15:00+05:30,2975,2989.9,2942,2986.5,1305850
2025-08-13T10:15:00+05:30,2987,3015.6,2983.9,3014.8,369950
2025-08-13T11:15:00+05:30,3013.6,3020,2998.8,3009.2,248500
2025-08-13T12:15:00+05:30,3009.2,3010.6,2995.1,2997.9,139300
2025-08-13T13:15:00+05:30,2999,3010.9,2992.5,3010.9,168000
2025-08-13T14:15:00+05:30,3011,3012.4,2994,2995.9,212450
2025-08-13T15:15:00+05:30,2995.3,3000.6,2994.3,3000.6,63350
2025-08-14T09:15:00+05:30,3002.9,3017.4,2966.5,2966.5,402150
2025-08-14T10:15:00+05:30,2968,2979.4,2963,2975.3,143500
2025-08-14T11:15:00+05:30,2975.1,3002.9,2969,2999.4,217350
2025-08-14T12:15:00+05:30,2995.6,3003.9,2991.9,3001,85400
2025-08-14T13:15:00+05:30,3002,3008.5,2994.3,3006,274750
2025-08-14T14:15:00+05:30,3007,3008.3,2994.5,2999.6,268800
2025-08-14T15:15:00+05:30,2999.3,2999.7,2994.5,2996.5,73500
2025-08-18T09:15:00+05:30,3145,3206.9,3105,3201.5,2535050
2025-08-18T10:15:00+05:30,3202.4,3224,3197.3,3201.9,865200
2025-08-18T11:15:00+05:30,3200.3,3215.6,3191.3,3193,284900
2025-08-18T12:15:00+05:30,3193,3200.7,3177,3196.1,319900
2025-08-18T13:15:00+05:30,3196.6,3209.6,3188.6,3207.7,238700
2025-08-18T14:15:00+05:30,3207,3212,3193.7,3194.6,351400
2025-08-18T15:15:00+05:30,3193.2,3199.8,3190.8,3192.9,185150
2025-08-19T09:15:00+05:30,3189.7,3222.9,3178.8,3213.8,614950
2025-08-19T10:15:00+05:30,3215.7,3216.1,3200.1,3212.1,284200
2025-08-19T11:15:00+05:30,3211.8,3226,3204.1,3223,194250
2025-08-19T12:15:00+05:30,3223.6,3232,3218.2,3229.1,148400
2025-08-19T13:15:00+05:30,3229.9,3230.8,3220.1,3227.9,132300
2025-08-19T14:15:00+05:30,3227.5,3233.3,3223.4,3228,225050
2025-08-19T15:15:00+05:30,3228.8,3231,3225.6,3229,134400
2025-08-20T09:15:00+05:30,3220,3245,3207.5,3220,320950
2025-08-20T10:15:00+05:30,3220,3220,3211.2,3217.6,146300
2025-08-20T11:15:00+05:30,3217.2,3228.6,3212.8,3221.5,231350
2025-08-20T12:15:00+05:30,3221.5,3222.9,3203.7,3203.9,303800
2025-08-20T13:15:00+05:30,3203.6,3213.7,3198.3,3206.1,154700
2025-08-20T14:15:00+05:30,3206.1,3211.2,3201.4,3207.1,226800
2025-08-20T15:15:00+05:30,3206,3210,3204.3,3209.9,52850
2025-08-21T09:15:00+05:30,3210,3238,3202.3,3234.2,258300
2025-08-21T10:15:00+05:30,3235.4,3238.5,3228.1,3230.3,179900
2025-08-21T11:15:00+05:30,3230.8,3239,3228,3231,121800
2025-08-21T12:15:00+05:30,3232.1,3240,3228.1,3230.7,119350
2025-08-21T13:15:00+05:30,3230.7,3273.6,3223.7,3269.7,591150
2025-08-21T14:15:00+05:30,3269.6,3276.4,3253,3255,331450
2025-08-21T15:15:00+05:30,3255.3,3256.1,3250,3250,87850
2025-08-22T09:15:00+05:30,3260,3273.4,3247.1,3254.7,740600
2025-08-22T10:15:00+05:30,3252.8,3262.4,3248.3,3255.3,479150
2025-08-22T11:15:00+05:30,3255.2,3271.4,3253.6,3266.5,641900
2025-08-22T12:15:00+05:30,3266.5,3268.6,3259.6,3262.9,480200
2025-08-22T13:15:00+05:30,3262.9,3270.6,3262.9,3266.5,512050
2025-08-22T14:15:00+05:30,3266.5,3270,3263,3265.4,475650
2025-08-22T15:15:00+05:30,3265.6,3267.5,3261.6,3267.5,136850
2025-08-25T09:15:00+05:30,3285,3333.3,3258,3280.2,833000
2025-08-25T10:15:00+05:30,3280.2,3286.9,3276.6,3277.2,462700
2025-08-25T11:15:00+05:30,3277.2,3283.2,3273,3283.1,460950
2025-08-25T12:15:00+05:30,3283.1,3284.9,3278.5,3281.2,487900
2025-08-25T13:15:00+05:30,3281.2,3283.5,3279.4,3280.1,589400
2025-08-25T14:15:00+05:30,3280.1,3288,3280.1,3283.1,489650
2025-08-25T15:15:00+05:30,3283.1,3285,3281,3281.2,152600
2025-08-26T09:15:00+05:30,3279,3282.5,3251.1,3274.2,673750
2025-08-26T10:15:00+05:30,3272,3298.4,3269.7,3280,597800
2025-08-26T11:15:00+05:30,3280,3292.1,3279.6,3289.7,411950
2025-08-26T12:15:00+05:30,3289.7,3297.4,3274,3283.4,350000
2025-08-26T13:15:00+05:30,3283.4,3295.7,3282.8,3288,735000
2025-08-26T14:15:00+05:30,3288,3292.4,3273.1,3273.1,709100
2025-08-26T15:15:00+05:30,3274.4,3279,3263.9,3277.4,158550
2025-08-28T09:15:00+05:30,3331.2,3351,3284.9,3293.3,547050
2025-08-28T10:15:00+05:30,3291.5,3294.9,3280,3286.1,564200
2025-08-28T11:15:00+05:30,3286,3302.9,3284,3292.7,329700
2025-08-28T12:15:00+05:30,3292.7,3298.4,3282.3,3285.1,576450
2025-08-28T13:15:00+05:30,3285.1,3290.6,3282.3,3289.3,473200
2025-08-28T14:15:00+05:30,3286.7,3298.6,3276.8,3278.2,338450
2025-08-28T15:15:00+05:30,3277,3282.9,3268,3274.3,215950
2025-08-29T09:15:00+05:30,3260.1,3307.5,3260.1,3305.8,422450
2025-08-29T10:15:00+05:30,3305,3313.9,3298.9,3310.1,164850
2025-08-29T11:15:00+05:30,3310.7,3327,3306.8,3318.2,191450
2025-08-29T12:15:00+05:30,3318,3323.5,3310.2,3311.5,103600
2025-08-29T13:15:00+05:30,3309,3315.4,3306.1,3310.5,101850
2025-08-29T14:15:00+05:30,3310.5,3313.4,3290.6,3291.1,162400
2025-08-29T15:15:00+05:30,3291.8,3303.3,3285,3303.3,122500
2025-09-01T09:15:00+05:30,3304.9,3313.8,3294.5,3309.1,184100
2025-09-01T10:15:00+05:30,3309.7,3321.5,3300,3319.7,115850
2025-09-01T11:15:00+05:30,3318.5,3354.9,3317.4,3350.4,265650
2025-09-01T12:15:00+05:30,3350.9,3395.2,3346.1,3388,730450
2025-09-01T13:15:00+05:30,3390.1,3393.5,3371,3385.4,257250
2025-09-01T14:15:00+05:30,3386.6,3388.5,3372.1,3377.8,212100
2025-09-01T15:15:00+05:30,3377.6,3378.9,3370.5,3373,105000
2025-09-02T09:15:00+05:30,3384.8,3384.8,3349.2,3380,401100
2025-09-02T10:15:00+05:30,3380,3387,3378.2,3383,131600
2025-09-02T11:15:00+05:30,3386.1,3407.7,3382,3395.9,233450
2025-09-02T12:15:00+05:30,3395.3,3398.1,3388.1,3394,71400
2025-09-02T13:15:00+05:30,3393.3,3396,3375.9,3385.1,171850
2025-09-02T14:15:00+05:30,3383.6,3390.9,3375.2,3384.2,198800
2025-09-02T15:15:00+05:30,3382.6,3383.4,3376.1,3380.9,126000
2025-09-03T09:15:00+05:30,3377.1,3388.6,3363,3373.2,248850
2025-09-03T10:15:00+05:30,3375.7,3403,3373.2,3397,117600
2025-09-03T11:15:00+05:30,3396.7,3415,3390.3,3412.7,165900
2025-09-03T12:15:00+05:30,3411.2,3423.9,3411.2,3415.7,108150
2025-09-03T13:15:00+05:30,3416.2,3424,3402.2,3409,125300
2025-09-03T14:15:00+05:30,3410,3420,3401.2,3414.5,176750
2025-09-03T15:15:00+05:30,3413,3417.4,3408,3409.7,66150
2025-09-04T09:15:00+05:30,3489,3489,3443,3451.6,738850
2025-09-04T10:15:00+05:30,3452,3455.1,3434.5,3448.7,268800
2025-09-04T11:15:00+05:30,3449,3461.7,3439.7,3453,232400
2025-09-04T12:15:00+05:30,3456.4,3467,3448.1,3463.2,106750
2025-09-04T13:15:00+05:30,3462.6,3464.9,3450.2,3454.9,108500
2025-09-04T14:15:00+05:30,3456.3,3460,3440.3,3442.4,206150
2025-09-04T15:15:00+05:30,3442.4,3444.9,3436,3438,103600
2025-09-05T09:15:00+05:30,3459,3488,3456.3,3474.7,423150
2025-09-05T10:15:00+05:30,3475.6,3482.9,3466.3,3473.8,112000
2025-09-05T11:15:00+05:30,3472.6,3480,3470,3471.6,104300
2025-09-05T12:15:00+05:30,3472.5,3477.9,3468.6,3477,44800
2025-09-05T13:15:00+05:30,3478,3491.8,3473.2,3488.6,125650
2025-09-05T14:15:00+05:30,3487.5,3498.4,3484.8,3493,285250
2025-09-05T15:15:00+05:30,3492.9,3497.9,3491.3,3497.9,92750
2025-09-08T09:15:00+05:30,3516,3569.7,3514.9,3562.5,678300
2025-09-08T10:15:00+05:30,3564,3587,3552.7,3582.3,314300
2025-09-08T11:15:00+05:30,3580.7,3606.2,3575,3601.6,200550
2025-09-08T12:15:00+05:30,3602.4,3607.3,3594.2,3604.1,87500
2025-09-08T13:15:00+05:30,3605.8,3617.7,3597.6,3608.8,192150
2025-09-08T14:15:00+05:30,3607,3609.3,3592.2,3601,220500
2025-09-08T15:15:00+05:30,3601.7,3608.4,3596,3604.9,113400
2025-09-09T09:15:00+05:30,3606.7,3618.2,3566.7,3568,387450
2025-09-09T10:15:00+05:30,3568,3578.8,3562.5,3574.3,183750
2025-09-09T11:15:00+05:30,3573.1,3578,3562.1,3574.8,135100
2025-09-09T12:15:00+05:30,3574.8,3577.9,3568.1,3574.2,81200
2025-09-09T13:15:00+05:30,3573.2,3590,3572.8,3584.5,130200
2025-09-09T14:15:00+05:30,3584,3588,3575.8,3580.8,100800
2025-09-09T15:15:00+05:30,3581.3,3594.9,3580,3594,79450
2025-09-10T09:15:00+05:30,3629,3629,3531.1,3544.1,510650
2025-09-10T10:15:00+05:30,3543.1,3543.1,3524.4,3528.4,173950
2025-09-10T11:15:00+05:30,3528.3,3528.5,3497.1,3511.4,412650
2025-09-10T12:15:00+05:30,3512.7,3530.7,3509.5,3527,96600
2025-09-10T13:15:00+05:30,3525.4,3530.9,3507.4,3509.5,114100
2025-09-10T14:15:00+05:30,3510,3514.4,3498.4,3510.3,237300
2025-09-10T15:15:00+05:30,3511.5,3517.9,3511.5,3512.1,123550
2025-09-11T09:15:00+05:30,3505.5,3518,3482.8,3485.4,354200
2025-09-11T10:15:00+05:30,3486.2,3490.3,3473.1,3488.3,112000
2025-09-11T11:15:00+05:30,3488.2,3501.4,3485.4,3495,116550
2025-09-11T12:15:00+05:30,3495,3515.1,3494,3513.2,160650
2025-09-11T13:15:00+05:30,3512.7,3532.8,3510.3,3525.8,252350
2025-09-11T14:15:00+05:30,3524.8,3529,3515.7,3517.4,124950
2025-09-11T15:15:00+05:30,3519,3524,3518,3523.6,84700
2025-09-12T09:15:00+05:30,3528.2,3565,3518.4,3542.1,356300
2025-09-12T10:15:00+05:30,3542.8,3545,3533.6,3538,101850
2025-09-12T11:15:00+05:30,3537.9,3543.5,3526.1,3528,75250
2025-09-12T12:15:00+05:30,3528.8,3536.3,3520.1,3521.1,64400
2025-09-12T13:15:00+05:30,3522,3523.1,3496,3505.4,204050
2025-09-12T14:15:00+05:30,3506.7,3507.8,3500.6,3507.8,103950
2025-09-12T15:15:00+05:30,3507.8,3512.1,3507.3,3511.7,59850
2025-09-15T09:15:00+05:30,3544.9,3544.9,3495.8,3498.3,175350
2025-09-15T10:15:00+05:30,3499.4,3508,3497,3497,60550
2025-09-15T11:15:00+05:30,3500.1,3504,3490.2,3490.6,93800
2025-09-15T12:15:00+05:30,3490.1,3499.7,3487,3492.7,82950
2025-09-15T13:15:00+05:30,3492,3500.2,3486.3,3489,84000
2025-09-15T14:15:00+05:30,3489.9,3497.5,3486.2,3492.7,169400
2025-09-15T15:15:00+05:30,3494.9,3500,3491.9,3497.6,90300
2025-09-16T09:15:00+05:30,3495,3527.9,3495,3521,211400
2025-09-16T10:15:00+05:30,3521,3532.6,3512.3,3520.8,78050
2025-09-16T11:15:00+05:30,3521.8,3521.8,3509.4,3514.3,65800
2025-09-16T12:15:00+05:30,3515.8,3526.8,3509.7,3523.4,64050
2025-09-16T13:15:00+05:30,3524.4,3526.8,3513.1,3515.7,113750
2025-09-16T14:15:00+05:30,3514.9,3521.5,3511.7,3515.5,154350
2025-09-16T15:15:00+05:30,3515.4,3517,3512.9,3516.4,109550
2025-09-17T09:15:00+05:30,3519.6,3520.6,3500,3512.8,150500
2025-09-17T10:15:00+05:30,3512.3,3524.5,3511.1,3522.6,72450
2025-09-17T11:15:00+05:30,3523,3531.6,3518,3531,77350
2025-09-17T12:15:00+05:30,3531,3531.9,3519,3526,58800
2025-09-17T13:15:00+05:30,3526.2,3526.2,3507.3,3511,80500
2025-09-17T14:15:00+05:30,3511.9,3516.9,3508,3510,118300
2025-09-17T15:15:00+05:30,3510.9,3513.7,3508.7,3513.7,65800
2025-09-18T09:15:00+05:30,3540.9,3540.9,3507.8,3523,185150
2025-09-18T10:15:00+05:30,3524,3528,3518.2,3518.2,64750
2025-09-18T11:15:00+05:30,3518.4,3522.9,3515.2,3515.2,52850
2025-09-18T12:15:00+05:30,3515.4,3518.9,3505.1,3518.2,95900
2025-09-18T13:15:00+05:30,3518.2,3537.5,3517.4,3535,117950
2025-09-18T14:15:00+05:30,3534.3,3559,3533.2,3557,331800
2025-09-18T15:15:00+05:30,3553,3556.1,3547.9,3551.9,115850
2025-09-19T09:15:00+05:30,3559.1,3559.1,3535.5,3545.6,149450
2025-09-19T10:15:00+05:30,3542.9,3549.9,3533.2,3541.6,97300
2025-09-19T11:15:00+05:30,3540.5,3550,3536.5,3539.9,54250
2025-09-19T12:15:00+05:30,3538.7,3542.2,3525,3542.2,125650
2025-09-19T13:15:00+05:30,3541,3544,3537.5,3541.8,44800
2025-09-19T14:15:00+05:30,3541.8,3549,3535,3538,100450
2025-09-19T15:15:00+05:30,3538.2,3548.3,3538.2,3548.3,80850
2025-09-22T09:15:00+05:30,3546,3567.3,3536.2,3565,172900
2025-09-22T10:15:00+05:30,3567,3582,3559.9,3565.7,274750
2025-09-22T11:15:00+05:30,3565.2,3574.8,3561.1,3573,76300
2025-09-22T12:15:00+05:30,3574.3,3577.6,3563.1,3563.8,69650
2025-09-22T13:15:00+05:30,3564.3,3564.3,3551.3,3552,84350
2025-09-22T14:15:00+05:30,3552,3552,3534.2,3537,109900
2025-09-22T15:15:00+05:30,3536.9,3540.6,3534.7,3540.6,62650
2025-09-23T09:15:00+05:30,3565.5,3607.2,3560.4,3568.8,484400
2025-09-23T10:15:00+05:30,3572.2,3580,3557.5,3561.1,74200
2025-09-23T11:15:00+05:30,3561.1,3562.6,3553.3,3556.5,64050
2025-09-23T12:15:00+05:30,3555.4,3564.1,3529,3531.9,140350
2025-09-23T13:15:00+05:30,3530.1,3541.1,3529,3533.9,69650
2025-09-23T14:15:00+05:30,3531.6,3537.4,3525.5,3527.1,50400
2025-09-23T15:15:00+05:30,3527.9,3529.5,3505.8,3518,99050
2025-09-24T09:15:00+05:30,3500,3525.6,3484.9,3510.4,176400
2025-09-24T10:15:00+05:30,3511,3513.7,3496.4,3505.3,64750
2025-09-24T11:15:00+05:30,3505.3,3509.9,3494.5,3503.1,78750
2025-09-24T12:15:00+05:30,3503.2,3506.3,3493.1,3498,103250
2025-09-24T13:15:00+05:30,3498.7,3501.1,3494,3496.8,123900
2025-09-24T14:15:00+05:30,3494.5,3497.2,3465,3467.7,187950
2025-09-24T15:15:00+05:30,3469.2,3469.2,3452,3452.6,116200
2025-09-25T09:15:00+05:30,3461.6,3472.1,3442.2,3444,572950
2025-09-25T10:15:00+05:30,3444,3455.6,3420.1,3436.9,638050
2025-09-25T11:15:00+05:30,3436.9,3439.9,3423,3427.9,491400
2025-09-25T12:15:00+05:30,3427.9,3433.3,3413.8,3418.3,465500
2025-09-25T13:15:00+05:30,3418.3,3442.4,3415.5,3426.9,435400
2025-09-25T14:15:00+05:30,3426.9,3432,3408.2,3409.6,561050
2025-09-25T15:15:00+05:30,3409.6,3421.8,3409.6,3420.1,144550
2025-09-26T09:15:00+05:30,3418.2,3443.9,3401.3,3431.9,486150
2025-09-26T10:15:00+05:30,3431.9,3462.2,3431.9,3446.1,512050
2025-09-26T11:15:00+05:30,3444.5,3444.9,3426.5,3442.7,462000
2025-09-26T12:15:00+05:30,3442.7,3459.8,3438.3,3442.7,529200
2025-09-26T13:15:00+05:30,3442.7,3442.7,3408.4,3418.8,648550
2025-09-26T14:15:00+05:30,3418.8,3429.9,3413.2,3416.5,544600
2025-09-26T15:15:00+05:30,3413.8,3424,3413.1,3424,113050
2025-09-29T09:15:00+05:30,3425.7,3433.6,3410.5,3420.2,411600
2025-09-29T10:15:00+05:30,3420.2,3426,3412.1,3413.9,521150
2025-09-29T11:15:00+05:30,3413.9,3415,3395.5,3400.1,532700
2025-09-29T12:15:00+05:30,3400.1,3414.1,3393.9,3406.8,521850
2025-09-29T13:15:00+05:30,3406.8,3444.7,3405.5,3435.4,647150
2025-09-29T14:15:00+05:30,3435.4,3441.7,3418.9,3435.7,606900
2025-09-29T15:15:00+05:30,3435.7,3447,3433.5,3444.5,131250
2025-09-30T09:15:00+05:30,3465.1,3474.9,3443.7,3443.7,205100
2025-09-30T10:15:00+05:30,3443.7,3448.9,3432.7,3432.9,238350
2025-09-30T11:15:00+05:30,3431.9,3443,3425.6,3440.2,222600
2025-09-30T12:15:00+05:30,3440.2,3459.8,3438.6,3458.9,179900
2025-09-30T13:15:00+05:30,3458.9,3473.1,3458.9,3463.8,356650
2025-09-30T14:15:00+05:30,3464.2,3473.1,3454.3,3463.5,259350
2025-09-30T15:15:00+05:30,3463.1,3468,3460.1,3467,73850
2025-10-01T09:15:00+05:30,3467.7,3489.9,3448.1,3460.8,198100
2025-10-01T10:15:00+05:30,3460.8,3485,3455,3485,84700
2025-10-01T11:15:00+05:30,3486.8,3493.9,3455.5,3468,153300
2025-10-01T12:15:00+05:30,3468,3470,3450.1,3455.2,68250
2025-10-01T13:15:00+05:30,3454.2,3469.3,3454.2,3465.9,66500
2025-10-01T14:15:00+05:30,3465.9,3476,3458.1,3471.2,119000
2025-10-01T15:15:00+05:30,3469.6,3474.9,3466.5,3468.5,98350
2025-10-03T09:15:00+05:30,3463.8,3473.1,3383.1,3418,493500
2025-10-03T10:15:00+05:30,3414,3456.2,3412.8,3452.6,142100
2025-10-03T11:15:00+05:30,3452,3458,3446.1,3452.9,75600
2025-10-03T12:15:00+05:30,3453.5,3461,3447,3460.4,59850
2025-10-03T13:15:00+05:30,3460.3,3464.7,3452,3461.2,65100
2025-10-03T14:15:00+05:30,3459.9,3474.3,3459.9,3469.8,157850
2025-10-03T15:15:00+05:30,3469.9,3471.3,3460,3460,103250
2025-10-06T09:15:00+05:30,3454.6,3513,3441.9,3503.4,285250
2025-10-06T10:15:00+05:30,3503.2,3514.9,3495.6,3514.1,159250
2025-10-06T11:15:00+05:30,3511.4,3524.2,3510.2,3515,196350
2025-10-06T12:15:00+05:30,3515.2,3532,3510.7,3530.9,180250
2025-10-06T13:15:00+05:30,3528.4,3529.7,3511.2,3519.1,98700
2025-10-06T14:15:00+05:30,3519.5,3528.5,3508.1,3521.9,135450
2025-10-06T15:15:00+05:30,3523,3527,3520.1,3525,84000
2025-10-07T09:15:00+05:30,3527.9,3553,3505.1,3543,172550
2025-10-07T10:15:00+05:30,3543.1,3555,3540.3,3552.3,119000
2025-10-07T11:15:00+05:30,3553,3554.7,3534,3534.6,85050
2025-10-07T12:15:00+05:30,3537,3544.8,3533.8,3535.5,33250
2025-10-07T13:15:00+05:30,3534.5,3542.8,3531.7,3537.6,83650
2025-10-07T14:15:00+05:30,3537.6,3539,3532.3,3534.4,100100
2025-10-07T15:15:00+05:30,3533.5,3533.9,3527.2,3531.6,44450
2025-10-08T09:15:00+05:30,3540,3548,3508.2,3515.5,103950
2025-10-08T10:15:00+05:30,3517,3535,3512,3517.7,89950
2025-10-08T11:15:00+05:30,3520.3,3530.6,3514.4,3530.6,56350
2025-10-08T12:15:00+05:30,3529.4,3529.4,3515.5,3526.2,27300
2025-10-08T13:15:00+05:30,3525.3,3527.8,3514,3514,23800
2025-10-08T14:15:00+05:30,3515,3515.9,3494.1,3494.1,105700
2025-10-08T15:15:00+05:30,3494.1,3497.9,3491.3,3493.2,59500
2025-10-09T09:15:00+05:30,3496.7,3500.4,3471,3483.1,187600
2025-10-09T10:15:00+05:30,3481.6,3502,3481.2,3496.2,44100
2025-10-09T11:15:00+05:30,3499.4,3499.7,3484,3485.4,39200
2025-10-09T12:15:00+05:30,3490,3490,3465,3468.4,84350
2025-10-09T13:15:00+05:30,3468.6,3486,3466.7,3478,66850
2025-10-09T14:15:00+05:30,3478,3496.5,3477,3495.5,142800
2025-10-09T15:15:00+05:30,3495.8,3503.9,3492.5,3492.5,95550
2025-10-10T09:15:00+05:30,3495.5,3506.8,3480,3497.9,111300
2025-10-10T10:15:00+05:30,3500.6,3513,3494.9,3511.8,71400
2025-10-10T11:15:00+05:30,3510.9,3524.9,3497,3521,79800
2025-10-10T12:15:00+05:30,3522,3535,3521.7,3523.2,114450
2025-10-10T13:15:00+05:30,3523.9,3525.9,3511.1,3516.2,95550
2025-10-10T14:15:00+05:30,3516.5,3517.1,3501.1,3504,96250
2025-10-10T15:15:00+05:30,3504.2,3509.8,3504,3504,46550
2025-10-13T09:15:00+05:30,3480,3542.5,3474,3518.2,322350
2025-10-13T10:15:00+05:30,3516.8,3518.3,3492.6,3495.9,116550
2025-10-13T11:15:00+05:30,3494.7,3507.6,3491.9,3507.6,77700
2025-10-13T12:15:00+05:30,3506.2,3511.3,3501.7,3510.1,64400
2025-10-13T13:15:00+05:30,3509.3,3518.6,3505.4,3518.6,50400
2025-10-13T14:15:00+05:30,3517.2,3517.2,3504.1,3511.2,89250
2025-10-13T15:15:00+05:30,3510,3511.8,3506.1,3506.2,51100
2025-10-14T09:15:00+05:30,3508.8,3519,3483.9,3494.3,161700
2025-10-14T10:15:00+05:30,3492.1,3506.5,3480.4,3496.7,94850
2025-10-14T11:15:00+05:30,3496.7,3510.8,3492.1,3503,77000
2025-10-14T12:15:00+05:30,3502.4,3515.4,3501.8,3509.5,61250
2025-10-14T13:15:00+05:30,3512.3,3525.9,3507.6,3520.3,77000
2025-10-14T14:15:00+05:30,3519.6,3528.7,3515.6,3516.3,97650
2025-10-14T15:15:00+05:30,3515.8,3518.8,3506.1,3506.1,56350
2025-10-15T09:15:00+05:30,3515.1,3568,3515.1,3552,304850
2025-10-15T10:15:00+05:30,3552.5,3564.2,3550,3553.8,131600
2025-10-15T11:15:00+05:30,3554.7,3568.9,3554.7,3555.1,114100
2025-10-15T12:15:00+05:30,3556.1,3578,3554,3569.9,134400
2025-10-15T13:15:00+05:30,3569.6,3573,3547.5,3565.3,219450
2025-10-15T14:15:00+05:30,3565.4,3583.9,3565.4,3583,251650
2025-10-15T15:15:00+05:30,3581.8,3583,3570.7,3573.9,135100
2025-10-16T09:15:00+05:30,3575.1,3640.7,3565.9,3623,444850
2025-10-16T10:15:00+05:30,3621.4,3621.4,3583,3590.2,314300
2025-10-16T11:15:00+05:30,3591.7,3599.2,3577,3591,194600
2025-10-16T12:15:00+05:30,3594,3599.8,3583.7,3597,116200
2025-10-16T13:15:00+05:30,3597,3602.8,3578,3579.5,185500
2025-10-16T14:15:00+05:30,3578.6,3584.9,3568.6,3581,210000
2025-10-16T15:15:00+05:30,3579.2,3582.6,3578.6,3580.1,53900
2025-10-17T09:15:00+05:30,3576.5,3630,3576.5,3628.9,257950
2025-10-17T10:15:00+05:30,3627.5,3655.8,3619.7,3636.9,228900
2025-10-17T11:15:00+05:30,3637,3653.9,3635,3641.6,132300
2025-10-17T12:15:00+05:30,3642.5,3652.5,3630.4,3635,119350
2025-10-17T13:15:00+05:30,3633.9,3639.9,3622,3638.7,100450
2025-10-17T14:15:00+05:30,3636.3,3657.8,3634.3,3655.1,374500
2025-10-17T15:15:00+05:30,3655.1,3658,3650,3652.9,134750
2025-10-20T09:15:00+05:30,3686.8,3707.8,3667.8,3668.3,223650
2025-10-20T10:15:00+05:30,3668.3,3676.9,3658,3664.9,105350
2025-10-20T11:15:00+05:30,3659.1,3674.9,3657.3,3667.8,69650
2025-10-20T12:15:00+05:30,3668.5,3675.8,3656,3658.7,47250
2025-10-20T13:15:00+05:30,3658.4,3658.4,3646.4,3655,84350
2025-10-20T14:15:00+05:30,3655,3656.8,3649.5,3653.7,74900
2025-10-20T15:15:00+05:30,3656,3663.5,3653.7,3662,53200
2025-10-21T13:45:00+05:30,3690,3690,3648,3648,68950
2025-10-23T09:15:00+05:30,3674.5,3694.6,3638.7,3651.7,541100
2025-10-23T10:15:00+05:30,3651.4,3664.4,3641.5,3659.6,619500
2025-10-23T11:15:00+05:30,3659.6,3669,3648.9,3653.2,613900
2025-10-23T12:15:00+05:30,3653.2,3656.7,3636.9,3643.3,538300
2025-10-23T13:15:00+05:30,3643.3,3644.5,3609.8,3617.5,578200
2025-10-23T14:15:00+05:30,3617.5,3627,3589.8,3597.1,588350
2025-10-23T15:15:00+05:30,3595.8,3615,3595.6,3607.1,192150
2025-10-24T09:15:00+05:30,3581.1,3639.9,3581.1,3613.6,471800
2025-10-24T10:15:00+05:30,3613.6,3628,3601.2,3604.5,427350
2025-10-24T11:15:00+05:30,3604.5,3604.8,3585,3590,437150
2025-10-24T12:15:00+05:30,3590,3613.1,3584.9,3598.9,522550
2025-10-24T13:15:00+05:30,3598.9,3600,3584.3,3597.3,461650
2025-10-24T14:15:00+05:30,3597.3,3601.4,3586.5,3594.4,610750
2025-10-24T15:15:00+05:30,3594.4,3603,3592.1,3596.3,103950
2025-10-27T09:15:00+05:30,3599.9,3625,3599.9,3619.6,408100
2025-10-27T10:15:00+05:30,3619.6,3626.2,3607.5,3621.6,417550
2025-10-27T11:15:00+05:30,3621.6,3623.5,3611.6,3623.5,405650
2025-10-27T12:15:00+05:30,3623.5,3631,3621.1,3623.7,479500
2025-10-27T13:15:00+05:30,3623.7,3633,3622.8,3630.2,401800
2025-10-27T14:15:00+05:30,3630.2,3639.1,3629.5,3638,538300
2025-10-27T15:15:00+05:30,3638,3639,3631.9,3639,101500
2025-10-28T09:15:00+05:30,3656.2,3693.1,3651.5,3676.5,453250
2025-10-28T10:15:00+05:30,3672.5,3696,3669.6,3672.5,288400
2025-10-28T11:15:00+05:30,3671.5,3671.5,3618.6,3649.3,825650
2025-10-28T12:15:00+05:30,3649.3,3654.6,3634.2,3644,486150
2025-10-28T13:15:00+05:30,3641.8,3647.1,3630.1,3636.1,312900
2025-10-28T14:15:00+05:30,3634.3,3638.8,3540,3571.1,2381400
2025-10-28T15:15:00+05:30,3571,3591.4,3560.3,3565,695450
2025-10-29T09:15:00+05:30,3611,3619.9,3520.5,3542.2,1328600
2025-10-29T10:15:00+05:30,3543.1,3545.7,3525.5,3537.1,462700
2025-10-29T11:15:00+05:30,3537.1,3540.5,3531.4,3533.5,100625
2025-10-29T12:15:00+05:30,3532,3533.2,3512.2,3520.7,285425
2025-10-29T13:15:00+05:30,3519.7,3527.6,3514.4,3521.8,233450
2025-10-29T14:15:00+05:30,3521.2,3525,3510.9,3520.1,355075
2025-10-29T15:15:00+05:30,3521.6,3528,3520.5,3527,181300
2025-10-30T09:15:00+05:30,3530,3559.4,3514,3524.2,661675
2025-10-30T10:15:00+05:30,3525.5,3532.2,3521.2,3528.6,154875
2025-10-30T11:15:00+05:30,3528.7,3532.3,3523.6,3530.2,89600
2025-10-30T12:15:00+05:30,3530.4,3538.2,3515.6,3517.6,144025
2025-10-30T13:15:00+05:30,3517.8,3517.8,3503.1,3508.6,108850
2025-10-30T14:15:00+05:30,3508.1,3517.9,3505.2,3510,100275
2025-10-30T15:15:00+05:30,3510.7,3520,3510.1,3518,100100
2025-10-31T09:15:00+05:30,3518.3,3564,3511.3,3552.4,476525
2025-10-31T10:15:00+05:30,3550,3550,3527,3532,131075
2025-10-31T11:15:00+05:30,3532.9,3540.6,3518.6,3538.7,107450
2025-10-31T12:15:00+05:30,3538.7,3545,3532,3541,62475
2025-10-31T13:15:00+05:30,3540.2,3541.9,3530,3535,42350
2025-10-31T14:15:00+05:30,3534.4,3534.8,3522,3527.7,124950
2025-10-31T15:15:00+05:30,3526.7,3534.9,3526.2,3531.8,68250
2025-11-03T09:15:00+05:30,3538,3546,3500,3528.2,314650
2025-11-03T10:15:00+05:30,3528,3540,3519,3522.8,67375
2025-11-03T11:15:00+05:30,3521.7,3530.8,3515.2,3515.3,64050
2025-11-03T12:15:00+05:30,3516.3,3526.9,3509,3521,50575
2025-11-03T13:15:00+05:30,3521,3533,3520.7,3529,80325
2025-11-03T14:15:00+05:30,3528,3532,3522.2,3526.9,83300
2025-11-03T15:15:00+05:30,3526,3529.9,3525.7,3528.4,50575
2025-11-04T09:15:00+05:30,3527.4,3527.4,3474,3517.2,368900
2025-11-04T10:15:00+05:30,3516.1,3531.6,3509.4,3511.6,147350
2025-11-04T11:15:00+05:30,3514.2,3517.3,3503.1,3515.4,99050
2025-11-04T12:15:00+05:30,3515.1,3541.4,3509.5,3535.1,126350
2025-11-04T13:15:00+05:30,3535.2,3538.9,3512.6,3521,210700
2025-11-04T14:15:00+05:30,3520.8,3522.5,3484,3502.8,446600
2025-11-04T15:15:00+05:30,3501.8,3504,3481.1,3485.9,222775
2025-11-06T09:15:00+05:30,3466.1,3527.7,3466.1,3479.9,262850
2025-11-06T10:15:00+05:30,3479.5,3479.6,3455,3470,195300
2025-11-06T11:15:00+05:30,3470.9,3476.9,3462.2,3467.9,97825
2025-11-06T12:15:00+05:30,3467.8,3470,3449.2,3457.9,121975
2025-11-06T13:15:00+05:30,3454.6,3458.9,3426.1,3430.2,159950
2025-11-06T14:15:00+05:30,3428.2,3465.5,3427.1,3454.7,179025
2025-11-06T15:15:00+05:30,3454,3463.9,3453.4,3460.5,59325
2025-11-07T09:15:00+05:30,3457.5,3459.4,3351.1,3387.5,788200
2025-11-07T10:15:00+05:30,3386.9,3432.5,3378.7,3431,141925
2025-11-07T11:15:00+05:30,3430.3,3449,3427.4,3448.6,113925
2025-11-07T12:15:00+05:30,3445.6,3473.9,3444.1,3456,201425
2025-11-07T13:15:00+05:30,3455.9,3472.3,3455.9,3470,136850
2025-11-07T14:15:00+05:30,3469.1,3483.3,3464.2,3470.2,150325
2025-11-07T15:15:00+05:30,3470,3479.8,3468.3,3479.8,64400
2025-11-10T09:15:00+05:30,3483,3514.9,3483,3499.5,259350
2025-11-10T10:15:00+05:30,3498.8,3506.3,3483.4,3484.3,88200
2025-11-10T11:15:00+05:30,3484.3,3508,3480.5,3506.5,89950
2025-11-10T12:15:00+05:30,3506.5,3509.2,3492.2,3504.3,57050
2025-11-10T13:15:00+05:30,3504.3,3511,3499.7,3508.4,32025
2025-11-10T14:15:00+05:30,3508.5,3511.9,3498.1,3502.8,83475
2025-11-10T15:15:00+05:30,3501.7,3506,3501.1,3501.1,42875
2025-11-11T09:15:00+05:30,3514.7,3514.7,3475.3,3483.2,180600
2025-11-11T10:15:00+05:30,3484.5,3485.4,3453.5,3460.8,136850
2025-11-11T11:15:00+05:30,3461.7,3471.6,3457.8,3467.9,81200
2025-11-11T12:15:00+05:30,3467.7,3486.5,3464.2,3480,180250
2025-11-11T13:15:00+05:30,3480.1,3494.7,3471.8,3484.2,269150
2025-11-11T14:15:00+05:30,3484.1,3492,3475.3,3480.3,187250
2025-11-11T15:15:00+05:30,3480.8,3483.5,3477.1,3481.7,64750
2025-11-12T09:15:00+05:30,3481.2,3498.9,3463.4,3486,177275
2025-11-12T10:15:00+05:30,3485.2,3485.2,3468.5,3478.5,109900
2025-11-12T11:15:00+05:30,3480.3,3489.8,3470.5,3474.3,140175
2025-11-12T12:15:00+05:30,3475,3481.7,3456.6,3465.9,142450
2025-11-12T13:15:00+05:30,3465,3474,3463.5,3463.5,74550
2025-11-12T14:15:00+05:30,3463.6,3469,3455.8,3465.1,250250
2025-11-12T15:15:00+05:30,3466.8,3468.4,3461.2,3467,59325
2025-11-13T09:15:00+05:30,3465.1,3480,3456,3469.3,158375
2025-11-13T10:15:00+05:30,3473,3477.8,3466.1,3473.9,85400
2025-11-13T11:15:00+05:30,3474.3,3477.8,3468.3,3475.5,41825
2025-11-13T12:15:00+05:30,3475.2,3480,3471.3,3474.9,54600
2025-11-13T13:15:00+05:30,3476.2,3478.7,3465.8,3469,42000
2025-11-13T14:15:00+05:30,3469,3470.9,3452.2,3452.5,95200
2025-11-13T15:15:00+05:30,3453.8,3460,3453.1,3456.2,67900
2025-11-14T09:15:00+05:30,3441.3,3474.4,3432.1,3436.3,142800
2025-11-14T10:15:00+05:30,3435.5,3437,3410.1,3417.3,153300
2025-11-14T11:15:00+05:30,3414.5,3416.7,3398.4,3402.4,112000
2025-11-14T12:15:00+05:30,3400.6,3413.2,3392.8,3407.4,372050
2025-11-14T13:15:00+05:30,3408,3409.4,3381.2,3391.8,245700
2025-11-14T14:15:00+05:30,3391.7,3405.7,3381,3401.1,168875
2025-11-14T15:15:00+05:30,3401.1,3404.2,3397.7,3400,71400
2025-11-17T09:15:00+05:30,3403,3429.6,3395.5,3413.5,241850
2025-11-17T10:15:00+05:30,3411.6,3459,3411.6,3456.1,157675
2025-11-17T11:15:00+05:30,3456.1,3473.8,3433.8,3472,214375
2025-11-17T12:15:00+05:30,3472,3486.4,3472,3484.7,197575
2025-11-17T13:15:00+05:30,3483.1,3485,3478,3481,60725
2025-11-17T14:15:00+05:30,3482.3,3488,3475.1,3479,187250
2025-11-17T15:15:00+05:30,3479.3,3481.9,3477.6,3480.5,78050
2025-11-18T09:15:00+05:30,3475.8,3499,3465.2,3485,272475
2025-11-18T10:15:00+05:30,3485,3487.7,3478.1,3485.5,69300
2025-11-18T11:15:00+05:30,3485.9,3493,3480,3481.3,46025
2025-11-18T12:15:00+05:30,3483,3490.9,3480.2,3490.3,42000
2025-11-18T13:15:00+05:30,3490.3,3494.6,3481.5,3489.4,74900
2025-11-18T14:15:00+05:30,3489.1,3489.5,3478.4,3484.2,122325
2025-11-18T15:15:00+05:30,3483.2,3484.5,3465.1,3465.1,63700
2025-11-19T09:15:00+05:30,3476,3503.3,3443.8,3482.4,170975
2025-11-19T10:15:00+05:30,3481,3495.4,3480.7,3485.9,102900
2025-11-19T11:15:00+05:30,3485.9,3485.9,3463.3,3466.9,52325
2025-11-19T12:15:00+05:30,3469.9,3477,3467.3,3475,29400
2025-11-19T13:15:00+05:30,3474.5,3478.1,3472.8,3476.9,41475
2025-11-19T14:15:00+05:30,3476.4,3485,3470.1,3476.5,93450
2025-11-19T15:15:00+05:30,3476.5,3480.6,3472.1,3476,61600
2025-11-20T09:15:00+05:30,3476,3496,3462.3,3480.1,572600
2025-11-20T10:15:00+05:30,3480.1,3490,3472.7,3489.3,409675
2025-11-20T11:15:00+05:30,3489.3,3503,3475.1,3480,413875
2025-11-20T12:15:00+05:30,3480,3493.9,3475.8,3483.2,317450
2025-11-20T13:15:00+05:30,3483.2,3493.9,3483.2,3491.9,351750
2025-11-20T14:15:00+05:30,3491.9,3493.9,3485,3492.9,392175
2025-11-20T15:15:00+05:30,3492.9,3493,3486.1,3492.3,86975
2025-11-21T09:15:00+05:30,3496.4,3496.5,3455.9,3458.4,481950
2025-11-21T10:15:00+05:30,3458.4,3470,3435,3468.2,403725
2025-11-21T11:15:00+05:30,3468.2,3472.4,3458.6,3471.9,340900
2025-11-21T12:15:00+05:30,3471.9,3475,3467.5,3472.3,357350
2025-11-21T13:15:00+05:30,3472.3,3473,3464.7,3466.7,332150
2025-11-21T14:15:00+05:30,3466.7,3468.7,3432.3,3436.1,409325
2025-11-21T15:15:00+05:30,3436.1,3445.5,3433.8,3441,104825
2025-11-24T09:15:00+05:30,3441,3471,3421.5,3459.8,567525
2025-11-24T10:15:00+05:30,3459.8,3460,3453.6,3457.3,426825
2025-11-24T11:15:00+05:30,3457.3,3460,3451.5,3455.3,374150
2025-11-24T12:15:00+05:30,3455.3,3467.5,3443.3,3449.7,459025
2025-11-24T13:15:00+05:30,3449.7,3457,3441.8,3447.3,489825
2025-11-24T14:15:00+05:30,3447.3,3455,3440,3441,496475
2025-11-24T15:15:00+05:30,3441,3443.7,3430,3432,218925
2025-11-25T09:15:00+05:30,3488,3500,3468,3497.1,493675
2025-11-25T10:15:00+05:30,3497,3498.8,3473,3473.3,808675
2025-11-25T11:15:00+05:30,3473.9,3487.4,3471.4,3484.5,242900
2025-11-25T12:15:00+05:30,3483.9,3493.2,3481.2,3491.7,306425
2025-11-25T13:15:00+05:30,3490.6,3491,3475.1,3480,351050
2025-11-25T14:15:00+05:30,3480.1,3482.4,3465,3465,376250
2025-11-25T15:15:00+05:30,3466.6,3467.8,3458.1,3460.6,134225
2025-11-26T09:15:00+05:30,3469.6,3517.9,3459.7,3509.1,165900
2025-11-26T10:15:00+05:30,3509.8,3513,3500.3,3510,51625
2025-11-26T11:15:00+05:30,3509.1,3528.6,3508,3525.1,94850
2025-11-26T12:15:00+05:30,3525.6,3542.8,3522.5,3538.2,156275
2025-11-26T13:15:00+05:30,3538.2,3559.9,3536.4,3558.9,156975
2025-11-26T14:15:00+05:30,3558.6,3569,3552.1,3565.9,269500
2025-11-26T15:15:00+05:30,3565.2,3565.8,3560,3565,77875
2025-11-27T09:15:00+05:30,3564,3599.9,3564,3566.1,321300
2025-11-27T10:15:00+05:30,3566.1,3586.7,3546.2,3548.9,235900
2025-11-27T11:15:00+05:30,3549.1,3551.3,3530.7,3534.4,117950
2025-11-27T12:15:00+05:30,3534.5,3546.6,3532.3,3533.1,74550
2025-11-27T13:15:00+05:30,3533.6,3538.5,3528,3532.4,71925
2025-11-27T14:15:00+05:30,3533.5,3545.9,3532,3544,98000
2025-11-27T15:15:00+05:30,3543.9,3550,3538.1,3549,71750
2025-11-28T09:15:00+05:30,3545,3583.4,3524.8,3568.9,270375
2025-11-28T10:15:00+05:30,3568.9,3594.6,3562,3593,172725
2025-11-28T11:15:00+05:30,3593.3,3594.5,3572,3574,104650
2025-11-28T12:15:00+05:30,3574.4,3574.4,3561,3565.4,68950
2025-11-28T13:15:00+05:30,3565.4,3568.3,3555.2,3556,46025
2025-11-28T14:15:00+05:30,3555.9,3560.8,3554,3555.3,100800
2025-11-28T15:15:00+05:30,3555.4,3562,3554.5,3562,58275
2025-12-01T09:15:00+05:30,3590,3649,3576,3643.2,590800
2025-12-01T10:15:00+05:30,3644.7,3645.8,3620.3,3627,182000
2025-12-01T11:15:00+05:30,3628,3666.7,3628,3648.1,298900
2025-12-01T12:15:00+05:30,3645.6,3664.9,3635.6,3655.4,233800
2025-12-01T13:15:00+05:30,3654.1,3673.8,3649.1,3671,172725
2025-12-01T14:15:00+05:30,3671.9,3678.9,3656.2,3678.8,290325
2025-12-01T15:15:00+05:30,3678.7,3678.9,3672.1,3673.4,174125
2025-12-02T09:15:00+05:30,3666.1,3697,3665.1,3684.3,336875
2025-12-02T10:15:00+05:30,3684,3690,3675.2,3679.7,134750
2025-12-02T11:15:00+05:30,3679.6,3686,3673.1,3680.1,136150
2025-12-02T12:15:00+05:30,3680,3682,3668,3674.7,147175
2025-12-02T13:15:00+05:30,3673.6,3678.9,3671.1,3672,127575
2025-12-02T14:15:00+05:30,3671.8,3687,3671,3687,177100
2025-12-02T15:15:00+05:30,3687,3687,3681.3,3685,104825
2025-12-03T09:15:00+05:30,3680,3689.9,3654.1,3658.9,154000
2025-12-03T10:15:00+05:30,3656.4,3658.3,3642.2,3645,167650
2025-12-03T11:15:00+05:30,3646.8,3658,3635,3637.6,85750
2025-12-03T12:15:00+05:30,3635.2,3639.9,3628.1,3637.6,67025
2025-12-03T13:15:00+05:30,3638.5,3643.7,3633.3,3640.3,36575
2025-12-03T14:15:00+05:30,3640.6,3647.2,3627.1,3644.7,121625
2025-12-03T15:15:00+05:30,3644.8,3652,3644.3,3644.3,60025
2025-12-04T09:15:00+05:30,3647.5,3687.8,3632.5,3667.4,156275
2025-12-04T10:15:00+05:30,3666.9,3679.1,3649.2,3675.3,155225
2025-12-04T11:15:00+05:30,3675.8,3676.4,3643.5,3646.6,121100
2025-12-04T12:15:00+05:30,3646.6,3671.1,3636,3661.6,86625
2025-12-04T13:15:00+05:30,3660.2,3661.6,3646.8,3658.4,50400
2025-12-04T14:15:00+05:30,3658.4,3667.5,3654,3662.1,86100
2025-12-04T15:15:00+05:30,3662.1,3662.1,3653,3653,38500
2025-12-05T09:15:00+05:30,3659.7,3678.7,3641.8,3673.8,128975
2025-12-05T10:15:00+05:30,3674.6,3699,3661,3694.4,168700
2025-12-05T11:15:00+05:30,3696,3697.3,3666.4,3667.8,68250
2025-12-05T12:15:00+05:30,3666.8,3673.5,3666.1,3671.1,33250
2025-12-05T13:15:00+05:30,3672.8,3682,3668.1,3674.1,42525
2025-12-05T14:15:00+05:30,3674.6,3688.7,3663.6,3686.4,79450
2025-12-05T15:15:00+05:30,3685.2,3686.4,3679.4,3679.4,46550
2025-12-08T09:15:00+05:30,3684.5,3684.5,3613.7,3628.4,211925
2025-12-08T10:15:00+05:30,3630.9,3634.3,3622.2,3626.4,64225
2025-12-08T11:15:00+05:30,3625.6,3632,3616,3623.4,78400
2025-12-08T12:15:00+05:30,3624,3626.5,3614,3621.7,34475
2025-12-08T13:15:00+05:30,3619.5,3623.5,3603.6,3615,53900
2025-12-08T14:15:00+05:30,3614.1,3625.7,3606.1,3621.5,98000
2025-12-08T15:15:00+05:30,3622.2,3624.9,3616.6,3618.3,56000
2025-12-09T09:15:00+05:30,3597.6,3619.4,3560.1,3603.4,181475
2025-12-09T10:15:00+05:30,3604.9,3633.3,3603.8,3629.3,162050
2025-12-09T11:15:00+05:30,3628,3636.9,3619.7,3622.9,88900
2025-12-09T12:15:00+05:30,3624.9,3639.7,3621,3625.8,187075
2025-12-09T13:15:00+05:30,3627.6,3634,3626,3629,42700
2025-12-09T14:15:00+05:30,3627.9,3635.4,3623.1,3627.3,75950
2025-12-09T15:15:00+05:30,3627.6,3634.6,3625.8,3630,41125
2025-12-10T09:15:00+05:30,3627.1,3660.8,3627.1,3656,157150
2025-12-10T10:15:00+05:30,3656.4,3662.7,3631.4,3633.7,86975
2025-12-10T11:15:00+05:30,3634,3640.2,3621.9,3633,62300
2025-12-10T12:15:00+05:30,3633,3635.3,3623.2,3634.6,23100
2025-12-10T13:15:00+05:30,3633.6,3640,3625,3626.6,42350
2025-12-10T14:15:00+05:30,3625.8,3628.4,3612,3613.2,80150
2025-12-10T15:15:00+05:30,3614.3,3617.2,3605.9,3612,31500
2025-12-11T09:15:00+05:30,3617.1,3645.2,3594.2,3643,176050
2025-12-11T10:15:00+05:30,3645,3650,3621,3627.6,68600
2025-12-11T11:15:00+05:30,3627.2,3640.7,3624.1,3637.8,63525
2025-12-11T12:15:00+05:30,3638.9,3648.7,3629.8,3633.9,60375
2025-12-11T13:15:00+05:30,3635.6,3649,3632.1,3633,46200
2025-12-11T14:15:00+05:30,3635.8,3659.8,3633.4,3653.4,71925
2025-12-11T15:15:00+05:30,3652.6,3658,3645.1,3645.1,46200
2025-12-12T09:15:00+05:30,3654.8,3672.4,3637.7,3658.1,91525
2025-12-12T10:15:00+05:30,3659.1,3661.3,3639.9,3647.9,45675
2025-12-12T11:15:00+05:30,3649,3653.3,3636.4,3639.6,39200
2025-12-12T12:15:00+05:30,3638.6,3647.3,3635.6,3644.2,15925
2025-12-12T13:15:00+05:30,3645.3,3660.3,3635.3,3658.5,34475
2025-12-12T14:15:00+05:30,3655.5,3668.7,3652.2,3668.2,58800
2025-12-12T15:15:00+05:30,3668.6,3668.7,3661.1,3664,42525
2025-12-15T09:15:00+05:30,3647.5,3656,3603.9,3622.4,97475
2025-12-15T10:15:00+05:30,3620.7,3633.3,3618.7,3627.8,34300
2025-12-15T11:15:00+05:30,3631.5,3633.4,3625.4,3630.8,19250
2025-12-15T12:15:00+05:30,3635,3639.7,3629.4,3639.5,24850
2025-12-15T13:15:00+05:30,3639,3650.4,3637,3642.2,35000
2025-12-15T14:15:00+05:30,3643.2,3648.5,3636,3647,57575
2025-12-15T15:15:00+05:30,3646.2,3650.5,3639.6,3650.5,77000
2025-12-16T09:15:00+05:30,3648.6,3654.6,3632.6,3639.9,83825
2025-12-16T10:15:00+05:30,3637.5,3641.7,3634.1,3638.7,13475
2025-12-16T11:15:00+05:30,3641.3,3644.1,3625.3,3629.9,49700
2025-12-16T12:15:00+05:30,3629.9,3629.9,3612.6,3616.2,43225
2025-12-16T13:15:00+05:30,3617.6,3633.8,3615.8,3632.8,34475
2025-12-16T14:15:00+05:30,3632.3,3638.8,3627.5,3631.3,77525
2025-12-16T15:15:00+05:30,3634.5,3634.6,3618.5,3621.4,51100
2025-12-17T09:15:00+05:30,3607.9,3665,3607.9,3643.9,113050
2025-12-17T10:15:00+05:30,3642.1,3653.5,3637.6,3651.6,50050
2025-12-17T11:15:00+05:30,3653.6,3654.6,3642.5,3649,34475
2025-12-17T12:15:00+05:30,3649,3650.8,3635.1,3645.6,93975
2025-12-17T13:15:00+05:30,3644,3651.2,3643.5,3646.2,23800
2025-12-17T14:15:00+05:30,3646.3,3649.9,3638,3642.6,52850
2025-12-17T15:15:00+05:30,3641.1,3646.7,3640.5,3641,39900
2025-12-18T09:15:00+05:30,3645,3645.4,3566,3579.3,435925
2025-12-18T10:15:00+05:30,3579.6,3605.4,3578.9,3593.2,112700
2025-12-18T11:15:00+05:30,3593.1,3604.3,3587.4,3589.3,95550
2025-12-18T12:15:00+05:30,3589.6,3600.2,3573.9,3598.9,87325
2025-12-18T13:15:00+05:30,3599,3599,3578.9,3586.4,66500
2025-12-18T14:15:00+05:30,3586.6,3595.2,3573.2,3592.7,161175
2025-12-18T15:15:00+05:30,3593.3,3604.3,3592.2,3594,104300
2025-12-19T09:15:00+05:30,3598.1,3639.4,3598.1,3625.5,78750
2025-12-19T10:15:00+05:30,3626.5,3657.8,3625,3650,88725
2025-12-19T11:15:00+05:30,3652.5,3671.3,3649.9,3661,102375
2025-12-19T12:15:00+05:30,3662.2,3669.9,3658.3,3666,39025
2025-12-19T13:15:00+05:30,3667.1,3680,3664.3,3673.1,107625
2025-12-19T14:15:00+05:30,3671.9,3687.6,3671.5,3678,168000
2025-12-19T15:15:00+05:30,3678.5,3682.8,3674.9,3682.8,70525
2025-12-22T09:15:00+05:30,3688.2,3739,3681.3,3736.9,233800
2025-12-22T10:15:00+05:30,3737.9,3743.9,3717.6,3720,112350
2025-12-22T11:15:00+05:30,3718.4,3722.5,3705.9,3709,135975
2025-12-22T12:15:00+05:30,3711.3,3714,3696,3696,45675
2025-12-22T13:15:00+05:30,3695,3707.1,3693.6,3706.3,40600
2025-12-22T14:15:00+05:30,3706.5,3711,3695,3708.2,108150
2025-12-22T15:15:00+05:30,3708.2,3715.2,3705,3706,74550
2025-12-23T09:15:00+05:30,3706,3711.7,3685.8,3694.5,235375
2025-12-23T10:15:00+05:30,3691.8,3697,3685.8,3694.5,220675
2025-12-23T11:15:00+05:30,3694.5,3697.9,3682,3688.7,239575
2025-12-23T12:15:00+05:30,3688.7,3690.3,3684.9,3689.2,192500
2025-12-23T13:15:00+05:30,3689.2,3696,3688.2,3689.8,188650
2025-12-23T14:15:00+05:30,3689.8,3698.8,3677.2,3689.9,254275
2025-12-23T15:15:00+05:30,3691.5,3692.4,3686.9,3689.6,71750
2025-12-24T09:15:00+05:30,3674.7,3694.3,3674.7,3691.4,373275
2025-12-24T10:15:00+05:30,3692,3719,3689.1,3706.5,395850
2025-12-24T11:15:00+05:30,3706.5,3725,3692.7,3707.4,422800
2025-12-24T12:15:00+05:30,3707.2,3709.4,3683.2,3687.1,352100
2025-12-24T13:15:00+05:30,3687.1,3693.7,3675.7,3679.1,327950
2025-12-24T14:15:00+05:30,3679.1,3695.2,3671.7,3676,365400
2025-12-24T15:15:00+05:30,3675.6,3677.7,3657,3658,139475
2025-12-26T09:15:00+05:30,3658,3678.9,3644.9,3647.6,441525
2025-12-26T10:15:00+05:30,3647.6,3656,3642.5,3650,388500
2025-12-26T11:15:00+05:30,3650,3650,3636.9,3645.6,417375
2025-12-26T12:15:00+05:30,3645.6,3648.2,3636,3643.3,330575
2025-12-26T13:15:00+05:30,3643.3,3651.6,3633.5,3637.3,380625
2025-12-26T14:15:00+05:30,3637.3,3640,3627.1,3633.5,399525
2025-12-26T15:15:00+05:30,3633,3639.7,3633,3639.7,83650
2025-12-29T09:15:00+05:30,3633.3,3644.4,3616,3618,254800
2025-12-29T10:15:00+05:30,3619.8,3621.7,3589.2,3594.4,259875
2025-12-29T11:15:00+05:30,3594.4,3606,3591,3595.4,219275
2025-12-29T12:15:00+05:30,3595.4,3595.4,3578.7,3589.4,241675
2025-12-29T13:15:00+05:30,3589.4,3591.9,3584,3590,312375
2025-12-29T14:15:00+05:30,3590,3592.9,3570.4,3576.9,824425
2025-12-29T15:15:00+05:30,3575.1,3580.7,3570.4,3574.1,253400
2025-12-30T09:15:00+05:30,3595,3632.3,3570.8,3625.9,357175
2025-12-30T10:15:00+05:30,3625,3652.4,3615.6,3624.8,322525
2025-12-30T11:15:00+05:30,3624.8,3627.5,3616.1,3617.3,445550
2025-12-30T12:15:00+05:30,3617.3,3620.2,3610.2,3616.7,207550
2025-12-30T13:15:00+05:30,3613.9,3650,3613.9,3642.6,180600
2025-12-30T14:15:00+05:30,3642.6,3669.3,3640.4,3651.7,320250
2025-12-30T15:15:00+05:30,3651.7,3654.6,3646.8,3649.2,147875
2025-12-31T09:15:00+05:30,3668,3690,3657.3,3680.3,177800
2025-12-31T10:15:00+05:30,3676.5,3703,3672,3695,179025
2025-12-31T11:15:00+05:30,3694.7,3717,3688.2,3711.5,85750
2025-12-31T12:15:00+05:30,3711.5,3723.1,3710.2,3718,84175
2025-12-31T13:15:00+05:30,3717.5,3724,3704.3,3720,56875
2025-12-31T14:15:00+05:30,3719,3748,3711,3745,135100
2025-12-31T15:15:00+05:30,3744.8,3747.6,3740,3745.9,78225
2026-01-01T09:15:00+05:30,3755.1,3798,3738.5,3776,362950
2026-01-01T10:15:00+05:30,3776,3799.1,3753.1,3795.5,118300
2026-01-01T11:15:00+05:30,3795.5,3810,3783.5,3786.5,104300
2026-01-01T12:15:00+05:30,3787.7,3805,3786.1,3796.9,96250
2026-01-01T13:15:00+05:30,3799.1,3813.5,3792.7,3811.5,78575
2026-01-01T14:15:00+05:30,3813,3814.2,3797.1,3811.5,137375
2026-01-01T15:15:00+05:30,3810.9,3817.9,3810,3814.8,78750
2026-01-02T09:15:00+05:30,3867.5,3917.9,3862,3900.7,719950
2026-01-02T10:15:00+05:30,3902.7,3905,3868,3888,186025
2026-01-02T11:15:00+05:30,3886.1,3888.2,3873,3887.5,52675
2026-01-02T12:15:00+05:30,3887.1,3895.4,3882.9,3886.4,69650
2026-01-02T13:15:00+05:30,3888.5,3889.3,3869.3,3873,109725
2026-01-02T14:15:00+05:30,3871.4,3874.5,3845.1,3858.4,234675
2026-01-02T15:15:00+05:30,3860.2,3869.9,3852.1,3869.9,104475
2026-01-05T09:15:00+05:30,3880,3913,3857.9,3913,224000
2026-01-05T10:15:00+05:30,3912.7,3920.1,3888.3,3891.5,169050
2026-01-05T11:15:00+05:30,3892.1,3900,3890,3898.5,77525
2026-01-05T12:15:00+05:30,3897.8,3902.3,3890.6,3892,69825
2026-01-05T13:15:00+05:30,3890.4,3893.1,3855.3,3858.2,123900
2026-01-05T14:15:00+05:30,3859,3882.7,3858.1,3875.1,113575
2026-01-05T15:15:00+05:30,3872.6,3875.1,3866,3869.1,35700
2026-01-06T09:15:00+05:30,3874.7,3881.8,3855.9,3873.3,171500
2026-01-06T10:15:00+05:30,3874.4,3879.8,3860.8,3865.3,63000
2026-01-06T11:15:00+05:30,3864.8,3897.1,3852.8,3876.8,79100
2026-01-06T12:15:00+05:30,3877.3,3902,3875,3899.2,61250
2026-01-06T13:15:00+05:30,3898.8,3901.5,3889.1,3900.2,63875
2026-01-06T14:15:00+05:30,3900.2,3901.5,3880.1,3883.9,129850
2026-01-06T15:15:00+05:30,3883.9,3893.5,3882.8,3893.5,44100
2026-01-07T09:15:00+05:30,3901.8,3901.8,3868.1,3882.4,99400
2026-01-07T10:15:00+05:30,3886.5,3887.3,3871.1,3873.7,49000
2026-01-07T11:15:00+05:30,3873,3879.1,3865.9,3869.8,70350
2026-01-07T12:15:00+05:30,3869,3883.2,3856.6,3859.9,47600
2026-01-07T13:15:00+05:30,3859.9,3860,3841.1,3841.1,142975
2026-01-07T14:15:00+05:30,3843.6,3862.9,3838,3855,88550
2026-01-07T15:15:00+05:30,3856.6,3860.7,3848,3848,41825
2026-01-08T09:15:00+05:30,3836.8,3870.4,3830,3851.5,117425
2026-01-08T10:15:00+05:30,3848.8,3857.2,3832.2,3832.7,82600
2026-01-08T11:15:00+05:30,3833,3850,3822,3832.4,83650
2026-01-08T12:15:00+05:30,3834,3848.9,3830.1,3842,50225
2026-01-08T13:15:00+05:30,3840.1,3843.3,3824,3825,87150
2026-01-08T14:15:00+05:30,3824.2,3834,3810,3819.1,151200
2026-01-08T15:15:00+05:30,3819.8,3821.8,3812.8,3819,44275
2026-01-09T09:15:00+05:30,3800.6,3862.6,3800.6,3846.4,116900
2026-01-09T10:15:00+05:30,3842.7,3851.9,3828.3,3833.7,44975
2026-01-09T11:15:00+05:30,3835.4,3842.1,3805.2,3807,51275
2026-01-09T12:15:00+05:30,3809,3813.8,3780.1,3784.9,83825
2026-01-09T13:15:00+05:30,3782,3794.8,3776.6,3786.2,90825
2026-01-09T14:15:00+05:30,3783.8,3798.8,3768,3775.2,179900
2026-01-09T15:15:00+05:30,3775.6,3785.2,3767.3,3772.7,74025
2026-01-12T09:15:00+05:30,3790.2,3790.2,3711.6,3721,169400
2026-01-12T10:15:00+05:30,3722.8,3735.1,3682.7,3682.7,90650
2026-01-12T11:15:00+05:30,3685,3695.4,3671.3,3695.4,84175
2026-01-12T12:15:00+05:30,3696.5,3726.5,3691.8,3726.5,108850
2026-01-12T13:15:00+05:30,3727.8,3749.2,3721.1,3732.5,79275
2026-01-12T14:15:00+05:30,3730,3775,3722.6,3765.8,156450
2026-01-12T15:15:00+05:30,3767.9,3779.9,3767.9,3775.5,71750
2026-01-13T09:15:00+05:30,3770.8,3784.6,3723,3733.6,108675
2026-01-13T10:15:00+05:30,3733.1,3754,3724.9,3732.8,112350
2026-01-13T11:15:00+05:30,3731.7,3758.7,3726.2,3727.9,221200
2026-01-13T12:15:00+05:30,3726.2,3749.1,3724.3,3742.5,445375
2026-01-13T13:15:00+05:30,3742.4,3743.9,3712.7,3716.4,67025
2026-01-13T14:15:00+05:30,3716.4,3767.8,3712.2,3766,115500
2026-01-13T15:15:00+05:30,3769,3774.8,3751.1,3757.6,81550
2026-01-14T09:15:00+05:30,3716.6,3771.9,3716.6,3741,99575
2026-01-14T10:15:00+05:30,3740,3757,3734.8,3747.9,34475
2026-01-14T11:15:00+05:30,3749.1,3755,3714.4,3718,47075
2026-01-14T12:15:00+05:30,3717.3,3730.6,3712.1,3724.1,142800
2026-01-14T13:15:00+05:30,3722.3,3722.3,3701.6,3719.1,77350
2026-01-14T14:15:00+05:30,3716.2,3716.2,3694,3704.7,220500
2026-01-14T15:15:00+05:30,3704.2,3706.1,3695.3,3699.2,106400
2026-01-16T09:15:00+05:30,3699.2,3706.5,3653.6,3702.5,276500
2026-01-16T10:15:00+05:30,3702.4,3732.9,3700,3702.2,171150
2026-01-16T11:15:00+05:30,3703,3707,3683,3694,74025
2026-01-16T12:15:00+05:30,3693.9,3704.5,3674.8,3677.9,116200
2026-01-16T13:15:00+05:30,3678.3,3679.2,3662,3665.3,108150
2026-01-16T14:15:00+05:30,3663.6,3684.2,3660.8,3679.9,134750
2026-01-16T15:15:00+05:30,3681.4,3683.6,3669.6,3677.9,54425
2026-01-19T09:15:00+05:30,3650,3666.4,3630.4,3656.3,123550
2026-01-19T10:15:00+05:30,3658.9,3697.6,3648.4,3683.4,109200
2026-01-19T11:15:00+05:30,3684,3699.5,3669.1,3699.1,107975
2026-01-19T12:15:00+05:30,3698.2,3700.3,3682.1,3687.2,98700
2026-01-19T13:15:00+05:30,3685.3,3702.8,3684.2,3686.9,84700
2026-01-19T14:15:00+05:30,3686.9,3710,3686.9,3698.4,154175
2026-01-19T15:15:00+05:30,3700.1,3703.4,3692,3697.1,83125
2026-01-20T09:15:00+05:30,3701,3718.9,3638,3661.6,126175
2026-01-20T10:15:00+05:30,3659,3675,3645.3,3655.4,77350
2026-01-20T11:15:00+05:30,3655.4,3672,3653,3662.9,83650
2026-01-20T12:15:00+05:30,3662.9,3665.6,3634.5,3638.8,86625
2026-01-20T13:15:00+05:30,3638.8,3642.8,3611.1,3616.8,79450
2026-01-20T14:15:00+05:30,3616.8,3648.7,3612.8,3617,125825
2026-01-20T15:15:00+05:30,3616,3620,3598.1,3620,55125
2026-01-21T09:15:00+05:30,3603.1,3610.5,3561.8,3568.7,502775
2026-01-21T10:15:00+05:30,3569.3,3576.8,3530,3570.6,612500
2026-01-21T11:15:00+05:30,3570.6,3583.2,3557.4,3583.2,365925
2026-01-21T12:15:00+05:30,3583.2,3614.9,3570.8,3595.7,375725
2026-01-21T13:15:00+05:30,3595.7,3614,3578.6,3582.3,324975
2026-01-21T14:15:00+05:30,3582.3,3607.9,3581.2,3598.1,381850
2026-01-21T15:15:00+05:30,3597.7,3607.1,3597.3,3598.4,76300
2026-01-22T09:15:00+05:30,3594.1,3662.9,3594.1,3636,495075
2026-01-22T10:15:00+05:30,3636,3638.4,3601.2,3604.6,452725
2026-01-22T11:15:00+05:30,3604.6,3610,3592.6,3603,503125
2026-01-22T12:15:00+05:30,3603,3608.7,3589.9,3591.3,470225
2026-01-22T13:15:00+05:30,3591.3,3598.4,3560.7,3574.7,692475
2026-01-22T14:15:00+05:30,3575.3,3596.4,3561.2,3561.2,696325
2026-01-22T15:15:00+05:30,3560.1,3566.5,3545.9,3555.8,203700
2026-01-23T09:15:00+05:30,3560,3562.7,3532.7,3546.2,341950
2026-01-23T10:15:00+05:30,3546.7,3582,3545.8,3577.4,477050
2026-01-23T11:15:00+05:30,3577.4,3586.7,3560.3,3577.8,698425
2026-01-23T12:15:00+05:30,3577.8,3608.9,3577.8,3588.7,874300
2026-01-23T13:15:00+05:30,3588.7,3594.3,3544,3544,499800
2026-01-23T14:15:00+05:30,3544,3552.6,3530.5,3533.5,375375
2026-01-23T15:15:00+05:30,3531,3537.9,3525,3537.2,79275
2026-01-27T09:15:00+05:30,3595,3595,3518.7,3569.6,399525
2026-01-27T10:15:00+05:30,3568.7,3577,3531,3546.6,311675
2026-01-27T11:15:00+05:30,3546.6,3564.8,3543.5,3544.6,303100
2026-01-27T12:15:00+05:30,3546.2,3549.4,3535.3,3540,252175
2026-01-27T13:15:00+05:30,3540,3560.5,3536.5,3537.5,178675
2026-01-27T14:15:00+05:30,3535.6,3588.8,3531.1,3582.1,538650
2026-01-27T15:15:00+05:30,3581.1,3585.6,3573.5,3583.4,83125
2026-01-28T09:15:00+05:30,3607.7,3607.7,3518,3521.9,321825
2026-01-28T10:15:00+05:30,3523.3,3557,3519,3554,162400
2026-01-28T11:15:00+05:30,3552.5,3555.9,3530.1,3547.6,97825
2026-01-28T12:15:00+05:30,3551.7,3716.2,3506.2,3685.5,1304100
2026-01-28T13:15:00+05:30,3689.8,3727.3,3661.1,3686,1356425
2026-01-28T14:15:00+05:30,3686,3773.1,3685,3746.7,889875
2026-01-28T15:15:00+05:30,3748.7,3767.6,3747.4,3760,241325
2026-01-29T09:15:00+05:30,3722,3774.3,3675.5,3683.9,704725
2026-01-29T10:15:00+05:30,3681,3682.6,3622.1,3640.9,442400
2026-01-29T11:15:00+05:30,3637.6,3655,3628.8,3647.3,194250
2026-01-29T12:15:00+05:30,3646.2,3660.4,3628.3,3645.4,142275
2026-01-29T13:15:00+05:30,3645.6,3676.6,3633,3665.4,185150
2026-01-29T14:15:00+05:30,3664.5,3685.5,3663.5,3676.9,177800
2026-01-29T15:15:00+05:30,3676.5,3678.7,3673,3675.2,88025
2026-01-30T09:15:00+05:30,3659.9,3726,3640.5,3675.5,372750
2026-01-30T10:15:00+05:30,3674.6,3686,3660.8,3668.7,44800
2026-01-30T11:15:00+05:30,3668,3680.6,3663.3,3674.5,35350
2026-01-30T12:15:00+05:30,3676,3683.8,3650,3655.5,41125
2026-01-30T13:15:00+05:30,3655.3,3688,3648,3685.6,90825
2026-01-30T14:15:00+05:30,3685.7,3712.2,3680.6,3691.8,222425
2026-01-30T15:15:00+05:30,3689.5,3697,3684.6,3692,84175
2026-02-01T09:15:00+05:30,3717.3,3717.3,3663.5,3682,86100
2026-02-01T10:15:00+05:30,3683.6,3702.5,3683,3692,108850
2026-02-01T11:15:00+05:30,3689,3692.5,3659.5,3659.9,56000
2026-02-01T12:15:00+05:30,3659.5,3671.6,3528.2,3670.1,203350
2026-02-01T13:15:00+05:30,3670.9,3679.2,3601.2,3610.1,88725
2026-02-01T14:15:00+05:30,3610,3634,3600.1,3609.9,75600
2026-02-01T15:15:00+05:30,3609.7,3619.4,3588.2,3610,46200
2026-02-02T09:15:00+05:30,3630.5,3656.3,3585.7,3626.6,228200
2026-02-02T10:15:00+05:30,3625.6,3630.3,3568.3,3576.1,144550
2026-02-02T11:15:00+05:30,3575.8,3622.6,3571.4,3618.5,137200
2026-02-02T12:15:00+05:30,3625,3649.8,3603.8,3644,95725
2026-02-02T13:15:00+05:30,3647,3647,3628,3640.9,75950
2026-02-02T14:15:00+05:30,3641.9,3659.5,3634.2,3649.4,143850
2026-02-02T15:15:00+05:30,3649.9,3662,3648,3660,85400
2026-02-03T09:15:00+05:30,3755.9,3774.4,3708.8,3710.2,556500
2026-02-03T10:15:00+05:30,3710.2,3740,3702.6,3723.9,180250
2026-02-03T11:15:00+05:30,3722.8,3736,3713.2,3734.4,68425
2026-02-03T12:15:00+05:30,3734,3740,3715.5,3719.5,99575
2026-02-03T13:15:00+05:30,3719.4,3732.3,3707,3727.2,99575
2026-02-03T14:15:00+05:30,3726.8,3734.8,3716.1,3733.2,105875
2026-02-03T15:15:00+05:30,3731.5,3734.6,3709.5,3720,79975
2026-02-04T09:15:00+05:30,3725,3782.2,3705.7,3767.4,213500
2026-02-04T10:15:00+05:30,3769,3774.7,3758.8,3765.1,164500
2026-02-04T11:15:00+05:30,3764.8,3764.8,3741.4,3756.6,115850
2026-02-04T12:15:00+05:30,3758,3763.2,3750.9,3756,73150
2026-02-04T13:15:00+05:30,3755.9,3756.9,3745.7,3754.6,79625
2026-02-04T14:15:00+05:30,3754.9,3754.9,3730.1,3745.3,177625
2026-02-04T15:15:00+05:30,3745.9,3748.8,3738,3738,80500
2026-02-05T09:15:00+05:30,3737.5,3747.2,3704.5,3710.7,180075
2026-02-05T10:15:00+05:30,3715.6,3733.8,3710,3718.2,75950
2026-02-05T11:15:00+05:30,3722.3,3726.4,3712.5,3714.4,23975
2026-02-05T12:15:00+05:30,3713,3748.8,3709,3740,188650
2026-02-05T13:15:00+05:30,3740.8,3747,3724.9,3730.4,57050
2026-02-05T14:15:00+05:30,3730.2,3736.7,3725.6,3727.7,79800
2026-02-05T15:15:00+05:30,3728.1,3729,3720.6,3724.9,40075
2026-02-06T09:15:00+05:30,3709.8,3718.4,3672.9,3688.2,133350
2026-02-06T10:15:00+05:30,3686.6,3701.9,3678.1,3695.3,71575
2026-02-06T11:15:00+05:30,3697,3722,3697,3708.2,64050
2026-02-06T12:15:00+05:30,3707.5,3715.9,3699.8,3713.2,150500
2026-02-06T13:15:00+05:30,3710.1,3723.8,3706.8,3721.6,44450
2026-02-06T14:15:00+05:30,3724.1,3771,3716,3769.2,324275
2026-02-06T15:15:00+05:30,3766.7,3774.9,3748.8,3761,188300
2026-02-09T09:15:00+05:30,3790.7,3790.7,3727.2,3754.7,208425
2026-02-09T10:15:00+05:30,3755,3779.7,3749.5,3774.3,131425
2026-02-09T11:15:00+05:30,3774.2,3786.7,3772.5,3776.9,96425
2026-02-09T12:15:00+05:30,3777.3,3784,3762,3773,52675
2026-02-09T13:15:00+05:30,3773.6,3777.1,3764.1,3770,41650
2026-02-09T14:15:00+05:30,3771.6,3776.5,3762,3772.3,71575
2026-02-09T15:15:00+05:30,3770.9,3776.4,3768.1,3774.5,64575
2026-02-10T09:15:00+05:30,3759,3780,3756,3760.3,164675
2026-02-10T10:15:00+05:30,3763,3772.5,3757.9,3763.3,118300
2026-02-10T11:15:00+05:30,3765.5,3792,3764.2,3781.9,142100
2026-02-10T12:15:00+05:30,3782,3787.8,3775.5,3779.3,56000
2026-02-10T13:15:00+05:30,3779.1,3782.9,3774.4,3777.2,48650
2026-02-10T14:15:00+05:30,3778,3782.9,3766.1,3773.2,122850
2026-02-10T15:15:00+05:30,3772.7,3779,3771.4,3772,43750
2026-02-11T09:15:00+05:30,3770.1,3873.1,3770.1,3863,473900
2026-02-11T10:15:00+05:30,3864.3,3884.9,3862,3869,133875
2026-02-11T11:15:00+05:30,3871.8,3884.4,3856.6,3871.6,120225
2026-02-11T12:15:00+05:30,3871.5,3874.5,3852.1,3872.2,91700
2026-02-11T13:15:00+05:30,3874.8,3895,3872.9,3889,138775
2026-02-11T14:15:00+05:30,3888.9,3889,3866.6,3867.9,136850
2026-02-11T15:15:00+05:30,3868.1,3870.2,3862.2,3868.2,58100
2026-02-12T09:15:00+05:30,3864,3905,3862.8,3899.3,195125
2026-02-12T10:15:00+05:30,3900.4,3908,3886.1,3894.2,98525
2026-02-12T11:15:00+05:30,3890.1,3891.3,3873.1,3880.1,101500
2026-02-12T12:15:00+05:30,3881.8,3888.5,3873.6,3875,38850
2026-02-12T13:15:00+05:30,3874.9,3879,3867.8,3877.8,47600
2026-02-12T14:15:00+05:30,3876,3888.6,3855.5,3885,71225
2026-02-12T15:15:00+05:30,3885.4,3886.9,3877,3883.1,37800
2026-02-13T09:15:00+05:30,3873.8,3876.1,3836.1,3844,78750
2026-02-13T10:15:00+05:30,3842.3,3856.3,3837.9,3851.4,32550
2026-02-13T11:15:00+05:30,3853.1,3868.6,3845.1,3866.2,30625
2026-02-13T12:15:00+05:30,3867.1,3895,3867.1,3887.1,77700
2026-02-13T13:15:00+05:30,3890.4,3892.5,3871.9,3885,40775
2026-02-13T14:15:00+05:30,3887.9,3887.9,3865.1,3869.5,49350
2026-02-13T15:15:00+05:30,3870.4,3873.3,3862,3867.3,19075
2026-02-16T09:15:00+05:30,3870,3894.4,3848.7,3859.7,105525
2026-02-16T10:15:00+05:30,3858.3,3865.3,3844.1,3853.2,33425
2026-02-16T11:15:00+05:30,3853.1,3858,3822.9,3837.3,82775
2026-02-16T12:15:00+05:30,3836.9,3853.7,3830,3847.8,49000
2026-02-16T13:15:00+05:30,3846.4,3847.9,3820.2,3828.1,49875
2026-02-16T14:15:00+05:30,3828.1,3835.4,3810.4,3817.4,94500
2026-02-16T15:15:00+05:30,3817.3,3823.3,3815.1,3821.9,42875
2026-02-17T09:15:00+05:30,3798.6,3846.5,3798.6,3840,129675
2026-02-17T10:15:00+05:30,3842,3854.4,3830.6,3832.4,59850
2026-02-17T11:15:00+05:30,3832.5,3843,3829.5,3833.9,61075
2026-02-17T12:15:00+05:30,3839.4,3887.7,3839.4,3878.2,176400
2026-02-17T13:15:00+05:30,3877.4,3881,3864.6,3864.9,57750
2026-02-17T14:15:00+05:30,3864.7,3885,3861.7,3878.3,88550
2026-02-17T15:15:00+05:30,3879.9,3889,3875.6,3887.8,49700
2026-02-18T09:15:00+05:30,3890,3899,3872.6,3876,116550
2026-02-18T10:15:00+05:30,3875.9,3890,3873.1,3877.7,76125
2026-02-18T11:15:00+05:30,3877.7,3878.6,3860,3878.6,162750
2026-02-18T12:15:00+05:30,3878.6,3884.8,3872.6,3881.5,57400
2026-02-18T13:15:00+05:30,3883.8,3884.4,3872.2,3879.8,48125
2026-02-18T14:15:00+05:30,3881.1,3885.2,3871.4,3880.4,105525
2026-02-18T15:15:00+05:30,3879.7,3885.8,3879.7,3883.5,28000
2026-02-19T09:15:00+05:30,3869.2,3897.3,3859.1,3861.6,443800
2026-02-19T10:15:00+05:30,3861.6,3868.7,3843.2,3854.4,460775
2026-02-19T11:15:00+05:30,3854.8,3873.9,3853.8,3865.4,422450
2026-02-19T12:15:00+05:30,3865.4,3877,3865.4,3874.5,321300
2026-02-19T13:15:00+05:30,3874.5,3874.5,3848.6,3850.2,399000
2026-02-19T14:15:00+05:30,3850.8,3861.3,3820.1,3824.1,421400
2026-02-19T15:15:00+05:30,3822,3823.5,3814,3822.7,67900
2026-02-20T09:15:00+05:30,3817.7,3857.8,3786.2,3802.6,562100
2026-02-20T10:15:00+05:30,3802.6,3816.9,3794.5,3815,467775
2026-02-20T11:15:00+05:30,3815,3833.5,3807.1,3808,452900
2026-02-20T12:15:00+05:30,3808,3818.3,3792.1,3795.6,427175
2026-02-20T13:15:00+05:30,3795.6,3811.8,3792,3807.9,412125
2026-02-20T14:15:00+05:30,3807.9,3817.6,3801.7,3806,622300
2026-02-20T15:15:00+05:30,3807.5,3814.7,3803.6,3808.2,124600
2026-02-23T09:15:00+05:30,3834.8,3888,3817.5,3855.6,442050
2026-02-23T10:15:00+05:30,3855.6,3867.9,3842.3,3851.4,699825
2026-02-23T11:15:00+05:30,3851.4,3853.2,3841.8,3844.5,303450
2026-02-23T12:15:00+05:30,3844.5,3844.9,3816.8,3816.8,349650
2026-02-23T13:15:00+05:30,3816.8,3827.6,3812.3,3816.9,315525
2026-02-23T14:15:00+05:30,3816.9,3825.9,3807.2,3820.5,335125
2026-02-23T15:15:00+05:30,3820.5,3822.9,3811.5,3814.7,91000
2026-02-24T09:15:00+05:30,3776.5,3837.7,3753.1,3816.3,710150
2026-02-24T10:15:00+05:30,3820,3846.4,3820,3843.3,620725
2026-02-24T11:15:00+05:30,3843.3,3843.3,3830.4,3837,693175
2026-02-24T12:15:00+05:30,3835.8,3841.8,3820.2,3836.4,875875
2026-02-24T13:15:00+05:30,3836.4,3839.2,3810.8,3825.2,615125
2026-02-24T14:15:00+05:30,3825.2,3829.9,3807.3,3825.1,389200
2026-02-24T15:15:00+05:30,3826.9,3836,3822.5,3830.2,66500
2026-02-25T09:15:00+05:30,3835.2,3881.9,3815,3878,223475
2026-02-25T10:15:00+05:30,3878.5,3946.1,3877.7,3944.5,389900
2026-02-25T11:15:00+05:30,3941.6,3952.1,3927.5,3939.9,180950
2026-02-25T12:15:00+05:30,3940,3940,3905.5,3914.2,153650
2026-02-25T13:15:00+05:30,3913,3925.9,3904.8,3920.7,75775
2026-02-25T14:15:00+05:30,3922.9,3936.9,3913.6,3933.8,175525
2026-02-25T15:15:00+05:30,3933.3,3942,3933.3,3942,138950
2026-02-26T09:15:00+05:30,3961.7,3963,3935.5,3962.1,307650
2026-02-26T10:15:00+05:30,3963.7,3966,3946.3,3957.5,159600
2026-02-26T11:15:00+05:30,3957.5,3959.9,3930,3935.1,98875
2026-02-26T12:15:00+05:30,3936.7,3950.9,3927.2,3947,104825
2026-02-26T13:15:00+05:30,3945.5,3953,3940.2,3952.9,66150
2026-02-26T14:15:00+05:30,3952.4,3978.6,3940,3972.9,207550
2026-02-26T15:15:00+05:30,3973.2,3984,3968.3,3970,117950
2026-02-27T09:15:00+05:30,3968,3978,3933,3933,129325
2026-02-27T10:15:00+05:30,3932,3932,3906.7,3921,121275
2026-02-27T11:15:00+05:30,3921.7,3928.8,3911.4,3922.3,68600
2026-02-27T12:15:00+05:30,3921.5,3932.3,3921,3925.7,36225
2026-02-27T13:15:00+05:30,3925,3933.7,3913,3927.7,81725
2026-02-27T14:15:00+05:30,3928.9,3936.7,3878.5,3889.1,403375
2026-02-27T15:15:00+05:30,3890.6,3892.1,3873.7,3892.1,318675
2026-03-02T09:15:00+05:30,3812.2,3923.1,3812.2,3894.1,464100
2026-03-02T10:15:00+05:30,3895.4,3895.4,3822.8,3826.8,238700
2026-03-02T11:15:00+05:30,3828.5,3832.9,3772.2,3786.8,243075
2026-03-02T12:15:00+05:30,3784.3,3796.8,3777.6,3778.7,95550
2026-03-02T13:15:00+05:30,3778.7,3796.8,3751,3796.8,147175
2026-03-02T14:15:00+05:30,3798.9,3826.5,3784.5,3818.1,352800
2026-03-02T15:15:00+05:30,3818.1,3822.6,3800.1,3807.5,134575
2026-03-04T09:15:00+05:30,3730,3744,3655.1,3696.4,352100
2026-03-04T10:15:00+05:30,3696.3,3718.6,3687.7,3709.2,139825
2026-03-04T11:15:00+05:30,3708,3720.4,3696.9,3703.5,85925
2026-03-04T12:15:00+05:30,3703,3722.5,3697.3,3718.4,79450
2026-03-04T13:15:00+05:30,3717,3759,3717,3759,78225
2026-03-04T14:15:00+05:30,3758,3767.1,3731.7,3742.3,248500
2026-03-04T15:15:00+05:30,3742.6,3748.7,3734.9,3743,164325
2026-03-05T09:15:00+05:30,3812.6,3812.6,3764.6,3773.7,180250
2026-03-05T10:15:00+05:30,3772,3781,3758.5,3761,89250
2026-03-05T11:15:00+05:30,3758.5,3766.9,3734.2,3747.9,69825
2026-03-05T12:15:00+05:30,3747.5,3761.8,3744,3760,71400
2026-03-05T13:15:00+05:30,3761.3,3779.5,3751.8,3757,69475
2026-03-05T14:15:00+05:30,3753.8,3831.9,3744,3801.5,231175
2026-03-05T15:15:00+05:30,3801,3814.7,3801,3809.1,98175
2026-03-06T09:15:00+05:30,3775.1,3819.5,3775.1,3795,67025
2026-03-06T10:15:00+05:30,3795,3800.4,3774.1,3783.6,85050
2026-03-06T11:15:00+05:30,3783.5,3808.5,3778.8,3786.5,53200
2026-03-06T12:15:00+05:30,3784.8,3788.8,3763.7,3778,44625
2026-03-06T13:15:00+05:30,3777.4,3789.5,3770.2,3787.2,40775
2026-03-06T14:15:00+05:30,3788.4,3797.3,3774,3777.5,240625
2026-03-06T15:15:00+05:30,3778.7,3780.1,3767,3774.4,128975
2026-03-09T09:15:00+05:30,3658.8,3698.1,3601,3643.4,311850
2026-03-09T10:15:00+05:30,3640,3641,3590,3610.8,103250
2026-03-09T11:15:00+05:30,3610,3666.5,3606.5,3661.3,313425
2026-03-09T12:15:00+05:30,3658,3662.1,3623.6,3626,73850
2026-03-09T13:15:00+05:30,3626.1,3633,3620.2,3625.1,93625
2026-03-09T14:15:00+05:30,3625.6,3649.8,3623,3649.5,176225
2026-03-09T15:15:00+05:30,3649.1,3655.3,3635.3,3642.6,56875
2026-03-10T09:15:00+05:30,3733.7,3733.7,3679.8,3715.2,149625
2026-03-10T10:15:00+05:30,3713.1,3758.9,3702.1,3755.7,133000
2026-03-10T11:15:00+05:30,3759,3763,3738.5,3740.2,132650
2026-03-10T12:15:00+05:30,3736.8,3748.9,3726.8,3745,54950
2026-03-10T13:15:00+05:30,3749,3772,3742.3,3766.5,51975
2026-03-10T14:15:00+05:30,3769.4,3789,3763.5,3779.6,135625
2026-03-10T15:15:00+05:30,3778.6,3787.9,3778.1,3781,79625
2026-03-11T09:15:00+05:30,3750,3797,3737,3737,180425
2026-03-11T10:15:00+05:30,3736.9,3747.1,3679.8,3685,160650
2026-03-11T11:15:00+05:30,3684,3698.9,3665,3677.4,216650
2026-03-11T12:15:00+05:30,3678.5,3688.4,3635,3640.3,255675
2026-03-11T13:15:00+05:30,3641.1,3654.9,3621.6,3628,144550
2026-03-11T14:15:00+05:30,3628.2,3628.2,3588.4,3591.4,357525
2026-03-11T15:15:00+05:30,3592.4,3605,3586.3,3593,138250
2026-03-12T09:15:00+05:30,3520,3548.4,3470,3473.9,562975
2026-03-12T10:15:00+05:30,3476.2,3484.9,3456.5,3479.6,263725
2026-03-12T11:15:00+05:30,3479,3485.6,3444.4,3459.8,181125
2026-03-12T12:15:00+05:30,3457.3,3466.7,3427.7,3441,180425
2026-03-12T13:15:00+05:30,3441,3465.1,3433.6,3448.1,296975
2026-03-12T14:15:00+05:30,3447.3,3459.4,3424.8,3436,258475
2026-03-12T15:15:00+05:30,3434.2,3436.2,3411,3411,267225
2026-03-13T09:15:00+05:30,3386.6,3407.6,3364.5,3386,462000
2026-03-13T10:15:00+05:30,3389,3399.9,3375,3379.1,98000
2026-03-13T11:15:00+05:30,3375.9,3386.8,3346.3,3348.8,112525
2026-03-13T12:15:00+05:30,3351.5,3352.6,3312.9,3314.7,150850
2026-03-13T13:15:00+05:30,3313.6,3315.1,3294.1,3306.5,277025
2026-03-13T14:15:00+05:30,3306.6,3341,3303.1,3340.9,453425
2026-03-13T15:15:00+05:30,3339.7,3340.6,3330.1,3332,121100
2026-03-16T09:15:00+05:30,3333.3,3392.7,3318.1,3348.9,310450
2026-03-16T10:15:00+05:30,3345.6,3345.6,3292,3324.2,142450
2026-03-16T11:15:00+05:30,3324,3349.7,3321.6,3327,68950
2026-03-16T12:15:00+05:30,3325.2,3333.5,3316.5,3323.8,58100
2026-03-16T13:15:00+05:30,3324.8,3339.7,3319.1,3332.5,67200
2026-03-16T14:15:00+05:30,3334.4,3395,3333.5,3379,343000
2026-03-16T15:15:00+05:30,3379.7,3382.6,3350.1,3352,164150
2026-03-17T09:15:00+05:30,3392.9,3439.9,3350.1,3424,307125
2026-03-17T10:15:00+05:30,3428,3447.7,3403.8,3423.1,217700
2026-03-17T11:15:00+05:30,3423.4,3423.4,3377.9,3384,182175
2026-03-17T12:15:00+05:30,3384,3433.2,3380.9,3428.6,175175
2026-03-17T13:15:00+05:30,3428.2,3463.3,3416.4,3462.6,179550
2026-03-17T14:15:00+05:30,3462,3493.2,3456.1,3487.4,400050
2026-03-17T15:15:00+05:30,3487.3,3497.7,3485.1,3496,223125
2026-03-18T09:15:00+05:30,3509.9,3553.9,3501.4,3544.3,266000
2026-03-18T10:15:00+05:30,3541.8,3564.9,3541,3560,129675
2026-03-18T11:15:00+05:30,3560,3568.1,3541,3547.9,164675
2026-03-18T12:15:00+05:30,3548.9,3552.2,3537.9,3544.6,93275
2026-03-18T13:15:00+05:30,3544.5,3564.1,3542.5,3556.9,140700
2026-03-18T14:15:00+05:30,3556.9,3573.2,3554.4,3571.6,249725
2026-03-18T15:15:00+05:30,3573.3,3574.2,3554.5,3558.1,164675
2026-03-19T09:15:00+05:30,3480.1,3508.8,3462.7,3474.3,172025
2026-03-19T10:15:00+05:30,3474.4,3486.8,3458.6,3464.5,106050
2026-03-19T11:15:00+05:30,3464.2,3472.9,3431.9,3442.6,80500
2026-03-19T12:15:00+05:30,3441.9,3447,3429.7,3436.2,52850
2026-03-19T13:15:00+05:30,3432.7,3445.2,3417.9,3422.8,71400
2026-03-19T14:15:00+05:30,3423.3,3439.9,3409.7,3439.5,333200
2026-03-19T15:15:00+05:30,3440,3471.8,3439.2,3456.1,243425
2026-03-20T09:15:00+05:30,3469.9,3532.9,3469.9,3477,193375
2026-03-20T10:15:00+05:30,3475,3487,3458.9,3473.9,80500
2026-03-20T11:15:00+05:30,3474.5,3487.5,3457.7,3464.3,65100
2026-03-20T12:15:00+05:30,3466.8,3466.8,3437.5,3465.9,81900
2026-03-20T13:15:00+05:30,3469.5,3475.9,3456.8,3464.1,60550
2026-03-20T14:15:00+05:30,3462.1,3467.9,3438.3,3448.6,131600
2026-03-20T15:15:00+05:30,3449.7,3467.9,3449.3,3466,102725
2026-03-23T09:15:00+05:30,3415,3419,3376.4,3381.3,233100
2026-03-23T10:15:00+05:30,3381.3,3398.9,3374.9,3387.9,120575
2026-03-23T11:15:00+05:30,3387,3389.5,3378,3383.9,62475
2026-03-23T12:15:00+05:30,3384,3396.4,3375.1,3381.8,47075
2026-03-23T13:15:00+05:30,3381.8,3408.3,3380.6,3401,62300
2026-03-23T14:15:00+05:30,3398.6,3409.8,3384.8,3397,102375
2026-03-23T15:15:00+05:30,3394.8,3400,3390,3390,59325
2026-03-24T09:15:00+05:30,3459.9,3459.9,3408.4,3420.2,481425
2026-03-24T10:15:00+05:30,3420.2,3432.3,3400,3403.2,341075
2026-03-24T11:15:00+05:30,3404.6,3440.7,3400.2,3422.9,341425
2026-03-24T12:15:00+05:30,3422.9,3470.7,3422.8,3463.8,508900
2026-03-24T13:15:00+05:30,3463.8,3496.8,3460.5,3491.9,517300
2026-03-24T14:15:00+05:30,3491.9,3495.5,3455.9,3466,469700
2026-03-24T15:15:00+05:30,3466.3,3489.5,3464,3470.2,117950
2026-03-25T09:15:00+05:30,3510.1,3559.9,3510.1,3548.5,597800
2026-03-25T10:15:00+05:30,3548.5,3555.7,3529.7,3532,500850
2026-03-25T11:15:00+05:30,3532,3568.3,3513.5,3568.3,596750
2026-03-25T12:15:00+05:30,3568.3,3568.8,3533.2,3553.4,451325
2026-03-25T13:15:00+05:30,3553.4,3582.2,3545.4,3565.5,582925
2026-03-25T14:15:00+05:30,3565.5,3568.9,3523.9,3528.4,621425
2026-03-25T15:15:00+05:30,3528.4,3529.9,3518.2,3525.5,208075
2026-03-27T09:15:00+05:30,3475.4,3495.8,3429,3429,488600
2026-03-27T10:15:00+05:30,3429,3451.4,3422,3434.5,421400
2026-03-27T11:15:00+05:30,3434.5,3455,3434.5,3447,493500
2026-03-27T12:15:00+05:30,3447,3477.7,3439.1,3469.1,726250
2026-03-27T13:15:00+05:30,3469.1,3483.4,3456.1,3464.8,565775
2026-03-27T14:15:00+05:30,3464.8,3465.6,3428.3,3430.9,1113525
2026-03-27T15:15:00+05:30,3430.9,3448.9,3430.9,3436.2,415275
2026-03-30T09:15:00+05:30,3396.7,3422.8,3371.1,3397.7,320425
2026-03-30T10:15:00+05:30,3397.7,3402.2,3383.8,3386.4,305900
2026-03-30T11:15:00+05:30,3386.8,3406.3,3376.2,3388,428050
2026-03-30T12:15:00+05:30,3390,3404.6,3372.5,3391.7,487025
2026-03-30T13:15:00+05:30,3391.7,3414.1,3389,3405.6,401275
2026-03-30T14:15:00+05:30,3408.3,3413.1,3362,3385.2,567525
2026-03-30T15:15:00+05:30,3385.9,3387.9,3363.6,3375.6,177450
2026-04-01T09:15:00+05:30,3482.7,3521.9,3455,3476,309750
2026-04-01T10:15:00+05:30,3476,3483.5,3417.9,3421,217175
2026-04-01T11:15:00+05:30,3422.6,3472.6,3413.9,3468.4,157850
2026-04-01T12:15:00+05:30,3468.4,3490,3458,3490,112175
2026-04-01T13:15:00+05:30,3490,3494.5,3456.2,3484,127925
2026-04-01T14:15:00+05:30,3479.5,3481.3,3436.8,3445.4,180775
2026-04-01T15:15:00+05:30,3444.9,3454.7,3444.7,3454.7,82075
2026-04-02T09:15:00+05:30,3368,3374.9,3306.8,3336.7,291725
2026-04-02T10:15:00+05:30,3336.7,3346.4,3325,3345,140700
2026-04-02T11:15:00+05:30,3343.9,3359,3322.1,3355,142450
2026-04-02T12:15:00+05:30,3355,3368.9,3344.1,3359.4,106925
2026-04-02T13:15:00+05:30,3359.3,3412.5,3356.7,3411,141750
2026-04-02T14:15:00+05:30,3414,3415.6,3381,3405,184975
2026-04-02T15:15:00+05:30,3407.4,3411.4,3396.2,3408.9,70875
2026-04-06T09:15:00+05:30,3463.9,3512,3425.2,3511,351575
2026-04-06T10:15:00+05:30,3510.2,3519,3462.9,3476.2,166775
2026-04-06T11:15:00+05:30,3472.2,3495.9,3470.6,3479.8,58450
2026-04-06T12:15:00+05:30,3480.9,3498.9,3472,3493,125825
2026-04-06T13:15:00+05:30,3493,3504.2,3488.3,3502.7,68775
2026-04-06T14:15:00+05:30,3504,3515.6,3498.5,3511.7,123550
2026-04-06T15:15:00+05:30,3514,3514,3501.1,3503,71400
2026-04-07T09:15:00+05:30,3481.8,3481.8,3428.1,3472,104125
2026-04-07T10:15:00+05:30,3471.5,3486.3,3446,3452,79275
2026-04-07T11:15:00+05:30,3452,3479.3,3451.8,3468.2,74725
2026-04-07T12:15:00+05:30,3466.8,3475,3460.4,3475,34125
2026-04-07T13:15:00+05:30,3475,3494.8,3470.3,3479.9,62825
2026-04-07T14:15:00+05:30,3481.2,3495.4,3478.1,3486.8,137025
2026-04-07T15:15:00+05:30,3486.4,3493.8,3479.7,3490,72275
2026-04-08T09:15:00+05:30,3656.6,3720,3639.7,3696.1,488075
2026-04-08T10:15:00+05:30,3697,3713.4,3685.1,3704.7,133000
2026-04-08T11:15:00+05:30,3703.2,3745.5,3703.2,3736.1,168875
2026-04-08T12:15:00+05:30,3736.1,3737.8,3706,3707.2,86275
2026-04-08T13:15:00+05:30,3709,3717,3698.6,3707.2,80325
2026-04-08T14:15:00+05:30,3710.3,3721.4,3707,3715,116200
2026-04-08T15:15:00+05:30,3712.7,3717.8,3707.6,3717.8,58800
2026-04-09T09:15:00+05:30,3719.9,3779.1,3683.4,3715.3,254975
2026-04-09T10:15:00+05:30,3710.6,3734.2,3707.2,3726.9,71400
2026-04-09T11:15:00+05:30,3729.8,3762,3717.2,3752.9,141400
2026-04-09T12:15:00+05:30,3746.6,3763,3729.3,3736.6,81550
2026-04-09T13:15:00+05:30,3735.2,3740,3721.1,3735.4,52500
2026-04-09T14:15:00+05:30,3733.4,3750.9,3718.1,3750.8,69825
2026-04-09T15:15:00+05:30,3750.9,3751.2,3721.5,3724,81200
2026-04-10T09:15:00+05:30,3775,3812.2,3774.3,3786.6,251825
2026-04-10T10:15:00+05:30,3788.6,3818.3,3787.8,3805,93450
2026-04-10T11:15:00+05:30,3804.2,3812.5,3791,3806.5,93800
2026-04-10T12:15:00+05:30,3804.7,3821.5,3799.7,3818,86975
2026-04-10T13:15:00+05:30,3818,3831.3,3814,3823.9,104125
2026-04-10T14:15:00+05:30,3824.5,3851.8,3803.7,3846.1,259700
2026-04-10T15:15:00+05:30,3846.3,3854.4,3838,3839.4,151375
2026-04-13T09:15:00+05:30,3785.1,3785.1,3724,3740.8,304150
2026-04-13T10:15:00+05:30,3734,3774.4,3727.9,3747.3,106575
2026-04-13T11:15:00+05:30,3747,3771.6,3747,3771.6,63525
2026-04-13T12:15:00+05:30,3769.6,3778,3750.8,3760,70000
2026-04-13T13:15:00+05:30,3760,3760.3,3726,3741.5,81375
2026-04-13T14:15:00+05:30,3741.3,3760,3738,3742.9,81025
2026-04-13T15:15:00+05:30,3745,3747.9,3738.9,3740.2,41475
2026-04-15T09:15:00+05:30,3799,3829.8,3755.3,3781.5,228550
2026-04-15T10:15:00+05:30,3781.1,3808,3781.1,3791.7,124600
2026-04-15T11:15:00+05:30,3791.8,3806,3785.7,3795.5,56525
2026-04-15T12:15:00+05:30,3796.8,3801.2,3786.2,3790.1,21875
2026-04-15T13:15:00+05:30,3787,3802.5,3782,3797.7,22750
2026-04-15T14:15:00+05:30,3798.9,3801.6,3777.9,3791.1,131250
2026-04-15T15:15:00+05:30,3790.9,3792.8,3790,3791.3,88200
2026-04-16T09:15:00+05:30,3810,3825,3774.9,3786.8,129500
2026-04-16T10:15:00+05:30,3784.4,3790,3771.1,3780.8,50400
2026-04-16T11:15:00+05:30,3783.5,3788.9,3768.6,3772.4,54075
2026-04-16T12:15:00+05:30,3774.6,3777.1,3740.3,3746,45325
2026-04-16T13:15:00+05:30,3742.8,3765,3742.8,3755.2,55300
2026-04-16T14:15:00+05:30,3761.5,3782,3755,3757.6,86450
2026-04-16T15:15:00+05:30,3755.7,3782.8,3754.1,3772.2,40600
2026-04-17T09:15:00+05:30,3772.3,3797.7,3738,3778.7,110075
2026-04-17T10:15:00+05:30,3778.9,3786.2,3755.3,3767,57225
2026-04-17T11:15:00+05:30,3767.1,3770.4,3746.4,3756.5,31150
2026-04-17T12:15:00+05:30,3756.5,3758,3732.9,3740.4,44800
2026-04-17T13:15:00+05:30,3740.3,3752,3734.3,3746.1,33950
2026-04-17T14:15:00+05:30,3748.2,3763.1,3740.1,3745.9,445025
2026-04-17T15:15:00+05:30,3745.7,3752.6,3741.9,3750.5,78925
2026-04-20T09:15:00+05:30,3746.6,3775.5,3704,3741.7,136150
2026-04-20T10:15:00+05:30,3741.6,3778,3738.9,3756.1,74375
2026-04-20T11:15:00+05:30,3755.8,3772,3755.8,3761.1,48650
2026-04-20T12:15:00+05:30,3761.4,3789.9,3761.4,3774,74025
2026-04-20T13:15:00+05:30,3774.2,3777.8,3758.2,3762.6,42875
2026-04-20T14:15:00+05:30,3761.5,3783,3761.5,3774.3,100625
2026-04-20T15:15:00+05:30,3775.2,3775.2,3757.6,3769.6,29575
2026-04-21T09:15:00+05:30,3802.5,3808,3772,3783.4,149275
2026-04-21T10:15:00+05:30,3783,3784.1,3769.2,3777.5,38850
2026-04-21T11:15:00+05:30,3777.5,3778.8,3762.2,3767.1,39550
2026-04-21T12:15:00+05:30,3767.1,3783.1,3767.1,3775.3,25025
2026-04-21T13:15:00+05:30,3775.3,3777.8,3768.4,3769.1,37975
2026-04-21T14:15:00+05:30,3768.5,3774.6,3755.5,3756.9,58625
2026-04-21T15:15:00+05:30,3759.5,3762.4,3756.3,3761.1,29575
2026-04-22T09:15:00+05:30,3751,3779.2,3730,3749.5,95025
2026-04-22T10:15:00+05:30,3753.5,3765.7,3717.7,3721,99400
2026-04-22T11:15:00+05:30,3721.1,3727.1,3714.2,3716.5,43575
2026-04-22T12:15:00+05:30,3716.5,3719.5,3696.6,3710,70350
2026-04-22T13:15:00+05:30,3707.2,3714,3700.7,3706.7,66325
2026-04-22T14:15:00+05:30,3706.7,3706.7,3656.3,3664.8,141400
2026-04-22T15:15:00+05:30,3664.8,3676.1,3663.6,3668.8,73850
2026-04-23T09:15:00+05:30,3624.2,3629.9,3525,3529.8,451500
2026-04-23T10:15:00+05:30,3529.8,3548,3496,3530,391125
2026-04-23T11:15:00+05:30,3530,3545,3524.1,3536.5,328300
2026-04-23T12:15:00+05:30,3533.4,3538.6,3501.9,3510.3,290675
2026-04-23T13:15:00+05:30,3510.3,3513.2,3486.8,3495.8,351050
2026-04-23T14:15:00+05:30,3496.1,3521,3485.1,3512.3,375725
2026-04-23T15:15:00+05:30,3509.8,3517.1,3508.2,3511.9,102900
2026-04-24T09:15:00+05:30,3511.4,3533.4,3462.8,3524.7,475300
2026-04-24T10:15:00+05:30,3518.9,3521.9,3478.9,3482.7,357525
2026-04-24T11:15:00+05:30,3482.7,3503.2,3472.6,3503,748650
2026-04-24T12:15:00+05:30,3503.7,3508.5,3464.6,3465.3,423675
2026-04-24T13:15:00+05:30,3465.1,3501.9,3454.2,3499,409500
2026-04-24T14:15:00+05:30,3495,3517,3480,3483.4,350700
2026-04-24T15:15:00+05:30,3483.4,3493.6,3482.1,3492,79625
2026-04-27T09:15:00+05:30,3500.1,3518.7,3492.6,3494.9,346325
2026-04-27T10:15:00+05:30,3498.9,3512,3490.2,3494,354900
2026-04-27T11:15:00+05:30,3494,3510.7,3486.1,3510.7,500500
2026-04-27T12:15:00+05:30,3506.3,3559.1,3502,3556.9,536725
2026-04-27T13:15:00+05:30,3556.9,3559.1,3538.8,3551.5,334075
2026-04-27T14:15:00+05:30,3551.5,3562.9,3539.4,3552,512575
2026-04-27T15:15:00+05:30,3552,3557.2,3546.4,3556,119525
2026-04-28T09:15:00+05:30,3559.9,3579.7,3545.4,3569.8,369075
2026-04-28T10:15:00+05:30,3568.6,3576,3534.1,3542,198975
2026-04-28T11:15:00+05:30,3541,3542.3,3509,3510.9,231525
2026-04-28T12:15:00+05:30,3512.3,3520.1,3505,3517.7,423850
2026-04-28T13:15:00+05:30,3515.4,3524.9,3511.9,3522.5,200200
2026-04-28T14:15:00+05:30,3522.1,3538.6,3512,3515.7,245875
2026-04-28T15:15:00+05:30,3516.1,3518.1,3509,3514.9,42350
2026-04-29T09:15:00+05:30,3544.5,3623,3529.7,3593.5,390425
2026-04-29T10:15:00+05:30,3593.2,3604.8,3583.7,3593.8,112000
2026-04-29T11:15:00+05:30,3596.5,3607.9,3582,3607.4,79975
2026-04-29T12:15:00+05:30,3607.9,3623.3,3605,3610,95025
2026-04-29T13:15:00+05:30,3608.6,3608.6,3573.8,3582.8,102200
2026-04-29T14:15:00+05:30,3584.5,3586.2,3567.7,3573.9,102550
2026-04-29T15:15:00+05:30,3572.7,3575.9,3568.7,3574,49175
2026-04-30T09:15:00+05:30,3508.5,3513.4,3421,3429.2,381675
2026-04-30T10:15:00+05:30,3426.9,3464.8,3426.9,3438,194950
2026-04-30T11:15:00+05:30,3440.2,3465,3435.2,3455,83125
2026-04-30T12:15:00+05:30,3454.1,3478.9,3454.1,3470.5,61600
2026-04-30T13:15:00+05:30,3469.5,3487.7,3464.4,3478.4,95900
2026-04-30T14:15:00+05:30,3479.5,3532.3,3470.8,3510.1,325325
2026-04-30T15:15:00+05:30,3510,3510.2,3500,3509.6,48300
2026-05-04T09:15:00+05:30,3388.9,3548,3388.9,3535,479150
2026-05-04T10:15:00+05:30,3531.4,3540.8,3526,3537.8,110075
2026-05-04T11:15:00+05:30,3542.4,3550,3474.6,3479.8,145600
2026-05-04T12:15:00+05:30,3476.9,3492.1,3460.1,3472.6,201600
2026-05-04T13:15:00+05:30,3468.4,3493.6,3450,3490,133700
2026-05-04T14:15:00+05:30,3490,3515,3490,3504.2,198800
2026-05-04T15:15:00+05:30,3505.8,3515,3503.9,3510.6,51625
2026-05-05T09:15:00+05:30,3508.9,3522.1,3464.4,3508.3,98875
2026-05-05T10:15:00+05:30,3506.6,3517.9,3497.3,3511.3,94325
2026-05-05T11:15:00+05:30,3511,3527.1,3502,3516,106225
2026-05-05T12:15:00+05:30,3515.4,3558.3,3515.4,3555,78050
2026-05-05T13:15:00+05:30,3557.5,3557.8,3527.2,3527.2,58450
2026-05-05T14:15:00+05:30,3528,3544.8,3524.8,3542.2,97125
2026-05-05T15:15:00+05:30,3544.3,3547.8,3541.2,3545.8,67550
2026-05-06T09:15:00+05:30,3569,3611.9,3567,3580.9,144200
2026-05-06T10:15:00+05:30,3580.7,3602.1,3523.4,3529.7,249550
2026-05-06T11:15:00+05:30,3527.1,3580.1,3525,3568.7,137550
2026-05-06T12:15:00+05:30,3566.9,3582,3553.4,3564.9,78050
2026-05-06T13:15:00+05:30,3566.9,3579.7,3562.3,3575.4,88025
2026-05-06T14:15:00+05:30,3575.4,3638.5,3575.4,3632.6,308700
2026-05-06T15:15:00+05:30,3633,3635.5,3629,3629,82600
2026-05-07T09:15:00+05:30,3631.4,3724,3600.6,3682,342300
2026-05-07T10:15:00+05:30,3682,3707,3682,3706.3,41475
2026-05-07T11:15:00+05:30,3707,3721.4,3695.5,3710.6,92225
2026-05-07T12:15:00+05:30,3712.1,3743.9,3708.7,3734.5,162925
2026-05-07T13:15:00+05:30,3733.5,3735,3705.6,3714.9,123900
2026-05-07T14:15:00+05:30,3715,3718.4,3703.1,3716.2,166425
2026-05-07T15:15:00+05:30,3716.2,3718,3710.6,3710.6,110075
2026-05-08T09:15:00+05:30,3683.7,3725,3650.1,3719.2,147875
2026-05-08T10:15:00+05:30,3718.7,3734.3,3710.5,3727.4,42700
2026-05-08T11:15:00+05:30,3728.9,3733.1,3718,3723.7,31850
2026-05-08T12:15:00+05:30,3721,3728,3709,3722.4,32025
2026-05-08T13:15:00+05:30,3722.4,3733,3712.6,3723.2,47600
2026-05-08T14:15:00+05:30,3722.8,3730.7,3704.5,3706.6,86100
2026-05-08T15:15:00+05:30,3706.7,3724,3706.1,3720,58275
2026-05-11T09:15:00+05:30,3633.4,3692.6,3633.4,3662.6,142800
2026-05-11T10:15:00+05:30,3663.5,3667.4,3626.9,3660,72625
2026-05-11T11:15:00+05:30,3662,3672,3651.2,3666.1,80325
2026-05-11T12:15:00+05:30,3666.7,3679.9,3655.6,3657.3,59150
2026-05-11T13:15:00+05:30,3659.4,3671.3,3649,3649,68425
2026-05-11T14:15:00+05:30,3649,3658.9,3616.8,3617.7,149975
2026-05-11T15:15:00+05:30,3617.4,3623.5,3611.1,3616.7,60900
2026-05-12T09:15:00+05:30,3604.8,3608.2,3550.7,3559.8,247450
2026-05-12T10:15:00+05:30,3559.1,3579.9,3545.2,3573.8,65625
2026-05-12T11:15:00+05:30,3573.5,3614.9,3556.2,3605,140700
2026-05-12T12:15:00+05:30,3604.3,3615,3587.3,3593.6,54425
2026-05-12T13:15:00+05:30,3592.9,3608,3577.8,3594.3,61600
2026-05-12T14:15:00+05:30,3592.7,3603.6,3543.4,3550.2,251300
2026-05-12T15:15:00+05:30,3553,3575.8,3551.6,3561.8,108500
2026-05-13T09:15:00+05:30,3584.4,3600,3510,3524.8,288575
2026-05-13T10:15:00+05:30,3528.1,3565.6,3492.7,3512.2,191975
2026-05-13T11:15:00+05:30,3514,3526.1,3487.3,3512.2,236250
2026-05-13T12:15:00+05:30,3512.7,3662.5,3501.3,3647.4,628250
2026-05-13T13:15:00+05:30,3642.3,3646.2,3523.5,3524.7,929425
2026-05-13T14:15:00+05:30,3526,3575,3524.8,3537.4,336700
2026-05-13T15:15:00+05:30,3537.4,3546.6,3532.2,3535,118125
2026-05-14T09:15:00+05:30,3505,3523.5,3385.8,3419.1,908425
2026-05-14T10:15:00+05:30,3418.2,3456.5,3411.3,3425.8,277200
2026-05-14T11:15:00+05:30,3428.5,3454.3,3412.5,3438.2,196525
2026-05-14T12:15:00+05:30,3439.6,3457.1,3424.6,3453.6,124950
2026-05-14T13:15:00+05:30,3455.5,3469.7,3446.1,3460,109900
2026-05-14T14:15:00+05:30,3460.1,3488.1,3456.2,3472.5,241675
2026-05-14T15:15:00+05:30,3473.9,3479.8,3470.2,3478,107625
2026-05-15T09:15:00+05:30,3483.8,3512,3445.1,3456.3,204400
2026-05-15T10:15:00+05:30,3458.3,3464.5,3430,3443.6,107800
2026-05-15T11:15:00+05:30,3440,3467.9,3423.8,3458.1,88550
2026-05-15T12:15:00+05:30,3460.8,3479.9,3456.1,3464.2,73850
2026-05-15T13:15:00+05:30,3463.9,3479.4,3450.3,3479.4,76650
2026-05-15T14:15:00+05:30,3474.4,3489.9,3462,3475.3,135625
2026-05-15T15:15:00+05:30,3478.8,3479.5,3462.2,3472,79800
2026-05-18T09:15:00+05:30,3408.3,3427,3366,3391.9,231525
2026-05-18T10:15:00+05:30,3391.1,3404,3372.2,3401.5,143150
2026-05-18T11:15:00+05:30,3402.3,3406,3382.4,3391,56875
2026-05-18T12:15:00+05:30,3389.7,3393.4,3320,3333.6,598850
2026-05-18T13:15:00+05:30,3337.5,3340,3315,3323,267575
2026-05-18T14:15:00+05:30,3321.6,3321.8,3285,3294.7,448875
2026-05-18T15:15:00+05:30,3294.6,3304.2,3287.4,3297,147525
2026-05-19T09:15:00+05:30,3297,3319,3272,3281.6,225225
2026-05-19T10:15:00+05:30,3281.9,3287,3241.6,3242.4,252000
2026-05-19T11:15:00+05:30,3241.8,3306.3,3235.6,3295.5,514675
2026-05-19T12:15:00+05:30,3292.6,3325.5,3282.2,3296.8,255325
2026-05-19T13:15:00+05:30,3295.3,3315.9,3295,3299.9,122675
2026-05-19T14:15:00+05:30,3304,3308.6,3288.4,3292.3,184800
2026-05-19T15:15:00+05:30,3292.3,3300.3,3288.2,3292.5,107450
2026-05-20T09:15:00+05:30,3292.5,3340.3,3240,3336.3,287350
2026-05-20T10:15:00+05:30,3336,3359.5,3333.8,3351,181300
2026-05-20T11:15:00+05:30,3350,3369.9,3346,3367.8,179900
2026-05-20T12:15:00+05:30,3367.4,3377.5,3355.9,3361.1,131425
2026-05-20T13:15:00+05:30,3361.1,3378.8,3351.6,3367.1,128625
2026-05-20T14:15:00+05:30,3369,3385,3364.2,3367.7,183225
2026-05-20T15:15:00+05:30,3370.9,3372.5,3365,3369,73150
2026-05-21T09:15:00+05:30,3399.9,3399.9,3350,3365,291200
2026-05-21T10:15:00+05:30,3365,3390.8,3364.5,3376,372050
2026-05-21T11:15:00+05:30,3378.7,3389.7,3367.4,3378.7,307650
2026-05-21T12:15:00+05:30,3379.1,3392,3368.5,3392,618450
2026-05-21T13:15:00+05:30,3391.4,3398.3,3384.1,3388,291200
2026-05-21T14:15:00+05:30,3388,3394.3,3378.1,3390.3,571375
2026-05-21T15:15:00+05:30,3390.5,3391.7,3384.8,3385.7,215425
2026-05-22T09:15:00+05:30,3388.1,3424.1,3388.1,3410.7,473550
2026-05-22T10:15:00+05:30,3410.7,3417.5,3405,3405.1,348775
2026-05-22T11:15:00+05:30,3407.9,3448.1,3406.4,3442.6,589575
2026-05-22T12:15:00+05:30,3442.6,3452.8,3433.3,3441.1,341250
2026-05-22T13:15:00+05:30,3441.1,3445.5,3424.7,3438,306425
2026-05-22T14:15:00+05:30,3435.4,3437.2,3417.1,3428.7,328475
2026-05-22T15:15:00+05:30,3429.9,3438.2,3424.6,3438.2,104825
2026-05-25T09:15:00+05:30,3497.4,3504.4,3458.8,3460.5,590100
2026-05-25T10:15:00+05:30,3460.5,3472.1,3452.6,3454.8,623875
2026-05-25T11:15:00+05:30,3454.8,3460,3432.4,3443.7,725025
2026-05-25T12:15:00+05:30,3443.7,3457.6,3437.3,3437.3,773150
2026-05-25T13:15:00+05:30,3436.8,3445.2,3421.8,3442.7,399350
2026-05-25T14:15:00+05:30,3442.7,3482,3435.8,3479.7,372575
2026-05-25T15:15:00+05:30,3480.7,3481.9,3476.1,3479.8,58975
2026-05-26T09:15:00+05:30,3481.1,3491.1,3465.4,3479.1,140175
2026-05-26T10:15:00+05:30,3477,3484.8,3464.2,3472.4,390950
2026-05-26T11:15:00+05:30,3472.7,3479.4,3470,3470,118125
2026-05-26T12:15:00+05:30,3471.2,3477.3,3449.4,3457.6,109550
2026-05-26T13:15:00+05:30,3457.5,3466.6,3445.6,3465.6,124250
2026-05-26T14:15:00+05:30,3465.1,3478,3461,3469.2,250775
2026-05-26T15:15:00+05:30,3469.1,3489.4,3462.2,3464.8,119700
2026-05-27T09:15:00+05:30,3465.7,3502,3457,3469.1,103425
2026-05-27T10:15:00+05:30,3469.7,3476.9,3458,3472.3,67025
2026-05-27T11:15:00+05:30,3470,3488.3,3463,3476,78400
2026-05-27T12:15:00+05:30,3474.4,3491,3472,3478.1,105700
2026-05-27T13:15:00+05:30,3479.9,3481.3,3417.2,3425.7,334075
2026-05-27T14:15:00+05:30,3425.3,3437.8,3393.8,3405.9,697200
2026-05-27T15:15:00+05:30,3403.6,3460,3403.6,3457.9,162925
2026-05-29T09:15:00+05:30,3476.7,3487,3435.1,3470.3,193900
2026-05-29T10:15:00+05:30,3471,3472.9,3452.2,3457.5,148925
2026-05-29T11:15:00+05:30,3456.8,3475,3455.2,3463.8,105175
2026-05-29T12:15:00+05:30,3465,3465.2,3446,3446,139650
2026-05-29T13:15:00+05:30,3446.5,3468,3436.7,3458.9,148750
2026-05-29T14:15:00+05:30,3452.8,3474.5,3384.4,3389.2,538825
2026-05-29T15:15:00+05:30,3387.5,3405.1,3366.4,3399.9,430675
2026-06-01T09:15:00+05:30,3407.1,3418,3365.1,3375,158725
2026-06-01T10:15:00+05:30,3373.6,3399.4,3367,3395.8,50050
2026-06-01T11:15:00+05:30,3395.1,3446.1,3370,3420,310800
2026-06-01T12:15:00+05:30,3420,3420,3373.6,3373.6,210700
2026-06-01T13:15:00+05:30,3376,3395.4,3372.5,3382.4,91175
2026-06-01T14:15:00+05:30,3384.9,3393.9,3361.5,3378.3,152425
2026-06-01T15:15:00+05:30,3380.2,3382,3366,3376.9,54950
2026-06-02T09:15:00+05:30,3340,3365.8,3321.2,3332.5,108150
2026-06-02T10:15:00+05:30,3332.4,3345.5,3315.4,3332.1,59675
2026-06-02T11:15:00+05:30,3332.1,3371,3332.1,3367.5,39725
2026-06-02T12:15:00+05:30,3367,3411.9,3367,3388.2,110425
2026-06-02T13:15:00+05:30,3390.9,3401.9,3387.1,3393.1,45850
2026-06-02T14:15:00+05:30,3393.7,3397.8,3381,3388.2,74025
2026-06-02T15:15:00+05:30,3392.4,3398.5,3388.1,3395.1,42525
2026-06-03T09:15:00+05:30,3362.9,3386.6,3345.1,3349.3,116900
2026-06-03T10:15:00+05:30,3349,3363.8,3331,3342.3,118475
2026-06-03T11:15:00+05:30,3342.1,3351.1,3334,3343.7,75425
2026-06-03T12:15:00+05:30,3341.1,3363.3,3330,3339,105525
2026-06-03T13:15:00+05:30,3344.1,3368.8,3338.6,3356.5,77350
2026-06-03T14:15:00+05:30,3355,3372.3,3337.5,3343.9,179025
2026-06-03T15:15:00+05:30,3341.9,3350,3341.9,3342.3,54250
2026-06-04T09:15:00+05:30,3336.8,3390,3322,3382.6,127750
2026-06-04T10:15:00+05:30,3386,3386.9,3344.8,3349.3,50575
2026-06-04T11:15:00+05:30,3348.5,3363.6,3344.8,3361.4,49350
2026-06-04T12:15:00+05:30,3363.2,3385.9,3352.2,3374.3,84175
2026-06-04T13:15:00+05:30,3366.8,3405.9,3366.8,3400.8,123025
2026-06-04T14:15:00+05:30,3404.5,3407.6,3366.6,3380.3,192850
2026-06-04T15:15:00+05:30,3381,3397,3380,3390.3,89775
2026-06-05T09:15:00+05:30,3416.4,3416.4,3375.1,3392.8,112525
2026-06-05T10:15:00+05:30,3392.4,3397.5,3367.4,3383.1,68950
2026-06-05T11:15:00+05:30,3383.2,3418,3375.6,3413.2,173075
2026-06-05T12:15:00+05:30,3413.9,3416.5,3389.1,3393.9,64750
2026-06-05T13:15:00+05:30,3395.7,3409.5,3388.3,3396.2,45325
2026-06-05T14:15:00+05:30,3396.4,3414,3393.1,3400,179200
2026-06-05T15:15:00+05:30,3401.2,3405.8,3394,3394,70700
2026-06-08T09:15:00+05:30,3363.8,3402,3330.5,3391.4,119700
2026-06-08T10:15:00+05:30,3388.4,3395.9,3375,3384.6,53025
2026-06-08T11:15:00+05:30,3384.1,3387.4,3353.4,3360.7,48300
2026-06-08T12:15:00+05:30,3362.1,3363.6,3347.3,3355.1,69825
2026-06-08T13:15:00+05:30,3355.9,3363,3352.4,3359.1,49000
2026-06-08T14:15:00+05:30,3359,3359.2,3310,3330.2,150500
2026-06-08T15:15:00+05:30,3330.1,3334.7,3318.5,3324.1,112175
2026-06-09T09:15:00+05:30,3346.1,3379.9,3338.1,3355.4,89600
2026-06-09T10:15:00+05:30,3359.3,3373.9,3348,3367.3,74025
2026-06-09T11:15:00+05:30,3365.3,3378,3364,3371.5,42525
2026-06-09T12:15:00+05:30,3374.5,3387.1,3362.5,3369.5,69300
2026-06-09T13:15:00+05:30,3369,3378.7,3363.8,3375.5,61250
2026-06-09T14:15:00+05:30,3375.2,3388.2,3371.5,3382.4,424200
2026-06-09T15:15:00+05:30,3382.4,3389,3377.5,3379.4,104825
2026-06-10T09:15:00+05:30,3352.6,3386.2,3343.7,3364,176750
2026-06-10T10:15:00+05:30,3361.1,3383.7,3356.3,3372,110425
2026-06-10T11:15:00+05:30,3371.9,3387.1,3363,3385.7,91700
2026-06-10T12:15:00+05:30,3385.9,3398,3384.7,3392.4,106400
2026-06-10T13:15:00+05:30,3394,3398,3380,3383.8,55300
2026-06-10T14:15:00+05:30,3382.2,3389.7,3337.5,3337.5,185325
2026-06-10T15:15:00+05:30,3339.4,3349.6,3332.6,3337.1,80675
2026-06-11T09:15:00+05:30,3318.9,3336.7,3306.9,3314.7,54775
2026-06-11T10:15:00+05:30,3314.7,3324.1,3300,3309.8,56700
2026-06-11T11:15:00+05:30,3311.2,3338.7,3309.5,3336.1,86100
2026-06-11T12:15:00+05:30,3340,3350,3314.9,3316,157675
2026-06-11T13:15:00+05:30,3312.4,3317.6,3302,3313.5,45850
2026-06-11T14:15:00+05:30,3314.4,3325.3,3300.8,3307.3,140350
2026-06-11T15:15:00+05:30,3306.7,3311,3297.1,3303.9,107975
2026-06-12T09:15:00+05:30,3339,3379,3315.3,3320.2,266525
2026-06-12T10:15:00+05:30,3318.1,3323.3,3297.4,3318,98350
2026-06-12T11:15:00+05:30,3315.2,3315.2,3282.9,3296,112350
2026-06-12T12:15:00+05:30,3296.4,3302.9,3283.2,3286.7,72625
2026-06-12T13:15:00+05:30,3285,3324,3281,3320.7,330925
2026-06-12T14:15:00+05:30,3320,3349,3317.7,3333,592025
2026-06-12T15:15:00+05:30,3331.7,3342,3321.1,3338,119000
2026-06-15T09:15:00+05:30,3381,3420,3360,3403.3,362250
2026-06-15T10:15:00+05:30,3403.3,3460,3401,3459.8,349475
2026-06-15T11:15:00+05:30,3457.6,3476.4,3453.4,3472,185675
2026-06-15T12:15:00+05:30,3472.3,3474.9,3460.8,3468.3,173250
2026-06-15T13:15:00+05:30,3471.4,3488,3470.2,3480.5,177625
2026-06-15T14:15:00+05:30,3479.5,3484.9,3455.1,3465,216125
2026-06-15T15:15:00+05:30,3465,3471.9,3460.3,3469.9,139650
2026-06-16T09:15:00+05:30,3470,3470.3,3424.3,3429,121275
2026-06-16T10:15:00+05:30,3431.4,3463,3429,3458.5,69825
2026-06-16T11:15:00+05:30,3461.2,3470,3456,3467,39550
2026-06-16T12:15:00+05:30,3466.5,3467,3455.8,3464.2,51275
2026-06-16T13:15:00+05:30,3464.3,3464.4,3455.9,3460.6,44275
2026-06-16T14:15:00+05:30,3460.3,3462.6,3443,3443.7,103600
2026-06-16T15:15:00+05:30,3445.9,3450.6,3443,3446.1,47775
2026-06-17T09:15:00+05:30,3447.6,3486.8,3447.3,3478.7,144200
2026-06-17T10:15:00+05:30,3480.9,3488.8,3472.4,3476,74550
2026-06-17T11:15:00+05:30,3478.3,3478.3,3463.1,3466.3,64050
2026-06-17T12:15:00+05:30,3467.2,3467.2,3420.9,3428,95550
2026-06-17T13:15:00+05:30,3428.5,3444,3423.2,3441.6,47950
2026-06-17T14:15:00+05:30,3441.4,3462.6,3430.9,3452,80500
2026-06-17T15:15:00+05:30,3452.2,3456.1,3448.1,3448.1,49175
2026-06-18T09:15:00+05:30,3453.6,3480,3453.6,3467.4,72100
2026-06-18T10:15:00+05:30,3470,3477,3461.3,3469.4,30100
2026-06-18T11:15:00+05:30,3468.5,3468.9,3456.3,3463.2,22225
2026-06-18T12:15:00+05:30,3463,3474.5,3463,3470.3,30975
2026-06-18T13:15:00+05:30,3469.6,3469.9,3461.1,3462.8,25375
2026-06-18T14:15:00+05:30,3463.8,3469.9,3456.1,3467.5,76475
2026-06-18T15:15:00+05:30,3463,3470.7,3463,3470,44975
2026-06-19T09:15:00+05:30,3434.2,3459,3426.5,3434.1,86100
2026-06-19T10:15:00+05:30,3435,3443.6,3421.4,3438.2,23800
2026-06-19T11:15:00+05:30,3439.1,3441.8,3428.1,3437.1,24325
2026-06-19T12:15:00+05:30,3437.4,3444.9,3419.4,3421.3,40600
2026-06-19T13:15:00+05:30,3424.6,3449,3419.7,3448.7,46375
2026-06-19T14:15:00+05:30,3449.1,3463.2,3434.3,3450.6,218575
2026-06-19T15:15:00+05:30,3452.5,3463.6,3444.6,3462.6,116200
2026-06-22T09:15:00+05:30,3490.1,3507,3462.6,3481.1,131950
2026-06-22T10:15:00+05:30,3482,3485,3466.2,3467.9,45150
2026-06-22T11:15:00+05:30,3468.7,3469.8,3455.2,3465.2,60375
2026-06-22T12:15:00+05:30,3466,3468.8,3462.2,3466,18725
2026-06-22T13:15:00+05:30,3465,3474.1,3464,3471.8,18375
2026-06-22T14:15:00+05:30,3475,3490,3465.1,3488.8,157675
2026-06-22T15:15:00+05:30,3487.6,3496.1,3485,3494.7,193550
2026-06-23T09:15:00+05:30,3499.9,3521.2,3479.5,3511.5,153825
2026-06-23T10:15:00+05:30,3510.5,3512.2,3492,3501.8,45500
2026-06-23T11:15:00+05:30,3501.8,3521.9,3483.1,3487.5,97300
2026-06-23T12:15:00+05:30,3487.1,3488,3452.6,3459.6,72800
2026-06-23T13:15:00+05:30,3459.9,3470.5,3445,3468,73500
2026-06-23T14:15:00+05:30,3468,3498.9,3450.1,3454.3,208075
2026-06-23T15:15:00+05:30,3455.5,3461.8,3448.5,3455.4,74025
2026-06-24T09:15:00+05:30,3455.4,3455.4,3379.8,3398.1,586600
2026-06-24T10:15:00+05:30,3398.1,3449,3395.4,3431.6,491750
2026-06-24T11:15:00+05:30,3431.6,3432.7,3406.4,3409.6,471975
2026-06-24T12:15:00+05:30,3409.6,3440,3406.1,3435.8,546175
2026-06-24T13:15:00+05:30,3435.8,3479,3432.9,3465.4,1061200
2026-06-24T14:15:00+05:30,3465.4,3476.5,3439.6,3441.9,613025
2026-06-24T15:15:00+05:30,3445,3452.8,3440.1,3452.8,81900
2026-06-25T09:15:00+05:30,3452.4,3549.8,3452.4,3547.7,897925
2026-06-25T10:15:00+05:30,3547.7,3566,3545,3565.9,700175
2026-06-25T11:15:00+05:30,3565.7,3599,3560.6,3580,1144675
2026-06-25T12:15:00+05:30,3580,3584.4,3573,3575.7,654850
2026-06-25T13:15:00+05:30,3575.7,3600,3575.4,3576.7,865550
2026-06-25T14:15:00+05:30,3576.7,3578.9,3547.9,3567.9,843675
2026-06-25T15:15:00+05:30,3567.9,3575.2,3567.2,3574.2,188825