time,open,high,low,close,Volume
2025-08-21T13:30:00+05:30,3225.2,3229.8,3223.7,3229.8,24150
2025-08-21T13:45:00+05:30,3229.2,3257.8,3225.3,3255,294700
2025-08-21T14:00:00+05:30,3256.4,3273.6,3250,3269.7,229950
2025-08-21T14:15:00+05:30,3269.6,3276.4,3265.8,3266.1,121450
2025-08-21T14:30:00+05:30,3266.4,3267.3,3260.3,3262,68950
2025-08-21T14:45:00+05:30,3260,3263.4,3253.3,3260.1,76300
2025-08-21T15:00:00+05:30,3258.5,3258.5,3253,3255,64750
2025-08-21T15:15:00+05:30,3255.3,3256.1,3250,3250,87850
2025-08-22T09:15:00+05:30,3260,3273.4,3247.1,3255.3,224000
2025-08-22T09:30:00+05:30,3256.5,3265.9,3250.7,3263.6,192500
2025-08-22T09:45:00+05:30,3263.6,3265.6,3252.8,3254.1,143150
2025-08-22T10:00:00+05:30,3254.1,3257,3247.1,3254.7,180950
2025-08-22T10:15:00+05:30,3252.8,3261.3,3248.3,3259.6,138250
2025-08-22T10:30:00+05:30,3259.6,3261.2,3254.7,3259.9,113400
2025-08-22T10:45:00+05:30,3259.9,3262.4,3253.7,3259.3,126700
2025-08-22T11:00:00+05:30,3259.3,3262,3255.3,3255.3,100800
2025-08-22T11:15:00+05:30,3255.2,3270.5,3253.6,3267.2,192150
2025-08-22T11:30:00+05:30,3267.2,3268.6,3262.8,3267.4,148400
2025-08-22T11:45:00+05:30,3267.4,3271.4,3264.3,3270.8,172200
2025-08-22T12:00:00+05:30,3270.8,3270.8,3264,3266.5,129150
2025-08-22T12:15:00+05:30,3266.5,3268.6,3265,3267.4,114450
2025-08-22T12:30:00+05:30,3267.4,3267.4,3261.4,3264,123900
2025-08-22T12:45:00+05:30,3264,3264.1,3259.6,3260.1,117950
2025-08-22T13:00:00+05:30,3260.1,3265,3260,3262.9,123900
2025-08-22T13:15:00+05:30,3262.9,3269,3262.9,3267.1,109550
2025-08-22T13:30:00+05:30,3267.1,3270.6,3266,3268.7,114800
2025-08-22T13:45:00+05:30,3268.7,3269.9,3264.5,3265.6,130200
2025-08-22T14:00:00+05:30,3265.6,3266.9,3263.4,3266.5,157500
2025-08-22T14:15:00+05:30,3266.5,3269.2,3263.8,3268.8,109550
2025-08-22T14:30:00+05:30,3268.8,3270,3267,3269.6,115150
2025-08-22T14:45:00+05:30,3269.6,3269.8,3263.8,3265.6,117250
2025-08-22T15:00:00+05:30,3265.6,3267.7,3263,3265.4,133700
2025-08-22T15:15:00+05:30,3265.6,3267.5,3261.6,3267.5,136850
2025-08-25T09:15:00+05:30,3285,3333.3,3258,3277.7,366450
2025-08-25T09:30:00+05:30,3277.7,3284.5,3272,3284.5,186900
2025-08-25T09:45:00+05:30,3284.5,3284.5,3275.4,3276.2,138600
2025-08-25T10:00:00+05:30,3276.2,3287.2,3276.2,3280.2,141050
2025-08-25T10:15:00+05:30,3280.2,3285,3279,3279.3,105350
2025-08-25T10:30:00+05:30,3279.3,3282.4,3278.3,3280,118650
2025-08-25T10:45:00+05:30,3280,3286.9,3278.5,3283.2,120400
2025-08-25T11:00:00+05:30,3283.3,3284.4,3276.6,3277.2,118300
2025-08-25T11:15:00+05:30,3277.2,3280,3273,3275.1,120400
2025-08-25T11:30:00+05:30,3275.1,3281,3274.6,3278.6,114100
2025-08-25T11:45:00+05:30,3278.6,3280.5,3274.6,3275.9,131250
2025-08-25T12:00:00+05:30,3275.9,3283.2,3275.9,3283.1,95200
2025-08-25T12:15:00+05:30,3283.1,3284.9,3280.2,3281,95550
2025-08-25T12:30:00+05:30,3281,3284.8,3280.8,3284.4,102200
2025-08-25T12:45:00+05:30,3284.4,3284.8,3278.9,3282.6,142450
2025-08-25T13:00:00+05:30,3282.6,3283.5,3278.5,3281.2,147700
2025-08-25T13:15:00+05:30,3281.2,3281.5,3279.4,3280.9,173250
2025-08-25T13:30:00+05:30,3280.9,3282.9,3279.7,3281.7,131250
2025-08-25T13:45:00+05:30,3281.7,3282.8,3280.1,3281.2,147350
2025-08-25T14:00:00+05:30,3281.2,3283.5,3280.1,3280.1,137550
2025-08-25T14:15:00+05:30,3280.1,3288,3280.1,3285.7,115500
2025-08-25T14:30:00+05:30,3285.7,3285.7,3283,3283,105350
2025-08-25T14:45:00+05:30,3283,3285.5,3283,3284.1,131250
2025-08-25T15:00:00+05:30,3285,3285.4,3283,3283.1,137550
2025-08-25T15:15:00+05:30,3283.1,3285,3281,3281.2,152600
2025-08-26T09:15:00+05:30,3279,3282.5,3255.4,3260.5,161000
2025-08-26T09:30:00+05:30,3260.5,3262.1,3254.1,3256.5,148400
2025-08-26T09:45:00+05:30,3254.3,3269,3251.1,3267.9,221900
2025-08-26T10:00:00+05:30,3270.4,3274.8,3263.9,3274.2,142450
2025-08-26T10:15:00+05:30,3272,3298.4,3269.7,3288.5,178500
2025-08-26T10:30:00+05:30,3288.5,3291,3281.9,3285.6,208600
2025-08-26T10:45:00+05:30,3285.6,3285.6,3273.2,3282.5,111650
2025-08-26T11:00:00+05:30,3282.5,3284.1,3275.9,3280,99050
2025-08-26T11:15:00+05:30,3280,3287.7,3279.6,3286.8,156100
2025-08-26T11:30:00+05:30,3286.8,3288,3280.3,3281.4,87500
2025-08-26T11:45:00+05:30,3281.4,3283.3,3280.1,3282.9,85750
2025-08-26T12:00:00+05:30,3282.9,3292.1,3281.9,3289.7,82600
2025-08-26T12:15:00+05:30,3289.7,3297.4,3285.1,3286.5,99050
2025-08-26T12:30:00+05:30,3286.5,3286.5,3276.3,3278.5,84350
2025-08-26T12:45:00+05:30,3278.5,3281.1,3274,3279.2,78050
2025-08-26T13:00:00+05:30,3279.2,3285.4,3278.9,3283.4,88550
2025-08-26T13:15:00+05:30,3283.4,3290,3282.8,3288.1,196350
2025-08-26T13:30:00+05:30,3288.1,3292.3,3288.1,3291.7,206500
2025-08-26T13:45:00+05:30,3293.5,3293.8,3290.2,3293,186900
2025-08-26T14:00:00+05:30,3294.9,3295.7,3286,3288,145250
2025-08-26T14:15:00+05:30,3288,3292.4,3282,3292.4,178850
2025-08-26T14:30:00+05:30,3292.4,3292.4,3283.7,3283.9,106400
2025-08-26T14:45:00+05:30,3283.9,3288.4,3279.1,3283.6,224350
2025-08-26T15:00:00+05:30,3284.7,3289.5,3273.1,3273.1,199500
2025-08-26T15:15:00+05:30,3274.4,3279,3263.9,3277.4,158550
2025-08-28T09:15:00+05:30,3331.2,3351,3290.1,3299.9,208950
2025-08-28T09:30:00+05:30,3297.8,3303.3,3293,3298.4,105350
2025-08-28T09:45:00+05:30,3298.3,3299,3284.9,3284.9,87150
2025-08-28T10:00:00+05:30,3286.4,3300.7,3286.4,3293.3,145600
2025-08-28T10:15:00+05:30,3291.5,3294.9,3286.4,3290.4,144900
2025-08-28T10:30:00+05:30,3290.4,3294.9,3280,3280.9,144550
2025-08-28T10:45:00+05:30,3282.4,3290.9,3280,3288.1,161000
2025-08-28T11:00:00+05:30,3288.1,3292,3284.7,3286.1,113750
2025-08-28T11:15:00+05:30,3286,3289.7,3284,3284.1,71050
2025-08-28T11:30:00+05:30,3285,3302.9,3285,3300,104650
2025-08-28T11:45:00+05:30,3299,3301.9,3293.1,3293.1,79100
2025-08-28T12:00:00+05:30,3292,3295,3290.9,3292.7,74900
2025-08-28T12:15:00+05:30,3292.7,3295,3291.7,3292.1,133350
2025-08-28T12:30:00+05:30,3292.1,3295.9,3289.7,3295.2,289100
2025-08-28T12:45:00+05:30,3295.2,3298.4,3288.2,3291.2,80850
2025-08-28T13:00:00+05:30,3289.4,3291.4,3282.3,3285.1,73150
2025-08-28T13:15:00+05:30,3285.1,3289.3,3283.4,3289.3,83300
2025-08-28T13:30:00+05:30,3286.5,3289.6,3282.3,3288.2,102900
2025-08-28T13:45:00+05:30,3288.2,3288.5,3284.9,3288,118300
2025-08-28T14:00:00+05:30,3289.6,3290.6,3286.3,3289.3,168700
2025-08-28T14:15:00+05:30,3286.7,3294.5,3286.4,3294,38850
2025-08-28T14:30:00+05:30,3292.4,3298.6,3288.7,3289.8,74550
2025-08-28T14:45:00+05:30,3289.2,3294,3287.5,3287.5,95200
2025-08-28T15:00:00+05:30,3289.7,3289.7,3276.8,3278.2,129850
2025-08-28T15:15:00+05:30,3277,3282.9,3268,3274.3,215950
2025-08-29T09:15:00+05:30,3260.1,3307,3260.1,3292.6,177450
2025-08-29T09:30:00+05:30,3290.7,3296.9,3284.1,3296.9,72800
2025-08-29T09:45:00+05:30,3295.8,3307.5,3292.9,3305.7,101850
2025-08-29T10:00:00+05:30,3305,3307.5,3298.8,3305.8,70350
2025-08-29T10:15:00+05:30,3305,3309.5,3298.9,3306,49350
2025-08-29T10:30:00+05:30,3305,3313,3302.3,3312,50400
2025-08-29T10:45:00+05:30,3313.3,3313.3,3307,3307.7,38150
2025-08-29T11:00:00+05:30,3308.6,3313.9,3307.1,3310.1,26950
2025-08-29T11:15:00+05:30,3310.7,3318.8,3306.8,3318.8,51450
2025-08-29T11:30:00+05:30,3317.7,3324.4,3315.9,3324.4,64050
2025-08-29T11:45:00+05:30,3324.5,3327,3322,3322.1,40250
2025-08-29T12:00:00+05:30,3322.8,3323.2,3316.8,3318.2,35700
2025-08-29T12:15:00+05:30,3318,3322.5,3317.5,3320.1,23100
2025-08-29T12:30:00+05:30,3319.9,3323.5,3315,3320.7,30800
2025-08-29T12:45:00+05:30,3321.1,3321.1,3312,3313.7,28350
2025-08-29T13:00:00+05:30,3312.5,3314.4,3310.2,3311.5,21350
2025-08-29T13:15:00+05:30,3309,3315,3308.2,3314.3,25900
2025-08-29T13:30:00+05:30,3313,3315.4,3311.1,3313.6,12600
2025-08-29T13:45:00+05:30,3313.1,3314.6,3309.7,3309.8,26600
2025-08-29T14:00:00+05:30,3310.5,3311.1,3306.1,3310.5,36750
2025-08-29T14:15:00+05:30,3310.5,3313.4,3301.5,3301.5,23800
2025-08-29T14:30:00+05:30,3302.3,3307.1,3302.3,3306.9,20650
2025-08-29T14:45:00+05:30,3307.8,3307.8,3302.1,3302.2,23450
2025-08-29T15:00:00+05:30,3303.7,3303.8,3290.6,3291.1,94500
2025-08-29T15:15:00+05:30,3291.8,3303.3,3285,3303.3,122500
2025-09-01T09:15:00+05:30,3304.9,3306.4,3294.5,3302.2,84350
2025-09-01T09:30:00+05:30,3302.2,3304.5,3295.5,3295.9,26950
2025-09-01T09:45:00+05:30,3296.5,3313.8,3296.5,3308,53550
2025-09-01T10:00:00+05:30,3306,3310.1,3305,3309.1,19250
2025-09-01T10:15:00+05:30,3309.7,3312,3306.5,3306.6,20650
2025-09-01T10:30:00+05:30,3305,3311,3300,3311,28000
2025-09-01T10:45:00+05:30,3311.1,3317.4,3310,3314.9,29050
2025-09-01T11:00:00+05:30,3314.6,3321.5,3314.1,3319.7,38150
2025-09-01T11:15:00+05:30,3318.5,3328.7,3317.4,3328,56350
2025-09-01T11:30:00+05:30,3328.1,3328.7,3322.3,3325.4,23450
2025-09-01T11:45:00+05:30,3326.5,3344,3326.5,3342.4,101500
2025-09-01T12:00:00+05:30,3342.5,3354.9,3342.5,3350.4,84350
2025-09-01T12:15:00+05:30,3350.9,3354.9,3346.1,3351.8,41650
2025-09-01T12:30:00+05:30,3352.9,3377.9,3346.5,3374,315350
2025-09-01T12:45:00+05:30,3374.3,3380.8,3368,3376.9,162050
2025-09-01T13:00:00+05:30,3375.3,3395.2,3374,3388,211400
2025-09-01T13:15:00+05:30,3390.1,3393.5,3381.3,3385.6,81900
2025-09-01T13:30:00+05:30,3385.6,3389.2,3371,3376.5,87850
2025-09-01T13:45:00+05:30,3376.5,3380.1,3374.1,3378.1,39200
2025-09-01T14:00:00+05:30,3377.7,3386.8,3377.7,3385.4,48300
2025-09-01T14:15:00+05:30,3386.6,3387.7,3383.4,3384.9,37450
2025-09-01T14:30:00+05:30,3386.4,3388.5,3377.4,3379.9,50400
2025-09-01T14:45:00+05:30,3377.5,3381.9,3373.4,3378.8,43750
2025-09-01T15:00:00+05:30,3380.9,3381.5,3372.1,3377.8,80500
2025-09-01T15:15:00+05:30,3377.6,3378.9,3370.5,3373,105000
2025-09-02T09:15:00+05:30,3384.8,3384.8,3349.2,3353.8,154000
2025-09-02T09:30:00+05:30,3353.7,3357.5,3350.1,3357.5,63700
2025-09-02T09:45:00+05:30,3357.9,3383,3357.2,3383,120400
2025-09-02T10:00:00+05:30,3383.6,3384,3378.3,3380,63000
2025-09-02T10:15:00+05:30,3380,3387,3379.5,3385.9,61600
2025-09-02T10:30:00+05:30,3385.4,3386.3,3379,3384.7,36400
2025-09-02T10:45:00+05:30,3381.2,3384.2,3380.1,3384,17500
2025-09-02T11:00:00+05:30,3382,3386.4,3378.2,3383,16100
2025-09-02T11:15:00+05:30,3386.1,3402,3382,3401.5,80850
2025-09-02T11:30:00+05:30,3403,3407.7,3395,3397.7,96950
2025-09-02T11:45:00+05:30,3398.8,3404,3395.6,3396.5,33950
2025-09-02T12:00:00+05:30,3398.4,3400.2,3391.3,3395.9,21700
2025-09-02T12:15:00+05:30,3395.3,3396.1,3391.1,3392.8,17500
2025-09-02T12:30:00+05:30,3395.9,3395.9,3388.1,3391.5,19250
2025-09-02T12:45:00+05:30,3390,3398.1,3389.2,3396.7,21700
2025-09-02T13:00:00+05:30,3396.6,3397.4,3394,3394,12950
2025-09-02T13:15:00+05:30,3393.3,3396,3387.1,3389.1,33950
2025-09-02T13:30:00+05:30,3391.5,3393.2,3384.2,3384.2,15750
2025-09-02T13:45:00+05:30,3383,3387.2,3380.1,3380.9,39550
2025-09-02T14:00:00+05:30,3381.6,3385.8,3375.9,3385.1,82600
2025-09-02T14:15:00+05:30,3383.6,3387.8,3375.2,3375.2,26250
2025-09-02T14:30:00+05:30,3379.7,3388.9,3376.4,3388.6,61600
2025-09-02T14:45:00+05:30,3388,3390.9,3382,3384.2,34650
2025-09-02T15:00:00+05:30,3383,3388,3382.2,3384.2,76300
2025-09-02T15:15:00+05:30,3382.6,3383.4,3376.1,3380.9,126000
2025-09-03T09:15:00+05:30,3377.1,3388.6,3363,3379.5,118300
2025-09-03T09:30:00+05:30,3378.9,3382.9,3373.1,3375.2,75250
2025-09-03T09:45:00+05:30,3375.5,3378.5,3364.8,3375.1,40950
2025-09-03T10:00:00+05:30,3374.9,3378,3372.8,3373.2,14350
2025-09-03T10:15:00+05:30,3375.7,3385,3373.2,3384.7,18200
2025-09-03T10:30:00+05:30,3382,3386,3381.5,3385.3,23800
2025-09-03T10:45:00+05:30,3382.7,3403,3382.7,3400.5,55650
2025-09-03T11:00:00+05:30,3400,3401,3396,3397,19950
2025-09-03T11:15:00+05:30,3396.7,3399.4,3390.3,3396,18200
2025-09-03T11:30:00+05:30,3394.4,3398.5,3393.4,3398.4,34650
2025-09-03T11:45:00+05:30,3396.4,3412,3396,3411,71050
2025-09-03T12:00:00+05:30,3411.1,3415,3408.7,3412.7,42000
2025-09-03T12:15:00+05:30,3411.2,3418.3,3411.2,3414.8,36050
2025-09-03T12:30:00+05:30,3416,3423.9,3416,3420.5,39200
2025-09-03T12:45:00+05:30,3420,3420,3412,3413.2,21350
2025-09-03T13:00:00+05:30,3413.9,3416.8,3413.4,3415.7,11550
2025-09-03T13:15:00+05:30,3416.2,3424,3414.3,3414.3,22750
2025-09-03T13:30:00+05:30,3414.3,3415,3408.1,3415,18550
2025-09-03T13:45:00+05:30,3412.7,3412.7,3405.2,3408.2,18550
2025-09-03T14:00:00+05:30,3406.3,3411.7,3402.2,3409,65450
2025-09-03T14:15:00+05:30,3410,3410,3401.2,3408.9,26250
2025-09-03T14:30:00+05:30,3408.9,3411,3403.8,3406.4,23450
2025-09-03T14:45:00+05:30,3409.1,3415.7,3407.2,3415.6,36400
2025-09-03T15:00:00+05:30,3415.6,3420,3411.7,3414.5,90650
2025-09-03T15:15:00+05:30,3413,3417.4,3408,3409.7,66150
2025-09-04T09:15:00+05:30,3489,3489,3449,3460.4,348600
2025-09-04T09:30:00+05:30,3463.1,3474.2,3443,3457.2,201600
2025-09-04T09:45:00+05:30,3458,3472.1,3456.2,3469.6,78400
2025-09-04T10:00:00+05:30,3469.9,3475.6,3448,3451.6,110250
2025-09-04T10:15:00+05:30,3452,3455.1,3441,3441.1,127400
2025-09-04T10:30:00+05:30,3442.7,3445,3434.5,3441.8,83650
2025-09-04T10:45:00+05:30,3440.1,3450.7,3440.1,3445,35000
2025-09-04T11:00:00+05:30,3446.6,3449.4,3441.9,3448.7,22750
2025-09-04T11:15:00+05:30,3449,3451.9,3439.7,3447.6,59850
2025-09-04T11:30:00+05:30,3447.7,3453.5,3445.7,3447.3,35350
2025-09-04T11:45:00+05:30,3448.5,3458.6,3444.1,3458.6,89600
2025-09-04T12:00:00+05:30,3458.6,3461.7,3452,3453,47600
2025-09-04T12:15:00+05:30,3456.4,3457.1,3448.1,3450.7,23100
2025-09-04T12:30:00+05:30,3449.7,3460.7,3449.7,3456.8,19950
2025-09-04T12:45:00+05:30,3458.3,3464,3456.8,3460.3,39550
2025-09-04T13:00:00+05:30,3461.6,3467,3461,3463.2,24150
2025-09-04T13:15:00+05:30,3462.6,3464.9,3457.6,3459.7,74550
2025-09-04T13:30:00+05:30,3460,3461.8,3451.2,3451.2,13300
2025-09-04T13:45:00+05:30,3452,3454.8,3450.2,3452.2,10150
2025-09-04T14:00:00+05:30,3453.6,3456.7,3453.4,3454.9,10500
2025-09-04T14:15:00+05:30,3456.3,3458.2,3447.1,3449.4,45850
2025-09-04T14:30:00+05:30,3450.3,3457.4,3448,3455.3,41650
2025-09-04T14:45:00+05:30,3455.1,3460,3449.9,3449.9,63350
2025-09-04T15:00:00+05:30,3450.9,3450.9,3440.3,3442.4,55300
2025-09-04T15:15:00+05:30,3442.4,3444.9,3436,3438,103600
2025-09-05T09:15:00+05:30,3459,3480,3456.3,3474.8,214200
2025-09-05T09:30:00+05:30,3476.9,3486.5,3475.2,3484.9,83300
2025-09-05T09:45:00+05:30,3486.6,3488,3473.5,3478.5,91000
2025-09-05T10:00:00+05:30,3480.4,3484.1,3473,3474.7,34650
2025-09-05T10:15:00+05:30,3475.6,3482.9,3466.3,3482.9,51450
2025-09-05T10:30:00+05:30,3480.6,3482.8,3473.5,3475.6,14350
2025-09-05T10:45:00+05:30,3475.6,3477.8,3473.1,3476.4,13300
2025-09-05T11:00:00+05:30,3477.1,3478.6,3472.6,3473.8,32900
2025-09-05T11:15:00+05:30,3472.6,3477.7,3470,3477.7,40600
2025-09-05T11:30:00+05:30,3477.2,3480,3473,3473,21000
2025-09-05T11:45:00+05:30,3473.7,3477,3471,3475.7,22400
2025-09-05T12:00:00+05:30,3475.7,3475.7,3470.4,3471.6,20300
2025-09-05T12:15:00+05:30,3472.5,3474,3469.1,3473.7,10150
2025-09-05T12:30:00+05:30,3473.7,3473.7,3470,3471.5,11200
2025-09-05T12:45:00+05:30,3470.1,3476,3468.6,3476,14700
2025-09-05T13:00:00+05:30,3477.9,3477.9,3473.7,3477,8750
2025-09-05T13:15:00+05:30,3478,3480.5,3475.6,3477.1,18550
2025-09-05T13:30:00+05:30,3478.9,3481,3476.9,3480,10500
2025-09-05T13:45:00+05:30,3479.7,3480,3473.2,3479.1,44800
2025-09-05T14:00:00+05:30,3479.7,3491.8,3478.6,3488.6,51800
2025-09-05T14:15:00+05:30,3487.5,3497,3487.5,3493.8,53550
2025-09-05T14:30:00+05:30,3493.9,3494.9,3484.8,3490.7,88200
2025-09-05T14:45:00+05:30,3490.7,3498.4,3488.9,3497.5,78400
2025-09-05T15:00:00+05:30,3497.6,3498,3492.2,3493,65100
2025-09-05T15:15:00+05:30,3492.9,3497.9,3491.3,3497.9,92750
2025-09-08T09:15:00+05:30,3516,3553.3,3514.9,3538.5,339150
2025-09-08T09:30:00+05:30,3539.2,3548.2,3535.5,3535.5,99400
2025-09-08T09:45:00+05:30,3537.2,3543.9,3531.9,3541.1,73500
2025-09-08T10:00:00+05:30,3541.2,3569.7,3541.2,3562.5,166250
2025-09-08T10:15:00+05:30,3564,3567.6,3557.2,3559.9,84700
2025-09-08T10:30:00+05:30,3558,3574.9,3552.7,3573,82600
2025-09-08T10:45:00+05:30,3573.1,3587,3573,3579.7,100100
2025-09-08T11:00:00+05:30,3580.5,3584,3578,3582.3,46900
2025-09-08T11:15:00+05:30,3580.7,3583,3575,3577.5,51100
2025-09-08T11:30:00+05:30,3578,3593.9,3577.2,3592,42350
2025-09-08T11:45:00+05:30,3594.9,3600,3589.2,3597.5,52500
2025-09-08T12:00:00+05:30,3598,3606.2,3592.3,3601.6,54600
2025-09-08T12:15:00+05:30,3602.4,3602.4,3594.2,3600.8,35000
2025-09-08T12:30:00+05:30,3600.7,3603.3,3598.5,3601.3,14000
2025-09-08T12:45:00+05:30,3602.1,3607.3,3602.1,3605.5,21000
2025-09-08T13:00:00+05:30,3605.5,3607.3,3602,3604.1,17500
2025-09-08T13:15:00+05:30,3605.8,3611.7,3602.9,3606.3,31500
2025-09-08T13:30:00+05:30,3607.4,3617.7,3605,3608,88550
2025-09-08T13:45:00+05:30,3605.2,3608,3600.7,3607.8,36050
2025-09-08T14:00:00+05:30,3606.8,3608.8,3597.6,3608.8,36050
2025-09-08T14:15:00+05:30,3607,3607,3600.6,3603,13300
2025-09-08T14:30:00+05:30,3603.4,3609.3,3603.4,3608.4,21350
2025-09-08T14:45:00+05:30,3607.5,3608.4,3596.3,3598.2,94850
2025-09-08T15:00:00+05:30,3597.4,3605,3592.2,3601,91000
2025-09-08T15:15:00+05:30,3601.7,3608.4,3596,3604.9,113400
2025-09-09T09:15:00+05:30,3606.7,3618.2,3593.3,3596.9,142800
2025-09-09T09:30:00+05:30,3596.6,3598.5,3582.1,3589.6,73150
2025-09-09T09:45:00+05:30,3591.4,3592.5,3573.3,3574.4,80150
2025-09-09T10:00:00+05:30,3573.2,3576.8,3566.7,3568,91350
2025-09-09T10:15:00+05:30,3568,3578.8,3567,3570,70000
2025-09-09T10:30:00+05:30,3572.3,3573.2,3562.5,3567.4,56350
2025-09-09T10:45:00+05:30,3569.2,3571.7,3567.7,3571.7,32550
2025-09-09T11:00:00+05:30,3570.9,3578.1,3570.8,3574.3,24850
2025-09-09T11:15:00+05:30,3573.1,3573.4,3562.1,3564.6,45850
2025-09-09T11:30:00+05:30,3563.9,3570.5,3562.5,3569.7,31850
2025-09-09T11:45:00+05:30,3572,3576,3569.4,3574.2,23800
2025-09-09T12:00:00+05:30,3574.5,3578,3569,3574.8,33600
2025-09-09T12:15:00+05:30,3574.8,3576.9,3570,3574,22050
2025-09-09T12:30:00+05:30,3571.3,3574.2,3568.1,3568.2,31850
2025-09-09T12:45:00+05:30,3568.9,3576.9,3568.9,3575,14000
2025-09-09T13:00:00+05:30,3575.7,3577.9,3573.8,3574.2,13300
2025-09-09T13:15:00+05:30,3573.2,3582.5,3572.8,3581.7,29050
2025-09-09T13:30:00+05:30,3580.8,3585.9,3580.3,3581,44800
2025-09-09T13:45:00+05:30,3580.1,3582.9,3578.6,3578.6,15400
2025-09-09T14:00:00+05:30,3577.7,3590,3577.7,3584.5,40950
2025-09-09T14:15:00+05:30,3584,3588,3582.8,3586.9,16800
2025-09-09T14:30:00+05:30,3585.6,3587.2,3577,3577.3,23450
2025-09-09T14:45:00+05:30,3577.5,3582.2,3575.8,3580.1,20650
2025-09-09T15:00:00+05:30,3580.7,3583.2,3577.8,3580.8,39900
2025-09-09T15:15:00+05:30,3581.3,3594.9,3580,3594,79450
2025-09-10T09:15:00+05:30,3629,3629,3533.3,3533.3,285250
2025-09-10T09:30:00+05:30,3536.2,3550,3531.1,3550,130200
2025-09-10T09:45:00+05:30,3550.5,3554,3545.2,3551,60200
2025-09-10T10:00:00+05:30,3551,3553,3541.7,3544.1,35000
2025-09-10T10:15:00+05:30,3543.1,3543.1,3535,3537.5,42700
2025-09-10T10:30:00+05:30,3537.5,3542.5,3533.1,3541.4,44800
2025-09-10T10:45:00+05:30,3541.2,3541.2,3532.1,3539.7,30450
2025-09-10T11:00:00+05:30,3538.9,3539.8,3524.4,3528.4,56000
2025-09-10T11:15:00+05:30,3528.3,3528.5,3519,3523.5,104300
2025-09-10T11:30:00+05:30,3524,3526.5,3515,3515,91700
2025-09-10T11:45:00+05:30,3514.8,3524.2,3511,3511,67900
2025-09-10T12:00:00+05:30,3507.3,3515.9,3497.1,3511.4,148750
2025-09-10T12:15:00+05:30,3512.7,3518.9,3509.5,3509.5,15400
2025-09-10T12:30:00+05:30,3510.6,3515,3510.2,3513.5,22750
2025-09-10T12:45:00+05:30,3515.9,3526,3515.1,3525,31850
2025-09-10T13:00:00+05:30,3525.4,3530.7,3523.6,3527,26600
2025-09-10T13:15:00+05:30,3525.4,3530.9,3523.1,3528,15400
2025-09-10T13:30:00+05:30,3527,3527,3518,3520,21350
2025-09-10T13:45:00+05:30,3522,3524.7,3513,3514.6,36050
2025-09-10T14:00:00+05:30,3513,3513,3507.4,3509.5,41300
2025-09-10T14:15:00+05:30,3510,3510,3505.1,3505.5,23450
2025-09-10T14:30:00+05:30,3506.3,3506.3,3498.4,3501.4,69650
2025-09-10T14:45:00+05:30,3502.1,3510,3500.6,3507,58450
2025-09-10T15:00:00+05:30,3507.6,3514.4,3507.5,3510.3,85750
2025-09-10T15:15:00+05:30,3511.5,3517.9,3511.5,3512.1,123550
2025-09-11T09:15:00+05:30,3505.5,3518,3491.7,3494.4,83650
2025-09-11T09:30:00+05:30,3493,3496,3484.1,3492.8,67550
2025-09-11T09:45:00+05:30,3493.6,3497.1,3490,3495.2,144900
2025-09-11T10:00:00+05:30,3494.9,3494.9,3482.8,3485.4,58100
2025-09-11T10:15:00+05:30,3486.2,3488,3481.8,3483,29750
2025-09-11T10:30:00+05:30,3487,3489.3,3473.1,3477.3,40950
2025-09-11T10:45:00+05:30,3477.3,3482.1,3475.1,3480.8,19950
2025-09-11T11:00:00+05:30,3477.2,3490.3,3477,3488.3,21350
2025-09-11T11:15:00+05:30,3488.2,3497.3,3486.6,3491.7,41650
2025-09-11T11:30:00+05:30,3491.5,3494,3485.4,3488.3,28000
2025-09-11T11:45:00+05:30,3490.4,3491.4,3486.2,3489.1,14000
2025-09-11T12:00:00+05:30,3491.5,3501.4,3489.2,3495,32900
2025-09-11T12:15:00+05:30,3495,3499.6,3494,3498.4,18900
2025-09-11T12:30:00+05:30,3499.5,3502.2,3498.2,3500.4,46200
2025-09-11T12:45:00+05:30,3501.4,3513.3,3499,3509.8,60550
2025-09-11T13:00:00+05:30,3509.2,3515.1,3507,3513.2,35000
2025-09-11T13:15:00+05:30,3512.7,3515.8,3510.3,3513.3,44800
2025-09-11T13:30:00+05:30,3515.2,3532.8,3515.1,3529.2,110950
2025-09-11T13:45:00+05:30,3529,3532.3,3521.1,3530.3,58450
2025-09-11T14:00:00+05:30,3530.3,3531.6,3523,3525.8,38150
2025-09-11T14:15:00+05:30,3524.8,3529,3524.8,3526,23800
2025-09-11T14:30:00+05:30,3525.3,3525.3,3519.7,3522.2,29050
2025-09-11T14:45:00+05:30,3524.3,3524.3,3518.8,3519.7,26950
2025-09-11T15:00:00+05:30,3520.9,3523.8,3515.7,3517.4,45150
2025-09-11T15:15:00+05:30,3519,3524,3518,3523.6,84700
2025-09-12T09:15:00+05:30,3528.2,3552.4,3518.4,3550.5,114450
2025-09-12T09:30:00+05:30,3551.9,3565,3546.6,3548.8,126000
2025-09-12T09:45:00+05:30,3550.6,3552,3530,3537,83650
2025-09-12T10:00:00+05:30,3536.1,3542.1,3535,3542.1,32200
2025-09-12T10:15:00+05:30,3542.8,3545,3538.2,3540.5,24500
2025-09-12T10:30:00+05:30,3541.4,3542.2,3535,3536.2,22400
2025-09-12T10:45:00+05:30,3536,3544.5,3533.6,3533.6,21000
2025-09-12T11:00:00+05:30,3535.6,3538.8,3533.7,3538,33950
2025-09-12T11:15:00+05:30,3537.9,3543.5,3535.6,3537.3,26250
2025-09-12T11:30:00+05:30,3534.2,3537.1,3531.5,3533.7,16100
2025-09-12T11:45:00+05:30,3534.5,3534.5,3526.9,3529,18200
2025-09-12T12:00:00+05:30,3527.1,3528.9,3526.1,3528,14700
2025-09-12T12:15:00+05:30,3528.8,3536.3,3527.4,3532.5,16100
2025-09-12T12:30:00+05:30,3531.6,3533.2,3529.8,3530.4,11200
2025-09-12T12:45:00+05:30,3530.4,3531.3,3524.4,3525.3,15400
2025-09-12T13:00:00+05:30,3525.1,3527.1,3520.1,3521.1,21700
2025-09-12T13:15:00+05:30,3522,3523.1,3511.2,3511.4,50050
2025-09-12T13:30:00+05:30,3511,3511,3498,3500.2,78400
2025-09-12T13:45:00+05:30,3500.2,3511.2,3496,3508.4,54600
2025-09-12T14:00:00+05:30,3508,3511,3503.7,3505.4,21000
2025-09-12T14:15:00+05:30,3506.7,3507,3500.6,3500.6,26250
2025-09-12T14:30:00+05:30,3500.8,3506.1,3500.7,3503.7,22050
2025-09-12T14:45:00+05:30,3504.1,3505.6,3502.1,3503.7,23800
2025-09-12T15:00:00+05:30,3503.9,3507.8,3503.1,3507.8,31850
2025-09-12T15:15:00+05:30,3507.8,3512.1,3507.3,3511.7,59850
2025-09-15T09:15:00+05:30,3544.9,3544.9,3515.5,3523.9,65100
2025-09-15T09:30:00+05:30,3522.2,3522.2,3510.2,3510.3,41300
2025-09-15T09:45:00+05:30,3511.5,3511.9,3502.7,3507.6,30100
2025-09-15T10:00:00+05:30,3504.3,3505.5,3495.8,3498.3,38850
2025-09-15T10:15:00+05:30,3499.4,3507.2,3498.4,3505.7,19600
2025-09-15T10:30:00+05:30,3508,3508,3501,3501,6300
2025-09-15T10:45:00+05:30,3500,3504.8,3500,3501.1,12950
2025-09-15T11:00:00+05:30,3503.9,3504,3497,3497,21700
2025-09-15T11:15:00+05:30,3500.1,3501.6,3497.9,3501,9800
2025-09-15T11:30:00+05:30,3499,3502,3495.8,3496.2,20300
2025-09-15T11:45:00+05:30,3496.5,3500,3496.2,3500,7350
2025-09-15T12:00:00+05:30,3500,3504,3490.2,3490.6,56350
2025-09-15T12:15:00+05:30,3490.1,3499.1,3487,3499.1,31500
2025-09-15T12:30:00+05:30,3499.7,3499.7,3490,3490,15400
2025-09-15T12:45:00+05:30,3491.4,3493.5,3490,3493.5,18550
2025-09-15T13:00:00+05:30,3492.5,3495.4,3491.3,3492.7,17500
2025-09-15T13:15:00+05:30,3492,3500.2,3490,3498.5,23800
2025-09-15T13:30:00+05:30,3495.6,3497,3490.1,3491.8,17500
2025-09-15T13:45:00+05:30,3492.3,3492.3,3486.4,3487.3,24850
2025-09-15T14:00:00+05:30,3487,3490,3486.3,3489,17850
2025-09-15T14:15:00+05:30,3489.9,3492.9,3486.2,3490.4,25550
2025-09-15T14:30:00+05:30,3491,3494.7,3490,3494.7,31850
2025-09-15T14:45:00+05:30,3495.5,3497.5,3490.4,3495.9,57400
2025-09-15T15:00:00+05:30,3495.5,3495.5,3489,3492.7,54600
2025-09-15T15:15:00+05:30,3494.9,3500,3491.9,3497.6,90300
2025-09-16T09:15:00+05:30,3495,3524,3495,3517.8,95200
2025-09-16T09:30:00+05:30,3516.9,3524.8,3516.3,3523.6,35000
2025-09-16T09:45:00+05:30,3523.5,3527.9,3517,3526.5,43400
2025-09-16T10:00:00+05:30,3527.8,3527.8,3516.9,3521,37800
2025-09-16T10:15:00+05:30,3521,3524.1,3520.4,3521.5,8050
2025-09-16T10:30:00+05:30,3524,3532.6,3519.4,3519.4,46900
2025-09-16T10:45:00+05:30,3519.4,3519.4,3512.3,3517,12950
2025-09-16T11:00:00+05:30,3517.7,3521,3516.4,3520.8,10150
2025-09-16T11:15:00+05:30,3521.8,3521.8,3511.8,3513,12950
2025-09-16T11:30:00+05:30,3513.9,3516,3512.6,3512.6,12250
2025-09-16T11:45:00+05:30,3512.2,3512.7,3509.4,3509.7,19950
2025-09-16T12:00:00+05:30,3512.9,3517.6,3512.9,3514.3,20650
2025-09-16T12:15:00+05:30,3515.8,3516.9,3511.9,3515.3,10850
2025-09-16T12:30:00+05:30,3516.3,3516.3,3509.7,3512.8,11200
2025-09-16T12:45:00+05:30,3512.8,3514.6,3511,3513,9450
2025-09-16T13:00:00+05:30,3514.6,3526.8,3514.6,3523.4,32550
2025-09-16T13:15:00+05:30,3524.4,3526.8,3520.6,3523.5,31150
2025-09-16T13:30:00+05:30,3523.5,3525.2,3519.1,3520,11550
2025-09-16T13:45:00+05:30,3518.9,3518.9,3514,3516.5,39200
2025-09-16T14:00:00+05:30,3519.5,3523,3513.1,3515.7,31850
2025-09-16T14:15:00+05:30,3514.9,3520.5,3513.4,3520.5,49350
2025-09-16T14:30:00+05:30,3520,3521.5,3513,3513,34650
2025-09-16T14:45:00+05:30,3513.3,3515.5,3511.7,3513.5,12600
2025-09-16T15:00:00+05:30,3514.2,3518,3514.1,3515.5,57750
2025-09-16T15:15:00+05:30,3515.4,3517,3512.9,3516.4,109550
2025-09-17T09:15:00+05:30,3519.6,3520,3504.3,3507.2,54600
2025-09-17T09:30:00+05:30,3506.1,3520.6,3500,3519.8,48650
2025-09-17T09:45:00+05:30,3519.6,3519.6,3505.5,3516.7,25550
2025-09-17T10:00:00+05:30,3519,3519,3512.8,3512.8,21700
2025-09-17T10:15:00+05:30,3512.3,3519.9,3512.3,3514.5,16450
2025-09-17T10:30:00+05:30,3514.2,3518.9,3511.1,3511.1,12600
2025-09-17T10:45:00+05:30,3514,3517.4,3513,3517.1,10500
2025-09-17T11:00:00+05:30,3515.5,3524.5,3511.1,3522.6,32900
2025-09-17T11:15:00+05:30,3523,3527.6,3522.7,3524,24150
2025-09-17T11:30:00+05:30,3526,3526,3519.8,3522.5,11550
2025-09-17T11:45:00+05:30,3522.6,3524,3518,3522.8,15750
2025-09-17T12:00:00+05:30,3522.8,3531.6,3522.3,3531,25900
2025-09-17T12:15:00+05:30,3531,3531.9,3522.4,3522.4,19950
2025-09-17T12:30:00+05:30,3523.3,3524,3520,3523.3,10500
2025-09-17T12:45:00+05:30,3520.9,3525.5,3519,3525.5,17850
2025-09-17T13:00:00+05:30,3525.4,3526,3523,3526,10500
2025-09-17T13:15:00+05:30,3526.2,3526.2,3520.1,3523,23450
2025-09-17T13:30:00+05:30,3523.1,3523.1,3517.2,3517.6,15750
2025-09-17T13:45:00+05:30,3517.8,3519,3517.8,3518.2,7700
2025-09-17T14:00:00+05:30,3517.1,3517.1,3507.3,3511,33600
2025-09-17T14:15:00+05:30,3511.9,3516.4,3510.5,3512,25900
2025-09-17T14:30:00+05:30,3511.6,3516.9,3510.7,3512.5,27300
2025-09-17T14:45:00+05:30,3511.9,3515,3508,3512,34300
2025-09-17T15:00:00+05:30,3514.3,3515,3509.3,3510,30800
2025-09-17T15:15:00+05:30,3510.9,3513.7,3508.7,3513.7,65800
2025-09-18T09:15:00+05:30,3540.9,3540.9,3507.8,3517.2,78750
2025-09-18T09:30:00+05:30,3516.6,3535,3513.4,3534,56350
2025-09-18T09:45:00+05:30,3533.3,3533.3,3522,3522,26950
2025-09-18T10:00:00+05:30,3525,3528,3522,3523,23100
2025-09-18T10:15:00+05:30,3524,3526.3,3522.5,3526.3,15400
2025-09-18T10:30:00+05:30,3527.9,3528,3522.7,3527.3,17850
2025-09-18T10:45:00+05:30,3527.3,3527.3,3521.4,3522.3,16450
2025-09-18T11:00:00+05:30,3522,3523,3518.2,3518.2,15050
2025-09-18T11:15:00+05:30,3518.4,3520,3517.6,3519.1,10850
2025-09-18T11:30:00+05:30,3518.3,3522.9,3517.7,3518,15050
2025-09-18T11:45:00+05:30,3516.1,3519.5,3516.1,3516.8,10500
2025-09-18T12:00:00+05:30,3518.1,3519.7,3515.2,3515.2,16450
2025-09-18T12:15:00+05:30,3515.4,3518.5,3511.6,3517.3,18900
2025-09-18T12:30:00+05:30,3517.3,3518,3505.6,3507.4,26600
2025-09-18T12:45:00+05:30,3509,3511.7,3505.1,3511.4,29400
2025-09-18T13:00:00+05:30,3509.4,3518.9,3508.2,3518.2,21000
2025-09-18T13:15:00+05:30,3518.2,3524.7,3517.4,3522.2,19950
2025-09-18T13:30:00+05:30,3522.5,3535.7,3521.7,3535.2,48300
2025-09-18T13:45:00+05:30,3535.2,3537.5,3531.5,3534.8,26950
2025-09-18T14:00:00+05:30,3532.2,3535,3531,3535,22750
2025-09-18T14:15:00+05:30,3534.3,3547,3533.2,3541,73500
2025-09-18T14:30:00+05:30,3540.5,3544,3538.4,3544,36750
2025-09-18T14:45:00+05:30,3544,3555.7,3544,3553.2,92050
2025-09-18T15:00:00+05:30,3554.3,3559,3554.3,3557,129500
2025-09-18T15:15:00+05:30,3553,3556.1,3547.9,3551.9,115850
2025-09-19T09:15:00+05:30,3559.1,3559.1,3538.7,3550.4,74550
2025-09-19T09:30:00+05:30,3547.4,3552.7,3546.5,3551.4,32550
2025-09-19T09:45:00+05:30,3550.5,3550.5,3535.5,3537.4,25200
2025-09-19T10:00:00+05:30,3537.3,3546.3,3536.2,3545.6,17150
2025-09-19T10:15:00+05:30,3542.9,3549.9,3540.3,3545.8,16800
2025-09-19T10:30:00+05:30,3544.2,3544.2,3533.2,3539,50750
2025-09-19T10:45:00+05:30,3535,3538,3534,3538,11550
2025-09-19T11:00:00+05:30,3538,3542,3536.9,3541.6,18200
2025-09-19T11:15:00+05:30,3540.5,3541.1,3537.9,3541.1,3850
2025-09-19T11:30:00+05:30,3538.6,3546,3537.5,3546,13650
2025-09-19T11:45:00+05:30,3545.7,3550,3536.5,3538.6,23450
2025-09-19T12:00:00+05:30,3540.5,3540.5,3537.4,3539.9,13300
2025-09-19T12:15:00+05:30,3538.7,3540.2,3536.3,3536.3,7350
2025-09-19T12:30:00+05:30,3536.6,3540.6,3536.6,3537,7700
2025-09-19T12:45:00+05:30,3536.6,3536.6,3525,3533.5,36050
2025-09-19T13:00:00+05:30,3534.6,3542.2,3533,3542.2,74550
2025-09-19T13:15:00+05:30,3541,3542,3540,3540.4,10150
2025-09-19T13:30:00+05:30,3540.4,3541.6,3538.2,3541.5,10500
2025-09-19T13:45:00+05:30,3539.1,3541.5,3537.5,3539.3,11200
2025-09-19T14:00:00+05:30,3538.9,3544,3538.9,3541.8,12950
2025-09-19T14:15:00+05:30,3541.8,3542.5,3537.3,3540.7,15050
2025-09-19T14:30:00+05:30,3540.8,3546,3540.8,3543.7,14000
2025-09-19T14:45:00+05:30,3545,3549,3544.1,3548.1,14000
2025-09-19T15:00:00+05:30,3548.5,3548.5,3535,3538,57400
2025-09-19T15:15:00+05:30,3538.2,3548.3,3538.2,3548.3,80850
2025-09-22T09:15:00+05:30,3546,3567.3,3536.2,3567.3,82950
2025-09-22T09:30:00+05:30,3565,3566.5,3559,3561.5,42350
2025-09-22T09:45:00+05:30,3561.9,3561.9,3550.5,3558,23450
2025-09-22T10:00:00+05:30,3558,3565,3556.1,3565,24150
2025-09-22T10:15:00+05:30,3567,3582,3566.7,3574.5,199150
2025-09-22T10:30:00+05:30,3575.8,3576.5,3565.1,3570,35000
2025-09-22T10:45:00+05:30,3570.7,3571.3,3563,3563.2,16100
2025-09-22T11:00:00+05:30,3564.2,3566.4,3559.9,3565.7,24500
2025-09-22T11:15:00+05:30,3565.2,3567.5,3561.3,3565.5,17500
2025-09-22T11:30:00+05:30,3565,3570,3561.1,3568.7,25200
2025-09-22T11:45:00+05:30,3564.7,3571.8,3563.7,3571.8,13300
2025-09-22T12:00:00+05:30,3571.9,3574.8,3569.9,3573,20300
2025-09-22T12:15:00+05:30,3574.3,3577.6,3571.8,3574.5,19950
2025-09-22T12:30:00+05:30,3572.2,3576.3,3571,3572.8,18550
2025-09-22T12:45:00+05:30,3573.5,3575,3571.2,3572,14700
2025-09-22T13:00:00+05:30,3572.1,3572.1,3563.1,3563.8,16450
2025-09-22T13:15:00+05:30,3564.3,3564.3,3556.9,3559.8,17150
2025-09-22T13:30:00+05:30,3560,3562.1,3557.4,3557.4,12600
2025-09-22T13:45:00+05:30,3557.9,3559.6,3553,3554,33950
2025-09-22T14:00:00+05:30,3554,3555.5,3551.3,3552,20650
2025-09-22T14:15:00+05:30,3552,3552,3542.2,3547.9,30100
2025-09-22T14:30:00+05:30,3548.7,3549.3,3539.3,3539.3,35700
2025-09-22T14:45:00+05:30,3538.5,3540.9,3536.3,3537,26250
2025-09-22T15:00:00+05:30,3539.6,3541.9,3534.2,3537,17850
2025-09-22T15:15:00+05:30,3536.9,3540.6,3534.7,3540.6,62650
2025-09-23T09:15:00+05:30,3565.5,3607.2,3564,3577.1,323750
2025-09-23T09:30:00+05:30,3572.9,3576.7,3560.6,3563.2,95900
2025-09-23T09:45:00+05:30,3564,3569.2,3560.4,3566.7,31850
2025-09-23T10:00:00+05:30,3566.4,3575.8,3565.1,3568.8,32900
2025-09-23T10:15:00+05:30,3572.2,3580,3561.3,3567.1,29400
2025-09-23T10:30:00+05:30,3566,3570.8,3560.3,3568.9,10850
2025-09-23T10:45:00+05:30,3568.1,3568.7,3558,3564.4,12950
2025-09-23T11:00:00+05:30,3564.9,3568.7,3557.5,3561.1,21000
2025-09-23T11:15:00+05:30,3561.1,3562.6,3557,3558.9,16450
2025-09-23T11:30:00+05:30,3558.8,3560.6,3555,3556.4,15400
2025-09-23T11:45:00+05:30,3556.8,3558.6,3553.7,3556.6,10500
2025-09-23T12:00:00+05:30,3556,3561,3553.3,3556.5,21700
2025-09-23T12:15:00+05:30,3555.4,3559.7,3554.2,3556.9,8400
2025-09-23T12:30:00+05:30,3556.5,3564.1,3552.5,3553.2,22050
2025-09-23T12:45:00+05:30,3552,3552.7,3537,3539,68950
2025-09-23T13:00:00+05:30,3539,3540.1,3529,3531.9,40950
2025-09-23T13:15:00+05:30,3530.1,3537,3529,3533.8,17150
2025-09-23T13:30:00+05:30,3536,3541.1,3535.6,3539.3,15750
2025-09-23T13:45:00+05:30,3540.7,3540.7,3534,3534.9,12600
2025-09-23T14:00:00+05:30,3534.3,3540,3533.1,3533.9,24150
2025-09-23T14:15:00+05:30,3531.6,3537.4,3531.6,3537.4,9800
2025-09-23T14:30:00+05:30,3537.3,3537.3,3532.4,3535.6,7000
2025-09-23T14:45:00+05:30,3534.9,3534.9,3529.4,3531.6,11200
2025-09-23T15:00:00+05:30,3530.6,3530.6,3525.5,3527.1,22400
2025-09-23T15:15:00+05:30,3527.9,3529.5,3505.8,3518,99050
2025-09-24T09:15:00+05:30,3500,3508.3,3484.9,3496,99400
2025-09-24T09:30:00+05:30,3493,3518.8,3493,3509.7,39200
2025-09-24T09:45:00+05:30,3508.2,3525.6,3508.2,3525.6,25550
2025-09-24T10:00:00+05:30,3521.9,3525.5,3510.4,3510.4,12250
2025-09-24T10:15:00+05:30,3511,3513.7,3504.5,3506.6,8400
2025-09-24T10:30:00+05:30,3507.5,3509.7,3503,3503,9800
2025-09-24T10:45:00+05:30,3501,3509.8,3498.3,3509.8,23100
2025-09-24T11:00:00+05:30,3505.1,3509.4,3496.4,3505.3,23450
2025-09-24T11:15:00+05:30,3505.3,3507.2,3500.5,3500.5,6300
2025-09-24T11:30:00+05:30,3502,3504.9,3500.1,3501.7,14700
2025-09-24T11:45:00+05:30,3501.7,3508.5,3496.5,3497.6,23100
2025-09-24T12:00:00+05:30,3498.2,3509.9,3494.5,3503.1,34650
2025-09-24T12:15:00+05:30,3503.2,3505.5,3499,3500.2,22750
2025-09-24T12:30:00+05:30,3498,3500.9,3495.2,3496,18200
2025-09-24T12:45:00+05:30,3493.1,3499.9,3493.1,3498.1,17150
2025-09-24T13:00:00+05:30,3499,3506.3,3498,3498,45150
2025-09-24T13:15:00+05:30,3498.7,3501,3497.1,3499.8,63350
2025-09-24T13:30:00+05:30,3499.8,3501.1,3497.2,3497.6,16800
2025-09-24T13:45:00+05:30,3497,3500.6,3494,3494,33600
2025-09-24T14:00:00+05:30,3498,3498,3495.3,3496.8,10150
2025-09-24T14:15:00+05:30,3494.5,3497.2,3487.7,3489.9,26950
2025-09-24T14:30:00+05:30,3488,3488,3477,3477.9,35350
2025-09-24T14:45:00+05:30,3476.8,3476.9,3465,3465,50750
2025-09-24T15:00:00+05:30,3467.1,3471.7,3465.2,3467.7,74900
2025-09-24T15:15:00+05:30,3469.2,3469.2,3452,3452.6,116200
2025-09-25T09:15:00+05:30,3461.6,3472.1,3450.1,3453,183050
2025-09-25T09:30:00+05:30,3453,3467.6,3449.6,3456.9,145250
2025-09-25T09:45:00+05:30,3456.9,3456.9,3447.1,3452.6,113050
2025-09-25T10:00:00+05:30,3452.4,3456.5,3442.2,3444,131600
2025-09-25T10:15:00+05:30,3444,3455.6,3441.3,3441.3,144900
2025-09-25T10:30:00+05:30,3442.1,3442.1,3425,3425,219800
2025-09-25T10:45:00+05:30,3425,3434.3,3420.1,3430.1,141400
2025-09-25T11:00:00+05:30,3430.1,3439.4,3425.3,3436.9,131950
2025-09-25T11:15:00+05:30,3436.9,3439.9,3427.3,3431.3,114100
2025-09-25T11:30:00+05:30,3431.3,3433.3,3425.1,3428.1,135450
2025-09-25T11:45:00+05:30,3428.1,3429,3425,3425.3,121800
2025-09-25T12:00:00+05:30,3425.3,3430,3423,3427.9,120050
2025-09-25T12:15:00+05:30,3427.9,3433.3,3413.8,3415.2,143150
2025-09-25T12:30:00+05:30,3415.2,3424.2,3415,3420,119350
2025-09-25T12:45:00+05:30,3420,3424,3418,3422.9,109900
2025-09-25T13:00:00+05:30,3422.9,3424.2,3418,3418.3,93100
2025-09-25T13:15:00+05:30,3418.3,3422.4,3415.5,3418.9,104650
2025-09-25T13:30:00+05:30,3418.9,3429.6,3418.9,3429.6,94150
2025-09-25T13:45:00+05:30,3428,3442.4,3428,3442.4,116200
2025-09-25T14:00:00+05:30,3442.4,3442.4,3426.8,3426.9,120400
2025-09-25T14:15:00+05:30,3426.9,3430.5,3422.7,3425.1,105700
2025-09-25T14:30:00+05:30,3425.1,3429.8,3419.3,3422.5,142800
2025-09-25T14:45:00+05:30,3422.5,3432,3422.3,3431.9,119350
2025-09-25T15:00:00+05:30,3431.8,3431.8,3408.2,3409.6,193200
2025-09-25T15:15:00+05:30,3409.6,3421.8,3409.6,3420.1,144550
2025-09-26T09:15:00+05:30,3418.2,3443.9,3408,3412.2,130900
2025-09-26T09:30:00+05:30,3412.2,3426.5,3401.3,3422.8,131950
2025-09-26T09:45:00+05:30,3422.8,3439.6,3421.9,3436,124600
2025-09-26T10:00:00+05:30,3436,3439,3427.4,3431.9,98700
2025-09-26T10:15:00+05:30,3431.9,3456.2,3431.9,3452.3,141400
2025-09-26T10:30:00+05:30,3452.3,3460.9,3450,3460.7,168000
2025-09-26T10:45:00+05:30,3460.7,3462.2,3455.2,3455.2,102550
2025-09-26T11:00:00+05:30,3455.2,3456.6,3446,3446.1,100100
2025-09-26T11:15:00+05:30,3444.5,3444.9,3437.6,3440.6,114450
2025-09-26T11:30:00+05:30,3440.6,3440.7,3426.5,3430.5,102200
2025-09-26T11:45:00+05:30,3430.5,3439.7,3430.3,3439.7,114800
2025-09-26T12:00:00+05:30,3439.7,3442.7,3436.6,3442.7,130550
2025-09-26T12:15:00+05:30,3442.7,3445,3438.3,3444.7,129500
2025-09-26T12:30:00+05:30,3444.7,3451.5,3441.3,3451.1,128100
2025-09-26T12:45:00+05:30,3451.1,3459.8,3448.9,3449.2,137900
2025-09-26T13:00:00+05:30,3449.2,3458.8,3442.7,3442.7,133700
2025-09-26T13:15:00+05:30,3442.7,3442.7,3426.3,3430.4,140700
2025-09-26T13:30:00+05:30,3430.4,3430.4,3420.5,3420.5,149800
2025-09-26T13:45:00+05:30,3420.5,3424,3408.4,3410.7,156800
2025-09-26T14:00:00+05:30,3410.7,3423,3410.5,3418.8,201250
2025-09-26T14:15:00+05:30,3418.8,3419.5,3413.2,3419.5,174300
2025-09-26T14:30:00+05:30,3419.5,3428.5,3419.5,3428.5,153300
2025-09-26T14:45:00+05:30,3428.5,3429.9,3418.9,3419.6,116200
2025-09-26T15:00:00+05:30,3418.4,3425.1,3414.1,3416.5,100800
2025-09-26T15:15:00+05:30,3413.8,3424,3413.1,3424,113050
2025-09-29T09:15:00+05:30,3425.7,3432.9,3412.3,3429.3,97300
2025-09-29T09:30:00+05:30,3429.3,3432,3424.4,3429.8,105350
2025-09-29T09:45:00+05:30,3429.8,3433.6,3410.5,3417.2,107100
2025-09-29T10:00:00+05:30,3417.2,3422.2,3414.1,3420.2,101850
2025-09-29T10:15:00+05:30,3420.2,3426,3416.7,3421.6,107450
2025-09-29T10:30:00+05:30,3421.6,3424.8,3412.2,3424,161350
2025-09-29T10:45:00+05:30,3424,3426,3412.1,3416.7,131950
2025-09-29T11:00:00+05:30,3416.7,3420.5,3413.2,3413.9,120400
2025-09-29T11:15:00+05:30,3413.9,3415,3408.2,3413.4,131250
2025-09-29T11:30:00+05:30,3413.4,3413.4,3397.6,3398.1,132300
2025-09-29T11:45:00+05:30,3398.1,3406.5,3395.5,3403.3,121450
2025-09-29T12:00:00+05:30,3403.3,3405.9,3396.8,3400.1,147700
2025-09-29T12:15:00+05:30,3400.1,3403.4,3395.5,3400.3,118650
2025-09-29T12:30:00+05:30,3400.3,3401.8,3393.9,3397.2,129150
2025-09-29T12:45:00+05:30,3397.2,3405.8,3394.8,3401.4,139650
2025-09-29T13:00:00+05:30,3403.4,3414.1,3400,3406.8,134400
2025-09-29T13:15:00+05:30,3406.8,3417.6,3405.5,3411.9,140350
2025-09-29T13:30:00+05:30,3413.7,3425.2,3412.5,3423.7,137200
2025-09-29T13:45:00+05:30,3420.3,3443.6,3419.2,3443.6,169400
2025-09-29T14:00:00+05:30,3442,3444.7,3428.9,3435.4,200200
2025-09-29T14:15:00+05:30,3435.4,3438.7,3431.9,3434.9,154000
2025-09-29T14:30:00+05:30,3434.9,3435.6,3422,3423.1,129850
2025-09-29T14:45:00+05:30,3424.2,3437,3418.9,3435.5,145600
2025-09-29T15:00:00+05:30,3433.3,3441.7,3427.8,3435.7,177450
2025-09-29T15:15:00+05:30,3435.7,3447,3433.5,3444.5,131250
2025-09-30T09:15:00+05:30,3465.1,3474.9,3450.1,3454,91350
2025-09-30T09:30:00+05:30,3454,3460,3446,3450,44450
2025-09-30T09:45:00+05:30,3448,3451.1,3445.1,3446.9,21700
2025-09-30T10:00:00+05:30,3447.9,3454,3443.7,3443.7,47600
2025-09-30T10:15:00+05:30,3443.7,3448.9,3443.5,3445,73850
2025-09-30T10:30:00+05:30,3445,3448.6,3435.5,3440.4,68250
2025-09-30T10:45:00+05:30,3439.3,3443,3433.8,3433.8,50400
2025-09-30T11:00:00+05:30,3433.8,3439.1,3432.7,3432.9,45850
2025-09-30T11:15:00+05:30,3431.9,3434.4,3426,3430.1,56350
2025-09-30T11:30:00+05:30,3431,3434,3426.3,3427.5,54600
2025-09-30T11:45:00+05:30,3426.6,3439,3425.6,3437.3,45850
2025-09-30T12:00:00+05:30,3439.3,3443,3437.9,3440.2,65800
2025-09-30T12:15:00+05:30,3440.2,3442.9,3438.6,3441,29050
2025-09-30T12:30:00+05:30,3441.2,3445,3440.2,3443.9,30800
2025-09-30T12:45:00+05:30,3442.6,3449.5,3442.6,3448.8,54250
2025-09-30T13:00:00+05:30,3448.8,3459.8,3448.7,3458.9,65800
2025-09-30T13:15:00+05:30,3458.9,3468.5,3458.9,3467.2,138600
2025-09-30T13:30:00+05:30,3467.4,3469,3460,3462.9,68600
2025-09-30T13:45:00+05:30,3463,3473.1,3463,3473.1,92050
2025-09-30T14:00:00+05:30,3471.6,3471.6,3462.8,3463.8,57400
2025-09-30T14:15:00+05:30,3464.2,3464.5,3454.3,3456.5,44800
2025-09-30T14:30:00+05:30,3456.4,3468,3456,3468,82950
2025-09-30T14:45:00+05:30,3468.1,3473.1,3465.7,3473.1,64750
2025-09-30T15:00:00+05:30,3472.3,3472.3,3462,3463.5,66850
2025-09-30T15:15:00+05:30,3463.1,3468,3460.1,3467,73850
2025-10-01T09:15:00+05:30,3467.7,3488.2,3463,3488.2,81550
2025-10-01T09:30:00+05:30,3489,3489.9,3476.2,3477.3,37100
2025-10-01T09:45:00+05:30,3477,3477.3,3457.6,3458,45850
2025-10-01T10:00:00+05:30,3460,3460.8,3448.1,3460.8,33600
2025-10-01T10:15:00+05:30,3460.8,3465.9,3455.1,3461.4,25200
2025-10-01T10:30:00+05:30,3459.7,3463,3457.9,3461,11200
2025-10-01T10:45:00+05:30,3460,3465,3456.1,3464.8,13300
2025-10-01T11:00:00+05:30,3464.7,3485,3455,3485,35000
2025-10-01T11:15:00+05:30,3486.8,3493.9,3481.2,3483.2,63700
2025-10-01T11:30:00+05:30,3485.2,3485.6,3455.5,3464.4,63700
2025-10-01T11:45:00+05:30,3466.3,3466.3,3459.1,3462.2,13300
2025-10-01T12:00:00+05:30,3464,3468,3462.7,3468,12600
2025-10-01T12:15:00+05:30,3468,3470,3460.6,3463,12600
2025-10-01T12:30:00+05:30,3459.8,3461.7,3453.8,3453.8,14700
2025-10-01T12:45:00+05:30,3452.7,3453.9,3450.1,3450.2,17500
2025-10-01T13:00:00+05:30,3452,3459.8,3451.3,3455.2,23450
2025-10-01T13:15:00+05:30,3454.2,3463.1,3454.2,3458.6,33600
2025-10-01T13:30:00+05:30,3459.1,3462.5,3457.2,3459.9,9800
2025-10-01T13:45:00+05:30,3458.4,3465.3,3456.9,3462.8,7700
2025-10-01T14:00:00+05:30,3462.5,3469.3,3462.2,3465.9,15400
2025-10-01T14:15:00+05:30,3465.9,3467.8,3458.1,3464.7,23800
2025-10-01T14:30:00+05:30,3461.7,3468,3460.5,3468,21000
2025-10-01T14:45:00+05:30,3467.9,3474.9,3467.9,3472,21700
2025-10-01T15:00:00+05:30,3471.4,3476,3467.5,3471.2,52500
2025-10-01T15:15:00+05:30,3469.6,3474.9,3466.5,3468.5,98350
2025-10-03T09:15:00+05:30,3463.8,3473.1,3383.1,3398.5,305550
2025-10-03T09:30:00+05:30,3398.6,3437.1,3397,3425,106400
2025-10-03T09:45:00+05:30,3425,3427.9,3416.1,3422.8,40250
2025-10-03T10:00:00+05:30,3424.3,3426,3408.3,3418,41300
2025-10-03T10:15:00+05:30,3414,3429,3412.8,3426,33950
2025-10-03T10:30:00+05:30,3430,3435,3425,3427.3,24850
2025-10-03T10:45:00+05:30,3427.6,3436.9,3425.9,3436.9,17850
2025-10-03T11:00:00+05:30,3437,3456.2,3436.2,3452.6,65450
2025-10-03T11:15:00+05:30,3452,3458,3447.3,3449,19950
2025-10-03T11:30:00+05:30,3446.8,3455,3446.1,3450.2,13300
2025-10-03T11:45:00+05:30,3450.2,3457.1,3446.2,3448.1,29750
2025-10-03T12:00:00+05:30,3447.4,3456.9,3447.4,3452.9,12600
2025-10-03T12:15:00+05:30,3453.5,3457.4,3447,3454.9,24500
2025-10-03T12:30:00+05:30,3454.5,3460,3454.5,3455.6,12950
2025-10-03T12:45:00+05:30,3453.7,3459.7,3453.2,3459,7700
2025-10-03T13:00:00+05:30,3458.5,3461,3455.1,3460.4,14700
2025-10-03T13:15:00+05:30,3460.3,3464.7,3459.1,3462.3,17850
2025-10-03T13:30:00+05:30,3460.3,3461.9,3452,3454,13300
2025-10-03T13:45:00+05:30,3458.5,3462.3,3455.7,3460.4,18900
2025-10-03T14:00:00+05:30,3459,3464,3458,3461.2,15050
2025-10-03T14:15:00+05:30,3459.9,3467.5,3459.9,3463.8,34300
2025-10-03T14:30:00+05:30,3461.7,3474.3,3461.7,3469.3,25900
2025-10-03T14:45:00+05:30,3467.5,3470,3462.3,3468.5,25200
2025-10-03T15:00:00+05:30,3468.6,3470.8,3466.7,3469.8,72450
2025-10-03T15:15:00+05:30,3469.9,3471.3,3460,3460,103250
2025-10-06T09:15:00+05:30,3454.6,3464,3441.9,3456.2,54950
2025-10-06T09:30:00+05:30,3454.5,3479.9,3454,3479.5,47600
2025-10-06T09:45:00+05:30,3480,3488.9,3476,3484.8,66850
2025-10-06T10:00:00+05:30,3487.7,3513,3487.7,3503.4,115850
2025-10-06T10:15:00+05:30,3503.2,3507,3500.3,3503.7,26950
2025-10-06T10:30:00+05:30,3506.4,3506.4,3495.6,3503.8,44100
2025-10-06T10:45:00+05:30,3503,3507.9,3498.5,3505,32900
2025-10-06T11:00:00+05:30,3505.7,3514.9,3502.1,3514.1,55300
2025-10-06T11:15:00+05:30,3511.4,3515,3510.7,3512.8,39550
2025-10-06T11:30:00+05:30,3512,3519.4,3512,3518.4,62300
2025-10-06T11:45:00+05:30,3517.9,3524.2,3510.2,3514,70000
2025-10-06T12:00:00+05:30,3514,3518,3512.2,3515,24500
2025-10-06T12:15:00+05:30,3515.2,3516.3,3512,3515.9,12950
2025-10-06T12:30:00+05:30,3514.7,3526.5,3510.7,3526.5,70700
2025-10-06T12:45:00+05:30,3527.2,3532,3523.3,3530.4,44800
2025-10-06T13:00:00+05:30,3530.1,3531,3523.6,3530.9,51800
2025-10-06T13:15:00+05:30,3528.4,3529.7,3517.4,3521,24500
2025-10-06T13:30:00+05:30,3520.8,3521.7,3511.2,3512,28350
2025-10-06T13:45:00+05:30,3512.7,3523.4,3512.7,3522.1,23450
2025-10-06T14:00:00+05:30,3522.6,3522.6,3515.7,3519.1,22400
2025-10-06T14:15:00+05:30,3519.5,3528.5,3508.1,3508.1,37800
2025-10-06T14:30:00+05:30,3511.2,3515.4,3508.1,3509.6,25200
2025-10-06T14:45:00+05:30,3509.7,3518.9,3509.7,3518.9,18200
2025-10-06T15:00:00+05:30,3516.6,3524.9,3516.3,3521.9,54250
2025-10-06T15:15:00+05:30,3523,3527,3520.1,3525,84000
2025-10-07T09:15:00+05:30,3527.9,3533,3505.1,3526,44800
2025-10-07T09:30:00+05:30,3526,3528.7,3523.5,3523.8,24150
2025-10-07T09:45:00+05:30,3525.5,3530.6,3522,3526.5,22750
2025-10-07T10:00:00+05:30,3525.2,3553,3525.2,3543,80850
2025-10-07T10:15:00+05:30,3543.1,3554,3542,3542,50400
2025-10-07T10:30:00+05:30,3542,3550.3,3542,3546.5,24150
2025-10-07T10:45:00+05:30,3545.1,3554.9,3540.3,3553.1,23100
2025-10-07T11:00:00+05:30,3552.7,3555,3548.1,3552.3,21350
2025-10-07T11:15:00+05:30,3553,3554.7,3543.4,3547.5,20650
2025-10-07T11:30:00+05:30,3549.4,3549.4,3535,3538,22750
2025-10-07T11:45:00+05:30,3539,3543.4,3534.6,3540.3,23100
2025-10-07T12:00:00+05:30,3541.5,3544.7,3534,3534.6,18550
2025-10-07T12:15:00+05:30,3537,3544.8,3534.5,3543.2,7000
2025-10-07T12:30:00+05:30,3541.9,3543.1,3540.1,3540.8,9800
2025-10-07T12:45:00+05:30,3542.2,3542.2,3538.5,3539.8,8400
2025-10-07T13:00:00+05:30,3537.9,3539,3533.8,3535.5,8050
2025-10-07T13:15:00+05:30,3534.5,3541,3531.7,3540.5,29400
2025-10-07T13:30:00+05:30,3541,3542.8,3537.4,3542.2,16800
2025-10-07T13:45:00+05:30,3541,3541.4,3535.2,3536.6,19600
2025-10-07T14:00:00+05:30,3534.5,3537.6,3534,3537.6,17850
2025-10-07T14:15:00+05:30,3537.6,3539,3532.3,3532.5,21700
2025-10-07T14:30:00+05:30,3533.3,3535.5,3532.6,3534.2,8750
2025-10-07T14:45:00+05:30,3534,3537,3533.3,3535,12950
2025-10-07T15:00:00+05:30,3534.9,3537,3533.4,3534.4,56700
2025-10-07T15:15:00+05:30,3533.5,3533.9,3527.2,3531.6,44450
2025-10-08T09:15:00+05:30,3540,3548,3508.2,3534.2,44100
2025-10-08T09:30:00+05:30,3532.8,3535,3527.1,3530.5,24150
2025-10-08T09:45:00+05:30,3530.4,3530.4,3520.9,3524.5,16800
2025-10-08T10:00:00+05:30,3524.5,3524.5,3515.5,3515.5,18900
2025-10-08T10:15:00+05:30,3517,3521,3512,3519.5,24850
2025-10-08T10:30:00+05:30,3517.9,3531.3,3516.9,3528,12250
2025-10-08T10:45:00+05:30,3527.5,3535,3527.5,3531.7,24850
2025-10-08T11:00:00+05:30,3533.6,3533.6,3517,3517.7,28000
2025-10-08T11:15:00+05:30,3520.3,3524,3515,3521.5,22400
2025-10-08T11:30:00+05:30,3522.1,3522.1,3516.6,3519.1,10850
2025-10-08T11:45:00+05:30,3517,3517.7,3514.4,3517.7,10150
2025-10-08T12:00:00+05:30,3515.5,3530.6,3515.5,3530.6,12950
2025-10-08T12:15:00+05:30,3529.4,3529.4,3520.7,3524,4900
2025-10-08T12:30:00+05:30,3524.1,3524.8,3523,3524.8,9800
2025-10-08T12:45:00+05:30,3521.3,3526,3515.5,3526,8750
2025-10-08T13:00:00+05:30,3526.7,3528.6,3526.2,3526.2,3850
2025-10-08T13:15:00+05:30,3525.3,3526.3,3523.5,3523.5,2450
2025-10-08T13:30:00+05:30,3523.1,3526.1,3518.9,3520,7000
2025-10-08T13:45:00+05:30,3520.6,3527.8,3520.6,3526.1,5950
2025-10-08T14:00:00+05:30,3525.3,3525.3,3514,3514,8400
2025-10-08T14:15:00+05:30,3515,3515.6,3509.1,3513.2,15050
2025-10-08T14:30:00+05:30,3513.6,3515.9,3511.5,3511.5,11550
2025-10-08T14:45:00+05:30,3512.9,3514.3,3503.6,3504.9,28700
2025-10-08T15:00:00+05:30,3502.3,3504.3,3494.1,3494.1,50400
2025-10-08T15:15:00+05:30,3494.1,3497.9,3491.3,3493.2,59500
2025-10-09T09:15:00+05:30,3496.7,3500.4,3481,3489.1,71050
2025-10-09T09:30:00+05:30,3487.2,3487.2,3471,3477.1,63000
2025-10-09T09:45:00+05:30,3475.7,3492.5,3474.8,3486.4,37800
2025-10-09T10:00:00+05:30,3488,3488,3478.5,3483.1,15750
2025-10-09T10:15:00+05:30,3481.6,3489.8,3481.2,3481.6,7350
2025-10-09T10:30:00+05:30,3487.2,3494,3486.5,3489.4,8750
2025-10-09T10:45:00+05:30,3493,3502,3487.3,3502,14700
2025-10-09T11:00:00+05:30,3499.3,3502,3487.2,3496.2,13300
2025-10-09T11:15:00+05:30,3499.4,3499.4,3493.6,3493.6,12250
2025-10-09T11:30:00+05:30,3493.1,3499.7,3491.9,3494.2,9450
2025-10-09T11:45:00+05:30,3492.5,3498.4,3492.4,3492.4,7350
2025-10-09T12:00:00+05:30,3489.5,3489.6,3484,3485.4,10150
2025-10-09T12:15:00+05:30,3490,3490,3483.2,3486.2,5950
2025-10-09T12:30:00+05:30,3483.2,3483.2,3477.1,3478.2,8750
2025-10-09T12:45:00+05:30,3475.4,3480,3471.7,3471.7,24500
2025-10-09T13:00:00+05:30,3470,3472.2,3465,3468.4,45150
2025-10-09T13:15:00+05:30,3468.6,3470.7,3467,3470,19950
2025-10-09T13:30:00+05:30,3469.5,3472.4,3466.7,3472.4,16100
2025-10-09T13:45:00+05:30,3471.2,3477,3468.7,3475.5,15750
2025-10-09T14:00:00+05:30,3476.1,3486,3476.1,3478,15050
2025-10-09T14:15:00+05:30,3478,3490,3477,3482.3,20650
2025-10-09T14:30:00+05:30,3480.7,3487.1,3478.2,3487.1,26950
2025-10-09T14:45:00+05:30,3486.9,3489.9,3485.2,3489.9,29750
2025-10-09T15:00:00+05:30,3488.9,3496.5,3488.3,3495.5,65450
2025-10-09T15:15:00+05:30,3495.8,3503.9,3492.5,3492.5,95550
2025-10-10T09:15:00+05:30,3495.5,3504,3480,3491.4,30100
2025-10-10T09:30:00+05:30,3494.4,3506.8,3492.4,3494.2,35350
2025-10-10T09:45:00+05:30,3495.4,3504.8,3495.4,3501.9,25200
2025-10-10T10:00:00+05:30,3500.4,3506.7,3497.6,3497.9,20650
2025-10-10T10:15:00+05:30,3500.6,3503.5,3494.9,3496.6,16800
2025-10-10T10:30:00+05:30,3496.3,3500.8,3496.2,3496.9,9450
2025-10-10T10:45:00+05:30,3494.9,3509.7,3494.9,3505.1,28700
2025-10-10T11:00:00+05:30,3505.1,3513,3503.6,3511.8,16450
2025-10-10T11:15:00+05:30,3510.9,3512.6,3508.6,3509.9,4550
2025-10-10T11:30:00+05:30,3509.2,3511,3497,3511,15750
2025-10-10T11:45:00+05:30,3510.7,3512.6,3505.7,3508.7,10500
2025-10-10T12:00:00+05:30,3510,3524.9,3510,3521,49000
2025-10-10T12:15:00+05:30,3522,3526.6,3521.7,3524.5,17150
2025-10-10T12:30:00+05:30,3524.2,3534.7,3524.2,3530.3,41650
2025-10-10T12:45:00+05:30,3531.6,3535,3525.4,3526.1,46200
2025-10-10T13:00:00+05:30,3528.3,3528.3,3523,3523.2,9450
2025-10-10T13:15:00+05:30,3523.9,3525.9,3513,3513.7,21700
2025-10-10T13:30:00+05:30,3517.3,3520,3514.8,3515.7,10500
2025-10-10T13:45:00+05:30,3516,3524.4,3511.1,3514,26600
2025-10-10T14:00:00+05:30,3517.3,3518.6,3512.7,3516.2,36750
2025-10-10T14:15:00+05:30,3516.5,3517.1,3511.1,3511.2,11550
2025-10-10T14:30:00+05:30,3511,3511,3503.3,3504.1,24500
2025-10-10T14:45:00+05:30,3504.2,3506.7,3501.1,3505,30100
2025-10-10T15:00:00+05:30,3504.5,3506.9,3502.2,3504,30100
2025-10-10T15:15:00+05:30,3504.2,3509.8,3504,3504,46550
2025-10-13T09:15:00+05:30,3480,3525.7,3474,3505.7,101850
2025-10-13T09:30:00+05:30,3502.8,3534.7,3486.7,3533,85050
2025-10-13T09:45:00+05:30,3532,3542.5,3526.3,3526.4,99050
2025-10-13T10:00:00+05:30,3525,3528.7,3512,3518.2,36400
2025-10-13T10:15:00+05:30,3516.8,3518.3,3507.3,3511.3,24500
2025-10-13T10:30:00+05:30,3511.6,3513.2,3502,3502,37450
2025-10-13T10:45:00+05:30,3501.8,3504.6,3496.7,3498,32900
2025-10-13T11:00:00+05:30,3498,3499.4,3492.6,3495.9,21700
2025-10-13T11:15:00+05:30,3494.7,3502.6,3491.9,3502.6,23800
2025-10-13T11:30:00+05:30,3503.7,3507.2,3502.3,3505.9,22400
2025-10-13T11:45:00+05:30,3505.5,3507,3502.8,3505.8,13650
2025-10-13T12:00:00+05:30,3506,3507.6,3499.7,3507.6,17850
2025-10-13T12:15:00+05:30,3506.2,3511,3501.7,3509.1,22400
2025-10-13T12:30:00+05:30,3509.8,3511,3507.5,3508.8,17500
2025-10-13T12:45:00+05:30,3508.8,3511.1,3508.7,3510.8,10150
2025-10-13T13:00:00+05:30,3511.3,3511.3,3505.5,3510.1,14350
2025-10-13T13:15:00+05:30,3509.3,3510.6,3505.4,3508.7,15750
2025-10-13T13:30:00+05:30,3507.2,3511.2,3506.7,3506.7,10500
2025-10-13T13:45:00+05:30,3506.9,3511,3505.5,3509.7,13300
2025-10-13T14:00:00+05:30,3510.4,3518.6,3510.4,3518.6,10850
2025-10-13T14:15:00+05:30,3517.2,3517.2,3510.2,3510.2,7700
2025-10-13T14:30:00+05:30,3511.9,3512.9,3504.6,3507.4,21350
2025-10-13T14:45:00+05:30,3507,3512.2,3507,3510.5,18200
2025-10-13T15:00:00+05:30,3509.7,3511.9,3504.1,3511.2,42000
2025-10-13T15:15:00+05:30,3510,3511.8,3506.1,3506.2,51100
2025-10-14T09:15:00+05:30,3508.8,3519,3491.1,3496.2,50400
2025-10-14T09:30:00+05:30,3493.3,3507.6,3486.4,3489.7,43050
2025-10-14T09:45:00+05:30,3487.8,3499.7,3483.9,3496.5,29400
2025-10-14T10:00:00+05:30,3493.8,3504.9,3491.1,3494.3,38850
2025-10-14T10:15:00+05:30,3492.1,3498.9,3480.4,3496.7,34650
2025-10-14T10:30:00+05:30,3494.7,3501,3493,3499.2,22750
2025-10-14T10:45:00+05:30,3498.8,3506.5,3498.8,3500,19600
2025-10-14T11:00:00+05:30,3500,3503.5,3494.3,3496.7,17850
2025-10-14T11:15:00+05:30,3496.7,3505.8,3492.1,3502.3,32550
2025-10-14T11:30:00+05:30,3504.5,3510.8,3502.1,3504,22750
2025-10-14T11:45:00+05:30,3503.7,3504.9,3499,3504.7,12600
2025-10-14T12:00:00+05:30,3505.6,3505.6,3497,3503,9100
2025-10-14T12:15:00+05:30,3502.4,3509.9,3501.8,3504.2,24850
2025-10-14T12:30:00+05:30,3505.4,3509,3504.1,3506.3,5950
2025-10-14T12:45:00+05:30,3507.8,3512.5,3507.8,3511,12600
2025-10-14T13:00:00+05:30,3512.6,3515.4,3509.5,3509.5,17850
2025-10-14T13:15:00+05:30,3512.3,3512.9,3507.6,3507.6,17500
2025-10-14T13:30:00+05:30,3509,3518.8,3509,3516.8,22400
2025-10-14T13:45:00+05:30,3519.5,3520,3516.4,3520,14350
2025-10-14T14:00:00+05:30,3521.7,3525.9,3518,3520.3,22750
2025-10-14T14:15:00+05:30,3519.6,3523.6,3516,3520.6,15050
2025-10-14T14:30:00+05:30,3521.3,3528.6,3521.3,3523.4,19950
2025-10-14T14:45:00+05:30,3523.4,3528.7,3520.1,3526,15750
2025-10-14T15:00:00+05:30,3525.3,3526.2,3515.6,3516.3,46900
2025-10-14T15:15:00+05:30,3515.8,3518.8,3506.1,3506.1,56350
2025-10-15T09:15:00+05:30,3515.1,3568,3515.1,3547.4,178500
2025-10-15T09:30:00+05:30,3547.5,3556,3538.8,3543,56000
2025-10-15T09:45:00+05:30,3545,3555,3545,3546.7,47950
2025-10-15T10:00:00+05:30,3546.4,3553.3,3546,3552,22400
2025-10-15T10:15:00+05:30,3552.5,3560.9,3552,3555.9,59150
2025-10-15T10:30:00+05:30,3555.2,3564.2,3554.1,3560.6,36750
2025-10-15T10:45:00+05:30,3560,3562.6,3550,3553.4,24150
2025-10-15T11:00:00+05:30,3553.7,3557.9,3551.9,3553.8,11550
2025-10-15T11:15:00+05:30,3554.7,3568.9,3554.7,3564.1,52850
2025-10-15T11:30:00+05:30,3560.1,3563.7,3555.1,3559.2,28000
2025-10-15T11:45:00+05:30,3558,3559.8,3556.9,3559,12250
2025-10-15T12:00:00+05:30,3558.8,3561.6,3555.1,3555.1,21000
2025-10-15T12:15:00+05:30,3556.1,3558.5,3554,3557.5,17850
2025-10-15T12:30:00+05:30,3557.1,3574,3557.1,3573,60900
2025-10-15T12:45:00+05:30,3572.1,3572.2,3567.5,3572,14350
2025-10-15T13:00:00+05:30,3573,3578,3569.9,3569.9,41300
2025-10-15T13:15:00+05:30,3569.6,3572.7,3566,3572.7,24500
2025-10-15T13:30:00+05:30,3571.9,3573,3547.5,3562.3,88200
2025-10-15T13:45:00+05:30,3563,3568.9,3560.2,3560.2,28350
2025-10-15T14:00:00+05:30,3560.1,3565.3,3557,3565.3,78400
2025-10-15T14:15:00+05:30,3565.4,3572.4,3565.4,3570.1,37100
2025-10-15T14:30:00+05:30,3570.1,3575.3,3567.6,3575.3,39550
2025-10-15T14:45:00+05:30,3575,3582.3,3573.5,3581.2,90650
2025-10-15T15:00:00+05:30,3577.3,3583.9,3577.3,3583,84350
2025-10-15T15:15:00+05:30,3581.8,3583,3570.7,3573.9,135100
2025-10-16T09:15:00+05:30,3575.1,3596.9,3565.9,3590.2,91000
2025-10-16T09:30:00+05:30,3590.3,3615.9,3590.1,3610,133700
2025-10-16T09:45:00+05:30,3613,3640.7,3612,3631,160300
2025-10-16T10:00:00+05:30,3630.2,3637,3619.8,3623,59850
2025-10-16T10:15:00+05:30,3621.4,3621.4,3607.2,3608.8,47250
2025-10-16T10:30:00+05:30,3608.8,3610,3586.8,3587.3,161350
2025-10-16T10:45:00+05:30,3590,3596.2,3583,3596,81900
2025-10-16T11:00:00+05:30,3597.9,3599.2,3587,3590.2,23800
2025-10-16T11:15:00+05:30,3591.7,3593.1,3577,3591.1,94150
2025-10-16T11:30:00+05:30,3591,3599.2,3583.5,3586,58800
2025-10-16T11:45:00+05:30,3585.5,3592.2,3584.4,3588.5,19600
2025-10-16T12:00:00+05:30,3588.5,3593.6,3584.1,3591,22050
2025-10-16T12:15:00+05:30,3594,3599.8,3592.7,3595.9,42000
2025-10-16T12:30:00+05:30,3596.1,3599,3583.7,3590.8,45850
2025-10-16T12:45:00+05:30,3590.6,3596.3,3589.6,3591.4,12950
2025-10-16T13:00:00+05:30,3591.4,3597.5,3591.1,3597,15400
2025-10-16T13:15:00+05:30,3597,3598.6,3595.2,3597.9,11900
2025-10-16T13:30:00+05:30,3596.1,3598.8,3594.1,3594.3,15050
2025-10-16T13:45:00+05:30,3594,3602.8,3592.3,3594.1,71400
2025-10-16T14:00:00+05:30,3594.1,3594.1,3578,3579.5,87150
2025-10-16T14:15:00+05:30,3578.6,3579.5,3568.6,3573.1,77350
2025-10-16T14:30:00+05:30,3573.8,3579.7,3571,3577.5,54600
2025-10-16T14:45:00+05:30,3579.5,3582.5,3575.4,3582.4,41650
2025-10-16T15:00:00+05:30,3583,3584.9,3579.7,3581,36400
2025-10-16T15:15:00+05:30,3579.2,3582.6,3578.6,3580.1,53900
2025-10-17T09:15:00+05:30,3576.5,3592.9,3576.5,3585.6,42350
2025-10-17T09:30:00+05:30,3589.9,3604.3,3589.9,3603.9,41300
2025-10-17T09:45:00+05:30,3603.2,3605.8,3594,3601.9,47950
2025-10-17T10:00:00+05:30,3602,3630,3602,3628.9,126350
2025-10-17T10:15:00+05:30,3627.5,3635,3619.7,3635,37100
2025-10-17T10:30:00+05:30,3634,3643,3632.6,3636,62300
2025-10-17T10:45:00+05:30,3636.8,3655.8,3634.7,3648,98350
2025-10-17T11:00:00+05:30,3648,3648,3634,3636.9,31150
2025-10-17T11:15:00+05:30,3637,3653.8,3635,3647.1,49700
2025-10-17T11:30:00+05:30,3648,3653.9,3642.1,3644.5,37800
2025-10-17T11:45:00+05:30,3644.4,3648.9,3643,3647.1,28000
2025-10-17T12:00:00+05:30,3646.9,3647.9,3639.3,3641.6,16800
2025-10-17T12:15:00+05:30,3642.5,3652.5,3642.5,3648.4,36050
2025-10-17T12:30:00+05:30,3650,3650,3645.2,3648.4,9450
2025-10-17T12:45:00+05:30,3648.1,3648.4,3630.4,3639.6,42000
2025-10-17T13:00:00+05:30,3639.2,3642.8,3632.3,3635,31850
2025-10-17T13:15:00+05:30,3633.9,3639.6,3631.6,3635.4,21000
2025-10-17T13:30:00+05:30,3634.4,3634.5,3622,3627.9,27300
2025-10-17T13:45:00+05:30,3627.8,3635.9,3625.3,3635.9,42350
2025-10-17T14:00:00+05:30,3635.1,3639.9,3633.6,3638.7,9800
2025-10-17T14:15:00+05:30,3636.3,3652,3634.3,3649,76300
2025-10-17T14:30:00+05:30,3647.5,3651.4,3640,3647.7,65800
2025-10-17T14:45:00+05:30,3647.7,3648.8,3641.1,3646.2,58100
2025-10-17T15:00:00+05:30,3642.5,3657.8,3642.5,3655.1,174300
2025-10-17T15:15:00+05:30,3655.1,3658,3650,3652.9,134750
2025-10-20T09:15:00+05:30,3686.8,3707.8,3674,3687,106400
2025-10-20T09:30:00+05:30,3693.1,3698.4,3670.6,3675.8,68250
2025-10-20T09:45:00+05:30,3676.6,3682.3,3671.3,3672,25900
2025-10-20T10:00:00+05:30,3673,3676,3667.8,3668.3,23100
2025-10-20T10:15:00+05:30,3668.3,3676.9,3664.8,3667.8,25550
2025-10-20T10:30:00+05:30,3663.5,3669.8,3663.1,3664.9,12950
2025-10-20T10:45:00+05:30,3665.5,3671.4,3665.5,3667.4,18200
2025-10-20T11:00:00+05:30,3666.5,3669.7,3658,3664.9,48650
2025-10-20T11:15:00+05:30,3659.1,3665.9,3659.1,3664.2,26250
2025-10-20T11:30:00+05:30,3662.6,3665,3657.3,3664.4,12950
2025-10-20T11:45:00+05:30,3663.6,3674.2,3662.1,3670.3,17850
2025-10-20T12:00:00+05:30,3671.9,3674.9,3664.5,3667.8,12600
2025-10-20T12:15:00+05:30,3668.5,3670.7,3666.2,3668.7,7350
2025-10-20T12:30:00+05:30,3671.1,3674.8,3670.1,3673,9800
2025-10-20T12:45:00+05:30,3673.4,3675.8,3670.3,3670.3,6650
2025-10-20T13:00:00+05:30,3670,3670,3656,3658.7,23450
2025-10-20T13:15:00+05:30,3658.4,3658.4,3654.1,3655.1,15400
2025-10-20T13:30:00+05:30,3656.2,3657.1,3648.6,3650.8,27650
2025-10-20T13:45:00+05:30,3651,3651,3646.4,3647.4,9800
2025-10-20T14:00:00+05:30,3647.7,3656.8,3646.9,3655,31500
2025-10-20T14:15:00+05:30,3655,3655.5,3649.5,3652,16450
2025-10-20T14:30:00+05:30,3651.5,3654.4,3650,3653.6,19600
2025-10-20T14:45:00+05:30,3653.6,3656,3651.2,3653,19250
2025-10-20T15:00:00+05:30,3652.2,3656.8,3651.2,3653.7,19600
2025-10-20T15:15:00+05:30,3656,3663.5,3653.7,3662,53200
2025-10-21T13:45:00+05:30,3690,3690,3655.5,3662.2,24500
2025-10-21T14:00:00+05:30,3665.6,3665.6,3659,3661.2,9450
2025-10-21T14:15:00+05:30,3663.5,3663.5,3657.1,3657.1,9800
2025-10-21T14:30:00+05:30,3655.5,3659.6,3648,3648,25200
2025-10-23T09:15:00+05:30,3674.5,3694.6,3638.7,3670.8,179900
2025-10-23T09:30:00+05:30,3669.8,3684.9,3658.1,3659.2,139300
2025-10-23T09:45:00+05:30,3660.1,3674.9,3652.8,3655.3,111650
2025-10-23T10:00:00+05:30,3655.3,3660.9,3651.6,3651.7,110250
2025-10-23T10:15:00+05:30,3651.4,3656.9,3650.1,3650.4,112000
2025-10-23T10:30:00+05:30,3650.4,3656.8,3646.1,3646.5,160650
2025-10-23T10:45:00+05:30,3646.5,3664.4,3641.5,3660.5,199500
2025-10-23T11:00:00+05:30,3660.5,3661.2,3651.7,3659.6,147350
2025-10-23T11:15:00+05:30,3659.6,3660.9,3648.9,3660.9,154700
2025-10-23T11:30:00+05:30,3660.9,3669,3655,3656.2,175700
2025-10-23T11:45:00+05:30,3656.2,3661.5,3652.2,3655.2,141750
2025-10-23T12:00:00+05:30,3655.2,3658.8,3651.8,3653.2,141750
2025-10-23T12:15:00+05:30,3653.2,3656.7,3649,3651,143850
2025-10-23T12:30:00+05:30,3651,3651,3645,3646.6,146300
2025-10-23T12:45:00+05:30,3646.6,3647.2,3643.1,3645,133350
2025-10-23T13:00:00+05:30,3645,3645,3636.9,3643.3,114800
2025-10-23T13:15:00+05:30,3643.3,3644.5,3628.8,3631.5,142450
2025-10-23T13:30:00+05:30,3631.5,3634.8,3620.6,3620.6,143150
2025-10-23T13:45:00+05:30,3620.6,3625.4,3612.9,3618.9,136500
2025-10-23T14:00:00+05:30,3618.9,3626.1,3609.8,3617.5,156100
2025-10-23T14:15:00+05:30,3617.5,3627,3613,3613.9,142450
2025-10-23T14:30:00+05:30,3613.9,3616.9,3610.6,3614.7,131600
2025-10-23T14:45:00+05:30,3614.7,3616.4,3608,3608.8,160300
2025-10-23T15:00:00+05:30,3609.3,3612.6,3589.8,3597.1,154000
2025-10-23T15:15:00+05:30,3595.8,3615,3595.6,3607.1,192150
2025-10-24T09:15:00+05:30,3581.1,3630.2,3581.1,3630.2,142100
2025-10-24T09:30:00+05:30,3630.9,3639.9,3623.8,3629.8,126700
2025-10-24T09:45:00+05:30,3629.8,3630.6,3615,3619.7,106050
2025-10-24T10:00:00+05:30,3619.7,3619.7,3613.2,3613.6,96950
2025-10-24T10:15:00+05:30,3613.6,3628,3608.9,3608.9,126000
2025-10-24T10:30:00+05:30,3608.9,3612.1,3606.8,3611.1,105700
2025-10-24T10:45:00+05:30,3611.1,3612.8,3604,3604.1,98350
2025-10-24T11:00:00+05:30,3604.1,3607.7,3601.2,3604.5,97300
2025-10-24T11:15:00+05:30,3604.5,3604.8,3592.6,3593.1,119350
2025-10-24T11:30:00+05:30,3591.7,3599.8,3590,3590.7,113750
2025-10-24T11:45:00+05:30,3590.7,3592.8,3588,3591.5,98350
2025-10-24T12:00:00+05:30,3591.5,3593.4,3585,3590,105700
2025-10-24T12:15:00+05:30,3590,3601.3,3584.9,3594.3,113750
2025-10-24T12:30:00+05:30,3594.3,3603.6,3592.3,3603.6,120400
2025-10-24T12:45:00+05:30,3603.6,3613.1,3600.9,3601,119000
2025-10-24T13:00:00+05:30,3601,3603.9,3598.9,3598.9,169400
2025-10-24T13:15:00+05:30,3598.9,3598.9,3591.8,3594,94500
2025-10-24T13:30:00+05:30,3594,3596.5,3584.3,3587.1,106050
2025-10-24T13:45:00+05:30,3587.1,3599.1,3586.9,3597.8,110250
2025-10-24T14:00:00+05:30,3597.8,3600,3593.4,3597.3,150850
2025-10-24T14:15:00+05:30,3597.3,3601.4,3593.2,3595.8,142800
2025-10-24T14:30:00+05:30,3595.7,3595.7,3587.7,3591.3,145600
2025-10-24T14:45:00+05:30,3589.4,3593,3586.5,3588.6,155400
2025-10-24T15:00:00+05:30,3591,3600.2,3588.5,3594.4,166950
2025-10-24T15:15:00+05:30,3594.4,3603,3592.1,3596.3,103950
2025-10-27T09:15:00+05:30,3599.9,3619.9,3599.9,3614.3,107100
2025-10-27T09:30:00+05:30,3614.3,3622.7,3610.2,3618.5,113750
2025-10-27T09:45:00+05:30,3618.5,3624,3612.1,3622,96250
2025-10-27T10:00:00+05:30,3622,3625,3619.5,3619.6,91000
2025-10-27T10:15:00+05:30,3619.6,3624.3,3615.6,3617.9,97650
2025-10-27T10:30:00+05:30,3617.9,3617.9,3607.5,3613.6,97300
2025-10-27T10:45:00+05:30,3613.6,3622.3,3611,3622.3,90650
2025-10-27T11:00:00+05:30,3622.3,3626.2,3619,3621.6,131950
2025-10-27T11:15:00+05:30,3621.6,3622.3,3615,3618,127750
2025-10-27T11:30:00+05:30,3618,3618.6,3613,3613.4,84700
2025-10-27T11:45:00+05:30,3613.4,3617.8,3612.4,3616.4,99750
2025-10-27T12:00:00+05:30,3616.4,3623.5,3611.6,3623.5,93450
2025-10-27T12:15:00+05:30,3623.5,3626.1,3621.1,3625.7,89250
2025-10-27T12:30:00+05:30,3625.7,3629,3625.7,3629,89250
2025-10-27T12:45:00+05:30,3629,3629.3,3622.1,3626.4,150500
2025-10-27T13:00:00+05:30,3626.4,3631,3623.7,3623.7,150500
2025-10-27T13:15:00+05:30,3623.7,3629.7,3622.8,3629.7,104650
2025-10-27T13:30:00+05:30,3629.7,3632.9,3627.8,3632,99050
2025-10-27T13:45:00+05:30,3632,3633,3628.3,3631.7,103950
2025-10-27T14:00:00+05:30,3631.7,3632,3628.5,3630.2,94150
2025-10-27T14:15:00+05:30,3630.2,3635,3630,3633.5,127050
2025-10-27T14:30:00+05:30,3633.5,3633.8,3629.6,3631.6,91350
2025-10-27T14:45:00+05:30,3631.6,3634.5,3629.5,3630.2,113050
2025-10-27T15:00:00+05:30,3630.2,3639.1,3630.2,3638,206850
2025-10-27T15:15:00+05:30,3638,3639,3631.9,3639,101500
2025-10-28T09:15:00+05:30,3656.2,3679.2,3651.5,3665.4,122150
2025-10-28T09:30:00+05:30,3665.2,3692.7,3665.2,3689.2,105700
2025-10-28T09:45:00+05:30,3686,3693.1,3677.5,3677.5,147700
2025-10-28T10:00:00+05:30,3677.5,3679.7,3668.5,3676.5,77700
2025-10-28T10:15:00+05:30,3672.5,3696,3672.5,3690.6,75600
2025-10-28T10:30:00+05:30,3690,3690,3672.3,3673.6,66150
2025-10-28T10:45:00+05:30,3672,3682.8,3669.6,3680,87850
2025-10-28T11:00:00+05:30,3678.5,3679,3670,3672.5,58800
2025-10-28T11:15:00+05:30,3671.5,3671.5,3618.6,3648.7,417550
2025-10-28T11:30:00+05:30,3648.7,3652,3638.7,3638.7,176400
2025-10-28T11:45:00+05:30,3639.1,3657.8,3639.1,3646.1,137200
2025-10-28T12:00:00+05:30,3646.1,3654.9,3645,3649.3,94500
2025-10-28T12:15:00+05:30,3649.3,3649.3,3634.2,3637,149800
2025-10-28T12:30:00+05:30,3634.3,3648.6,3634.3,3648,106050
2025-10-28T12:45:00+05:30,3648.8,3654.6,3641.3,3641.3,117250
2025-10-28T13:00:00+05:30,3641.3,3650,3641.3,3644,113050
2025-10-28T13:15:00+05:30,3641.8,3644.6,3635,3636.4,100800
2025-10-28T13:30:00+05:30,3636.4,3647.1,3632,3632,102550
2025-10-28T13:45:00+05:30,3632.1,3637.3,3630.4,3635.8,81200
2025-10-28T14:00:00+05:30,3635.6,3636.1,3630.1,3636.1,28350
2025-10-28T14:15:00+05:30,3634.3,3638.7,3634,3636.9,87150
2025-10-28T14:30:00+05:30,3635,3636.3,3628.4,3628.4,112700
2025-10-28T14:45:00+05:30,3631.6,3638.8,3564.1,3580,1003800
2025-10-28T15:00:00+05:30,3582.7,3608,3540,3571.1,1177750
2025-10-28T15:15:00+05:30,3571,3591.4,3560.3,3565,695450
2025-10-29T09:15:00+05:30,3611,3619.9,3520.5,3549.2,850325
2025-10-29T09:30:00+05:30,3545,3565,3538,3550,288575
2025-10-29T09:45:00+05:30,3551.4,3553.9,3541,3548.5,65975
2025-10-29T10:00:00+05:30,3548.5,3549.8,3528.5,3542.2,123725
2025-10-29T10:15:00+05:30,3543.1,3545.7,3529.2,3534,98875
2025-10-29T10:30:00+05:30,3533.1,3541.9,3531.4,3541.9,172025
2025-10-29T10:45:00+05:30,3543.1,3545,3525.5,3535.5,152075
2025-10-29T11:00:00+05:30,3536.5,3540.8,3535,3537.1,39725
2025-10-29T11:15:00+05:30,3537.1,3539.9,3533,3533,28000
2025-10-29T11:30:00+05:30,3533,3539.9,3532.6,3536,20300
2025-10-29T11:45:00+05:30,3535,3536.3,3531.4,3533.8,23450
2025-10-29T12:00:00+05:30,3534,3540.5,3533.2,3533.5,28875
2025-10-29T12:15:00+05:30,3532,3532,3516.5,3521.4,102550
2025-10-29T12:30:00+05:30,3519.9,3533.2,3519,3524.7,52850
2025-10-29T12:45:00+05:30,3525,3531,3516.7,3517,47600
2025-10-29T13:00:00+05:30,3517.6,3522.1,3512.2,3520.7,82425
2025-10-29T13:15:00+05:30,3519.7,3524.2,3518.1,3520.3,44800
2025-10-29T13:30:00+05:30,3521,3521.9,3514.4,3516.1,57925
2025-10-29T13:45:00+05:30,3516.1,3526,3515,3517.3,65975
2025-10-29T14:00:00+05:30,3517,3527.6,3517,3521.8,64750
2025-10-29T14:15:00+05:30,3521.2,3525,3520.1,3521.7,62650
2025-10-29T14:30:00+05:30,3520.9,3523,3510.9,3514,101325
2025-10-29T14:45:00+05:30,3514,3514.9,3511,3514,64575
2025-10-29T15:00:00+05:30,3512.8,3521,3512.6,3520.1,126525
2025-10-29T15:15:00+05:30,3521.6,3528,3520.5,3527,181300
2025-10-30T09:15:00+05:30,3530,3545,3514,3543.6,267575
2025-10-30T09:30:00+05:30,3543.6,3559.4,3534.5,3535.8,281575
2025-10-30T09:45:00+05:30,3536.1,3543,3528,3528,48825
2025-10-30T10:00:00+05:30,3528,3540.9,3520.5,3524.2,63700
2025-10-30T10:15:00+05:30,3525.5,3528.2,3522,3522,52500
2025-10-30T10:30:00+05:30,3522.1,3529.2,3521.2,3523,25025
2025-10-30T10:45:00+05:30,3523.7,3528,3522.1,3528,47425
2025-10-30T11:00:00+05:30,3527.3,3532.2,3522.9,3528.6,29925
2025-10-30T11:15:00+05:30,3528.7,3530,3525.5,3527.5,19250
2025-10-30T11:30:00+05:30,3528.6,3528.6,3523.6,3527.7,18375
2025-10-30T11:45:00+05:30,3526.8,3532.3,3526,3527.9,39900
2025-10-30T12:00:00+05:30,3528.1,3532,3528.1,3530.2,12075
2025-10-30T12:15:00+05:30,3530.4,3531.2,3526.5,3530.2,13125
2025-10-30T12:30:00+05:30,3529.1,3538.2,3528,3534,56700
2025-10-30T12:45:00+05:30,3535.9,3536.5,3515.6,3516,58100
2025-10-30T13:00:00+05:30,3516.6,3521.5,3516.1,3517.6,16100
2025-10-30T13:15:00+05:30,3517.8,3517.8,3505.5,3505.5,51450
2025-10-30T13:30:00+05:30,3505.6,3508.3,3505.1,3507,23100
2025-10-30T13:45:00+05:30,3506.7,3508.7,3503.1,3508.7,20475
2025-10-30T14:00:00+05:30,3508.5,3509.9,3505,3508.6,13825
2025-10-30T14:15:00+05:30,3508.1,3510.1,3505.2,3508.8,17500
2025-10-30T14:30:00+05:30,3508.9,3514.8,3508.2,3511.2,21350
2025-10-30T14:45:00+05:30,3513.2,3517.9,3510.1,3514.5,30100
2025-10-30T15:00:00+05:30,3513.3,3517.8,3508.7,3510,31325
2025-10-30T15:15:00+05:30,3510.7,3520,3510.1,3518,100100
2025-10-31T09:15:00+05:30,3518.3,3535.9,3511.3,3532.6,70000
2025-10-31T09:30:00+05:30,3535,3564,3535,3559.1,274225
2025-10-31T09:45:00+05:30,3557.7,3561.1,3545.3,3545.3,76300
2025-10-31T10:00:00+05:30,3548,3553.9,3545,3552.4,56000
2025-10-31T10:15:00+05:30,3550,3550,3537.6,3542,40600
2025-10-31T10:30:00+05:30,3541.6,3543.3,3535.3,3540,20825
2025-10-31T10:45:00+05:30,3539.1,3545,3537.2,3537.8,21175
2025-10-31T11:00:00+05:30,3537.5,3540,3527,3532,48475
2025-10-31T11:15:00+05:30,3532.9,3536.9,3518.6,3528.2,47775
2025-10-31T11:30:00+05:30,3529.5,3531,3522.3,3525.1,36750
2025-10-31T11:45:00+05:30,3527.8,3537.9,3527.4,3537,10500
2025-10-31T12:00:00+05:30,3537,3540.6,3536.1,3538.7,12425
2025-10-31T12:15:00+05:30,3538.7,3539.9,3532,3539.9,12425
2025-10-31T12:30:00+05:30,3539.6,3545,3538.1,3540.1,25550
2025-10-31T12:45:00+05:30,3541,3542.1,3535.5,3537.7,14000
2025-10-31T13:00:00+05:30,3538.3,3541,3532.6,3541,10500
2025-10-31T13:15:00+05:30,3540.2,3541.9,3535.8,3537.7,10675
2025-10-31T13:30:00+05:30,3537.7,3538,3532.2,3533.4,14875
2025-10-31T13:45:00+05:30,3531.9,3536.2,3530,3531,11200
2025-10-31T14:00:00+05:30,3531.4,3535.1,3531,3535,5600
2025-10-31T14:15:00+05:30,3534.4,3534.8,3522.1,3528,33075
2025-10-31T14:30:00+05:30,3529.3,3531.6,3525.2,3531,18900
2025-10-31T14:45:00+05:30,3528.3,3530,3525,3526.8,23100
2025-10-31T15:00:00+05:30,3528.9,3530,3522,3527.7,49875
2025-10-31T15:15:00+05:30,3526.7,3534.9,3526.2,3531.8,68250
2025-11-03T09:15:00+05:30,3538,3545,3518.8,3527.6,74725
2025-11-03T09:30:00+05:30,3527,3546,3500,3533.1,133175
2025-11-03T09:45:00+05:30,3533,3543,3532.2,3538.8,53900
2025-11-03T10:00:00+05:30,3541.9,3546,3528.2,3528.2,52850
2025-11-03T10:15:00+05:30,3528,3539.6,3525.4,3539,25550
2025-11-03T10:30:00+05:30,3539.3,3540,3534,3534.8,11025
2025-11-03T10:45:00+05:30,3534.7,3537.7,3532.3,3535.3,12425
2025-11-03T11:00:00+05:30,3533.9,3533.9,3519,3522.8,18375
2025-11-03T11:15:00+05:30,3521.7,3530.8,3521.7,3526.1,6300
2025-11-03T11:30:00+05:30,3526,3528.9,3520,3526.1,22400
2025-11-03T11:45:00+05:30,3525.9,3529,3524.1,3526,6650
2025-11-03T12:00:00+05:30,3525,3525.1,3515.2,3515.3,28700
2025-11-03T12:15:00+05:30,3516.3,3518.2,3513.2,3515.8,10675
2025-11-03T12:30:00+05:30,3515,3519.7,3509,3519.7,16625
2025-11-03T12:45:00+05:30,3517,3523.9,3511.9,3523.9,11725
2025-11-03T13:00:00+05:30,3524,3526.9,3520,3521,11550
2025-11-03T13:15:00+05:30,3521,3524,3521,3523.1,4200
2025-11-03T13:30:00+05:30,3523,3526,3520.7,3522,9450
2025-11-03T13:45:00+05:30,3521.8,3533,3521.8,3528.4,55650
2025-11-03T14:00:00+05:30,3528.5,3530.8,3524.2,3529,11025
2025-11-03T14:15:00+05:30,3528,3532,3527.8,3529.9,28175
2025-11-03T14:30:00+05:30,3529.9,3529.9,3523.5,3524.6,14000
2025-11-03T14:45:00+05:30,3525.6,3526.8,3523,3523.5,16975
2025-11-03T15:00:00+05:30,3523,3526.9,3522.2,3526.9,24150
2025-11-03T15:15:00+05:30,3526,3529.9,3525.7,3528.4,50575
2025-11-04T09:15:00+05:30,3527.4,3527.4,3474,3484.3,168350
2025-11-04T09:30:00+05:30,3483.5,3507,3481.1,3507,71050
2025-11-04T09:45:00+05:30,3507.3,3526.4,3501,3519,88025
2025-11-04T10:00:00+05:30,3519.1,3520.1,3511,3517.2,41475
2025-11-04T10:15:00+05:30,3516.1,3527,3512.3,3524.2,41125
2025-11-04T10:30:00+05:30,3523.6,3531.6,3519.9,3519.9,50400
2025-11-04T10:45:00+05:30,3520,3520.9,3513.3,3520,28525
2025-11-04T11:00:00+05:30,3519.1,3520.8,3509.4,3511.6,27300
2025-11-04T11:15:00+05:30,3514.2,3516.9,3508.8,3511.9,26775
2025-11-04T11:30:00+05:30,3513.4,3516.6,3503.1,3513.6,21525
2025-11-04T11:45:00+05:30,3513,3513,3507.7,3509.8,20825
2025-11-04T12:00:00+05:30,3510,3517.3,3507.5,3515.4,29925
2025-11-04T12:15:00+05:30,3515.1,3516.5,3509.5,3511.9,10500
2025-11-04T12:30:00+05:30,3511.8,3526,3511.6,3525.8,31325
2025-11-04T12:45:00+05:30,3525.7,3539.6,3524,3538,50050
2025-11-04T13:00:00+05:30,3538.2,3541.4,3534.8,3535.1,34475
2025-11-04T13:15:00+05:30,3535.2,3538.9,3526.6,3529,33775
2025-11-04T13:30:00+05:30,3529.6,3536,3526.6,3527.9,40775
2025-11-04T13:45:00+05:30,3530,3530,3512.6,3520.8,99400
2025-11-04T14:00:00+05:30,3518.6,3523.9,3518,3521,36750
2025-11-04T14:15:00+05:30,3520.8,3522.5,3504.9,3508.8,97825
2025-11-04T14:30:00+05:30,3512,3516.3,3508.5,3509,79800
2025-11-04T14:45:00+05:30,3508.7,3510.4,3504.5,3509.3,76825
2025-11-04T15:00:00+05:30,3510.1,3510.1,3484,3502.8,192150
2025-11-04T15:15:00+05:30,3501.8,3504,3481.1,3485.9,222775
2025-11-06T09:15:00+05:30,3466.1,3527.7,3466.1,3491.3,152950
2025-11-06T09:30:00+05:30,3488.2,3505,3486.8,3498.7,72100
2025-11-06T09:45:00+05:30,3496.6,3498.5,3491,3491.5,13825
2025-11-06T10:00:00+05:30,3491.5,3496,3477.9,3479.9,23975
2025-11-06T10:15:00+05:30,3479.5,3479.6,3457.7,3464.1,79625
2025-11-06T10:30:00+05:30,3464.8,3465.9,3455,3458.2,46725
2025-11-06T10:45:00+05:30,3460.4,3470.7,3459.5,3467.4,47775
2025-11-06T11:00:00+05:30,3465.3,3475,3465.3,3470,21175
2025-11-06T11:15:00+05:30,3470.9,3473.4,3463.6,3472.7,32900
2025-11-06T11:30:00+05:30,3471.2,3472.7,3462.2,3468,22225
2025-11-06T11:45:00+05:30,3468.5,3476.2,3467.3,3470,23800
2025-11-06T12:00:00+05:30,3470,3476.9,3467.9,3467.9,18900
2025-11-06T12:15:00+05:30,3467.8,3470,3458.1,3461,23800
2025-11-06T12:30:00+05:30,3462.3,3466.5,3457.5,3464.4,50925
2025-11-06T12:45:00+05:30,3467.2,3469.1,3462.8,3467.2,10850
2025-11-06T13:00:00+05:30,3466.8,3468.6,3449.2,3457.9,36400
2025-11-06T13:15:00+05:30,3454.6,3458.9,3450,3455.3,15925
2025-11-06T13:30:00+05:30,3454.8,3456.5,3447.7,3449.7,31500
2025-11-06T13:45:00+05:30,3449.1,3449.3,3433.1,3435.1,53025
2025-11-06T14:00:00+05:30,3434.4,3438.4,3426.1,3430.2,59500
2025-11-06T14:15:00+05:30,3428.2,3434.4,3427.1,3432.6,25550
2025-11-06T14:30:00+05:30,3434.4,3453,3432.2,3449.4,34125
2025-11-06T14:45:00+05:30,3450,3465.5,3449,3459,79100
2025-11-06T15:00:00+05:30,3456.8,3459.7,3451,3454.7,40250
2025-11-06T15:15:00+05:30,3454,3463.9,3453.4,3460.5,59325
2025-11-07T09:15:00+05:30,3457.5,3459.4,3394.8,3396,198275
2025-11-07T09:30:00+05:30,3397.7,3399.7,3351.1,3387.5,474950
2025-11-07T09:45:00+05:30,3385.8,3410,3381.8,3389.1,60725
2025-11-07T10:00:00+05:30,3388.6,3390.2,3378.2,3387.5,54250
2025-11-07T10:15:00+05:30,3386.9,3405.5,3378.7,3405.3,46550
2025-11-07T10:30:00+05:30,3405.8,3424.8,3402.4,3421.4,36750
2025-11-07T10:45:00+05:30,3421.5,3428,3419.1,3420,39200
2025-11-07T11:00:00+05:30,3423.7,3432.5,3419.2,3431,19425
2025-11-07T11:15:00+05:30,3430.3,3435.6,3427.4,3435.6,35000
2025-11-07T11:30:00+05:30,3434.7,3444.5,3434.7,3443.2,36225
2025-11-07T11:45:00+05:30,3443,3444.9,3435,3444.9,20300
2025-11-07T12:00:00+05:30,3443.4,3449,3438,3448.6,22400
2025-11-07T12:15:00+05:30,3445.6,3461.4,3444.1,3458.8,85225
2025-11-07T12:30:00+05:30,3458.8,3473.9,3456.1,3472.1,38850
2025-11-07T12:45:00+05:30,3472.7,3473,3456,3463,66150
2025-11-07T13:00:00+05:30,3459.9,3463.1,3455.7,3456,11200
2025-11-07T13:15:00+05:30,3455.9,3468,3455.9,3467.6,79450
2025-11-07T13:30:00+05:30,3468.8,3471.9,3462.6,3465,23625
2025-11-07T13:45:00+05:30,3464.7,3472.3,3462.1,3470.4,14350
2025-11-07T14:00:00+05:30,3470,3472.1,3466.3,3470,19425
2025-11-07T14:15:00+05:30,3469.1,3483.3,3467.7,3480,33775
2025-11-07T14:30:00+05:30,3480,3480,3467.1,3467.9,23100
2025-11-07T14:45:00+05:30,3468.5,3471.8,3464.2,3469,33075
2025-11-07T15:00:00+05:30,3470.4,3473.7,3467.9,3470.2,60375
2025-11-07T15:15:00+05:30,3470,3479.8,3468.3,3479.8,64400
2025-11-10T09:15:00+05:30,3483,3511.8,3483,3498.3,127050
2025-11-10T09:30:00+05:30,3499.6,3514.9,3496,3496.8,77525
2025-11-10T09:45:00+05:30,3499.3,3513.6,3499.3,3507.6,29750
2025-11-10T10:00:00+05:30,3507.9,3508,3497.4,3499.5,25025
2025-11-10T10:15:00+05:30,3498.8,3506.3,3492.7,3501.1,18025
2025-11-10T10:30:00+05:30,3502.4,3502.4,3485.4,3488.9,16275
2025-11-10T10:45:00+05:30,3487,3494.9,3486.4,3494.9,10850
2025-11-10T11:00:00+05:30,3497.3,3497.3,3483.4,3484.3,43050
2025-11-10T11:15:00+05:30,3484.3,3489.4,3480.5,3484,18375
2025-11-10T11:30:00+05:30,3482.1,3501.4,3482.1,3498.5,34825
2025-11-10T11:45:00+05:30,3500.7,3504.2,3497.4,3503.3,16975
2025-11-10T12:00:00+05:30,3504,3508,3502.4,3506.5,19775
2025-11-10T12:15:00+05:30,3506.5,3509.2,3495.3,3498,13475
2025-11-10T12:30:00+05:30,3498.9,3503.6,3495,3495.9,15050
2025-11-10T12:45:00+05:30,3494.5,3499.9,3492.2,3494.4,12775
2025-11-10T13:00:00+05:30,3494.7,3506.6,3494.7,3504.3,15750
2025-11-10T13:15:00+05:30,3504.3,3511,3503.6,3507.5,11725
2025-11-10T13:30:00+05:30,3508.3,3508.3,3501.9,3501.9,7525
2025-11-10T13:45:00+05:30,3500.1,3506.8,3500,3500,5600
2025-11-10T14:00:00+05:30,3499.7,3508.4,3499.7,3508.4,7175
2025-11-10T14:15:00+05:30,3508.5,3511.9,3506.3,3509.4,8400
2025-11-10T14:30:00+05:30,3510,3511.6,3503.5,3504.9,21875
2025-11-10T14:45:00+05:30,3503.7,3507.7,3499.1,3506.9,19425
2025-11-10T15:00:00+05:30,3503.7,3504.4,3498.1,3502.8,33775
2025-11-10T15:15:00+05:30,3501.7,3506,3501.1,3501.1,42875
2025-11-11T09:15:00+05:30,3514.7,3514.7,3475.3,3492,46200
2025-11-11T09:30:00+05:30,3490,3500.9,3484.3,3492.9,73675
2025-11-11T09:45:00+05:30,3494.1,3495,3482.2,3483,40075
2025-11-11T10:00:00+05:30,3484,3488.7,3482.5,3483.2,20650
2025-11-11T10:15:00+05:30,3484.5,3485.4,3478,3481,38675
2025-11-11T10:30:00+05:30,3480.8,3484.4,3467.7,3470.9,37450
2025-11-11T10:45:00+05:30,3470.9,3474.6,3461,3461.9,30800
2025-11-11T11:00:00+05:30,3464,3464,3453.5,3460.8,29925
2025-11-11T11:15:00+05:30,3461.7,3465.2,3457.8,3461.6,20125
2025-11-11T11:30:00+05:30,3461.6,3466.8,3460.4,3464.5,15750
2025-11-11T11:45:00+05:30,3465.8,3468,3462.1,3465,15050
2025-11-11T12:00:00+05:30,3468,3471.6,3464.5,3467.9,30275
2025-11-11T12:15:00+05:30,3467.7,3482.4,3464.2,3476.1,53900
2025-11-11T12:30:00+05:30,3478.2,3486.4,3476.9,3486.4,42350
2025-11-11T12:45:00+05:30,3485.5,3486.5,3480,3481.6,62475
2025-11-11T13:00:00+05:30,3480.5,3482,3475.4,3480,21525
2025-11-11T13:15:00+05:30,3480.1,3481.8,3473,3473,16625
2025-11-11T13:30:00+05:30,3473.5,3487.3,3471.8,3484.2,136150
2025-11-11T13:45:00+05:30,3485,3494.7,3483.9,3485.9,84525
2025-11-11T14:00:00+05:30,3485.9,3493.4,3484.2,3484.2,31850
2025-11-11T14:15:00+05:30,3484.1,3485.8,3475.3,3480,47600
2025-11-11T14:30:00+05:30,3480.1,3492,3479.3,3484.2,54950
2025-11-11T14:45:00+05:30,3484.2,3485,3481.9,3482.4,38675
2025-11-11T15:00:00+05:30,3482.5,3485,3479.9,3480.3,46025
2025-11-11T15:15:00+05:30,3480.8,3483.5,3477.1,3481.7,64750
2025-11-12T09:15:00+05:30,3481.2,3493.9,3470.9,3470.9,56350
2025-11-12T09:30:00+05:30,3470.1,3483.8,3463.4,3483.4,44975
2025-11-12T09:45:00+05:30,3483.8,3498.9,3482,3496.7,45500
2025-11-12T10:00:00+05:30,3497.1,3497.6,3484,3486,30450
2025-11-12T10:15:00+05:30,3485.2,3485.2,3468.5,3473.6,24850
2025-11-12T10:30:00+05:30,3472,3477.5,3469.4,3477,12775
2025-11-12T10:45:00+05:30,3476.1,3476.1,3469.5,3470,52500
2025-11-12T11:00:00+05:30,3471.2,3483.7,3470.7,3478.5,19775
2025-11-12T11:15:00+05:30,3480.3,3489.8,3479.8,3488.7,17850
2025-11-12T11:30:00+05:30,3488.5,3489.6,3478.3,3480.9,37100
2025-11-12T11:45:00+05:30,3480.8,3484.4,3473.5,3477,51625
2025-11-12T12:00:00+05:30,3477,3477,3470.5,3474.3,33600
2025-11-12T12:15:00+05:30,3475,3477.4,3472.8,3477.4,13300
2025-11-12T12:30:00+05:30,3478.1,3481.7,3475,3476.5,18375
2025-11-12T12:45:00+05:30,3475.5,3477.1,3456.6,3462.2,93625
2025-11-12T13:00:00+05:30,3461,3470,3461,3465.9,17150
2025-11-12T13:15:00+05:30,3465,3471.2,3465,3470.9,18725
2025-11-12T13:30:00+05:30,3469.8,3472.4,3465.8,3471.8,19075
2025-11-12T13:45:00+05:30,3473.7,3474,3466.7,3467.2,19950
2025-11-12T14:00:00+05:30,3469.1,3469.1,3463.5,3463.5,16800
2025-11-12T14:15:00+05:30,3463.6,3468.5,3460,3467,95200
2025-11-12T14:30:00+05:30,3467.5,3469,3455.8,3468,64400
2025-11-12T14:45:00+05:30,3466,3467.3,3462,3466.3,59850
2025-11-12T15:00:00+05:30,3467.5,3468,3465,3465.1,30800
2025-11-12T15:15:00+05:30,3466.8,3468.4,3461.2,3467,59325
2025-11-13T09:15:00+05:30,3465.1,3477.5,3456,3477.5,71050
2025-11-13T09:30:00+05:30,3477.6,3478.9,3471,3476.1,35700
2025-11-13T09:45:00+05:30,3476,3480,3468.2,3474.8,34300
2025-11-13T10:00:00+05:30,3473,3473.6,3459.6,3469.3,17325
2025-11-13T10:15:00+05:30,3473,3476.8,3466.2,3469.8,50050
2025-11-13T10:30:00+05:30,3469.8,3471.1,3466.1,3469.3,11900
2025-11-13T10:45:00+05:30,3471,3474.2,3469.3,3474.2,12775
2025-11-13T11:00:00+05:30,3474.9,3477.8,3472.9,3473.9,10675
2025-11-13T11:15:00+05:30,3474.3,3477.8,3472.4,3476,12600
2025-11-13T11:30:00+05:30,3475.6,3477.1,3471.4,3472.4,9800
2025-11-13T11:45:00+05:30,3472.4,3472.4,3468.3,3472.2,9275
2025-11-13T12:00:00+05:30,3471.1,3475.5,3469.4,3475.5,10150
2025-11-13T12:15:00+05:30,3475.2,3479.8,3474.2,3479.1,11725
2025-11-13T12:30:00+05:30,3475.9,3478.6,3471.3,3476.5,19250
2025-11-13T12:45:00+05:30,3477.4,3480,3475.5,3475.5,7525
2025-11-13T13:00:00+05:30,3478.4,3478.8,3472.3,3474.9,16100
2025-11-13T13:15:00+05:30,3476.2,3477.4,3474.5,3476.5,5250
2025-11-13T13:30:00+05:30,3476.6,3478.7,3476.2,3478.3,5075
2025-11-13T13:45:00+05:30,3478.3,3478.4,3471.2,3472.3,11025
2025-11-13T14:00:00+05:30,3470.5,3471.5,3465.8,3469,20650
2025-11-13T14:15:00+05:30,3469,3470.9,3463.4,3466.2,15225
2025-11-13T14:30:00+05:30,3465.1,3466,3458.5,3458.5,18200
2025-11-13T14:45:00+05:30,3458.5,3463.4,3456.6,3458.2,23625
2025-11-13T15:00:00+05:30,3459.4,3461.9,3452.2,3452.5,38150
2025-11-13T15:15:00+05:30,3453.8,3460,3453.1,3456.2,67900
2025-11-14T09:15:00+05:30,3441.3,3454.2,3432.1,3449.5,60900
2025-11-14T09:30:00+05:30,3449.1,3473.9,3449,3473.8,42175
2025-11-14T09:45:00+05:30,3474,3474.4,3452.9,3457.8,17675
2025-11-14T10:00:00+05:30,3458,3458,3436.1,3436.3,22050
2025-11-14T10:15:00+05:30,3435.5,3437,3416,3418,56700
2025-11-14T10:30:00+05:30,3417,3431,3411.6,3429.1,23100
2025-11-14T10:45:00+05:30,3428.1,3433.9,3425,3433.7,23625
2025-11-14T11:00:00+05:30,3432.1,3435.7,3410.1,3417.3,49875
2025-11-14T11:15:00+05:30,3414.5,3416.7,3400.2,3402.2,45325
2025-11-14T11:30:00+05:30,3402.2,3408.1,3402,3404.8,23100
2025-11-14T11:45:00+05:30,3405.2,3405.5,3398.4,3403.4,25025
2025-11-14T12:00:00+05:30,3403.8,3407.4,3401.1,3402.4,18550
2025-11-14T12:15:00+05:30,3400.6,3410.3,3392.8,3408.2,171675
2025-11-14T12:30:00+05:30,3408.3,3410.9,3405.1,3406,94325
2025-11-14T12:45:00+05:30,3406.5,3413.2,3405.7,3406.5,41650
2025-11-14T13:00:00+05:30,3406.9,3409.9,3405.1,3407.4,64400
2025-11-14T13:15:00+05:30,3408,3409.4,3400.2,3405,123725
2025-11-14T13:30:00+05:30,3405.2,3405.2,3384,3384,55825
2025-11-14T13:45:00+05:30,3385.5,3390.9,3381.2,3388,48650
2025-11-14T14:00:00+05:30,3388.3,3396,3388.1,3391.8,17500
2025-11-14T14:15:00+05:30,3391.7,3393.3,3388,3391.3,22225
2025-11-14T14:30:00+05:30,3390.3,3392.5,3384.2,3392,29925
2025-11-14T14:45:00+05:30,3392.9,3393.9,3381,3383.8,31500
2025-11-14T15:00:00+05:30,3384.3,3405.7,3384.3,3401.1,85225
2025-11-14T15:15:00+05:30,3401.1,3404.2,3397.7,3400,71400
2025-11-17T09:15:00+05:30,3403,3418,3395.5,3411.9,107625
2025-11-17T09:30:00+05:30,3410.6,3429.6,3410.2,3426,92575
2025-11-17T09:45:00+05:30,3427,3428.9,3418.7,3419.2,25550
2025-11-17T10:00:00+05:30,3420.6,3422.8,3411.3,3413.5,16100
2025-11-17T10:15:00+05:30,3411.6,3426.2,3411.6,3419.8,21000
2025-11-17T10:30:00+05:30,3418.9,3422.8,3416.1,3419.3,10150
2025-11-17T10:45:00+05:30,3419.5,3425.5,3418.2,3424.4,21175
2025-11-17T11:00:00+05:30,3423.5,3459,3423.5,3456.1,105350
2025-11-17T11:15:00+05:30,3456.1,3457.7,3435.5,3435.5,31150
2025-11-17T11:30:00+05:30,3438.5,3459.2,3433.8,3450.1,39025
2025-11-17T11:45:00+05:30,3450.4,3457,3445,3456,35700
2025-11-17T12:00:00+05:30,3456.7,3473.8,3455.1,3472,108500
2025-11-17T12:15:00+05:30,3472,3486,3472,3478.2,107100
2025-11-17T12:30:00+05:30,3478.4,3484.3,3475,3483.7,37450
2025-11-17T12:45:00+05:30,3482.4,3482.4,3477.6,3481.4,25550
2025-11-17T13:00:00+05:30,3480.9,3486.4,3480,3484.7,27475
2025-11-17T13:15:00+05:30,3483.1,3484.5,3480,3481.7,9275
2025-11-17T13:30:00+05:30,3480.5,3485,3479.7,3484,17325
2025-11-17T13:45:00+05:30,3483.8,3484.2,3478.5,3480,13300
2025-11-17T14:00:00+05:30,3480.1,3482.8,3478,3481,20825
2025-11-17T14:15:00+05:30,3482.3,3484.4,3479.6,3484.3,20125
2025-11-17T14:30:00+05:30,3483.4,3488,3477.7,3478,87150
2025-11-17T14:45:00+05:30,3476.2,3480.9,3476.1,3479.5,30975
2025-11-17T15:00:00+05:30,3478.6,3483.2,3475.1,3479,49000
2025-11-17T15:15:00+05:30,3479.3,3481.9,3477.6,3480.5,78050
2025-11-18T09:15:00+05:30,3475.8,3497.7,3465.2,3489,110950
2025-11-18T09:30:00+05:30,3489,3499,3485.1,3493.3,86975
2025-11-18T09:45:00+05:30,3493.4,3496,3486,3486,44975
2025-11-18T10:00:00+05:30,3482.4,3489.2,3480.2,3485,29575
2025-11-18T10:15:00+05:30,3485,3487,3481.8,3481.8,28000
2025-11-18T10:30:00+05:30,3480.3,3483.3,3479.2,3481.1,15400
2025-11-18T10:45:00+05:30,3482,3484.9,3478.1,3484.6,13825
2025-11-18T11:00:00+05:30,3485.1,3487.7,3479,3485.5,12075
2025-11-18T11:15:00+05:30,3485.9,3493,3485.9,3489,10325
2025-11-18T11:30:00+05:30,3488,3490.1,3486.1,3487.4,10500
2025-11-18T11:45:00+05:30,3488.9,3488.9,3485.2,3486.2,12425
2025-11-18T12:00:00+05:30,3485.2,3487.3,3480,3481.3,12775
2025-11-18T12:15:00+05:30,3483,3483.9,3480.2,3483,8750
2025-11-18T12:30:00+05:30,3484.8,3489.2,3482.6,3489,12950
2025-11-18T12:45:00+05:30,3489,3489.7,3486.3,3487.5,9450
2025-11-18T13:00:00+05:30,3487.4,3490.9,3487.2,3490.3,10850
2025-11-18T13:15:00+05:30,3490.3,3494.6,3489.8,3491,33950
2025-11-18T13:30:00+05:30,3490.8,3491.5,3481.5,3486.8,24675
2025-11-18T13:45:00+05:30,3487,3487.5,3484.3,3486.3,7350
2025-11-18T14:00:00+05:30,3485.9,3490.3,3484.2,3489.4,8925
2025-11-18T14:15:00+05:30,3489.1,3489.5,3484,3487.6,15575
2025-11-18T14:30:00+05:30,3486.6,3486.6,3483.7,3483.7,9450
2025-11-18T14:45:00+05:30,3484.8,3485.8,3478.4,3479.5,48650
2025-11-18T15:00:00+05:30,3479.3,3484.6,3479,3484.2,48650
2025-11-18T15:15:00+05:30,3483.2,3484.5,3465.1,3465.1,63700
2025-11-19T09:15:00+05:30,3476,3486.6,3443.8,3478.7,54075
2025-11-19T09:30:00+05:30,3480.4,3503.3,3477.4,3501.6,56350
2025-11-19T09:45:00+05:30,3501.6,3502.4,3475.2,3483,46375
2025-11-19T10:00:00+05:30,3482.9,3484.7,3478,3482.4,14175
2025-11-19T10:15:00+05:30,3481,3488,3480.7,3484.1,11025
2025-11-19T10:30:00+05:30,3484.8,3491.7,3482.5,3487,22750
2025-11-19T10:45:00+05:30,3487.8,3494.9,3482.4,3493,52500
2025-11-19T11:00:00+05:30,3491.9,3495.4,3482,3485.9,16625
2025-11-19T11:15:00+05:30,3485.9,3485.9,3478.4,3481.4,8575
2025-11-19T11:30:00+05:30,3479.6,3484.4,3478.2,3479.2,12950
2025-11-19T11:45:00+05:30,3479,3481,3463.3,3465,20125
2025-11-19T12:00:00+05:30,3464.8,3469.3,3463.3,3466.9,10675
2025-11-19T12:15:00+05:30,3469.9,3471.8,3467.3,3467.3,7000
2025-11-19T12:30:00+05:30,3468.2,3472,3467.7,3470.9,5950
2025-11-19T12:45:00+05:30,3469.8,3474.4,3467.6,3474.4,8750
2025-11-19T13:00:00+05:30,3473.9,3477,3473.9,3475,7700
2025-11-19T13:15:00+05:30,3474.5,3476,3472.8,3473.9,8925
2025-11-19T13:30:00+05:30,3473.9,3478.1,3473,3475.4,12775
2025-11-19T13:45:00+05:30,3475.9,3476.6,3472.9,3476.3,13825
2025-11-19T14:00:00+05:30,3476.3,3476.9,3474.1,3476.9,5950
2025-11-19T14:15:00+05:30,3476.4,3485,3476.4,3479.9,14875
2025-11-19T14:30:00+05:30,3479.9,3480.7,3470.1,3474.8,17150
2025-11-19T14:45:00+05:30,3474.6,3476.3,3472,3475.8,16275
2025-11-19T15:00:00+05:30,3473.9,3478.9,3472.2,3476.5,45150
2025-11-19T15:15:00+05:30,3476.5,3480.6,3472.1,3476,61600
2025-11-20T09:15:00+05:30,3476,3488.8,3462.3,3483.1,138950
2025-11-20T09:30:00+05:30,3483.1,3496,3480.1,3480.1,116900
2025-11-20T09:45:00+05:30,3480.1,3495,3478.8,3484.7,181125
2025-11-20T10:00:00+05:30,3484.7,3487,3472.9,3480.1,135625
2025-11-20T10:15:00+05:30,3480.1,3481.7,3472.7,3479.6,80150
2025-11-20T10:30:00+05:30,3479.6,3481.6,3476.3,3479.5,74550
2025-11-20T10:45:00+05:30,3479.5,3490,3479.5,3489.7,98350
2025-11-20T11:00:00+05:30,3489.7,3490,3487.2,3489.3,156625
2025-11-20T11:15:00+05:30,3489.3,3503,3488.3,3496,158025
2025-11-20T11:30:00+05:30,3496,3499.1,3484,3484,90300
2025-11-20T11:45:00+05:30,3482.9,3484.2,3478.8,3483.7,84525
2025-11-20T12:00:00+05:30,3483.7,3483.7,3475.1,3480,81025
2025-11-20T12:15:00+05:30,3480,3493.7,3475.8,3491.7,77525
2025-11-20T12:30:00+05:30,3491.8,3493.9,3487.9,3488.5,78050
2025-11-20T12:45:00+05:30,3488.5,3490.9,3485.1,3488.4,83125
2025-11-20T13:00:00+05:30,3488.4,3493.3,3483.2,3483.2,78750
2025-11-20T13:15:00+05:30,3483.2,3487.8,3483.2,3485,80675
2025-11-20T13:30:00+05:30,3485,3489.2,3485,3488,77175
2025-11-20T13:45:00+05:30,3488,3489.7,3485.8,3488.9,95550
2025-11-20T14:00:00+05:30,3488.9,3493.9,3487.6,3491.9,98350
2025-11-20T14:15:00+05:30,3491.9,3493.2,3485.1,3485.1,82950
2025-11-20T14:30:00+05:30,3485.1,3493.6,3485.1,3485.3,101850
2025-11-20T14:45:00+05:30,3486.9,3493.9,3485,3492.8,111125
2025-11-20T15:00:00+05:30,3492.8,3493.7,3488.2,3492.9,96250
2025-11-20T15:15:00+05:30,3492.9,3493,3486.1,3492.3,86975
2025-11-21T09:15:00+05:30,3496.4,3496.5,3460,3482,121100
2025-11-21T09:30:00+05:30,3481.4,3485.6,3477,3477,92575
2025-11-21T09:45:00+05:30,3477,3483.4,3468.4,3473.9,161350
2025-11-21T10:00:00+05:30,3473.9,3473.9,3455.9,3458.4,106925
2025-11-21T10:15:00+05:30,3458.4,3458.4,3435,3445.2,137550
2025-11-21T10:30:00+05:30,3445.6,3464,3444.1,3459,105700
2025-11-21T10:45:00+05:30,3459,3462.6,3455.7,3461.4,84350
2025-11-21T11:00:00+05:30,3461.4,3470,3460,3468.2,76125
2025-11-21T11:15:00+05:30,3468.2,3469.6,3461.8,3463.3,79100
2025-11-21T11:30:00+05:30,3463.3,3470.2,3459.2,3459.3,102550
2025-11-21T11:45:00+05:30,3459.3,3464.3,3458.6,3462.6,77175
2025-11-21T12:00:00+05:30,3462.6,3472.4,3458.6,3471.9,82075
2025-11-21T12:15:00+05:30,3471.9,3475,3468,3469.4,82075
2025-11-21T12:30:00+05:30,3469.4,3474.6,3467.5,3471.6,75950
2025-11-21T12:45:00+05:30,3471.6,3473.7,3467.9,3473.7,121100
2025-11-21T13:00:00+05:30,3473.7,3475,3471.3,3472.3,78225
2025-11-21T13:15:00+05:30,3472.3,3473,3465,3467.5,107100
2025-11-21T13:30:00+05:30,3467.5,3469.9,3464.7,3468.3,68250
2025-11-21T13:45:00+05:30,3468.3,3469.9,3467,3469,79800
2025-11-21T14:00:00+05:30,3469,3470,3466.3,3466.7,77000
2025-11-21T14:15:00+05:30,3466.7,3468.7,3464.3,3465.8,70700
2025-11-21T14:30:00+05:30,3465.8,3465.8,3460.3,3460.3,90125
2025-11-21T14:45:00+05:30,3460.3,3461.6,3444.4,3447.1,117075
2025-11-21T15:00:00+05:30,3445.6,3447.7,3432.3,3436.1,131425
2025-11-21T15:15:00+05:30,3436.1,3445.5,3433.8,3441,104825
2025-11-24T09:15:00+05:30,3441,3447.9,3421.5,3447.9,133875
2025-11-24T09:30:00+05:30,3444.1,3448.3,3432.7,3434.7,161525
2025-11-24T09:45:00+05:30,3434.7,3463,3429.8,3463,143500
2025-11-24T10:00:00+05:30,3464.6,3471,3452.6,3459.8,128625
2025-11-24T10:15:00+05:30,3459.8,3460,3455,3459,107450
2025-11-24T10:30:00+05:30,3459.5,3460,3455.7,3458.4,107275
2025-11-24T10:45:00+05:30,3458.4,3459.8,3455.6,3457.5,78400
2025-11-24T11:00:00+05:30,3458.4,3459.8,3453.6,3457.3,133700
2025-11-24T11:15:00+05:30,3457.3,3459.5,3455.7,3459.1,93625
2025-11-24T11:30:00+05:30,3459.1,3460,3456.5,3459.6,88550
2025-11-24T11:45:00+05:30,3459.6,3460,3456.8,3459.6,83650
2025-11-24T12:00:00+05:30,3459.6,3460,3451.5,3455.3,108325
2025-11-24T12:15:00+05:30,3455.3,3467.5,3446.4,3451.4,190925
2025-11-24T12:30:00+05:30,3449.1,3453.9,3444.9,3448.8,94325
2025-11-24T12:45:00+05:30,3448.8,3450,3445.2,3447.4,85050
2025-11-24T13:00:00+05:30,3447.4,3454.3,3443.3,3449.7,88725
2025-11-24T13:15:00+05:30,3449.7,3455.7,3447.4,3455.4,99400
2025-11-24T13:30:00+05:30,3456.3,3457,3454.4,3455,112175
2025-11-24T13:45:00+05:30,3455,3455,3447.9,3449.7,144900
2025-11-24T14:00:00+05:30,3449.7,3449.7,3441.8,3447.3,133350
2025-11-24T14:15:00+05:30,3447.3,3449.1,3441.4,3447.3,118475
2025-11-24T14:30:00+05:30,3447.3,3450,3445.6,3447,115850
2025-11-24T14:45:00+05:30,3447,3449.8,3440,3440.6,105350
2025-11-24T15:00:00+05:30,3442.5,3455,3441,3441,156800
2025-11-24T15:15:00+05:30,3441,3443.7,3430,3432,218925
2025-11-25T09:15:00+05:30,3488,3491.5,3468,3487.4,80325
2025-11-25T09:30:00+05:30,3488,3489.7,3481,3482.1,73850
2025-11-25T09:45:00+05:30,3483,3487.5,3476.1,3486.1,165025
2025-11-25T10:00:00+05:30,3487.5,3500,3483.2,3497.1,174475
2025-11-25T10:15:00+05:30,3497,3498.3,3490.1,3491,345975
2025-11-25T10:30:00+05:30,3490.4,3498.8,3487.7,3487.7,333200
2025-11-25T10:45:00+05:30,3479.6,3479.6,3473.4,3477,84000
2025-11-25T11:00:00+05:30,3478.2,3482.7,3473,3473.3,45500
2025-11-25T11:15:00+05:30,3473.9,3477.6,3471.7,3475,44100
2025-11-25T11:30:00+05:30,3476,3477.7,3471.4,3472.6,74725
2025-11-25T11:45:00+05:30,3475.6,3485.5,3474.6,3485.1,66850
2025-11-25T12:00:00+05:30,3487.1,3487.4,3483.4,3484.5,57225
2025-11-25T12:15:00+05:30,3483.9,3485.7,3482.1,3482.5,36750
2025-11-25T12:30:00+05:30,3483.1,3489.5,3483.1,3485.9,83650
2025-11-25T12:45:00+05:30,3485.9,3488.3,3483.6,3484.6,56525
2025-11-25T13:00:00+05:30,3481.2,3493.2,3481.2,3491.7,129500
2025-11-25T13:15:00+05:30,3490.6,3491,3486.8,3487.4,84525
2025-11-25T13:30:00+05:30,3488.2,3488.2,3475.1,3475.1,137725
2025-11-25T13:45:00+05:30,3476.1,3482,3476,3482,77000
2025-11-25T14:00:00+05:30,3481.9,3482.6,3480,3480,51800
2025-11-25T14:15:00+05:30,3480.1,3482.4,3476.5,3477.1,64925
2025-11-25T14:30:00+05:30,3476.6,3478.4,3471.8,3473.6,162225
2025-11-25T14:45:00+05:30,3474.1,3474.1,3467.4,3467.4,64225
2025-11-25T15:00:00+05:30,3470,3472.2,3465,3465,84875
2025-11-25T15:15:00+05:30,3466.6,3467.8,3458.1,3460.6,134225
2025-11-26T09:15:00+05:30,3469.6,3479.1,3459.7,3475.9,34300
2025-11-26T09:30:00+05:30,3476.5,3485.6,3476,3482.4,29050
2025-11-26T09:45:00+05:30,3483.7,3505.9,3483.7,3505.9,44625
2025-11-26T10:00:00+05:30,3503.4,3517.9,3503.4,3509.1,57925
2025-11-26T10:15:00+05:30,3509.8,3513,3500.3,3504.2,14875
2025-11-26T10:30:00+05:30,3504.9,3506.8,3503,3506.6,14875
2025-11-26T10:45:00+05:30,3506.6,3507.3,3503,3505.6,8400
2025-11-26T11:00:00+05:30,3506,3512.8,3506,3510,13475
2025-11-26T11:15:00+05:30,3509.1,3511.5,3508,3508,8575
2025-11-26T11:30:00+05:30,3509.5,3512.6,3509.5,3511.8,12775
2025-11-26T11:45:00+05:30,3512.2,3527.4,3511.5,3526.5,38150
2025-11-26T12:00:00+05:30,3527,3528.6,3522,3525.1,35350
2025-11-26T12:15:00+05:30,3525.6,3525.6,3522.5,3525.5,15750
2025-11-26T12:30:00+05:30,3524.8,3539.9,3524.4,3537.9,56525
2025-11-26T12:45:00+05:30,3537.9,3542.8,3533.2,3538,60550
2025-11-26T13:00:00+05:30,3538,3541.4,3534.1,3538.2,23450
2025-11-26T13:15:00+05:30,3538.2,3545,3536.4,3544.9,30975
2025-11-26T13:30:00+05:30,3545,3551.9,3542.9,3551.9,39550
2025-11-26T13:45:00+05:30,3551.6,3552.4,3542.7,3544.1,36400
2025-11-26T14:00:00+05:30,3543.6,3559.9,3543.6,3558.9,50050
2025-11-26T14:15:00+05:30,3558.6,3562.9,3554,3558.9,90825
2025-11-26T14:30:00+05:30,3557.7,3560.5,3556.6,3557,25375
2025-11-26T14:45:00+05:30,3557.1,3564.7,3552.1,3563,53200
2025-11-26T15:00:00+05:30,3562.6,3569,3560.4,3565.9,100100
2025-11-26T15:15:00+05:30,3565.2,3565.8,3560,3565,77875
2025-11-27T09:15:00+05:30,3564,3598,3564,3591.1,143325
2025-11-27T09:30:00+05:30,3592.2,3599.9,3581.1,3585.5,94150
2025-11-27T09:45:00+05:30,3583.7,3590.9,3577.8,3586.8,38150
2025-11-27T10:00:00+05:30,3585.9,3585.9,3565.1,3566.1,45675
2025-11-27T10:15:00+05:30,3566.1,3569.3,3555.8,3568.7,69650
2025-11-27T10:30:00+05:30,3566.3,3586.7,3562.3,3579.2,68600
2025-11-27T10:45:00+05:30,3579.8,3582.9,3561.4,3562.7,42000
2025-11-27T11:00:00+05:30,3562.6,3565.3,3546.2,3548.9,55650
2025-11-27T11:15:00+05:30,3549.1,3551.3,3544.2,3548,28350
2025-11-27T11:30:00+05:30,3546.4,3549.9,3536.3,3538.5,42175
2025-11-27T11:45:00+05:30,3538,3546.7,3537.1,3537.1,26600
2025-11-27T12:00:00+05:30,3537.9,3541.4,3530.7,3534.4,20825
2025-11-27T12:15:00+05:30,3534.5,3536.2,3532.3,3532.7,23800
2025-11-27T12:30:00+05:30,3534.4,3541.9,3534.4,3541.9,20300
2025-11-27T12:45:00+05:30,3542,3546.6,3541.5,3545.5,12600
2025-11-27T13:00:00+05:30,3542.5,3545.2,3533.1,3533.1,17850
2025-11-27T13:15:00+05:30,3533.6,3536.3,3528,3531,27475
2025-11-27T13:30:00+05:30,3531.2,3533.9,3528.8,3532,6475
2025-11-27T13:45:00+05:30,3530.8,3534.9,3528.1,3529.3,12950
2025-11-27T14:00:00+05:30,3530.4,3538.5,3528.4,3532.4,25025
2025-11-27T14:15:00+05:30,3533.5,3539.7,3533.5,3536.7,17325
2025-11-27T14:30:00+05:30,3535.6,3539.4,3532,3538.3,26950
2025-11-27T14:45:00+05:30,3537.6,3541,3533.5,3540.7,21175
2025-11-27T15:00:00+05:30,3540.7,3545.9,3539.1,3544,32550
2025-11-27T15:15:00+05:30,3543.9,3550,3538.1,3549,71750
2025-11-28T09:15:00+05:30,3545,3574,3524.8,3560.9,108500
2025-11-28T09:30:00+05:30,3564.2,3574.7,3557.8,3565.8,40775
2025-11-28T09:45:00+05:30,3564.4,3574.6,3561.1,3571,31850
2025-11-28T10:00:00+05:30,3573.8,3583.4,3568.9,3568.9,89250
2025-11-28T10:15:00+05:30,3568.9,3574.3,3562,3567.5,23800
2025-11-28T10:30:00+05:30,3567,3578,3566.2,3577.3,18200
2025-11-28T10:45:00+05:30,3577.9,3589.2,3576.9,3589.2,63350
2025-11-28T11:00:00+05:30,3589.7,3594.6,3585.4,3593,67375
2025-11-28T11:15:00+05:30,3593.3,3594.5,3575.6,3577.4,35525
2025-11-28T11:30:00+05:30,3579,3581.9,3572,3572.3,19950
2025-11-28T11:45:00+05:30,3572.4,3586.4,3572.4,3580.1,35875
2025-11-28T12:00:00+05:30,3579.4,3582.5,3574,3574,13300
2025-11-28T12:15:00+05:30,3574.4,3574.4,3562.9,3566.7,23800
2025-11-28T12:30:00+05:30,3565.1,3573,3564.4,3567.1,23100
2025-11-28T12:45:00+05:30,3565,3565.9,3561,3563,16625
2025-11-28T13:00:00+05:30,3563.6,3567.4,3563.6,3565.4,5425
2025-11-28T13:15:00+05:30,3565.4,3568.3,3560.9,3565.4,17675
2025-11-28T13:30:00+05:30,3565.4,3566.8,3561.3,3561.4,9975
2025-11-28T13:45:00+05:30,3561,3562.8,3560.2,3561.8,7175
2025-11-28T14:00:00+05:30,3561,3561.8,3555.2,3556,11200
2025-11-28T14:15:00+05:30,3555.9,3558,3554,3555.5,17325
2025-11-28T14:30:00+05:30,3555.6,3560.8,3555.5,3559.7,16625
2025-11-28T14:45:00+05:30,3559,3559,3555,3556.3,21700
2025-11-28T15:00:00+05:30,3556.3,3557.4,3554.5,3555.3,45150
2025-11-28T15:15:00+05:30,3555.4,3562,3554.5,3562,58275
2025-12-01T09:15:00+05:30,3590,3621,3576,3618,219800
2025-12-01T09:30:00+05:30,3618,3630.4,3610.7,3629.7,145075
2025-12-01T09:45:00+05:30,3631,3637.4,3626.1,3634.4,116900
2025-12-01T10:00:00+05:30,3634.5,3649,3632.9,3643.2,109025
2025-12-01T10:15:00+05:30,3644.7,3645.8,3639.2,3642.1,40075
2025-12-01T10:30:00+05:30,3642.5,3643,3627.3,3627.7,65975
2025-12-01T10:45:00+05:30,3628,3635.8,3620.8,3623.1,55300
2025-12-01T11:00:00+05:30,3623,3627.9,3620.3,3627,20650
2025-12-01T11:15:00+05:30,3628,3650.5,3628,3650.5,42525
2025-12-01T11:30:00+05:30,3651,3666.7,3650.1,3654.8,156975
2025-12-01T11:45:00+05:30,3654.6,3658.4,3645.6,3654.4,74900
2025-12-01T12:00:00+05:30,3654.7,3654.7,3647.2,3648.1,24500
2025-12-01T12:15:00+05:30,3645.6,3664.9,3635.6,3664.1,136675
2025-12-01T12:30:00+05:30,3662.3,3662.5,3651.1,3658.7,36225
2025-12-01T12:45:00+05:30,3658.8,3661.9,3653.9,3658.9,18200
2025-12-01T13:00:00+05:30,3658.8,3658.8,3646.8,3655.4,42700
2025-12-01T13:15:00+05:30,3654.1,3656.2,3649.1,3652.8,26425
2025-12-01T13:30:00+05:30,3654.8,3657.9,3652,3656,30450
2025-12-01T13:45:00+05:30,3654.2,3656.4,3650.8,3652.9,17325
2025-12-01T14:00:00+05:30,3652.8,3673.8,3651.6,3671,98525
2025-12-01T14:15:00+05:30,3671.9,3677,3657,3659.7,62825
2025-12-01T14:30:00+05:30,3659.9,3665,3656.3,3662,64400
2025-12-01T14:45:00+05:30,3661,3664.8,3656.2,3664.3,59325
2025-12-01T15:00:00+05:30,3665,3678.9,3664.3,3678.8,103775
2025-12-01T15:15:00+05:30,3678.7,3678.9,3672.1,3673.4,174125
2025-12-02T09:15:00+05:30,3666.1,3696.9,3665.1,3691,130375
2025-12-02T09:30:00+05:30,3690.6,3697,3675.2,3680.9,94850
2025-12-02T09:45:00+05:30,3679,3691.5,3675.9,3683.8,72275
2025-12-02T10:00:00+05:30,3683.2,3685.8,3677.4,3684.3,39375
2025-12-02T10:15:00+05:30,3684,3690,3681.6,3682.2,40600
2025-12-02T10:30:00+05:30,3682.1,3685.9,3680.8,3682.2,19425
2025-12-02T10:45:00+05:30,3681.8,3685.9,3679.4,3681.9,49525
2025-12-02T11:00:00+05:30,3681.6,3683.2,3675.2,3679.7,25200
2025-12-02T11:15:00+05:30,3679.6,3684.9,3677.9,3680.1,52150
2025-12-02T11:30:00+05:30,3677.8,3686,3677.8,3683.3,22575
2025-12-02T11:45:00+05:30,3682.1,3683.4,3677.5,3682.6,21350
2025-12-02T12:00:00+05:30,3683.2,3685.7,3673.1,3680.1,40075
2025-12-02T12:15:00+05:30,3680,3681.9,3677.2,3679,16275
2025-12-02T12:30:00+05:30,3679.3,3682,3676.4,3678.4,19775
2025-12-02T12:45:00+05:30,3678.4,3678.4,3669.2,3670.2,48475
2025-12-02T13:00:00+05:30,3670.2,3676,3668,3674.7,62650
2025-12-02T13:15:00+05:30,3673.6,3678.9,3671.1,3676.9,20650
2025-12-02T13:30:00+05:30,3676.6,3678.8,3672.3,3673.7,51450
2025-12-02T13:45:00+05:30,3674.2,3678.1,3674,3677.6,30975
2025-12-02T14:00:00+05:30,3677.4,3677.4,3672,3672,24500
2025-12-02T14:15:00+05:30,3671.8,3674.1,3671,3673.9,12950
2025-12-02T14:30:00+05:30,3674.1,3686.1,3673.4,3681.4,72100
2025-12-02T14:45:00+05:30,3680.9,3683.2,3677.1,3680.5,35875
2025-12-02T15:00:00+05:30,3682,3687,3681.8,3687,56175
2025-12-02T15:15:00+05:30,3687,3687,3681.3,3685,104825
2025-12-03T09:15:00+05:30,3680,3689.9,3668.8,3675.5,53200
2025-12-03T09:30:00+05:30,3674.7,3676,3663.3,3665,39025
2025-12-03T09:45:00+05:30,3667.8,3670.7,3665.2,3670.7,11025
2025-12-03T10:00:00+05:30,3672.4,3672.4,3654.1,3658.9,50750
2025-12-03T10:15:00+05:30,3656.4,3658.3,3644,3644.2,58975
2025-12-03T10:30:00+05:30,3644.6,3655.5,3644.6,3649.1,36750
2025-12-03T10:45:00+05:30,3648.9,3651.6,3644,3645.9,36575
2025-12-03T11:00:00+05:30,3646,3650.2,3642.2,3645,35350
2025-12-03T11:15:00+05:30,3646.8,3647.3,3641,3645.4,15050
2025-12-03T11:30:00+05:30,3645.5,3658,3644.1,3657.2,17850
2025-12-03T11:45:00+05:30,3656.4,3656.4,3635,3639.9,22050
2025-12-03T12:00:00+05:30,3643,3646.6,3635,3637.6,30800
2025-12-03T12:15:00+05:30,3635.2,3636.2,3628.1,3635.8,28000
2025-12-03T12:30:00+05:30,3633.4,3639.9,3633.3,3633.6,14350
2025-12-03T12:45:00+05:30,3634,3637.1,3633.3,3636.1,9275
2025-12-03T13:00:00+05:30,3636.2,3637.6,3633.3,3637.6,15400
2025-12-03T13:15:00+05:30,3638.5,3639.3,3636.5,3638.3,9625
2025-12-03T13:30:00+05:30,3639.6,3643.7,3635.5,3640.5,11725
2025-12-03T13:45:00+05:30,3641.8,3641.8,3634.6,3638.5,5425
2025-12-03T14:00:00+05:30,3636.4,3640.5,3633.3,3640.3,9800
2025-12-03T14:15:00+05:30,3640.6,3640.6,3630.2,3631,16800
2025-12-03T14:30:00+05:30,3630.5,3635.1,3627.1,3635.1,32200
2025-12-03T14:45:00+05:30,3632.4,3634.7,3630.4,3633.6,13650
2025-12-03T15:00:00+05:30,3634,3647.2,3634,3644.7,58975
2025-12-03T15:15:00+05:30,3644.8,3652,3644.3,3644.3,60025
2025-12-04T09:15:00+05:30,3647.5,3669.8,3632.5,3666.2,56350
2025-12-04T09:30:00+05:30,3666.7,3687.8,3660.8,3686.5,47775
2025-12-04T09:45:00+05:30,3685.6,3687,3672.4,3674.3,25200
2025-12-04T10:00:00+05:30,3674,3676.3,3666.8,3667.4,26950
2025-12-04T10:15:00+05:30,3666.9,3668.8,3649.2,3668,71050
2025-12-04T10:30:00+05:30,3668,3679.1,3666.8,3673.7,52325
2025-12-04T10:45:00+05:30,3673.7,3677.1,3672.2,3674.4,18900
2025-12-04T11:00:00+05:30,3673.1,3677.2,3673.1,3675.3,12950
2025-12-04T11:15:00+05:30,3675.8,3676.4,3672.6,3673.8,9450
2025-12-04T11:30:00+05:30,3671.7,3672,3646.9,3647,79625
2025-12-04T11:45:00+05:30,3646.1,3650,3643.5,3643.5,20650
2025-12-04T12:00:00+05:30,3644.5,3649.9,3643.6,3646.6,11375
2025-12-04T12:15:00+05:30,3646.6,3648.6,3636,3648.6,33600
2025-12-04T12:30:00+05:30,3648.8,3651.8,3647.1,3647.1,17150
2025-12-04T12:45:00+05:30,3647.9,3659.1,3647,3659.1,13475
2025-12-04T13:00:00+05:30,3656.4,3671.1,3655.2,3661.6,22400
2025-12-04T13:15:00+05:30,3660.2,3661.5,3654.8,3656,7525
2025-12-04T13:30:00+05:30,3656.1,3659,3646.8,3649.3,12600
2025-12-04T13:45:00+05:30,3649.9,3653.4,3647.6,3651.2,15400
2025-12-04T14:00:00+05:30,3652,3661.6,3651.7,3658.4,14875
2025-12-04T14:15:00+05:30,3658.4,3662,3656.5,3658.3,15750
2025-12-04T14:30:00+05:30,3659.6,3660.7,3654,3658.3,16800
2025-12-04T14:45:00+05:30,3657.5,3664.5,3654,3663.9,21525
2025-12-04T15:00:00+05:30,3664.4,3667.5,3657.8,3662.1,32025
2025-12-04T15:15:00+05:30,3662.1,3662.1,3653,3653,38500
2025-12-05T09:15:00+05:30,3659.7,3668.5,3641.8,3662.7,40250
2025-12-05T09:30:00+05:30,3661.5,3670.8,3657.2,3662,32550
2025-12-05T09:45:00+05:30,3664.7,3665.5,3655.1,3659.7,19425
2025-12-05T10:00:00+05:30,3658.3,3678.7,3655.1,3673.8,36750
2025-12-05T10:15:00+05:30,3674.6,3680.9,3666.4,3667.9,29575
2025-12-05T10:30:00+05:30,3667,3676.4,3661,3673.5,27825
2025-12-05T10:45:00+05:30,3674.1,3687.9,3674,3683.9,29575
2025-12-05T11:00:00+05:30,3685.8,3699,3684.1,3694.4,81725
2025-12-05T11:15:00+05:30,3696,3697.3,3684.6,3686.7,29225
2025-12-05T11:30:00+05:30,3687.4,3687.6,3672.7,3676.9,18375
2025-12-05T11:45:00+05:30,3675.6,3676.2,3669.6,3669.6,12600
2025-12-05T12:00:00+05:30,3669,3672.4,3666.4,3667.8,8050
2025-12-05T12:15:00+05:30,3666.8,3671.9,3666.1,3668.8,10500
2025-12-05T12:30:00+05:30,3668.9,3673.5,3668.1,3673.5,7700
2025-12-05T12:45:00+05:30,3671.9,3673.3,3668,3671.7,9800
2025-12-05T13:00:00+05:30,3671.3,3673,3670,3671.1,5250
2025-12-05T13:15:00+05:30,3672.8,3680.9,3671.9,3676.6,12775
2025-12-05T13:30:00+05:30,3679.4,3682,3677.8,3679.4,14350
2025-12-05T13:45:00+05:30,3679.9,3679.9,3668.1,3671,10325
2025-12-05T14:00:00+05:30,3674,3676.9,3672.1,3674.1,5075
2025-12-05T14:15:00+05:30,3674.6,3677.9,3673.6,3674.8,7350
2025-12-05T14:30:00+05:30,3676.2,3678.1,3673.9,3674,7700
2025-12-05T14:45:00+05:30,3673.5,3673.6,3663.6,3672.8,30975
2025-12-05T15:00:00+05:30,3673,3688.7,3673,3686.4,33425
2025-12-05T15:15:00+05:30,3685.2,3686.4,3679.4,3679.4,46550
2025-12-08T09:15:00+05:30,3684.5,3684.5,3655.1,3655.9,40600
2025-12-08T09:30:00+05:30,3655.9,3663.4,3640,3640.7,34125
2025-12-08T09:45:00+05:30,3640.7,3640.7,3621,3622.2,77700
2025-12-08T10:00:00+05:30,3622.2,3635.9,3613.7,3628.4,59500
2025-12-08T10:15:00+05:30,3630.9,3634.3,3626.4,3627.1,9625
2025-12-08T10:30:00+05:30,3627.1,3628.5,3622.2,3624.8,9975
2025-12-08T10:45:00+05:30,3626.4,3632.5,3622.4,3625.2,16100
2025-12-08T11:00:00+05:30,3625.5,3634,3623.8,3626.4,28525
2025-12-08T11:15:00+05:30,3625.6,3630,3624.4,3628.8,29575
2025-12-08T11:30:00+05:30,3627.5,3632,3622.5,3624,15225
2025-12-08T11:45:00+05:30,3622.2,3623.3,3616,3618.2,22750
2025-12-08T12:00:00+05:30,3617.5,3624.8,3617.5,3623.4,10850
2025-12-08T12:15:00+05:30,3624,3626.5,3620,3620,12075
2025-12-08T12:30:00+05:30,3619.4,3621.5,3615.6,3616,5425
2025-12-08T12:45:00+05:30,3615.5,3620.5,3615,3615,9625
2025-12-08T13:00:00+05:30,3614,3623.6,3614,3621.7,7350
2025-12-08T13:15:00+05:30,3619.5,3619.5,3610.8,3615.3,13825
2025-12-08T13:30:00+05:30,3613,3613,3603.6,3607.6,21875
2025-12-08T13:45:00+05:30,3606.8,3623.5,3606.8,3621.1,11550
2025-12-08T14:00:00+05:30,3621,3621,3612,3615,6650
2025-12-08T14:15:00+05:30,3614.1,3619,3608.9,3618.7,10150
2025-12-08T14:30:00+05:30,3618.6,3618.6,3606.7,3606.7,15400
2025-12-08T14:45:00+05:30,3607,3617,3606.1,3610.7,39725
2025-12-08T15:00:00+05:30,3612.4,3625.7,3612.4,3621.5,32725
2025-12-08T15:15:00+05:30,3622.2,3624.9,3616.6,3618.3,56000
2025-12-09T09:15:00+05:30,3597.6,3619.4,3584.5,3587.4,36050
2025-12-09T09:30:00+05:30,3586.1,3586.1,3573.9,3581.8,44800
2025-12-09T09:45:00+05:30,3579,3587,3560.1,3565.6,47075
2025-12-09T10:00:00+05:30,3565,3609.8,3564.7,3603.4,53550
2025-12-09T10:15:00+05:30,3604.9,3624.5,3603.8,3617.8,58625
2025-12-09T10:30:00+05:30,3618.6,3619.8,3607.6,3619.8,43925
2025-12-09T10:45:00+05:30,3619.8,3622,3617,3621.6,42700
2025-12-09T11:00:00+05:30,3625.7,3633.3,3620.6,3629.3,16800
2025-12-09T11:15:00+05:30,3628,3631.9,3619.7,3631.5,25550
2025-12-09T11:30:00+05:30,3629.1,3636.9,3624.8,3627.5,33425
2025-12-09T11:45:00+05:30,3625.4,3631.8,3624.9,3629.9,11725
2025-12-09T12:00:00+05:30,3629.5,3636,3622.9,3622.9,18200
2025-12-09T12:15:00+05:30,3624.9,3632.4,3621,3624.4,89425
2025-12-09T12:30:00+05:30,3623.5,3632.9,3623,3629.9,41650
2025-12-09T12:45:00+05:30,3634,3639.7,3630.1,3632.8,22400
2025-12-09T13:00:00+05:30,3631.5,3635,3624.5,3625.8,33600
2025-12-09T13:15:00+05:30,3627.6,3634,3626,3631.6,11900
2025-12-09T13:30:00+05:30,3633.3,3634,3629.4,3630.5,13825
2025-12-09T13:45:00+05:30,3631.1,3632,3627.3,3631.2,7350
2025-12-09T14:00:00+05:30,3631.4,3632.4,3627.1,3629,9625
2025-12-09T14:15:00+05:30,3627.9,3633.1,3625,3625.6,16800
2025-12-09T14:30:00+05:30,3627.9,3629,3625,3625.7,15400
2025-12-09T14:45:00+05:30,3626.3,3627.9,3623.1,3625.4,18900
2025-12-09T15:00:00+05:30,3625.8,3635.4,3625.8,3627.3,24850
2025-12-09T15:15:00+05:30,3627.6,3634.6,3625.8,3630,41125
2025-12-10T09:15:00+05:30,3627.1,3651.1,3627.1,3641.5,44975
2025-12-10T09:30:00+05:30,3641.9,3646.8,3631,3632.8,36050
2025-12-10T09:45:00+05:30,3633,3649.9,3631,3642.2,36925
2025-12-10T10:00:00+05:30,3643.1,3660.8,3643,3656,39200
2025-12-10T10:15:00+05:30,3656.4,3662.7,3652.8,3652.8,20825
2025-12-10T10:30:00+05:30,3652.3,3656.7,3649.9,3653,10150
2025-12-10T10:45:00+05:30,3653.5,3656.1,3635,3636.9,42525
2025-12-10T11:00:00+05:30,3635,3638.2,3631.4,3633.7,13475
2025-12-10T11:15:00+05:30,3634,3640.2,3632.1,3632.1,20650
2025-12-10T11:30:00+05:30,3632,3637.7,3630.4,3633,11375
2025-12-10T11:45:00+05:30,3630.3,3635.4,3622.4,3627.3,21525
2025-12-10T12:00:00+05:30,3625.5,3633,3621.9,3633,8750
2025-12-10T12:15:00+05:30,3633,3633.2,3629.5,3631.4,7700
2025-12-10T12:30:00+05:30,3632,3632,3623.2,3624,4900
2025-12-10T12:45:00+05:30,3624.1,3632,3624.1,3629.5,6475
2025-12-10T13:00:00+05:30,3634,3635.3,3631.8,3634.6,4025
2025-12-10T13:15:00+05:30,3633.6,3635.2,3632.9,3633.8,3675
2025-12-10T13:30:00+05:30,3635.2,3640,3633.3,3634.1,9625
2025-12-10T13:45:00+05:30,3632,3635.2,3630.4,3633.1,12075
2025-12-10T14:00:00+05:30,3632.1,3633.4,3625,3626.6,16975
2025-12-10T14:15:00+05:30,3625.8,3628.4,3621.4,3622.5,20825
2025-12-10T14:30:00+05:30,3621.2,3627.5,3616.5,3621.5,20125
2025-12-10T14:45:00+05:30,3620.9,3621,3612,3615.9,18375
2025-12-10T15:00:00+05:30,3616.5,3620.6,3613,3613.2,20825
2025-12-10T15:15:00+05:30,3614.3,3617.2,3605.9,3612,31500
2025-12-11T09:15:00+05:30,3617.1,3618.7,3594.2,3604.9,89250
2025-12-11T09:30:00+05:30,3609.7,3613.1,3598.4,3608.2,39025
2025-12-11T09:45:00+05:30,3608.7,3629.9,3605,3626,24500
2025-12-11T10:00:00+05:30,3627.3,3645.2,3622.4,3643,23275
2025-12-11T10:15:00+05:30,3645,3650,3628,3628,21875
2025-12-11T10:30:00+05:30,3626.9,3627.3,3621,3625,22050
2025-12-11T10:45:00+05:30,3627.8,3627.9,3621.4,3624.2,13650
2025-12-11T11:00:00+05:30,3625,3629.2,3621.1,3627.6,11025
2025-12-11T11:15:00+05:30,3627.2,3633,3627,3628.4,11900
2025-12-11T11:30:00+05:30,3629.4,3633,3627.5,3630.5,20650
2025-12-11T11:45:00+05:30,3630,3633.6,3624.1,3632.4,6125
2025-12-11T12:00:00+05:30,3633.3,3640.7,3632.8,3637.8,24850
2025-12-11T12:15:00+05:30,3638.9,3639.9,3633,3634.2,18025
2025-12-11T12:30:00+05:30,3635.6,3646.9,3635.5,3645.9,18200
2025-12-11T12:45:00+05:30,3645.9,3648.7,3645.9,3646.4,9275
2025-12-11T13:00:00+05:30,3646,3646,3629.8,3633.9,14875
2025-12-11T13:15:00+05:30,3635.6,3644,3632.1,3642.7,10150
2025-12-11T13:30:00+05:30,3643.9,3647.5,3642.1,3645.7,8225
2025-12-11T13:45:00+05:30,3646.2,3649,3641.1,3641.1,14000
2025-12-11T14:00:00+05:30,3642.7,3643,3632.8,3633,13825
2025-12-11T14:15:00+05:30,3635.8,3641,3633.4,3640,5425
2025-12-11T14:30:00+05:30,3639.9,3647,3637.7,3646,11725
2025-12-11T14:45:00+05:30,3645.2,3652.7,3642.7,3652.1,25025
2025-12-11T15:00:00+05:30,3652.7,3659.8,3652.3,3653.4,29750
2025-12-11T15:15:00+05:30,3652.6,3658,3645.1,3645.1,46200
2025-12-12T09:15:00+05:30,3654.8,3666.6,3637.7,3651.4,26775
2025-12-12T09:30:00+05:30,3654.9,3660.9,3653.5,3659.6,17325
2025-12-12T09:45:00+05:30,3658,3672.4,3650.4,3665.9,28875
2025-12-12T10:00:00+05:30,3665.9,3666.9,3652.9,3658.1,18550
2025-12-12T10:15:00+05:30,3659.1,3661.3,3650.1,3651.4,12950
2025-12-12T10:30:00+05:30,3653.6,3657.9,3645.5,3646.8,11375
2025-12-12T10:45:00+05:30,3645.1,3647,3639.9,3640.9,12600
2025-12-12T11:00:00+05:30,3642.6,3649.7,3642.5,3647.9,8750
2025-12-12T11:15:00+05:30,3649,3653.3,3644.4,3645.7,16625
2025-12-12T11:30:00+05:30,3644.5,3646.2,3639.1,3641,8050
2025-12-12T11:45:00+05:30,3642,3644,3639.8,3640.3,5075
2025-12-12T12:00:00+05:30,3642.6,3645,3636.4,3639.6,9450
2025-12-12T12:15:00+05:30,3638.6,3641.3,3635.6,3638.7,4550
2025-12-12T12:30:00+05:30,3639.7,3647.3,3639.7,3641.4,3675
2025-12-12T12:45:00+05:30,3643.1,3643.9,3639.4,3639.4,3675
2025-12-12T13:00:00+05:30,3639,3645.2,3637,3644.2,4025
2025-12-12T13:15:00+05:30,3645.3,3645.3,3637.3,3639.4,3150
2025-12-12T13:30:00+05:30,3638.2,3643.8,3635.3,3643.8,4900
2025-12-12T13:45:00+05:30,3643,3653.4,3642.7,3651,10500
2025-12-12T14:00:00+05:30,3650.4,3660.3,3649.1,3658.5,15925
2025-12-12T14:15:00+05:30,3655.5,3658.5,3652.2,3654.8,5950
2025-12-12T14:30:00+05:30,3658.3,3659.9,3654.3,3657.1,6825
2025-12-12T14:45:00+05:30,3656.2,3658.8,3653.8,3657.3,10675
2025-12-12T15:00:00+05:30,3660,3668.7,3660,3668.2,35350
2025-12-12T15:15:00+05:30,3668.6,3668.7,3661.1,3664,42525
2025-12-15T09:15:00+05:30,3647.5,3656,3615,3615,50400
2025-12-15T09:30:00+05:30,3616.6,3630,3603.9,3621.4,23450
2025-12-15T09:45:00+05:30,3620.3,3625.7,3616.3,3624.1,16800
2025-12-15T10:00:00+05:30,3624.1,3624.1,3615.9,3622.4,6825
2025-12-15T10:15:00+05:30,3620.7,3625.9,3618.7,3620.9,14175
2025-12-15T10:30:00+05:30,3624.2,3624.5,3620.9,3623,6125
2025-12-15T10:45:00+05:30,3628.5,3631.5,3625.8,3629.9,9450
2025-12-15T11:00:00+05:30,3629.7,3633.3,3627.3,3627.8,4550
2025-12-15T11:15:00+05:30,3631.5,3632.3,3626.9,3632.3,3675
2025-12-15T11:30:00+05:30,3632,3632,3625.4,3627.2,4375
2025-12-15T11:45:00+05:30,3627.8,3633.4,3626.4,3629.8,5950
2025-12-15T12:00:00+05:30,3630,3632.3,3627,3630.8,5250
2025-12-15T12:15:00+05:30,3635,3637.9,3629.4,3629.6,6300
2025-12-15T12:30:00+05:30,3630.5,3635.4,3629.9,3633.8,5950
2025-12-15T12:45:00+05:30,3632,3636.8,3632,3632.2,6475
2025-12-15T13:00:00+05:30,3632.2,3639.7,3631.1,3639.5,6125
2025-12-15T13:15:00+05:30,3639,3639.4,3637,3637.5,4550
2025-12-15T13:30:00+05:30,3638,3643,3637.6,3642.2,9450
2025-12-15T13:45:00+05:30,3643.5,3650.4,3643.5,3645.4,14875
2025-12-15T14:00:00+05:30,3644.8,3647.8,3640,3642.2,6125
2025-12-15T14:15:00+05:30,3643.2,3647.4,3642,3644.3,6300
2025-12-15T14:30:00+05:30,3643.6,3645.2,3637.9,3644.4,6125
2025-12-15T14:45:00+05:30,3644.8,3646.7,3636,3638.9,17150
2025-12-15T15:00:00+05:30,3640.3,3648.5,3639.3,3647,28000
2025-12-15T15:15:00+05:30,3646.2,3650.5,3639.6,3650.5,77000
2025-12-16T09:15:00+05:30,3648.6,3648.6,3633.9,3646,23625
2025-12-16T09:30:00+05:30,3643.1,3654.6,3641,3647.9,30800
2025-12-16T09:45:00+05:30,3644,3650.2,3642,3642,8400
2025-12-16T10:00:00+05:30,3640.6,3644.7,3632.6,3639.9,21000
2025-12-16T10:15:00+05:30,3637.5,3641.7,3634.1,3639.1,6650
2025-12-16T10:30:00+05:30,3639.6,3639.6,3635.7,3639,3500
2025-12-16T10:45:00+05:30,3639,3639,3637.1,3637.1,1225
2025-12-16T11:00:00+05:30,3637.3,3641.3,3637.3,3638.7,2100
2025-12-16T11:15:00+05:30,3641.3,3644.1,3638.3,3639.5,5950
2025-12-16T11:30:00+05:30,3641.7,3641.7,3631,3631,21525
2025-12-16T11:45:00+05:30,3631,3634.4,3625.3,3627.7,18550
2025-12-16T12:00:00+05:30,3627.7,3631.5,3627.7,3629.9,3675
2025-12-16T12:15:00+05:30,3629.9,3629.9,3625.8,3625.8,4200
2025-12-16T12:30:00+05:30,3621.4,3629.3,3614.3,3615,22050
2025-12-16T12:45:00+05:30,3614.9,3622.6,3612.6,3622.6,7525
2025-12-16T13:00:00+05:30,3621.1,3621.1,3615,3616.2,9450
2025-12-16T13:15:00+05:30,3617.6,3628.8,3615.8,3625.6,18025
2025-12-16T13:30:00+05:30,3625,3626.2,3622.6,3625.5,4200
2025-12-16T13:45:00+05:30,3622.4,3626.2,3620.8,3621.7,4025
2025-12-16T14:00:00+05:30,3622,3633.8,3620,3632.8,8225
2025-12-16T14:15:00+05:30,3632.3,3637.3,3627.8,3634,28175
2025-12-16T14:30:00+05:30,3633.5,3634.5,3627.5,3633,4200
2025-12-16T14:45:00+05:30,3630.8,3634,3628.1,3634,11200
2025-12-16T15:00:00+05:30,3635.2,3638.8,3631.1,3631.3,33950
2025-12-16T15:15:00+05:30,3634.5,3634.6,3618.5,3621.4,51100
2025-12-17T09:15:00+05:30,3607.9,3665,3607.9,3654.6,64400
2025-12-17T09:30:00+05:30,3654.1,3663,3645.5,3645.5,24150
2025-12-17T09:45:00+05:30,3648.3,3652.6,3642.3,3644.8,15050
2025-12-17T10:00:00+05:30,3648.7,3650.6,3638.1,3643.9,9450
2025-12-17T10:15:00+05:30,3642.1,3649.3,3640,3645.8,9800
2025-12-17T10:30:00+05:30,3645.3,3651.4,3643.6,3649.6,16100
2025-12-17T10:45:00+05:30,3648.2,3653.5,3642.6,3642.6,13125
2025-12-17T11:00:00+05:30,3642.7,3653.4,3637.6,3651.6,11025
2025-12-17T11:15:00+05:30,3653.6,3653.6,3647.9,3650,9275
2025-12-17T11:30:00+05:30,3649.8,3650.3,3642.5,3647,7175
2025-12-17T11:45:00+05:30,3645,3654.6,3645,3651.4,9450
2025-12-17T12:00:00+05:30,3650.8,3651.5,3645.1,3649,8575
2025-12-17T12:15:00+05:30,3649,3650.8,3635.1,3635.6,46375
2025-12-17T12:30:00+05:30,3635.9,3646.4,3635.2,3639.8,27300
2025-12-17T12:45:00+05:30,3639.1,3647.3,3637.7,3642.7,10850
2025-12-17T13:00:00+05:30,3643.1,3650,3643,3645.6,9450
2025-12-17T13:15:00+05:30,3644,3650.7,3643.5,3648.4,9100
2025-12-17T13:30:00+05:30,3648.6,3651.2,3644.6,3647.4,6475
2025-12-17T13:45:00+05:30,3644.8,3648.8,3644.6,3647.8,4025
2025-12-17T14:00:00+05:30,3646.3,3649,3644.1,3646.2,4200
2025-12-17T14:15:00+05:30,3646.3,3649.9,3642.4,3643.5,4200
2025-12-17T14:30:00+05:30,3641.8,3644.9,3638,3643.4,8575
2025-12-17T14:45:00+05:30,3643.6,3645,3640,3642.7,14700
2025-12-17T15:00:00+05:30,3644.6,3648.7,3641,3642.6,25375
2025-12-17T15:15:00+05:30,3641.1,3646.7,3640.5,3641,39900
2025-12-18T09:15:00+05:30,3645,3645.4,3603,3606.5,170800
2025-12-18T09:30:00+05:30,3604.4,3605.6,3577,3579.1,114450
2025-12-18T09:45:00+05:30,3576.7,3576.7,3566,3569.4,71400
2025-12-18T10:00:00+05:30,3569.4,3585,3567,3579.3,79275
2025-12-18T10:15:00+05:30,3579.6,3605.4,3578.9,3593.9,47600
2025-12-18T10:30:00+05:30,3594.9,3599.2,3585.3,3590.4,34475
2025-12-18T10:45:00+05:30,3592.4,3598.1,3590.1,3596.5,12775
2025-12-18T11:00:00+05:30,3596.5,3599,3591,3593.2,17850
2025-12-18T11:15:00+05:30,3593.1,3602.5,3593.1,3600.5,19075
2025-12-18T11:30:00+05:30,3600.5,3604.3,3598,3598.2,25200
2025-12-18T11:45:00+05:30,3599.3,3599.6,3593.4,3596.3,31325
2025-12-18T12:00:00+05:30,3598.8,3599.8,3587.4,3589.3,19950
2025-12-18T12:15:00+05:30,3589.6,3591.1,3573.9,3583.4,40600
2025-12-18T12:30:00+05:30,3583.7,3594.8,3583,3594.4,18900
2025-12-18T12:45:00+05:30,3595,3598.5,3591.3,3591.7,14700
2025-12-18T13:00:00+05:30,3593,3600.2,3593,3598.9,13125
2025-12-18T13:15:00+05:30,3599,3599,3587.6,3588.8,17675
2025-12-18T13:30:00+05:30,3585.4,3588,3580.3,3581.6,14875
2025-12-18T13:45:00+05:30,3581.6,3586.4,3578.9,3585.6,12425
2025-12-18T14:00:00+05:30,3587.5,3593.9,3583,3586.4,21525
2025-12-18T14:15:00+05:30,3586.6,3592.6,3583.2,3586.7,15225
2025-12-18T14:30:00+05:30,3587.3,3587.5,3574.1,3575.7,31325
2025-12-18T14:45:00+05:30,3575.5,3580,3573.2,3575.9,36575
2025-12-18T15:00:00+05:30,3576.5,3595.2,3576.5,3592.7,78050
2025-12-18T15:15:00+05:30,3593.3,3604.3,3592.2,3594,104300
2025-12-19T09:15:00+05:30,3598.1,3623,3598.1,3615.5,29575
2025-12-19T09:30:00+05:30,3618.4,3634.6,3617.3,3634,28525
2025-12-19T09:45:00+05:30,3630.4,3639.4,3620.9,3625,13825
2025-12-19T10:00:00+05:30,3626,3626.7,3620,3625.5,6825
2025-12-19T10:15:00+05:30,3626.5,3635.5,3625,3630.9,7350
2025-12-19T10:30:00+05:30,3629.5,3636,3625.8,3633.5,7525
2025-12-19T10:45:00+05:30,3632.2,3653,3632.2,3647,53375
2025-12-19T11:00:00+05:30,3648.7,3657.8,3642.6,3650,20475
2025-12-19T11:15:00+05:30,3652.5,3659.1,3652.4,3655.2,18550
2025-12-19T11:30:00+05:30,3654.6,3661.6,3653.4,3654.7,28175
2025-12-19T11:45:00+05:30,3652,3659.5,3649.9,3657.7,11025
2025-12-19T12:00:00+05:30,3657.5,3671.3,3655.6,3661,44625
2025-12-19T12:15:00+05:30,3662.2,3664.8,3658.3,3664.8,9275
2025-12-19T12:30:00+05:30,3665,3667.7,3661.5,3667.7,10500
2025-12-19T12:45:00+05:30,3666.2,3669,3661,3666.3,9625
2025-12-19T13:00:00+05:30,3667.9,3669.9,3663.7,3666,9625
2025-12-19T13:15:00+05:30,3667.1,3670.2,3664.5,3667.3,33075
2025-12-19T13:30:00+05:30,3667.8,3680,3665.5,3675.1,46550
2025-12-19T13:45:00+05:30,3677.2,3677.3,3664.3,3668.2,10325
2025-12-19T14:00:00+05:30,3666.1,3676.5,3666.1,3673.1,17675
2025-12-19T14:15:00+05:30,3671.9,3678,3671.5,3673,16450
2025-12-19T14:30:00+05:30,3673,3683.5,3671.5,3683.5,30975
2025-12-19T14:45:00+05:30,3681.8,3687.6,3674.1,3677.1,43225
2025-12-19T15:00:00+05:30,3677.2,3680.9,3672.1,3678,77350
2025-12-19T15:15:00+05:30,3678.5,3682.8,3674.9,3682.8,70525
2025-12-22T09:15:00+05:30,3688.2,3715.9,3681.3,3715,63175
2025-12-22T09:30:00+05:30,3714.9,3739,3714.1,3735,115850
2025-12-22T09:45:00+05:30,3732.3,3733.5,3720.7,3728,27125
2025-12-22T10:00:00+05:30,3729.6,3738,3726.1,3736.9,27650
2025-12-22T10:15:00+05:30,3737.9,3743.9,3724,3726,32375
2025-12-22T10:30:00+05:30,3724.2,3731.8,3722.8,3723.6,10500
2025-12-22T10:45:00+05:30,3723.1,3728,3720.3,3727.6,11550
2025-12-22T11:00:00+05:30,3729.2,3731.6,3717.6,3720,57925
2025-12-22T11:15:00+05:30,3718.4,3722.1,3717.5,3720,11725
2025-12-22T11:30:00+05:30,3720.8,3722.5,3715.3,3717,62825
2025-12-22T11:45:00+05:30,3717,3718.2,3708.7,3712.9,24150
2025-12-22T12:00:00+05:30,3714.8,3720,3705.9,3709,37275
2025-12-22T12:15:00+05:30,3711.3,3714,3707.9,3710.5,11550
2025-12-22T12:30:00+05:30,3710,3710,3700.3,3701.2,15050
2025-12-22T12:45:00+05:30,3700.7,3703.8,3698.6,3700,6475
2025-12-22T13:00:00+05:30,3698.6,3700,3696,3696,12600
2025-12-22T13:15:00+05:30,3695,3698.1,3693.6,3697.1,11550
2025-12-22T13:30:00+05:30,3698.1,3698.1,3696,3697.2,3850
2025-12-22T13:45:00+05:30,3696.2,3698,3695.8,3696.8,5250
2025-12-22T14:00:00+05:30,3696.1,3707.1,3695.7,3706.3,19950
2025-12-22T14:15:00+05:30,3706.5,3708.7,3700,3700,17675
2025-12-22T14:30:00+05:30,3701.2,3704,3696,3697.5,16625
2025-12-22T14:45:00+05:30,3696.3,3700,3695,3700,15750
2025-12-22T15:00:00+05:30,3700,3711,3699.4,3708.2,58100
2025-12-22T15:15:00+05:30,3708.2,3715.2,3705,3706,74550
2025-12-23T09:15:00+05:30,3706,3708.7,3685.8,3707.1,65450
2025-12-23T09:30:00+05:30,3707.1,3711.7,3696,3696.1,53200
2025-12-23T09:45:00+05:30,3695,3704.4,3695,3698.8,63525
2025-12-23T10:00:00+05:30,3698.8,3698.8,3690.7,3694.5,53200
2025-12-23T10:15:00+05:30,3691.8,3693.7,3689.9,3692.5,50225
2025-12-23T10:30:00+05:30,3692.5,3695.6,3692.1,3694.2,46375
2025-12-23T10:45:00+05:30,3694.2,3695.1,3685.8,3691.2,59675
2025-12-23T11:00:00+05:30,3691.2,3697,3686.7,3694.5,64400
2025-12-23T11:15:00+05:30,3694.5,3697.9,3691.9,3695.6,89425
2025-12-23T11:30:00+05:30,3695.6,3697.9,3683.6,3685,49000
2025-12-23T11:45:00+05:30,3685,3689.2,3682,3689,50225
2025-12-23T12:00:00+05:30,3689,3689.8,3685.6,3688.7,50925
2025-12-23T12:15:00+05:30,3688.7,3690.3,3688,3688.8,47425
2025-12-23T12:30:00+05:30,3688.8,3689.7,3687.6,3689.2,47950
2025-12-23T12:45:00+05:30,3689.2,3689.4,3685.9,3686,48650
2025-12-23T13:00:00+05:30,3686.1,3689.2,3684.9,3689.2,48475
2025-12-23T13:15:00+05:30,3689.2,3692.2,3688.2,3692.2,47775
2025-12-23T13:30:00+05:30,3692.2,3693.9,3691,3691,46200
2025-12-23T13:45:00+05:30,3691,3696,3690.2,3695.8,49175
2025-12-23T14:00:00+05:30,3695.1,3695.1,3689.8,3689.8,45500
2025-12-23T14:15:00+05:30,3689.8,3698.8,3689.8,3695.7,44100
2025-12-23T14:30:00+05:30,3695.7,3696.6,3686.6,3686.6,42700
2025-12-23T14:45:00+05:30,3685.6,3690.1,3677.2,3690,68775
2025-12-23T15:00:00+05:30,3690,3695,3686.1,3689.9,98700
2025-12-23T15:15:00+05:30,3691.5,3692.4,3686.9,3689.6,71750
2025-12-24T09:15:00+05:30,3674.7,3692.6,3674.7,3685,102550
2025-12-24T09:30:00+05:30,3685.4,3691.3,3681.9,3682,91700
2025-12-24T09:45:00+05:30,3682.4,3683.1,3675.1,3681.4,86625
2025-12-24T10:00:00+05:30,3681.4,3694.3,3680.5,3691.4,92400
2025-12-24T10:15:00+05:30,3692,3696,3689.1,3693.6,82775
2025-12-24T10:30:00+05:30,3694.2,3707.9,3691.8,3700,89075
2025-12-24T10:45:00+05:30,3700.1,3719,3700.1,3709.7,117950
2025-12-24T11:00:00+05:30,3709.7,3711.1,3700.6,3706.5,106050
2025-12-24T11:15:00+05:30,3706.5,3725,3700.8,3709.8,133700
2025-12-24T11:30:00+05:30,3709.8,3714.7,3696.3,3696.6,97825
2025-12-24T11:45:00+05:30,3696.6,3706.4,3692.7,3706.4,102200
2025-12-24T12:00:00+05:30,3706.4,3711.2,3702.6,3707.4,89075
2025-12-24T12:15:00+05:30,3707.2,3707.4,3700.3,3700.6,89250
2025-12-24T12:30:00+05:30,3700.6,3709.4,3700.6,3705.1,87150
2025-12-24T12:45:00+05:30,3705.1,3706,3692.3,3694.4,92575
2025-12-24T13:00:00+05:30,3694.4,3694.4,3683.2,3687.1,83125
2025-12-24T13:15:00+05:30,3687.1,3689.2,3687.1,3689.2,83125
2025-12-24T13:30:00+05:30,3689.2,3693.7,3686.5,3692,78225
2025-12-24T13:45:00+05:30,3692,3692,3687.9,3687.9,87150
2025-12-24T14:00:00+05:30,3687.9,3687.9,3675.7,3679.1,79450
2025-12-24T14:15:00+05:30,3679.1,3695.2,3678.3,3681.9,96425
2025-12-24T14:30:00+05:30,3681.9,3682.7,3671.7,3676,99050
2025-12-24T14:45:00+05:30,3676,3678.1,3672.6,3677.5,87675
2025-12-24T15:00:00+05:30,3676.5,3681.2,3676,3676,82250
2025-12-24T15:15:00+05:30,3675.6,3677.7,3657,3658,139475
2025-12-26T09:15:00+05:30,3658,3678.9,3653.7,3672.4,102900
2025-12-26T09:30:00+05:30,3672.4,3673.6,3658.6,3659.8,125650
2025-12-26T09:45:00+05:30,3659.8,3662.4,3652,3654.3,101500
2025-12-26T10:00:00+05:30,3654.3,3654.3,3644.9,3647.6,111475
2025-12-26T10:15:00+05:30,3647.6,3652.8,3642.5,3650,95375
2025-12-26T10:30:00+05:30,3650,3656,3648.1,3652,95025
2025-12-26T10:45:00+05:30,3654.9,3655,3650.3,3652,100450
2025-12-26T11:00:00+05:30,3652,3652.6,3649,3650,97650
2025-12-26T11:15:00+05:30,3650,3650,3645.1,3647,110425
2025-12-26T11:30:00+05:30,3647,3649.6,3636.9,3638.6,105700
2025-12-26T11:45:00+05:30,3638.6,3645,3638.6,3642.2,96950
2025-12-26T12:00:00+05:30,3642.2,3647.9,3641.1,3645.6,104300
2025-12-26T12:15:00+05:30,3645.6,3646.5,3640.2,3642.4,83300
2025-12-26T12:30:00+05:30,3642.4,3642.4,3636,3636.2,82075
2025-12-26T12:45:00+05:30,3636.2,3644.3,3636,3642,79800
2025-12-26T13:00:00+05:30,3642,3648.2,3641.1,3643.3,85400
2025-12-26T13:15:00+05:30,3643.3,3645.5,3641.8,3642.4,81900
2025-12-26T13:30:00+05:30,3642.4,3647.8,3637.3,3644.9,95550
2025-12-26T13:45:00+05:30,3644.9,3651.6,3637,3637,99400
2025-12-26T14:00:00+05:30,3637,3644,3633.5,3637.3,103775
2025-12-26T14:15:00+05:30,3637.3,3640,3633,3633.4,135450
2025-12-26T14:30:00+05:30,3633.5,3634,3627.1,3631,80325
2025-12-26T14:45:00+05:30,3631,3639,3630,3639,91175
2025-12-26T15:00:00+05:30,3639,3640,3632.1,3633.5,92575
2025-12-26T15:15:00+05:30,3633,3639.7,3633,3639.7,83650
2025-12-29T09:15:00+05:30,3633.3,3640.7,3624.4,3638,64400
2025-12-29T09:30:00+05:30,3638,3644.4,3634.4,3636.3,57400
2025-12-29T09:45:00+05:30,3636.3,3636.4,3626.6,3628,62300
2025-12-29T10:00:00+05:30,3624.2,3633.5,3616,3618,70700
2025-12-29T10:15:00+05:30,3619.8,3621.7,3616,3617.5,54425
2025-12-29T10:30:00+05:30,3617.5,3619.5,3606,3609,72100
2025-12-29T10:45:00+05:30,3609,3609,3594.4,3596.1,65625
2025-12-29T11:00:00+05:30,3596.1,3596.7,3589.2,3594.4,67725
2025-12-29T11:15:00+05:30,3594.4,3599.7,3591,3599.7,57050
2025-12-29T11:30:00+05:30,3599.7,3604.9,3595.6,3597.9,50225
2025-12-29T11:45:00+05:30,3597.9,3605.6,3595.2,3601.2,61425
2025-12-29T12:00:00+05:30,3601.2,3606,3595.4,3595.4,50575
2025-12-29T12:15:00+05:30,3595.4,3595.4,3587,3588.5,56175
2025-12-29T12:30:00+05:30,3588.5,3588.9,3578.7,3581.2,69300
2025-12-29T12:45:00+05:30,3581.2,3589.3,3578.9,3583,60025
2025-12-29T13:00:00+05:30,3583,3590,3583,3589.4,56175
2025-12-29T13:15:00+05:30,3589.4,3590,3584.2,3590,47775
2025-12-29T13:30:00+05:30,3590,3590.5,3584,3590,64225
2025-12-29T13:45:00+05:30,3590,3591.9,3586.6,3589.1,136500
2025-12-29T14:00:00+05:30,3589.1,3590,3584.5,3590,63875
2025-12-29T14:15:00+05:30,3590,3592.8,3585,3592.8,102025
2025-12-29T14:30:00+05:30,3592.8,3592.9,3583.8,3585,183750
2025-12-29T14:45:00+05:30,3584.8,3584.8,3570.4,3577.6,304500
2025-12-29T15:00:00+05:30,3577.9,3581.1,3574.2,3576.9,234150
2025-12-29T15:15:00+05:30,3575.1,3580.7,3570.4,3574.1,253400
2025-12-30T09:15:00+05:30,3595,3596.8,3570.8,3594.8,42700
2025-12-30T09:30:00+05:30,3594.9,3620,3590.2,3620,96950
2025-12-30T09:45:00+05:30,3620.4,3629.9,3618,3628.9,112525
2025-12-30T10:00:00+05:30,3628.9,3632.3,3622,3625.9,105000
2025-12-30T10:15:00+05:30,3625,3626.8,3615.6,3620.8,89075
2025-12-30T10:30:00+05:30,3620.5,3652.4,3619.1,3646.9,119000
2025-12-30T10:45:00+05:30,3646.9,3646.9,3622.4,3624,46375
2025-12-30T11:00:00+05:30,3624,3626.9,3622.1,3624.8,68075
2025-12-30T11:15:00+05:30,3624.8,3626.7,3622,3623.4,37100
2025-12-30T11:30:00+05:30,3621.1,3627.5,3619,3626.2,284200
2025-12-30T11:45:00+05:30,3624.8,3625.6,3618.7,3621.8,32900
2025-12-30T12:00:00+05:30,3621.3,3621.4,3616.1,3617.3,91350
2025-12-30T12:15:00+05:30,3617.3,3618.3,3615.4,3617.4,32550
2025-12-30T12:30:00+05:30,3617.4,3620.2,3615.6,3617.7,24850
2025-12-30T12:45:00+05:30,3616.7,3619.7,3611.7,3618,69825
2025-12-30T13:00:00+05:30,3618,3618,3610.2,3616.7,80325
2025-12-30T13:15:00+05:30,3613.9,3619.1,3613.9,3619.1,37800
2025-12-30T13:30:00+05:30,3619,3625,3616.5,3624.4,25900
2025-12-30T13:45:00+05:30,3624.8,3650,3624.5,3645.4,53725
2025-12-30T14:00:00+05:30,3645.6,3646.2,3633.4,3642.6,63175
2025-12-30T14:15:00+05:30,3642.6,3657.5,3640.4,3646.8,78050
2025-12-30T14:30:00+05:30,3646.9,3656.9,3645.3,3654.6,42000
2025-12-30T14:45:00+05:30,3654.7,3669.3,3654,3663.6,88900
2025-12-30T15:00:00+05:30,3661.5,3665,3642,3651.7,111300
2025-12-30T15:15:00+05:30,3651.7,3654.6,3646.8,3649.2,147875
2025-12-31T09:15:00+05:30,3668,3684,3657.3,3681.9,80675
2025-12-31T09:30:00+05:30,3679.5,3690,3679.5,3680.7,57050
2025-12-31T09:45:00+05:30,3681.5,3683.2,3665,3680,19950
2025-12-31T10:00:00+05:30,3680,3686,3675.3,3680.3,20125
2025-12-31T10:15:00+05:30,3676.5,3684.4,3672,3683.2,28525
2025-12-31T10:30:00+05:30,3682.1,3684,3679,3682,15050
2025-12-31T10:45:00+05:30,3682.9,3685.6,3680.4,3684.6,39025
2025-12-31T11:00:00+05:30,3685,3703,3684.9,3695,96425
2025-12-31T11:15:00+05:30,3694.7,3700,3694.1,3695,17150
2025-12-31T11:30:00+05:30,3695.8,3695.8,3688.2,3692.9,10500
2025-12-31T11:45:00+05:30,3692.1,3717,3691.5,3709,45325
2025-12-31T12:00:00+05:30,3710.4,3712,3707.7,3711.5,12775
2025-12-31T12:15:00+05:30,3711.5,3717.9,3710.2,3716.9,19600
2025-12-31T12:30:00+05:30,3716.9,3722,3713.3,3717.8,27125
2025-12-31T12:45:00+05:30,3718.2,3723.1,3717.6,3722.5,23975
2025-12-31T13:00:00+05:30,3722,3722.8,3715.6,3718,13475
2025-12-31T13:15:00+05:30,3717.5,3724,3713,3713.2,15750
2025-12-31T13:30:00+05:30,3714,3716.8,3704.3,3710.1,23100
2025-12-31T13:45:00+05:30,3711.9,3716.4,3711.2,3714.7,6650
2025-12-31T14:00:00+05:30,3714.7,3721.9,3714.3,3720,11375
2025-12-31T14:15:00+05:30,3719,3719.1,3711,3713.3,9975
2025-12-31T14:30:00+05:30,3714.1,3729.9,3714.1,3729,21875
2025-12-31T14:45:00+05:30,3729.4,3740,3727,3738,39375
2025-12-31T15:00:00+05:30,3738.4,3748,3734,3745,63875
2025-12-31T15:15:00+05:30,3744.8,3747.6,3740,3745.9,78225
2026-01-01T09:15:00+05:30,3755.1,3772,3738.5,3767.3,102550
2026-01-01T09:30:00+05:30,3770,3788.7,3769.8,3785,108150
2026-01-01T09:45:00+05:30,3787,3798,3772.4,3772.5,99400
2026-01-01T10:00:00+05:30,3773.1,3781.4,3766,3776,52850
2026-01-01T10:15:00+05:30,3776,3776,3753.1,3770.7,52500
2026-01-01T10:30:00+05:30,3772.7,3786.5,3769,3783.7,24500
2026-01-01T10:45:00+05:30,3782.5,3787.9,3782.2,3784.5,15050
2026-01-01T11:00:00+05:30,3783.6,3799.1,3783.6,3795.5,26250
2026-01-01T11:15:00+05:30,3795.5,3807.5,3793.2,3805.1,34125
2026-01-01T11:30:00+05:30,3805,3810,3792.7,3795.2,33600
2026-01-01T11:45:00+05:30,3797,3798.2,3785,3793.4,17850
2026-01-01T12:00:00+05:30,3794.8,3794.8,3783.5,3786.5,18725
2026-01-01T12:15:00+05:30,3787.7,3791.8,3786.1,3789,12600
2026-01-01T12:30:00+05:30,3787.7,3802.5,3787,3793.9,38675
2026-01-01T12:45:00+05:30,3797,3802,3795.2,3800,26075
2026-01-01T13:00:00+05:30,3799.1,3805,3796.3,3796.9,18900
2026-01-01T13:15:00+05:30,3799.1,3799.2,3792.7,3797.7,11200
2026-01-01T13:30:00+05:30,3798,3798.8,3793.9,3797.5,6300
2026-01-01T13:45:00+05:30,3797.9,3813.5,3797.9,3812.1,32200
2026-01-01T14:00:00+05:30,3811,3813.3,3808,3811.5,28875
2026-01-01T14:15:00+05:30,3813,3814.2,3797.1,3797.5,38675
2026-01-01T14:30:00+05:30,3797.3,3809.1,3797.3,3804.4,23275
2026-01-01T14:45:00+05:30,3806.1,3812.1,3805.2,3808.7,40425
2026-01-01T15:00:00+05:30,3807.8,3813.9,3803.8,3811.5,35000
2026-01-01T15:15:00+05:30,3810.9,3817.9,3810,3814.8,78750
2026-01-02T09:15:00+05:30,3867.5,3917.9,3862,3902.9,474600
2026-01-02T09:30:00+05:30,3902.9,3903.5,3866.4,3874.1,124950
2026-01-02T09:45:00+05:30,3875,3904.8,3874,3899.3,79450
2026-01-02T10:00:00+05:30,3896.7,3905,3896,3900.7,40950
2026-01-02T10:15:00+05:30,3902.7,3905,3875.2,3878.3,67200
2026-01-02T10:30:00+05:30,3877.8,3882.9,3868,3876.6,61425
2026-01-02T10:45:00+05:30,3878.2,3881,3869.5,3879.6,33950
2026-01-02T11:00:00+05:30,3880,3891.9,3878,3888,23450
2026-01-02T11:15:00+05:30,3886.1,3886.9,3880.1,3884.5,22575
2026-01-02T11:30:00+05:30,3883.8,3884.4,3873,3874.9,10675
2026-01-02T11:45:00+05:30,3875.3,3885.3,3875,3884,7875
2026-01-02T12:00:00+05:30,3883.5,3888.2,3880.3,3887.5,11550
2026-01-02T12:15:00+05:30,3887.1,3891.5,3884.9,3890.8,22050
2026-01-02T12:30:00+05:30,3888.5,3895,3887.5,3891.6,15575
2026-01-02T12:45:00+05:30,3894.4,3895.4,3887.3,3889,11900
2026-01-02T13:00:00+05:30,3888,3891.6,3882.9,3886.4,20125
2026-01-02T13:15:00+05:30,3888.5,3889.3,3882.7,3883.5,13650
2026-01-02T13:30:00+05:30,3880,3888,3880,3881.6,24325
2026-01-02T13:45:00+05:30,3882.8,3884.9,3872.3,3872.6,33075
2026-01-02T14:00:00+05:30,3873.1,3876.4,3869.3,3873,38675
2026-01-02T14:15:00+05:30,3871.4,3874.5,3858,3868.3,55125
2026-01-02T14:30:00+05:30,3871,3872.3,3855.5,3861,39200
2026-01-02T14:45:00+05:30,3861.1,3861.6,3845.1,3859,58975
2026-01-02T15:00:00+05:30,3861.4,3870.7,3857.4,3858.4,81375
2026-01-02T15:15:00+05:30,3860.2,3869.9,3852.1,3869.9,104475
2026-01-05T09:15:00+05:30,3880,3907.9,3857.9,3902.4,78925
2026-01-05T09:30:00+05:30,3900,3907.9,3889.6,3895.4,62300
2026-01-05T09:45:00+05:30,3898,3909,3893.3,3902.1,45675
2026-01-05T10:00:00+05:30,3903.2,3913,3895.2,3913,37100
2026-01-05T10:15:00+05:30,3912.7,3920,3902.4,3902.4,73500
2026-01-05T10:30:00+05:30,3899.6,3903.9,3896.6,3900.4,31850
2026-01-05T10:45:00+05:30,3903,3920.1,3900.1,3912.5,36050
2026-01-05T11:00:00+05:30,3912.7,3914.9,3888.3,3891.5,27650
2026-01-05T11:15:00+05:30,3892.1,3898.3,3890.6,3891.2,29575
2026-01-05T11:30:00+05:30,3892.1,3900,3890.5,3897.5,11900
2026-01-05T11:45:00+05:30,3895.8,3897.6,3891.6,3895.8,16100
2026-01-05T12:00:00+05:30,3895.9,3899.9,3890,3898.5,19950
2026-01-05T12:15:00+05:30,3897.8,3902.3,3895.8,3898.1,18550
2026-01-05T12:30:00+05:30,3899.8,3901.6,3895.1,3895.4,19950
2026-01-05T12:45:00+05:30,3895.8,3898.6,3894.4,3895,14700
2026-01-05T13:00:00+05:30,3897.4,3897.9,3890.6,3892,16625
2026-01-05T13:15:00+05:30,3890.4,3893.1,3885,3886,23625
2026-01-05T13:30:00+05:30,3885.1,3887.2,3880.3,3885.9,23450
2026-01-05T13:45:00+05:30,3886,3888.8,3868.9,3871.4,33075
2026-01-05T14:00:00+05:30,3870,3872.9,3855.3,3858.2,43750
2026-01-05T14:15:00+05:30,3859,3867.6,3858.1,3861,27650
2026-01-05T14:30:00+05:30,3863.4,3875.2,3862.5,3873,25025
2026-01-05T14:45:00+05:30,3872.7,3879.8,3870.9,3875.5,34825
2026-01-05T15:00:00+05:30,3878.1,3882.7,3871.2,3875.1,26075
2026-01-05T15:15:00+05:30,3872.6,3875.1,3866,3869.1,35700
2026-01-06T09:15:00+05:30,3874.7,3876.2,3855.9,3864,58975
2026-01-06T09:30:00+05:30,3865.8,3874.1,3857,3860.4,55125
2026-01-06T09:45:00+05:30,3860.6,3875.7,3860.6,3873.6,32725
2026-01-06T10:00:00+05:30,3873.8,3881.8,3870.7,3873.3,24675
2026-01-06T10:15:00+05:30,3874.4,3879.8,3866.1,3869.8,15400
2026-01-06T10:30:00+05:30,3869.8,3877.2,3866.1,3866.2,14525
2026-01-06T10:45:00+05:30,3866.8,3872.3,3865.1,3868.3,14175
2026-01-06T11:00:00+05:30,3865.6,3870.1,3860.8,3865.3,18900
2026-01-06T11:15:00+05:30,3864.8,3864.8,3852.8,3863,23100
2026-01-06T11:30:00+05:30,3865,3896.9,3865,3896,31675
2026-01-06T11:45:00+05:30,3897.1,3897.1,3872,3876.2,20125
2026-01-06T12:00:00+05:30,3875.3,3877.8,3873.1,3876.8,4200
2026-01-06T12:15:00+05:30,3877.3,3884.7,3875,3884.7,12250
2026-01-06T12:30:00+05:30,3883.9,3886.5,3881.7,3884.3,10850
2026-01-06T12:45:00+05:30,3885.1,3900,3883.8,3897.6,24325
2026-01-06T13:00:00+05:30,3897.1,3902,3895.2,3899.2,13825
2026-01-06T13:15:00+05:30,3898.8,3899,3892.1,3893.4,9625
2026-01-06T13:30:00+05:30,3892.5,3897.5,3891.1,3897.5,11375
2026-01-06T13:45:00+05:30,3897.7,3897.7,3890.2,3892.9,7700
2026-01-06T14:00:00+05:30,3890.4,3901.5,3889.1,3900.2,35175
2026-01-06T14:15:00+05:30,3900.2,3901.5,3885,3894.2,43050
2026-01-06T14:30:00+05:30,3895.4,3895.4,3885.6,3887.7,14175
2026-01-06T14:45:00+05:30,3886.8,3890.7,3885.5,3890.3,16625
2026-01-06T15:00:00+05:30,3891,3894.9,3880.1,3883.9,56000
2026-01-06T15:15:00+05:30,3883.9,3893.5,3882.8,3893.5,44100
2026-01-07T09:15:00+05:30,3901.8,3901.8,3868.1,3877.3,44625
2026-01-07T09:30:00+05:30,3876.1,3887.4,3873,3880.2,18200
2026-01-07T09:45:00+05:30,3876.9,3884.7,3876.7,3877,13125
2026-01-07T10:00:00+05:30,3883,3887.7,3878.5,3882.4,23450
2026-01-07T10:15:00+05:30,3886.5,3887.3,3871.1,3873.1,18200
2026-01-07T10:30:00+05:30,3873.1,3879.5,3872.5,3877.9,7000
2026-01-07T10:45:00+05:30,3875.3,3886.7,3873.1,3878.2,14525
2026-01-07T11:00:00+05:30,3879.6,3881.7,3871.3,3873.7,9275
2026-01-07T11:15:00+05:30,3873,3874.7,3868,3868.9,8925
2026-01-07T11:30:00+05:30,3868.6,3874.8,3866,3866.9,9100
2026-01-07T11:45:00+05:30,3867.4,3879.1,3865.9,3872.2,23450
2026-01-07T12:00:00+05:30,3873.1,3877.4,3869.8,3869.8,28875
2026-01-07T12:15:00+05:30,3869,3876,3867.1,3873.3,6825
2026-01-07T12:30:00+05:30,3870.3,3883.2,3870.3,3872.7,16625
2026-01-07T12:45:00+05:30,3873,3878.9,3871.3,3875.4,6825
2026-01-07T13:00:00+05:30,3875,3875,3856.6,3859.9,17325
2026-01-07T13:15:00+05:30,3859.9,3860,3844.9,3845.1,60375
2026-01-07T13:30:00+05:30,3845.1,3858,3844.5,3858,29225
2026-01-07T13:45:00+05:30,3854.8,3854.8,3841.1,3848.5,32550
2026-01-07T14:00:00+05:30,3846.1,3848.2,3841.1,3841.1,20825
2026-01-07T14:15:00+05:30,3843.6,3847.6,3838,3847.6,19950
2026-01-07T14:30:00+05:30,3847.6,3847.6,3841.1,3847.1,8400
2026-01-07T14:45:00+05:30,3846,3861.1,3845,3858.5,18375
2026-01-07T15:00:00+05:30,3861.3,3862.9,3850.3,3855,41825
2026-01-07T15:15:00+05:30,3856.6,3860.7,3848,3848,41825
2026-01-08T09:15:00+05:30,3836.8,3870.4,3830,3853.8,75250
2026-01-08T09:30:00+05:30,3851,3859.2,3841.5,3854.6,17325
2026-01-08T09:45:00+05:30,3851,3853.2,3841,3853.1,11375
2026-01-08T10:00:00+05:30,3852.4,3852.4,3840.2,3851.5,13475
2026-01-08T10:15:00+05:30,3848.8,3851.7,3844.3,3851.7,9275
2026-01-08T10:30:00+05:30,3853.1,3857.2,3848.6,3852.5,16275
2026-01-08T10:45:00+05:30,3850.5,3852.9,3842.6,3842.6,25025
2026-01-08T11:00:00+05:30,3845.7,3847.6,3832.2,3832.7,32025
2026-01-08T11:15:00+05:30,3833,3840.6,3832.2,3837.5,33600
2026-01-08T11:30:00+05:30,3837.5,3843.6,3835,3842.6,11900
2026-01-08T11:45:00+05:30,3842.6,3850,3836.1,3837.5,16975
2026-01-08T12:00:00+05:30,3837.3,3837.3,3822,3832.4,21175
2026-01-08T12:15:00+05:30,3834,3842.2,3830.1,3840.8,10850
2026-01-08T12:30:00+05:30,3842,3848.9,3834.9,3841.5,11200
2026-01-08T12:45:00+05:30,3840,3842.5,3836.6,3836.6,9100
2026-01-08T13:00:00+05:30,3837.5,3843.1,3833.4,3842,19075
2026-01-08T13:15:00+05:30,3840.1,3840.1,3833,3836.4,4025
2026-01-08T13:30:00+05:30,3832.2,3840.6,3832.1,3836.6,7000
2026-01-08T13:45:00+05:30,3839.2,3843.3,3836.6,3839.2,27825
2026-01-08T14:00:00+05:30,3839.3,3839.9,3824,3825,48300
2026-01-08T14:15:00+05:30,3824.2,3829.4,3819.1,3821.9,21000
2026-01-08T14:30:00+05:30,3820,3827,3816,3825.9,22575
2026-01-08T14:45:00+05:30,3826.1,3834,3824.3,3834,46725
2026-01-08T15:00:00+05:30,3834,3834,3810,3819.1,60900
2026-01-08T15:15:00+05:30,3819.8,3821.8,3812.8,3819,44275
2026-01-09T09:15:00+05:30,3800.6,3862.6,3800.6,3832.2,52325
2026-01-09T09:30:00+05:30,3836.4,3839.9,3820.6,3839.1,30100
2026-01-09T09:45:00+05:30,3838.3,3856.7,3835,3845.3,23800
2026-01-09T10:00:00+05:30,3845.3,3849.8,3839.8,3846.4,10675
2026-01-09T10:15:00+05:30,3842.7,3847.5,3836.8,3839.9,17500
2026-01-09T10:30:00+05:30,3836.9,3839.4,3828.3,3834.7,9800
2026-01-09T10:45:00+05:30,3837.2,3851.9,3833.2,3837.4,11375
2026-01-09T11:00:00+05:30,3834.6,3839.3,3833.1,3833.7,6300
2026-01-09T11:15:00+05:30,3835.4,3838.5,3827.1,3837.9,6650
2026-01-09T11:30:00+05:30,3840.6,3842.1,3821,3821,6650
2026-01-09T11:45:00+05:30,3822,3823.4,3813,3814.6,11725
2026-01-09T12:00:00+05:30,3812.1,3815.1,3805.2,3807,26250
2026-01-09T12:15:00+05:30,3809,3813.8,3803,3804.1,10150
2026-01-09T12:30:00+05:30,3797,3799.7,3786.1,3790.8,32900
2026-01-09T12:45:00+05:30,3787.5,3795.2,3786,3793.4,18200
2026-01-09T13:00:00+05:30,3792.3,3796.8,3780.1,3784.9,22575
2026-01-09T13:15:00+05:30,3782,3786.8,3776.6,3784.1,36925
2026-01-09T13:30:00+05:30,3786.4,3794.4,3784.8,3790,26775
2026-01-09T13:45:00+05:30,3786.1,3794.2,3782.6,3794.2,14350
2026-01-09T14:00:00+05:30,3794.6,3794.8,3786.1,3786.2,12775
2026-01-09T14:15:00+05:30,3783.8,3786.2,3780.6,3781.2,11725
2026-01-09T14:30:00+05:30,3780.9,3788.4,3776,3781,34475
2026-01-09T14:45:00+05:30,3782.3,3798.8,3776.2,3789.6,49700
2026-01-09T15:00:00+05:30,3791.4,3794.9,3768,3775.2,84000
2026-01-09T15:15:00+05:30,3775.6,3785.2,3767.3,3772.7,74025
2026-01-12T09:15:00+05:30,3790.2,3790.2,3720.1,3721.6,77175
2026-01-12T09:30:00+05:30,3724.8,3739,3716.4,3723.5,38675
2026-01-12T09:45:00+05:30,3720,3744.9,3711.6,3726.7,30625
2026-01-12T10:00:00+05:30,3724.7,3742.2,3721,3721,22925
2026-01-12T10:15:00+05:30,3722.8,3735.1,3718.8,3728.3,18375
2026-01-12T10:30:00+05:30,3727.7,3727.7,3691,3699.7,37800
2026-01-12T10:45:00+05:30,3694,3706.7,3690,3699,23625
2026-01-12T11:00:00+05:30,3696.8,3696.8,3682.7,3682.7,10850
2026-01-12T11:15:00+05:30,3685,3688.5,3679,3680.5,16800
2026-01-12T11:30:00+05:30,3680.3,3683,3671.3,3673.7,21175
2026-01-12T11:45:00+05:30,3673.8,3686.7,3673.8,3685.5,14175
2026-01-12T12:00:00+05:30,3680.8,3695.4,3676.1,3695.4,32025
2026-01-12T12:15:00+05:30,3696.5,3715.6,3691.8,3711.2,29750
2026-01-12T12:30:00+05:30,3711.9,3720.9,3708.1,3714.5,51275
2026-01-12T12:45:00+05:30,3715.2,3725.5,3711.1,3721,14875
2026-01-12T13:00:00+05:30,3719.8,3726.5,3713.3,3726.5,12950
2026-01-12T13:15:00+05:30,3727.8,3733.1,3721.1,3728.1,21700
2026-01-12T13:30:00+05:30,3727.4,3749.2,3727.4,3733.3,30450
2026-01-12T13:45:00+05:30,3736.9,3739.3,3732.7,3734.3,10325
2026-01-12T14:00:00+05:30,3732.1,3735,3728.9,3732.5,16800
2026-01-12T14:15:00+05:30,3730,3732.9,3722.6,3732.9,24500
2026-01-12T14:30:00+05:30,3733.7,3737.7,3727.5,3734.8,21875
2026-01-12T14:45:00+05:30,3732.8,3759.9,3731.2,3759.1,39375
2026-01-12T15:00:00+05:30,3758.9,3775,3755.4,3765.8,70700
2026-01-12T15:15:00+05:30,3767.9,3779.9,3767.9,3775.5,71750
2026-01-13T09:15:00+05:30,3770.8,3784.6,3747.9,3753.9,34475
2026-01-13T09:30:00+05:30,3755.4,3761.2,3727.2,3734,41475
2026-01-13T09:45:00+05:30,3738.2,3745.9,3723,3728,22925
2026-01-13T10:00:00+05:30,3728,3740,3725.1,3733.6,9800
2026-01-13T10:15:00+05:30,3733.1,3754,3733.1,3751.9,21350
2026-01-13T10:30:00+05:30,3753,3753.9,3731.1,3731.1,16450
2026-01-13T10:45:00+05:30,3733.5,3738,3725.8,3733.3,23100
2026-01-13T11:00:00+05:30,3733.5,3736.4,3724.9,3732.8,51450
2026-01-13T11:15:00+05:30,3731.7,3740.1,3728.3,3740.1,27300
2026-01-13T11:30:00+05:30,3737.7,3758.7,3737.7,3750.2,79800
2026-01-13T11:45:00+05:30,3747.4,3750.6,3738.5,3740.5,49700
2026-01-13T12:00:00+05:30,3740,3740,3726.2,3727.9,64400
2026-01-13T12:15:00+05:30,3726.2,3736.6,3724.3,3734.9,67375
2026-01-13T12:30:00+05:30,3735.8,3739.1,3729.5,3737.5,104825
2026-01-13T12:45:00+05:30,3734.1,3749.1,3732.2,3741.1,150675
2026-01-13T13:00:00+05:30,3741.8,3745.7,3733.3,3742.5,122500
2026-01-13T13:15:00+05:30,3742.4,3743.9,3725.4,3728.8,23450
2026-01-13T13:30:00+05:30,3726,3732.2,3720,3732.2,18550
2026-01-13T13:45:00+05:30,3726.8,3730.2,3721,3722.5,13300
2026-01-13T14:00:00+05:30,3722.5,3725.1,3712.7,3716.4,11725
2026-01-13T14:15:00+05:30,3716.4,3719,3712.2,3714,11375
2026-01-13T14:30:00+05:30,3715.5,3742.7,3713.6,3741.1,34125
2026-01-13T14:45:00+05:30,3740.8,3763.1,3737.2,3758.8,32725
2026-01-13T15:00:00+05:30,3757.9,3767.8,3755.4,3766,37275
2026-01-13T15:15:00+05:30,3769,3774.8,3751.1,3757.6,81550
2026-01-14T09:15:00+05:30,3716.6,3771.9,3716.6,3756.1,54425
2026-01-14T09:30:00+05:30,3758.6,3758.6,3739.1,3739.3,16450
2026-01-14T09:45:00+05:30,3741.9,3757.7,3738.5,3748,17150
2026-01-14T10:00:00+05:30,3748.3,3751.4,3738.4,3741,11550
2026-01-14T10:15:00+05:30,3740,3750,3734.8,3750,10500
2026-01-14T10:30:00+05:30,3750,3757,3743.6,3749.3,11025
2026-01-14T10:45:00+05:30,3746.9,3756.9,3744.1,3756.9,6300
2026-01-14T11:00:00+05:30,3757,3757,3747.8,3747.9,6650
2026-01-14T11:15:00+05:30,3749.1,3753.6,3749.1,3753.6,5075
2026-01-14T11:30:00+05:30,3755,3755,3748,3750.6,7175
2026-01-14T11:45:00+05:30,3750.8,3751.5,3741,3742.3,4375
2026-01-14T12:00:00+05:30,3744.2,3746.8,3714.4,3718,30450
2026-01-14T12:15:00+05:30,3717.3,3725.8,3712.1,3720.9,21350
2026-01-14T12:30:00+05:30,3722.1,3730.6,3722,3725.5,15575
2026-01-14T12:45:00+05:30,3727.4,3729.3,3713.2,3720.5,63700
2026-01-14T13:00:00+05:30,3719.6,3728.5,3719.4,3724.1,42175
2026-01-14T13:15:00+05:30,3722.3,3722.3,3702.6,3707.9,31150
2026-01-14T13:30:00+05:30,3704.7,3718.2,3701.6,3715.5,24500
2026-01-14T13:45:00+05:30,3715.1,3719,3709.4,3709.4,13300
2026-01-14T14:00:00+05:30,3712.2,3720,3712.2,3719.1,8400
2026-01-14T14:15:00+05:30,3716.2,3716.2,3697,3700,37975
2026-01-14T14:30:00+05:30,3700,3706.6,3694,3704.6,44100
2026-01-14T14:45:00+05:30,3704.6,3712.1,3703,3708.5,58100
2026-01-14T15:00:00+05:30,3708.8,3710,3703.3,3704.7,80325
2026-01-14T15:15:00+05:30,3704.2,3706.1,3695.3,3699.2,106400
2026-01-16T09:15:00+05:30,3699.2,3699.4,3665.9,3676,77175
2026-01-16T09:30:00+05:30,3675.8,3676.1,3653.6,3673,101325
2026-01-16T09:45:00+05:30,3674.4,3697.6,3674.4,3694,48650
2026-01-16T10:00:00+05:30,3694,3706.5,3683.5,3702.5,49350
2026-01-16T10:15:00+05:30,3702.4,3732.9,3702.4,3718,63875
2026-01-16T10:30:00+05:30,3719.2,3720,3712.1,3713.1,49525
2026-01-16T10:45:00+05:30,3714.3,3717.7,3710.2,3713.5,19250
2026-01-16T11:00:00+05:30,3714.2,3714.2,3700,3702.2,38500
2026-01-16T11:15:00+05:30,3703,3707,3691.1,3691.3,16625
2026-01-16T11:30:00+05:30,3693.2,3699.3,3687.3,3692.6,19250
2026-01-16T11:45:00+05:30,3692.6,3694.2,3683,3686.7,16625
2026-01-16T12:00:00+05:30,3686.9,3694,3683.6,3694,21525
2026-01-16T12:15:00+05:30,3693.9,3704.5,3689,3691.4,18900
2026-01-16T12:30:00+05:30,3689.8,3697.2,3688.8,3692.7,12950
2026-01-16T12:45:00+05:30,3695.1,3697.7,3684,3685.5,21175
2026-01-16T13:00:00+05:30,3684.2,3687.7,3674.8,3677.9,63175
2026-01-16T13:15:00+05:30,3678.3,3678.3,3666.2,3671.8,40950
2026-01-16T13:30:00+05:30,3672.6,3677,3668.3,3671.1,37975
2026-01-16T13:45:00+05:30,3670.9,3679.2,3670,3671.7,15925
2026-01-16T14:00:00+05:30,3669.5,3675.9,3662,3665.3,13300
2026-01-16T14:15:00+05:30,3663.6,3666.5,3660.8,3662.7,14350
2026-01-16T14:30:00+05:30,3663.9,3672.1,3663,3671.3,14525
2026-01-16T14:45:00+05:30,3672.1,3680.5,3667.4,3678,44625
2026-01-16T15:00:00+05:30,3679.7,3684.2,3674,3679.9,61250
2026-01-16T15:15:00+05:30,3681.4,3683.6,3669.6,3677.9,54425
2026-01-19T09:15:00+05:30,3650,3665,3630.4,3658.1,48475
2026-01-19T09:30:00+05:30,3655.1,3666.4,3650.6,3659.3,15050
2026-01-19T09:45:00+05:30,3662.4,3664.3,3651.9,3653.1,16100
2026-01-19T10:00:00+05:30,3653.3,3664.6,3648.5,3656.3,43925
2026-01-19T10:15:00+05:30,3658.9,3667.5,3655.5,3657.1,28350
2026-01-19T10:30:00+05:30,3657,3658.8,3648.4,3658,17325
2026-01-19T10:45:00+05:30,3661.6,3665,3659.4,3664.8,17850
2026-01-19T11:00:00+05:30,3666.1,3697.6,3666.1,3683.4,45675
2026-01-19T11:15:00+05:30,3684,3687.5,3680,3682.6,33950
2026-01-19T11:30:00+05:30,3684.6,3687.3,3669.1,3687.3,21525
2026-01-19T11:45:00+05:30,3686,3688.8,3681.3,3688.8,21700
2026-01-19T12:00:00+05:30,3691,3699.5,3689.6,3699.1,30800
2026-01-19T12:15:00+05:30,3698.2,3700.3,3693.3,3696.3,44450
2026-01-19T12:30:00+05:30,3698.6,3699.3,3682.1,3683.2,19600
2026-01-19T12:45:00+05:30,3683.3,3696.7,3683.2,3696.7,19775
2026-01-19T13:00:00+05:30,3697.6,3697.6,3683.3,3687.2,14875
2026-01-19T13:15:00+05:30,3685.3,3692.4,3684.4,3690.8,13300
2026-01-19T13:30:00+05:30,3691,3699.2,3690.7,3695.6,11025
2026-01-19T13:45:00+05:30,3695,3702.8,3693.5,3693.5,16800
2026-01-19T14:00:00+05:30,3694.1,3696.5,3684.2,3686.9,43575
2026-01-19T14:15:00+05:30,3686.9,3697.1,3686.9,3690.7,17325
2026-01-19T14:30:00+05:30,3690.1,3703.9,3690.1,3700.4,15400
2026-01-19T14:45:00+05:30,3701.3,3709.8,3700.5,3706.5,42700
2026-01-19T15:00:00+05:30,3707.6,3710,3695.7,3698.4,78750
2026-01-19T15:15:00+05:30,3700.1,3703.4,3692,3697.1,83125
2026-01-20T09:15:00+05:30,3701,3718.9,3666,3667.3,39200
2026-01-20T09:30:00+05:30,3667.2,3673.5,3644.9,3644.9,38850
2026-01-20T09:45:00+05:30,3644.9,3653.3,3638,3651,26075
2026-01-20T10:00:00+05:30,3651.8,3665.5,3650.1,3661.6,22050
2026-01-20T10:15:00+05:30,3659,3675,3653.9,3654.4,22750
2026-01-20T10:30:00+05:30,3654.4,3666.2,3652,3664.6,17325
2026-01-20T10:45:00+05:30,3666,3666,3645.3,3648.3,16100
2026-01-20T11:00:00+05:30,3648.3,3657,3647.4,3655.4,21175
2026-01-20T11:15:00+05:30,3655.4,3661.9,3653,3655.3,14875
2026-01-20T11:30:00+05:30,3655.3,3662,3653.4,3659.8,18200
2026-01-20T11:45:00+05:30,3659.8,3672,3659.8,3667.8,30975
2026-01-20T12:00:00+05:30,3667.8,3668.9,3659.3,3662.9,19600
2026-01-20T12:15:00+05:30,3662.9,3665.6,3650.1,3655,12950
2026-01-20T12:30:00+05:30,3655,3656.3,3644.1,3647.2,33775
2026-01-20T12:45:00+05:30,3647.2,3652.9,3642.8,3648.7,28175
2026-01-20T13:00:00+05:30,3648.7,3648.9,3634.5,3638.8,11725
2026-01-20T13:15:00+05:30,3638.8,3642.8,3633,3639.9,11900
2026-01-20T13:30:00+05:30,3639.9,3642,3622,3623.7,22575
2026-01-20T13:45:00+05:30,3623.7,3629.9,3620,3620,21350
2026-01-20T14:00:00+05:30,3620,3625.1,3611.1,3616.8,23625
2026-01-20T14:15:00+05:30,3616.8,3625.4,3613.8,3625.4,17675
2026-01-20T14:30:00+05:30,3625,3635.8,3621.7,3635.6,35000
2026-01-20T14:45:00+05:30,3635.6,3648.7,3635.6,3638,37625
2026-01-20T15:00:00+05:30,3638,3638,3612.8,3617,35525
2026-01-20T15:15:00+05:30,3616,3620,3598.1,3620,55125
2026-01-21T09:15:00+05:30,3603.1,3610.5,3590,3591.7,109200
2026-01-21T09:30:00+05:30,3591.7,3600.2,3576.2,3583.2,125650
2026-01-21T09:45:00+05:30,3583.2,3584.2,3562.4,3569.1,142975
2026-01-21T10:00:00+05:30,3568.9,3587.7,3561.8,3568.7,124950
2026-01-21T10:15:00+05:30,3569.3,3576.8,3557.7,3557.7,124950
2026-01-21T10:30:00+05:30,3557.7,3562,3533,3549.9,161175
2026-01-21T10:45:00+05:30,3549.9,3553.9,3530,3549,162400
2026-01-21T11:00:00+05:30,3549,3575.6,3549,3570.6,163975
2026-01-21T11:15:00+05:30,3570.6,3570.6,3562.7,3569.6,76475
2026-01-21T11:30:00+05:30,3569.6,3571.5,3557.4,3558.8,102900
2026-01-21T11:45:00+05:30,3558.8,3567.8,3558.8,3567.8,85050
2026-01-21T12:00:00+05:30,3567.8,3583.2,3565.4,3583.2,101500
2026-01-21T12:15:00+05:30,3583.2,3589,3570.8,3570.8,96075
2026-01-21T12:30:00+05:30,3570.8,3594,3570.8,3587.7,89775
2026-01-21T12:45:00+05:30,3589.3,3609.7,3589.3,3608.5,101325
2026-01-21T13:00:00+05:30,3608.5,3614.9,3591.7,3595.7,88550
2026-01-21T13:15:00+05:30,3595.7,3613,3593.5,3613,74900
2026-01-21T13:30:00+05:30,3613,3614,3603.4,3605.1,77525
2026-01-21T13:45:00+05:30,3605.1,3611,3593.7,3595.6,87850
2026-01-21T14:00:00+05:30,3595.6,3596,3578.6,3582.3,84700
2026-01-21T14:15:00+05:30,3582.3,3598,3581.2,3587.7,104650
2026-01-21T14:30:00+05:30,3587.7,3606.8,3582.1,3601,82775
2026-01-21T14:45:00+05:30,3601,3607.9,3599.3,3601.8,81725
2026-01-21T15:00:00+05:30,3598.2,3606.1,3595.2,3598.1,112700
2026-01-21T15:15:00+05:30,3597.7,3607.1,3597.3,3598.4,76300
2026-01-22T09:15:00+05:30,3594.1,3639.7,3594.1,3639,124425
2026-01-22T09:30:00+05:30,3636.4,3654,3633.8,3651.4,128450
2026-01-22T09:45:00+05:30,3651.4,3662.9,3648,3648,130550
2026-01-22T10:00:00+05:30,3648,3650,3636,3636,111650
2026-01-22T10:15:00+05:30,3636,3638.4,3622.8,3622.8,116200
2026-01-22T10:30:00+05:30,3622.8,3628.5,3618.8,3621.8,111475
2026-01-22T10:45:00+05:30,3621.4,3621.7,3607.2,3607.2,107100
2026-01-22T11:00:00+05:30,3605.7,3615.9,3601.2,3604.6,117950
2026-01-22T11:15:00+05:30,3604.6,3610,3604,3606.1,116900
2026-01-22T11:30:00+05:30,3606.1,3607.2,3597.7,3598,116725
2026-01-22T11:45:00+05:30,3597.8,3605,3592.6,3601,126700
2026-01-22T12:00:00+05:30,3601,3604.4,3594.9,3603,142800
2026-01-22T12:15:00+05:30,3603,3608.7,3596.9,3601.9,98175
2026-01-22T12:30:00+05:30,3601.9,3602.9,3589.9,3596,126700
2026-01-22T12:45:00+05:30,3596,3604.5,3591.4,3594,130900
2026-01-22T13:00:00+05:30,3591,3598.7,3591,3591.3,114450
2026-01-22T13:15:00+05:30,3591.3,3598.4,3590.8,3591.1,128625
2026-01-22T13:30:00+05:30,3590.1,3590.1,3569.2,3570.4,235900
2026-01-22T13:45:00+05:30,3569.2,3578.1,3560.7,3571,213675
2026-01-22T14:00:00+05:30,3571,3580,3571,3574.7,114275
2026-01-22T14:15:00+05:30,3575.3,3585.9,3574.5,3585.9,117950
2026-01-22T14:30:00+05:30,3585.9,3592,3577,3588,143325
2026-01-22T14:45:00+05:30,3588,3596.4,3582.7,3588.4,228200
2026-01-22T15:00:00+05:30,3588.4,3588.4,3561.2,3561.2,206850
2026-01-22T15:15:00+05:30,3560.1,3566.5,3545.9,3555.8,203700
2026-01-23T09:15:00+05:30,3560,3562.7,3533.4,3558.1,73850
2026-01-23T09:30:00+05:30,3558.1,3558.8,3536.3,3543.4,84525
2026-01-23T09:45:00+05:30,3543.4,3552,3538.3,3539.1,78050
2026-01-23T10:00:00+05:30,3536.3,3557.4,3532.7,3546.2,105525
2026-01-23T10:15:00+05:30,3546.7,3568.9,3545.8,3567,123200
2026-01-23T10:30:00+05:30,3566.3,3582,3566.3,3578.6,127575
2026-01-23T10:45:00+05:30,3578.6,3579.1,3567.7,3570.9,124250
2026-01-23T11:00:00+05:30,3570.9,3578.9,3561.6,3577.4,102025
2026-01-23T11:15:00+05:30,3577.4,3586.7,3574.2,3582.2,202300
2026-01-23T11:30:00+05:30,3582.2,3582.7,3565.5,3565.5,130900
2026-01-23T11:45:00+05:30,3565.5,3576.4,3560.3,3573.2,203875
2026-01-23T12:00:00+05:30,3573.2,3582.8,3573.2,3577.8,161350
2026-01-23T12:15:00+05:30,3577.8,3594.6,3577.8,3592.4,190925
2026-01-23T12:30:00+05:30,3592.4,3604.8,3586.8,3602.6,213150
2026-01-23T12:45:00+05:30,3602.6,3608.9,3599,3601,301000
2026-01-23T13:00:00+05:30,3601,3601,3582.8,3588.7,169225
2026-01-23T13:15:00+05:30,3588.7,3594.3,3580,3583.4,141575
2026-01-23T13:30:00+05:30,3583.4,3585,3571.2,3571.2,134925
2026-01-23T13:45:00+05:30,3571.2,3581.2,3562.1,3562.2,125475
2026-01-23T14:00:00+05:30,3562.2,3567,3544,3544,97825
2026-01-23T14:15:00+05:30,3544,3549.4,3540,3541.5,103950
2026-01-23T14:30:00+05:30,3541.5,3552.6,3541.1,3547.8,84175
2026-01-23T14:45:00+05:30,3545.5,3552.6,3537.1,3540,107450
2026-01-23T15:00:00+05:30,3543.4,3545,3530.5,3533.5,79800
2026-01-23T15:15:00+05:30,3531,3537.9,3525,3537.2,79275
2026-01-27T09:15:00+05:30,3595,3595,3518.7,3542.5,116375
2026-01-27T09:30:00+05:30,3537.5,3568,3537.5,3561.6,111825
2026-01-27T09:45:00+05:30,3565.8,3573.6,3557.9,3570.1,72800
2026-01-27T10:00:00+05:30,3572.2,3578.9,3559.6,3569.6,98525
2026-01-27T10:15:00+05:30,3568.7,3577,3563.9,3566.2,46550
2026-01-27T10:30:00+05:30,3565.1,3570,3557.9,3559.3,93975
2026-01-27T10:45:00+05:30,3558.5,3559,3533,3540.2,91875
2026-01-27T11:00:00+05:30,3540.2,3546.6,3531,3546.6,79275
2026-01-27T11:15:00+05:30,3546.6,3551.8,3543.5,3548,62475
2026-01-27T11:30:00+05:30,3548,3561.4,3547,3561.4,77350
2026-01-27T11:45:00+05:30,3564.8,3564.8,3548.6,3550.8,86625
2026-01-27T12:00:00+05:30,3550.8,3551.6,3544.1,3544.6,76650
2026-01-27T12:15:00+05:30,3546.2,3549.4,3538.6,3541.9,60550
2026-01-27T12:30:00+05:30,3543.4,3546.4,3542,3543.5,71050
2026-01-27T12:45:00+05:30,3543.5,3545.6,3540.1,3542.8,61075
2026-01-27T13:00:00+05:30,3542.8,3543.8,3535.3,3540,59500
2026-01-27T13:15:00+05:30,3540,3553,3540,3548,54250
2026-01-27T13:30:00+05:30,3550,3560.5,3544.2,3544.7,52150
2026-01-27T13:45:00+05:30,3546,3558.2,3546,3551.8,43050
2026-01-27T14:00:00+05:30,3551.8,3553,3536.5,3537.5,29225
2026-01-27T14:15:00+05:30,3535.6,3540,3531.1,3539.3,68775
2026-01-27T14:30:00+05:30,3535.2,3561,3535.2,3558,41125
2026-01-27T14:45:00+05:30,3556.5,3574.5,3552.5,3570.9,326025
2026-01-27T15:00:00+05:30,3575.7,3588.8,3569.4,3582.1,102725
2026-01-27T15:15:00+05:30,3581.1,3585.6,3573.5,3583.4,83125
2026-01-28T09:15:00+05:30,3607.7,3607.7,3555,3565.2,92225
2026-01-28T09:30:00+05:30,3562.4,3566.9,3530.5,3534.5,59500
2026-01-28T09:45:00+05:30,3536.4,3536.4,3518,3529.6,81375
2026-01-28T10:00:00+05:30,3529.7,3535,3519,3521.9,88725
2026-01-28T10:15:00+05:30,3523.3,3534,3519,3528,60900
2026-01-28T10:30:00+05:30,3528,3553.6,3525.7,3547.8,44450
2026-01-28T10:45:00+05:30,3549.6,3549.6,3534.7,3542.6,33950
2026-01-28T11:00:00+05:30,3542.8,3557,3542.8,3554,23100
2026-01-28T11:15:00+05:30,3552.5,3555.9,3549.2,3552.7,16100
2026-01-28T11:30:00+05:30,3555,3555.6,3535.4,3541.3,21000
2026-01-28T11:45:00+05:30,3541.1,3543.1,3531,3538,24500
2026-01-28T12:00:00+05:30,3538,3547.6,3530.1,3547.6,36225
2026-01-28T12:15:00+05:30,3551.7,3551.7,3536.5,3536.5,40425
2026-01-28T12:30:00+05:30,3536,3543,3536,3543,4550
2026-01-28T12:45:00+05:30,3544.4,3544.4,3536.5,3536.5,9100
2026-01-28T13:00:00+05:30,3534.4,3716.2,3506.2,3685.5,1250025
2026-01-28T13:15:00+05:30,3689.8,3709,3661.1,3682.7,621425
2026-01-28T13:30:00+05:30,3681.4,3727.3,3666.5,3670,394275
2026-01-28T13:45:00+05:30,3668,3691.9,3665,3685.9,173600
2026-01-28T14:00:00+05:30,3685.2,3710,3685.2,3686,167125
2026-01-28T14:15:00+05:30,3686,3712,3685,3708.7,155225
2026-01-28T14:30:00+05:30,3708.8,3722.4,3690.2,3714.7,167475
2026-01-28T14:45:00+05:30,3715.7,3741.6,3711.8,3739.5,204750
2026-01-28T15:00:00+05:30,3737.9,3773.1,3724.4,3746.7,362425
2026-01-28T15:15:00+05:30,3748.7,3767.6,3747.4,3760,241325
2026-01-29T09:15:00+05:30,3722,3774.3,3693.8,3701.3,387450
2026-01-29T09:30:00+05:30,3694.6,3706.5,3679.3,3693.1,151375
2026-01-29T09:45:00+05:30,3690,3720.6,3690,3699,100800
2026-01-29T10:00:00+05:30,3700.1,3703.1,3675.5,3683.9,65100
2026-01-29T10:15:00+05:30,3681,3682.6,3658,3660.6,112000
2026-01-29T10:30:00+05:30,3659.8,3669.6,3645.6,3647.9,79275
2026-01-29T10:45:00+05:30,3647.9,3664.2,3624,3652,115675
2026-01-29T11:00:00+05:30,3651.1,3655.3,3622.1,3640.9,135450
2026-01-29T11:15:00+05:30,3637.6,3655,3632.2,3645,48825
2026-01-29T11:30:00+05:30,3645.4,3654,3628.8,3648.3,67725
2026-01-29T11:45:00+05:30,3646.5,3653.3,3637.2,3640,35175
2026-01-29T12:00:00+05:30,3642,3647.9,3637.5,3647.3,42525
2026-01-29T12:15:00+05:30,3646.2,3660.4,3637.8,3653.1,43225
2026-01-29T12:30:00+05:30,3649.8,3658.8,3645.2,3647.3,28175
2026-01-29T12:45:00+05:30,3646.3,3647.9,3628.3,3630.4,28000
2026-01-29T13:00:00+05:30,3632,3647.7,3630.2,3645.4,42875
2026-01-29T13:15:00+05:30,3645.6,3646.7,3633,3641.5,26425
2026-01-29T13:30:00+05:30,3641.2,3663,3639.3,3659.7,35525
2026-01-29T13:45:00+05:30,3660.9,3672.6,3659,3668.7,37800
2026-01-29T14:00:00+05:30,3669.2,3676.6,3661.4,3665.4,85400
2026-01-29T14:15:00+05:30,3664.5,3683.1,3663.5,3681.2,39200
2026-01-29T14:30:00+05:30,3681.4,3685.5,3675.1,3676.6,44625
2026-01-29T14:45:00+05:30,3676,3683.8,3666,3673.8,26425
2026-01-29T15:00:00+05:30,3673.9,3680,3670.2,3676.9,67550
2026-01-29T15:15:00+05:30,3676.5,3678.7,3673,3675.2,88025
2026-01-30T09:15:00+05:30,3659.9,3716.4,3640.5,3685.8,138600
2026-01-30T09:30:00+05:30,3686,3726,3684.3,3712.8,118650
2026-01-30T09:45:00+05:30,3709.6,3714.1,3668.6,3670,58450
2026-01-30T10:00:00+05:30,3669.6,3684.2,3660.3,3675.5,57050
2026-01-30T10:15:00+05:30,3674.6,3686,3665.1,3666.7,14350
2026-01-30T10:30:00+05:30,3666.3,3673.1,3665,3668.6,9275
2026-01-30T10:45:00+05:30,3667.6,3674.4,3660.8,3668.6,10150
2026-01-30T11:00:00+05:30,3670,3673,3661,3668.7,11025
2026-01-30T11:15:00+05:30,3668,3677.2,3667.8,3672.6,7525
2026-01-30T11:30:00+05:30,3673.7,3680.6,3665.2,3666.1,10325
2026-01-30T11:45:00+05:30,3667.5,3674.5,3663.3,3665.8,10675
2026-01-30T12:00:00+05:30,3665.8,3674.5,3665.6,3674.5,6825
2026-01-30T12:15:00+05:30,3676,3676.3,3669.9,3673.3,5425
2026-01-30T12:30:00+05:30,3673.2,3683.8,3669.2,3669.2,14350
2026-01-30T12:45:00+05:30,3671,3671.1,3664,3671.1,9275
2026-01-30T13:00:00+05:30,3668.4,3668.4,3650,3655.5,12075
2026-01-30T13:15:00+05:30,3655.3,3656.4,3648,3652.3,19075
2026-01-30T13:30:00+05:30,3652.2,3681.3,3652.2,3677.8,18200
2026-01-30T13:45:00+05:30,3677,3681.4,3673.7,3678.2,27300
2026-01-30T14:00:00+05:30,3676,3688,3667.1,3685.6,26250
2026-01-30T14:15:00+05:30,3685.7,3687.2,3680.6,3684.3,13650
2026-01-30T14:30:00+05:30,3684.2,3701.7,3683.7,3691.5,51100
2026-01-30T14:45:00+05:30,3693.1,3712.2,3689,3707,95550
2026-01-30T15:00:00+05:30,3704.5,3705.5,3688.8,3691.8,62125
2026-01-30T15:15:00+05:30,3689.5,3697,3684.6,3692,84175
2026-02-01T09:15:00+05:30,3717.3,3717.3,3663.5,3684.8,27650
2026-02-01T09:30:00+05:30,3683.8,3691.9,3673,3691.9,16800
2026-02-01T09:45:00+05:30,3688.9,3702,3685.9,3699.8,27475
2026-02-01T10:00:00+05:30,3699.8,3701.8,3675,3682,14175
2026-02-01T10:15:00+05:30,3683.6,3698.5,3683,3688,34300
2026-02-01T10:30:00+05:30,3691.4,3702,3685.6,3702,18025
2026-02-01T10:45:00+05:30,3702,3702.5,3698.3,3702.2,48825
2026-02-01T11:00:00+05:30,3701.9,3701.9,3690,3692,7700
2026-02-01T11:15:00+05:30,3689,3690.3,3680,3680,5775
2026-02-01T11:30:00+05:30,3679.5,3692.5,3672,3672,11025
2026-02-01T11:45:00+05:30,3671,3687.5,3664.1,3680.9,8225
2026-02-01T12:00:00+05:30,3675.6,3679.5,3659.5,3659.9,30975
2026-02-01T12:15:00+05:30,3659.5,3661.2,3578,3581.1,73500
2026-02-01T12:30:00+05:30,3576.2,3660,3528.2,3644,75775
2026-02-01T12:45:00+05:30,3640,3653.3,3628.5,3648.3,14700
2026-02-01T13:00:00+05:30,3646.9,3671.6,3625.7,3670.1,39375
2026-02-01T13:15:00+05:30,3670.9,3679.2,3641.7,3641.8,22575
2026-02-01T13:30:00+05:30,3641.7,3654.4,3633.6,3649,31325
2026-02-01T13:45:00+05:30,3654.9,3657.2,3632.9,3654.3,15225
2026-02-01T14:00:00+05:30,3654.6,3654.6,3601.2,3610.1,19600
2026-02-01T14:15:00+05:30,3610,3620.7,3610,3619,15050
2026-02-01T14:30:00+05:30,3618.3,3634,3618.1,3621.3,12075
2026-02-01T14:45:00+05:30,3627.2,3631.6,3600.1,3606.7,20825
2026-02-01T15:00:00+05:30,3602.4,3622.4,3600.1,3609.9,27650
2026-02-01T15:15:00+05:30,3609.7,3619.4,3588.2,3610,46200
2026-02-02T09:15:00+05:30,3630.5,3636.5,3585.7,3621.4,100275
2026-02-02T09:30:00+05:30,3625,3640.3,3621,3621.8,43575
2026-02-02T09:45:00+05:30,3620.5,3656.3,3620.5,3644.9,47250
2026-02-02T10:00:00+05:30,3642,3645.9,3622.5,3626.6,37100
2026-02-02T10:15:00+05:30,3625.6,3630.3,3605.3,3608.9,44450
2026-02-02T10:30:00+05:30,3609.5,3615.4,3597.3,3602.5,36575
2026-02-02T10:45:00+05:30,3602.1,3606.2,3582.4,3586.6,28350
2026-02-02T11:00:00+05:30,3586.3,3586.3,3568.3,3576.1,35175
2026-02-02T11:15:00+05:30,3575.8,3590,3571.4,3588.6,25025
2026-02-02T11:30:00+05:30,3589.8,3620,3588,3617.3,58450
2026-02-02T11:45:00+05:30,3619,3622.4,3612.9,3618,18550
2026-02-02T12:00:00+05:30,3622.6,3622.6,3606.4,3618.5,35175
2026-02-02T12:15:00+05:30,3625,3628,3616.5,3617.3,35350
2026-02-02T12:30:00+05:30,3617,3617,3604.7,3604.9,11725
2026-02-02T12:45:00+05:30,3604.6,3634.4,3603.8,3632.5,23625
2026-02-02T13:00:00+05:30,3634.4,3649.8,3633.4,3644,25025
2026-02-02T13:15:00+05:30,3647,3647,3628,3634.2,14875
2026-02-02T13:30:00+05:30,3635,3639,3628,3637.2,14525
2026-02-02T13:45:00+05:30,3639,3646.4,3632.1,3635.1,21175
2026-02-02T14:00:00+05:30,3635,3644.2,3632,3640.9,25375
2026-02-02T14:15:00+05:30,3641.9,3651,3639.2,3650.6,23450
2026-02-02T14:30:00+05:30,3651.4,3652.4,3634.2,3640.6,25375
2026-02-02T14:45:00+05:30,3640.5,3647.8,3638.1,3647.8,18725
2026-02-02T15:00:00+05:30,3648,3659.5,3648,3649.4,76300
2026-02-02T15:15:00+05:30,3649.9,3662,3648,3660,85400
2026-02-03T09:15:00+05:30,3755.9,3774.4,3708.8,3744.1,309575
2026-02-03T09:30:00+05:30,3749.7,3764.3,3740.4,3758.7,117075
2026-02-03T09:45:00+05:30,3760,3762.9,3742.1,3753.6,47425
2026-02-03T10:00:00+05:30,3753.9,3756.8,3710.2,3710.2,82425
2026-02-03T10:15:00+05:30,3710.2,3728.7,3710.2,3724.5,59150
2026-02-03T10:30:00+05:30,3723,3740,3719.9,3719.9,41650
2026-02-03T10:45:00+05:30,3720.2,3721.1,3702.6,3720.4,46900
2026-02-03T11:00:00+05:30,3718.8,3723.9,3705.1,3723.9,32550
2026-02-03T11:15:00+05:30,3722.8,3725.4,3713.2,3722.5,8925
2026-02-03T11:30:00+05:30,3721.8,3730.5,3721.8,3730.5,13125
2026-02-03T11:45:00+05:30,3730.4,3731.2,3720.9,3727.9,17675
2026-02-03T12:00:00+05:30,3728.3,3736,3726.7,3734.4,28700
2026-02-03T12:15:00+05:30,3734,3738.2,3730.3,3730.3,23975
2026-02-03T12:30:00+05:30,3731,3740,3731,3740,12425
2026-02-03T12:45:00+05:30,3738.4,3740,3725.1,3733.1,22225
2026-02-03T13:00:00+05:30,3731,3737.2,3715.5,3719.5,40950
2026-02-03T13:15:00+05:30,3719.4,3725.2,3710.6,3712.2,37450
2026-02-03T13:30:00+05:30,3710,3719.2,3707,3716,20825
2026-02-03T13:45:00+05:30,3716,3732.3,3714.9,3727.2,28700
2026-02-03T14:00:00+05:30,3726.2,3731.6,3725,3727.2,12600
2026-02-03T14:15:00+05:30,3726.8,3731,3725.2,3731,12425
2026-02-03T14:30:00+05:30,3731.4,3732.5,3716.1,3719,20825
2026-02-03T14:45:00+05:30,3717.9,3726.4,3717.9,3724.7,14700
2026-02-03T15:00:00+05:30,3725.6,3734.8,3723.5,3733.2,57925
2026-02-03T15:15:00+05:30,3731.5,3734.6,3709.5,3720,79975
2026-02-04T09:15:00+05:30,3725,3766,3705.7,3752.3,91525
2026-02-04T09:30:00+05:30,3754.7,3782.2,3749.2,3762.6,81900
2026-02-04T09:45:00+05:30,3763.4,3770.6,3757.1,3761.2,20300
2026-02-04T10:00:00+05:30,3761.5,3769.3,3757,3767.4,19775
2026-02-04T10:15:00+05:30,3769,3774.7,3763,3774,57225
2026-02-04T10:30:00+05:30,3774,3774,3760.1,3768.8,35000
2026-02-04T10:45:00+05:30,3771.2,3771.2,3761.1,3770,29925
2026-02-04T11:00:00+05:30,3769,3770,3758.8,3765.1,42350
2026-02-04T11:15:00+05:30,3764.8,3764.8,3745.4,3745.4,58625
2026-02-04T11:30:00+05:30,3745.4,3753.3,3741.4,3746.3,30275
2026-02-04T11:45:00+05:30,3746.1,3752.2,3743,3752.2,11550
2026-02-04T12:00:00+05:30,3752.4,3761.3,3748.6,3756.6,15400
2026-02-04T12:15:00+05:30,3758,3763.2,3755.9,3761.1,23625
2026-02-04T12:30:00+05:30,3760.6,3760.6,3753,3753,11550
2026-02-04T12:45:00+05:30,3751,3755.4,3751,3754.7,15575
2026-02-04T13:00:00+05:30,3754.2,3757.4,3750.9,3756,22400
2026-02-04T13:15:00+05:30,3755.9,3756,3747.3,3754.9,28175
2026-02-04T13:30:00+05:30,3753.8,3755.9,3751,3754.6,24150
2026-02-04T13:45:00+05:30,3754.6,3755.7,3745.7,3755.7,12425
2026-02-04T14:00:00+05:30,3755.4,3756.9,3749.6,3754.6,14875
2026-02-04T14:15:00+05:30,3754.9,3754.9,3749.1,3754.2,14350
2026-02-04T14:30:00+05:30,3752.4,3752.7,3742.1,3744.2,48125
2026-02-04T14:45:00+05:30,3744.6,3744.6,3730.1,3736.9,54425
2026-02-04T15:00:00+05:30,3740.5,3751.2,3740.3,3745.3,60725
2026-02-04T15:15:00+05:30,3745.9,3748.8,3738,3738,80500
2026-02-05T09:15:00+05:30,3737.5,3747.2,3709.1,3720.8,40775
2026-02-05T09:30:00+05:30,3718.5,3731.1,3704.5,3707.1,75075
2026-02-05T09:45:00+05:30,3706.7,3718,3706.6,3716.5,47425
2026-02-05T10:00:00+05:30,3715,3715,3707.2,3710.7,16800
2026-02-05T10:15:00+05:30,3715.6,3730.1,3710,3728.8,12425
2026-02-05T10:30:00+05:30,3727.7,3733.8,3720.1,3723.1,20475
2026-02-05T10:45:00+05:30,3720.5,3722.3,3715,3716.9,18725
2026-02-05T11:00:00+05:30,3719,3722.3,3717,3718.2,24325
2026-02-05T11:15:00+05:30,3722.3,3722.3,3717.1,3719.9,1925
2026-02-05T11:30:00+05:30,3720.9,3722.3,3712.5,3722.3,11725
2026-02-05T11:45:00+05:30,3726.4,3726.4,3718.1,3718.1,3675
2026-02-05T12:00:00+05:30,3717.5,3717.6,3713.3,3714.4,6650
2026-02-05T12:15:00+05:30,3713,3718.3,3709,3717.7,77350
2026-02-05T12:30:00+05:30,3717.8,3732,3716.9,3732,43050
2026-02-05T12:45:00+05:30,3732.4,3748.1,3730,3748.1,38500
2026-02-05T13:00:00+05:30,3747,3748.8,3740,3740,29750
2026-02-05T13:15:00+05:30,3740.8,3744.8,3738.8,3738.8,12950
2026-02-05T13:30:00+05:30,3738.6,3747,3738.5,3745.5,18900
2026-02-05T13:45:00+05:30,3745.3,3745.6,3732.7,3736.2,6125
2026-02-05T14:00:00+05:30,3736.2,3737.9,3724.9,3730.4,19075
2026-02-05T14:15:00+05:30,3730.2,3736.7,3725.6,3731.3,14350
2026-02-05T14:30:00+05:30,3732.5,3736,3730.3,3733.9,20125
2026-02-05T14:45:00+05:30,3731.3,3735.5,3727.3,3728.2,19775
2026-02-05T15:00:00+05:30,3730.2,3734.6,3727.2,3727.7,25550
2026-02-05T15:15:00+05:30,3728.1,3729,3720.6,3724.9,40075
2026-02-06T09:15:00+05:30,3709.8,3718.4,3687.2,3709.3,53200
2026-02-06T09:30:00+05:30,3708.6,3708.6,3676.5,3682,29575
2026-02-06T09:45:00+05:30,3679.8,3692.9,3674.1,3678.3,35175
2026-02-06T10:00:00+05:30,3681.5,3688.2,3672.9,3688.2,15400
2026-02-06T10:15:00+05:30,3686.6,3701.9,3679.4,3687.8,24325
2026-02-06T10:30:00+05:30,3688.4,3691.9,3687.1,3687.1,4725
2026-02-06T10:45:00+05:30,3688.6,3694.4,3678.1,3690.1,29400
2026-02-06T11:00:00+05:30,3690.1,3700,3690.1,3695.3,13125
2026-02-06T11:15:00+05:30,3697,3710,3697,3704.5,27475
2026-02-06T11:30:00+05:30,3705.4,3720,3705.4,3717,8225
2026-02-06T11:45:00+05:30,3714.9,3718.5,3708.5,3715,8750
2026-02-06T12:00:00+05:30,3715.6,3722,3705,3708.2,19600
2026-02-06T12:15:00+05:30,3707.5,3707.5,3699.8,3704.8,9800
2026-02-06T12:30:00+05:30,3704,3715.9,3699.8,3706.3,104300
2026-02-06T12:45:00+05:30,3705.5,3711.9,3701,3711.9,13825
2026-02-06T13:00:00+05:30,3711.9,3714,3702.3,3713.2,22575
2026-02-06T13:15:00+05:30,3710.1,3714.6,3706.8,3712,12425
2026-02-06T13:30:00+05:30,3711,3715,3707.8,3714.9,4900
2026-02-06T13:45:00+05:30,3712,3715,3711,3712.4,4725
2026-02-06T14:00:00+05:30,3712.2,3723.8,3712.2,3721.6,22400
2026-02-06T14:15:00+05:30,3724.1,3726.6,3716,3719.6,16100
2026-02-06T14:30:00+05:30,3720,3734.6,3720,3730.6,44975
2026-02-06T14:45:00+05:30,3731.2,3740.9,3728,3738.1,81900
2026-02-06T15:00:00+05:30,3740,3771,3739.3,3769.2,181300
2026-02-06T15:15:00+05:30,3766.7,3774.9,3748.8,3761,188300
2026-02-09T09:15:00+05:30,3790.7,3790.7,3727.2,3751,139125
2026-02-09T09:30:00+05:30,3748.5,3757.4,3748.4,3754,22925
2026-02-09T09:45:00+05:30,3752.2,3764.1,3751.4,3759.6,37975
2026-02-09T10:00:00+05:30,3759.5,3761.9,3754.5,3754.7,8400
2026-02-09T10:15:00+05:30,3755,3756.6,3749.5,3754.6,34825
2026-02-09T10:30:00+05:30,3756.3,3763,3753,3760.8,24500
2026-02-09T10:45:00+05:30,3762.8,3767,3757.1,3765.6,35175
2026-02-09T11:00:00+05:30,3764.5,3779.7,3763.5,3774.3,36925
2026-02-09T11:15:00+05:30,3774.2,3779.9,3772.5,3779.8,16100
2026-02-09T11:30:00+05:30,3779,3786.2,3778.6,3786.2,44975
2026-02-09T11:45:00+05:30,3786.7,3786.7,3776,3779.6,16100
2026-02-09T12:00:00+05:30,3779.6,3782.7,3776.9,3776.9,19250
2026-02-09T12:15:00+05:30,3777.3,3784,3777,3777.6,13475
2026-02-09T12:30:00+05:30,3776.8,3782.1,3771,3771.7,19600
2026-02-09T12:45:00+05:30,3771.5,3771.5,3762,3769.6,13475
2026-02-09T13:00:00+05:30,3769.6,3774.9,3769.6,3773,6125
2026-02-09T13:15:00+05:30,3773.6,3777.1,3768.4,3768.6,11550
2026-02-09T13:30:00+05:30,3770.5,3772.2,3767.4,3772.2,5425
2026-02-09T13:45:00+05:30,3770,3776.1,3764.1,3774.7,17150
2026-02-09T14:00:00+05:30,3774.3,3775.9,3765.6,3770,7525
2026-02-09T14:15:00+05:30,3771.6,3772.1,3767.5,3770.4,7350
2026-02-09T14:30:00+05:30,3771.3,3771.3,3763.5,3764.1,10500
2026-02-09T14:45:00+05:30,3762,3775.9,3762,3774.2,22575
2026-02-09T15:00:00+05:30,3774.9,3776.5,3770.2,3772.3,31150
2026-02-09T15:15:00+05:30,3770.9,3776.4,3768.1,3774.5,64575
2026-02-10T09:15:00+05:30,3759,3780,3759,3778,24500
2026-02-10T09:30:00+05:30,3774.7,3775.1,3761.4,3769.8,39025
2026-02-10T09:45:00+05:30,3768,3777,3760.1,3761.6,90825
2026-02-10T10:00:00+05:30,3761.1,3763.4,3756,3760.3,10325
2026-02-10T10:15:00+05:30,3763,3769.8,3759.6,3767,9800
2026-02-10T10:30:00+05:30,3766.7,3770.5,3762.4,3763.4,11375
2026-02-10T10:45:00+05:30,3765,3772.5,3757.9,3762.1,28875
2026-02-10T11:00:00+05:30,3760.9,3766.8,3760.9,3763.3,68250
2026-02-10T11:15:00+05:30,3765.5,3772.5,3764.2,3771,20300
2026-02-10T11:30:00+05:30,3772.5,3792,3771.8,3790.3,89600
2026-02-10T11:45:00+05:30,3789,3790.6,3782,3786.9,12250
2026-02-10T12:00:00+05:30,3787.5,3789.6,3779.1,3781.9,19950
2026-02-10T12:15:00+05:30,3782,3787.5,3779.9,3783.4,19250
2026-02-10T12:30:00+05:30,3782.2,3786.3,3781,3784.5,16275
2026-02-10T12:45:00+05:30,3784.8,3787.8,3777.2,3780.3,13475
2026-02-10T13:00:00+05:30,3779,3781,3775.5,3779.3,7000
2026-02-10T13:15:00+05:30,3779.1,3781.2,3775,3777.7,12425
2026-02-10T13:30:00+05:30,3778.5,3780,3776,3780,11375
2026-02-10T13:45:00+05:30,3780.6,3782.9,3777.2,3777.2,11200
2026-02-10T14:00:00+05:30,3778.6,3780.7,3774.4,3777.2,13650
2026-02-10T14:15:00+05:30,3778,3782.9,3778,3779.1,16100
2026-02-10T14:30:00+05:30,3778.3,3780.5,3774.5,3774.5,19250
2026-02-10T14:45:00+05:30,3775.2,3777.2,3766.1,3775.8,61775
2026-02-10T15:00:00+05:30,3776.3,3779.2,3771.6,3773.2,25725
2026-02-10T15:15:00+05:30,3772.7,3779,3771.4,3772,43750
2026-02-11T09:15:00+05:30,3770.1,3846,3770.1,3844.5,187425
2026-02-11T09:30:00+05:30,3845,3854.9,3836.3,3847,128975
2026-02-11T09:45:00+05:30,3848.9,3873.1,3847,3866,101500
2026-02-11T10:00:00+05:30,3866.3,3869.8,3852.3,3863,56000
2026-02-11T10:15:00+05:30,3864.3,3884.9,3864.2,3874.9,57050
2026-02-11T10:30:00+05:30,3873.8,3880.6,3866,3867.6,34650
2026-02-11T10:45:00+05:30,3869.8,3875.9,3863.9,3863.9,29225
2026-02-11T11:00:00+05:30,3862.2,3872.7,3862,3869,12950
2026-02-11T11:15:00+05:30,3871.8,3881.9,3867.1,3881.9,13650
2026-02-11T11:30:00+05:30,3882,3884.4,3873.8,3875.9,43400
2026-02-11T11:45:00+05:30,3875.9,3876.9,3864,3867.1,34825
2026-02-11T12:00:00+05:30,3865.4,3874.5,3856.6,3871.6,28350
2026-02-11T12:15:00+05:30,3871.5,3871.5,3862.6,3865,14700
2026-02-11T12:30:00+05:30,3866.8,3871.1,3856.4,3856.5,10850
2026-02-11T12:45:00+05:30,3858.2,3865.5,3852.1,3859.1,45850
2026-02-11T13:00:00+05:30,3859.7,3874.5,3859.7,3872.2,20300
2026-02-11T13:15:00+05:30,3874.8,3885,3872.9,3881.2,24850
2026-02-11T13:30:00+05:30,3882,3886.6,3877.5,3881.8,16800
2026-02-11T13:45:00+05:30,3882.6,3884.2,3875.1,3881.2,38850
2026-02-11T14:00:00+05:30,3882.9,3895,3881.6,3889,58275
2026-02-11T14:15:00+05:30,3888.9,3889,3879.9,3888.9,31850
2026-02-11T14:30:00+05:30,3882.8,3887.7,3867.6,3869.9,49700
2026-02-11T14:45:00+05:30,3870.7,3873.9,3866.6,3867.4,13300
2026-02-11T15:00:00+05:30,3872.8,3877.6,3866.9,3867.9,42000
2026-02-11T15:15:00+05:30,3868.1,3870.2,3862.2,3868.2,58100
2026-02-12T09:15:00+05:30,3864,3882,3862.8,3871.1,50575
2026-02-12T09:30:00+05:30,3872.6,3897.7,3868,3889.9,53725
2026-02-12T09:45:00+05:30,3890,3899.9,3888.8,3892,44625
2026-02-12T10:00:00+05:30,3894.1,3905,3893.8,3899.3,46200
2026-02-12T10:15:00+05:30,3900.4,3908,3889.1,3890.1,36575
2026-02-12T10:30:00+05:30,3893,3897.7,3886.1,3893.3,19425
2026-02-12T10:45:00+05:30,3890.5,3894,3890.1,3891.4,7525
2026-02-12T11:00:00+05:30,3890,3897.7,3890,3894.2,35000
2026-02-12T11:15:00+05:30,3890.1,3890.9,3882,3884.2,25725
2026-02-12T11:30:00+05:30,3883.9,3891.3,3881.1,3888.3,21700
2026-02-12T11:45:00+05:30,3888,3888,3876.1,3876.1,14000
2026-02-12T12:00:00+05:30,3876,3884.5,3873.1,3880.1,40075
2026-02-12T12:15:00+05:30,3881.8,3888.5,3879.7,3879.7,7875
2026-02-12T12:30:00+05:30,3879.8,3884.9,3879.8,3881.4,9800
2026-02-12T12:45:00+05:30,3880,3881.9,3876.3,3877.2,6475
2026-02-12T13:00:00+05:30,3879.9,3884.6,3873.6,3875,14700
2026-02-12T13:15:00+05:30,3874.9,3879,3871.7,3873.6,19250
2026-02-12T13:30:00+05:30,3874,3876.5,3872,3874.7,11025
2026-02-12T13:45:00+05:30,3874.6,3877.8,3867.8,3876.1,10500
2026-02-12T14:00:00+05:30,3875.6,3877.8,3871.5,3877.8,6825
2026-02-12T14:15:00+05:30,3876,3878.9,3871,3873.4,5775
2026-02-12T14:30:00+05:30,3875.2,3875.2,3865.9,3866.7,7350
2026-02-12T14:45:00+05:30,3865,3868.6,3855.5,3868,21875
2026-02-12T15:00:00+05:30,3871.2,3888.6,3870.3,3885,36225
2026-02-12T15:15:00+05:30,3885.4,3886.9,3877,3883.1,37800
2026-02-13T09:15:00+05:30,3873.8,3876.1,3844,3844,34650
2026-02-13T09:30:00+05:30,3844.2,3849.9,3836.1,3849.9,28700
2026-02-13T09:45:00+05:30,3848.5,3854,3842.3,3845.6,10325
2026-02-13T10:00:00+05:30,3846,3847.6,3840.5,3844,5075
2026-02-13T10:15:00+05:30,3842.3,3849.9,3837.9,3843.7,16625
2026-02-13T10:30:00+05:30,3844.8,3856.3,3844.8,3856,7525
2026-02-13T10:45:00+05:30,3853.4,3853.4,3844,3845.5,4375
2026-02-13T11:00:00+05:30,3847.2,3852.6,3844.2,3851.4,4025
2026-02-13T11:15:00+05:30,3853.1,3853.1,3845.1,3852,4550
2026-02-13T11:30:00+05:30,3851.9,3852.7,3848.1,3851,3500
2026-02-13T11:45:00+05:30,3855,3861.2,3853,3857.2,9975
2026-02-13T12:00:00+05:30,3858,3868.6,3858,3866.2,12600
2026-02-13T12:15:00+05:30,3867.1,3881.8,3867.1,3880.9,16450
2026-02-13T12:30:00+05:30,3876.8,3892.1,3874.1,3888.8,22050
2026-02-13T12:45:00+05:30,3889.3,3895,3881.7,3883.3,20650
2026-02-13T13:00:00+05:30,3884.1,3889,3880.1,3887.1,18550
2026-02-13T13:15:00+05:30,3890.4,3892.5,3882.9,3882.9,9800
2026-02-13T13:30:00+05:30,3883.6,3885.3,3879.9,3883.5,9275
2026-02-13T13:45:00+05:30,3883,3883,3871.9,3877,12600
2026-02-13T14:00:00+05:30,3876.4,3885,3876.4,3885,9100
2026-02-13T14:15:00+05:30,3887.9,3887.9,3878.9,3882.6,6650
2026-02-13T14:30:00+05:30,3880.5,3883.5,3874.1,3876.7,10150
2026-02-13T14:45:00+05:30,3876,3877.3,3866.7,3877.3,17850
2026-02-13T15:00:00+05:30,3878.1,3878.8,3865.1,3869.5,14700
2026-02-13T15:15:00+05:30,3870.4,3873.3,3862,3867.3,19075
2026-02-16T09:15:00+05:30,3870,3871,3848.7,3868,27475
2026-02-16T09:30:00+05:30,3872.1,3894.4,3864,3866.2,54075
2026-02-16T09:45:00+05:30,3866.9,3866.9,3857,3864.5,12950
2026-02-16T10:00:00+05:30,3863.9,3866.4,3856.1,3859.7,11025
2026-02-16T10:15:00+05:30,3858.3,3858.9,3844.1,3851,9800
2026-02-16T10:30:00+05:30,3853,3854.6,3847.5,3849.4,8225
2026-02-16T10:45:00+05:30,3849.5,3865.3,3849.5,3863.3,7700
2026-02-16T11:00:00+05:30,3862.7,3862.8,3852.4,3853.2,7700
2026-02-16T11:15:00+05:30,3853.1,3858,3850,3850,5600
2026-02-16T11:30:00+05:30,3851,3856.1,3844.1,3844.1,16975
2026-02-16T11:45:00+05:30,3846,3846,3822.9,3826.5,42000
2026-02-16T12:00:00+05:30,3829.6,3840.5,3826.7,3837.3,18200
2026-02-16T12:15:00+05:30,3836.9,3847.4,3831.3,3844.3,8750
2026-02-16T12:30:00+05:30,3845.3,3845.5,3835.3,3837.9,13125
2026-02-16T12:45:00+05:30,3837.6,3849.9,3830,3839.4,12950
2026-02-16T13:00:00+05:30,3842,3853.7,3841.5,3847.8,14175
2026-02-16T13:15:00+05:30,3846.4,3847.9,3841.6,3845.5,19250
2026-02-16T13:30:00+05:30,3845,3845,3834.8,3834.8,7875
2026-02-16T13:45:00+05:30,3834.4,3836.1,3825.5,3828.9,11375
2026-02-16T14:00:00+05:30,3828.6,3833,3820.2,3828.1,11375
2026-02-16T14:15:00+05:30,3828.1,3831,3824,3830,9275
2026-02-16T14:30:00+05:30,3830.5,3835.4,3818.7,3822,35000
2026-02-16T14:45:00+05:30,3823.7,3824.8,3810.4,3818.4,22400
2026-02-16T15:00:00+05:30,3820.4,3828.8,3815.2,3817.4,27825
2026-02-16T15:15:00+05:30,3817.3,3823.3,3815.1,3821.9,42875
2026-02-17T09:15:00+05:30,3798.6,3845,3798.6,3840.8,64750
2026-02-17T09:30:00+05:30,3841.4,3843.7,3828,3843.7,31325
2026-02-17T09:45:00+05:30,3843,3846.5,3830,3835.6,26600
2026-02-17T10:00:00+05:30,3832.7,3840,3832.7,3840,7000
2026-02-17T10:15:00+05:30,3842,3854.4,3839.4,3853.1,18025
2026-02-17T10:30:00+05:30,3853.1,3854.2,3837.4,3838.4,11725
2026-02-17T10:45:00+05:30,3837.5,3838,3830.6,3835.8,17675
2026-02-17T11:00:00+05:30,3833.4,3839.4,3832.4,3832.4,12425
2026-02-17T11:15:00+05:30,3832.5,3837.1,3831.4,3834.8,15225
2026-02-17T11:30:00+05:30,3834.4,3843,3833.9,3840.1,3325
2026-02-17T11:45:00+05:30,3839.9,3841.9,3836.4,3836.4,3850
2026-02-17T12:00:00+05:30,3837.5,3840.8,3829.5,3833.9,38675
2026-02-17T12:15:00+05:30,3839.4,3849.3,3839.4,3841.2,23800
2026-02-17T12:30:00+05:30,3843,3847.2,3842.9,3846.5,14875
2026-02-17T12:45:00+05:30,3844.6,3883.4,3844.6,3880,88725
2026-02-17T13:00:00+05:30,3880,3887.7,3873.1,3878.2,49000
2026-02-17T13:15:00+05:30,3877.4,3881,3870,3872.7,14875
2026-02-17T13:30:00+05:30,3873.3,3878.9,3873.3,3877,10675
2026-02-17T13:45:00+05:30,3877.2,3878.1,3869.6,3871.5,6825
2026-02-17T14:00:00+05:30,3872,3880.8,3864.6,3864.9,25375
2026-02-17T14:15:00+05:30,3864.7,3873,3864.7,3868.3,11375
2026-02-17T14:30:00+05:30,3868,3878.1,3861.7,3875.9,26600
2026-02-17T14:45:00+05:30,3876.8,3883.5,3873.8,3877,21525
2026-02-17T15:00:00+05:30,3878.2,3885,3874.1,3878.3,29050
2026-02-17T15:15:00+05:30,3879.9,3889,3875.6,3887.8,49700
2026-02-18T09:15:00+05:30,3890,3899,3875.1,3886,39550
2026-02-18T09:30:00+05:30,3886,3892,3879.8,3885.9,37100
2026-02-18T09:45:00+05:30,3886.2,3888.5,3873.9,3875.5,28700
2026-02-18T10:00:00+05:30,3875,3878.3,3872.6,3876,11200
2026-02-18T10:15:00+05:30,3875.9,3886.3,3873.1,3884.4,33775
2026-02-18T10:30:00+05:30,3882.6,3885.9,3877.7,3880.5,10850
2026-02-18T10:45:00+05:30,3880.5,3890,3878.4,3883,15400
2026-02-18T11:00:00+05:30,3884.8,3885.3,3873.4,3877.7,16100
2026-02-18T11:15:00+05:30,3877.7,3877.7,3867.7,3868.4,31325
2026-02-18T11:30:00+05:30,3869.1,3872.3,3860,3863.7,26950
2026-02-18T11:45:00+05:30,3863.7,3866.2,3861.2,3864.2,89250
2026-02-18T12:00:00+05:30,3863,3878.6,3863,3878.6,15225
2026-02-18T12:15:00+05:30,3878.6,3879,3872.6,3876.8,17325
2026-02-18T12:30:00+05:30,3875.9,3879,3875.9,3877.9,10675
2026-02-18T12:45:00+05:30,3877.9,3879.9,3873.6,3879.7,11200
2026-02-18T13:00:00+05:30,3879.7,3884.8,3879.7,3881.5,18200
2026-02-18T13:15:00+05:30,3883.8,3883.8,3879.2,3880.1,7175
2026-02-18T13:30:00+05:30,3880.9,3882,3879.2,3881,7875
2026-02-18T13:45:00+05:30,3882,3884.4,3875.2,3878.8,18725
2026-02-18T14:00:00+05:30,3878.5,3879.8,3872.2,3879.8,14350
2026-02-18T14:15:00+05:30,3881.1,3882.4,3879.5,3881.5,24850
2026-02-18T14:30:00+05:30,3881.6,3881.6,3873.3,3876,19075
2026-02-18T14:45:00+05:30,3876,3876,3871.4,3874.9,14875
2026-02-18T15:00:00+05:30,3876.2,3885.2,3876,3880.4,46725
2026-02-18T15:15:00+05:30,3879.7,3885.8,3879.7,3883.5,28000
2026-02-19T09:15:00+05:30,3869.2,3897.3,3865.1,3888.5,119525
2026-02-19T09:30:00+05:30,3888.5,3895.9,3885.3,3885.3,113225
2026-02-19T09:45:00+05:30,3885.3,3888.9,3871.1,3871.1,102025
2026-02-19T10:00:00+05:30,3871.1,3871.9,3859.1,3861.6,109025
2026-02-19T10:15:00+05:30,3861.6,3868.7,3859.5,3864.4,114625
2026-02-19T10:30:00+05:30,3864.4,3864.4,3845.3,3846.1,119700
2026-02-19T10:45:00+05:30,3848,3865.8,3843.2,3862,131950
2026-02-19T11:00:00+05:30,3862,3865.8,3853.8,3854.4,94500
2026-02-19T11:15:00+05:30,3854.8,3864,3853.8,3858,96425
2026-02-19T11:30:00+05:30,3858,3869.5,3858,3868.5,174650
2026-02-19T11:45:00+05:30,3869.3,3872.1,3864.3,3871,74550
2026-02-19T12:00:00+05:30,3871,3873.9,3864.4,3865.4,76825
2026-02-19T12:15:00+05:30,3865.4,3877,3865.4,3876.1,81550
2026-02-19T12:30:00+05:30,3876.1,3876.1,3866.4,3870.9,72275
2026-02-19T12:45:00+05:30,3870,3876.1,3867.4,3872.4,90475
2026-02-19T13:00:00+05:30,3872.9,3874.9,3871.4,3874.5,77000
2026-02-19T13:15:00+05:30,3874.5,3874.5,3869,3871.5,72625
2026-02-19T13:30:00+05:30,3871.5,3871.5,3864,3864.7,118650
2026-02-19T13:45:00+05:30,3864.7,3865.7,3857.5,3857.5,89950
2026-02-19T14:00:00+05:30,3857.3,3857.7,3848.6,3850.2,117775
2026-02-19T14:15:00+05:30,3850.8,3861.3,3849.7,3850.4,92750
2026-02-19T14:30:00+05:30,3850.4,3856.5,3840,3840,90650
2026-02-19T14:45:00+05:30,3840,3844.3,3825.2,3844.3,119350
2026-02-19T15:00:00+05:30,3844.3,3844.3,3820.1,3824.1,118650
2026-02-19T15:15:00+05:30,3822,3823.5,3814,3822.7,67900
2026-02-20T09:15:00+05:30,3817.7,3857.8,3788,3788,193200
2026-02-20T09:30:00+05:30,3789.4,3809.9,3786.2,3809.9,131425
2026-02-20T09:45:00+05:30,3808.7,3819.1,3804.2,3813.3,135450
2026-02-20T10:00:00+05:30,3813.3,3814.6,3800.5,3802.6,102025
2026-02-20T10:15:00+05:30,3802.6,3808.7,3794.5,3804,134925
2026-02-20T10:30:00+05:30,3802.1,3815.8,3802.1,3810.9,113400
2026-02-20T10:45:00+05:30,3810.9,3816.9,3800.4,3802.8,116725
2026-02-20T11:00:00+05:30,3802.8,3816.1,3800.9,3815,102725
2026-02-20T11:15:00+05:30,3815,3820.8,3807.1,3811.4,114625
2026-02-20T11:30:00+05:30,3811.4,3827.4,3809,3823.1,109725
2026-02-20T11:45:00+05:30,3823.1,3833.5,3810,3815.4,121800
2026-02-20T12:00:00+05:30,3815.4,3815.4,3807.3,3808,106750
2026-02-20T12:15:00+05:30,3808,3817.8,3808,3813.3,107975
2026-02-20T12:30:00+05:30,3814.1,3818.3,3807.6,3808.3,103075
2026-02-20T12:45:00+05:30,3808.3,3812.7,3797.6,3802.6,109900
2026-02-20T13:00:00+05:30,3804.5,3807,3792.1,3795.6,106225
2026-02-20T13:15:00+05:30,3795.6,3801.9,3792,3798.1,98700
2026-02-20T13:30:00+05:30,3798.1,3807,3795.7,3797.5,107625
2026-02-20T13:45:00+05:30,3797.5,3807,3795.1,3805.9,100800
2026-02-20T14:00:00+05:30,3805.9,3811.8,3800.1,3807.9,105000
2026-02-20T14:15:00+05:30,3807.9,3817.1,3805.3,3805.3,141225
2026-02-20T14:30:00+05:30,3805.3,3812.7,3801.7,3808.7,103425
2026-02-20T14:45:00+05:30,3808.7,3815.6,3806.3,3814.4,188475
2026-02-20T15:00:00+05:30,3814.4,3817.6,3802.9,3806,189175
2026-02-20T15:15:00+05:30,3807.5,3814.7,3803.6,3808.2,124600
2026-02-23T09:15:00+05:30,3834.8,3867,3817.5,3861.8,129675
2026-02-23T09:30:00+05:30,3866.8,3874.9,3848.2,3871,109900
2026-02-23T09:45:00+05:30,3871,3888,3851,3852.8,113575
2026-02-23T10:00:00+05:30,3852.8,3859.1,3852,3855.6,88900
2026-02-23T10:15:00+05:30,3855.6,3867.9,3852.8,3856,124075
2026-02-23T10:30:00+05:30,3856,3862.8,3842.3,3842.9,427175
2026-02-23T10:45:00+05:30,3842.9,3855.5,3842.9,3848.5,72275
2026-02-23T11:00:00+05:30,3848.5,3856.7,3848,3851.4,76300
2026-02-23T11:15:00+05:30,3851.4,3852.1,3842.3,3846.7,64225
2026-02-23T11:30:00+05:30,3846.7,3853.2,3841.8,3850.2,74025
2026-02-23T11:45:00+05:30,3851,3853,3846,3846,68425
2026-02-23T12:00:00+05:30,3846,3847.5,3842,3844.5,96775
2026-02-23T12:15:00+05:30,3844.5,3844.9,3833,3835.3,90300
2026-02-23T12:30:00+05:30,3835.3,3835.3,3826,3831.3,79975
2026-02-23T12:45:00+05:30,3831.3,3832.6,3817.3,3821,103950
2026-02-23T13:00:00+05:30,3822,3824.8,3816.8,3816.8,75425
2026-02-23T13:15:00+05:30,3816.8,3822.6,3814.9,3822.6,81200
2026-02-23T13:30:00+05:30,3822.6,3827.6,3817.2,3822.3,74375
2026-02-23T13:45:00+05:30,3822.3,3825.2,3816.7,3820.5,80150
2026-02-23T14:00:00+05:30,3820.5,3821.7,3812.3,3816.9,79800
2026-02-23T14:15:00+05:30,3816.9,3822.4,3816.2,3822.4,79450
2026-02-23T14:30:00+05:30,3822.4,3822.8,3813.2,3813.2,70350
2026-02-23T14:45:00+05:30,3813.2,3821.5,3807.2,3814,90125
2026-02-23T15:00:00+05:30,3812.4,3825.9,3812.4,3820.5,95200
2026-02-23T15:15:00+05:30,3820.5,3822.9,3811.5,3814.7,91000
2026-02-24T09:15:00+05:30,3776.5,3805.4,3753.1,3801.1,219450
2026-02-24T09:30:00+05:30,3800.7,3825.6,3792.9,3821.6,139650
2026-02-24T09:45:00+05:30,3821.6,3831.4,3819.4,3830,158725
2026-02-24T10:00:00+05:30,3830,3837.7,3816.2,3816.3,192325
2026-02-24T10:15:00+05:30,3820,3845,3820,3838.6,163625
2026-02-24T10:30:00+05:30,3843.7,3845.5,3831.3,3843.5,127925
2026-02-24T10:45:00+05:30,3843.6,3846.4,3828.7,3842.8,217000
2026-02-24T11:00:00+05:30,3842.8,3845.8,3833.9,3843.3,112175
2026-02-24T11:15:00+05:30,3843.3,3843.3,3834.9,3837.7,167650
2026-02-24T11:30:00+05:30,3837.7,3842.1,3834.4,3834.4,185675
2026-02-24T11:45:00+05:30,3836.8,3837.5,3830.4,3833,181475
2026-02-24T12:00:00+05:30,3833,3838,3830.8,3837,158375
2026-02-24T12:15:00+05:30,3835.8,3836.6,3824.2,3825.8,178850
2026-02-24T12:30:00+05:30,3828,3828,3820.2,3822.2,174650
2026-02-24T12:45:00+05:30,3822.2,3830.6,3820.5,3828.7,259700
2026-02-24T13:00:00+05:30,3828.7,3841.8,3827.1,3836.4,262675
2026-02-24T13:15:00+05:30,3836.4,3839.2,3823.1,3823.1,102200
2026-02-24T13:30:00+05:30,3823.1,3823.1,3811.1,3814.9,275975
2026-02-24T13:45:00+05:30,3814.1,3827,3810.8,3822.6,153475
2026-02-24T14:00:00+05:30,3822.6,3825.2,3814.1,3825.2,83475
2026-02-24T14:15:00+05:30,3825.2,3825.2,3815.8,3817,67900
2026-02-24T14:30:00+05:30,3817,3819.5,3808.2,3808.2,126175
2026-02-24T14:45:00+05:30,3808.2,3824.7,3807.3,3822.1,128975
2026-02-24T15:00:00+05:30,3822.1,3829.9,3819,3825.1,66150
2026-02-24T15:15:00+05:30,3826.9,3836,3822.5,3830.2,66500
2026-02-25T09:15:00+05:30,3835.2,3838.8,3815,3832.7,36050
2026-02-25T09:30:00+05:30,3830.8,3865,3830.3,3865,71400
2026-02-25T09:45:00+05:30,3865,3876.7,3864.8,3872,83650
2026-02-25T10:00:00+05:30,3873.6,3881.9,3868.2,3878,32375
2026-02-25T10:15:00+05:30,3878.5,3887.9,3877.7,3885.9,50050
2026-02-25T10:30:00+05:30,3883.5,3898.8,3883.5,3895.8,100625
2026-02-25T10:45:00+05:30,3897.2,3933.6,3892.7,3926.9,145075
2026-02-25T11:00:00+05:30,3927,3946.1,3924.6,3944.5,94150
2026-02-25T11:15:00+05:30,3941.6,3945.9,3927.5,3928.3,45500
2026-02-25T11:30:00+05:30,3929.1,3945,3928.9,3945,51275
2026-02-25T11:45:00+05:30,3945.3,3952.1,3936.6,3938.9,60025
2026-02-25T12:00:00+05:30,3940,3941.8,3933,3939.9,24150
2026-02-25T12:15:00+05:30,3940,3940,3925.5,3926.9,54075
2026-02-25T12:30:00+05:30,3926.9,3928.6,3910,3913,36050
2026-02-25T12:45:00+05:30,3912.4,3915,3908.2,3908.3,36575
2026-02-25T13:00:00+05:30,3907.7,3919.9,3905.5,3914.2,26950
2026-02-25T13:15:00+05:30,3913,3913,3904.8,3908.1,20125
2026-02-25T13:30:00+05:30,3910,3922.7,3909.9,3919.7,26600
2026-02-25T13:45:00+05:30,3917.6,3920.7,3916.2,3919.5,10850
2026-02-25T14:00:00+05:30,3919.5,3925.9,3915.2,3920.7,18200
2026-02-25T14:15:00+05:30,3922.9,3923,3915,3918.4,13300
2026-02-25T14:30:00+05:30,3918.7,3922.4,3913.6,3915.6,12425
2026-02-25T14:45:00+05:30,3916.6,3924.9,3916.6,3924.1,33600
2026-02-25T15:00:00+05:30,3924.9,3936.9,3924.9,3933.8,116200
2026-02-25T15:15:00+05:30,3933.3,3942,3933.3,3942,138950
2026-02-26T09:15:00+05:30,3961.7,3961.7,3935.5,3951.5,131775
2026-02-26T09:30:00+05:30,3952,3958.9,3946.9,3958,47250
2026-02-26T09:45:00+05:30,3958,3958,3942,3956,81025
2026-02-26T10:00:00+05:30,3956,3963,3950.7,3962.1,47600
2026-02-26T10:15:00+05:30,3963.7,3965.8,3960.2,3962,40250
2026-02-26T10:30:00+05:30,3960.1,3966,3948.2,3960.7,77875
2026-02-26T10:45:00+05:30,3962.8,3962.9,3946.3,3948.9,30625
2026-02-26T11:00:00+05:30,3952.4,3957.6,3949.3,3957.5,10850
2026-02-26T11:15:00+05:30,3957.5,3959.9,3950,3950,15225
2026-02-26T11:30:00+05:30,3951.8,3951.8,3936,3936.3,38325
2026-02-26T11:45:00+05:30,3936,3937.6,3930,3932.7,26075
2026-02-26T12:00:00+05:30,3933.3,3939,3933.3,3935.1,19250
2026-02-26T12:15:00+05:30,3936.7,3938.9,3930,3931.9,31850
2026-02-26T12:30:00+05:30,3933.5,3939.8,3927.2,3938.4,18550
2026-02-26T12:45:00+05:30,3939.4,3940.4,3935,3938.6,14875
2026-02-26T13:00:00+05:30,3936,3950.9,3936,3947,39550
2026-02-26T13:15:00+05:30,3945.5,3946.6,3940.2,3943.5,15925
2026-02-26T13:30:00+05:30,3944.3,3947.9,3940.5,3947.5,9800
2026-02-26T13:45:00+05:30,3946.1,3947.8,3942.5,3944.2,18375
2026-02-26T14:00:00+05:30,3943.4,3953,3941.7,3952.9,22050
2026-02-26T14:15:00+05:30,3952.4,3953.1,3940,3948.6,17850
2026-02-26T14:30:00+05:30,3947.9,3958,3945.2,3954.4,25900
2026-02-26T14:45:00+05:30,3956.8,3962.2,3953.5,3960.9,40775
2026-02-26T15:00:00+05:30,3962,3978.6,3960,3972.9,123025
2026-02-26T15:15:00+05:30,3973.2,3984,3968.3,3970,117950
2026-02-27T09:15:00+05:30,3968,3978,3946.8,3956.6,54250
2026-02-27T09:30:00+05:30,3955.6,3968,3955.6,3958.2,22750
2026-02-27T09:45:00+05:30,3958,3958,3942.3,3946.5,28000
2026-02-27T10:00:00+05:30,3946.5,3947,3933,3933,24325
2026-02-27T10:15:00+05:30,3932,3932,3914,3922.8,45850
2026-02-27T10:30:00+05:30,3921.5,3929.1,3916.2,3917,17150
2026-02-27T10:45:00+05:30,3916.1,3917,3906.7,3908.9,26600
2026-02-27T11:00:00+05:30,3908.9,3921,3907.5,3921,31675
2026-02-27T11:15:00+05:30,3921.7,3921.7,3911.4,3918,14175
2026-02-27T11:30:00+05:30,3918.3,3922.9,3912,3922.9,16100
2026-02-27T11:45:00+05:30,3923,3928.6,3920.2,3922.7,25375
2026-02-27T12:00:00+05:30,3922,3928.8,3918,3922.3,12950
2026-02-27T12:15:00+05:30,3921.5,3932.3,3921,3929.8,8050
2026-02-27T12:30:00+05:30,3929.7,3929.7,3923.5,3924,5425
2026-02-27T12:45:00+05:30,3925.1,3927.9,3922.7,3922.7,12600
2026-02-27T13:00:00+05:30,3924,3929.4,3924,3925.7,10150
2026-02-27T13:15:00+05:30,3925,3927.1,3920,3925.2,18025
2026-02-27T13:30:00+05:30,3923.5,3926.1,3915,3915.9,24325
2026-02-27T13:45:00+05:30,3917,3931,3913,3929.2,26425
2026-02-27T14:00:00+05:30,3929.5,3933.7,3926.4,3927.7,12950
2026-02-27T14:15:00+05:30,3928.9,3932.8,3926,3927.9,11200
2026-02-27T14:30:00+05:30,3929,3936.7,3928.5,3936.7,12425
2026-02-27T14:45:00+05:30,3936.7,3936.7,3926,3932,24150
2026-02-27T15:00:00+05:30,3932.4,3932.4,3878.5,3889.1,355600
2026-02-27T15:15:00+05:30,3890.6,3892.1,3873.7,3892.1,318675
2026-03-02T09:15:00+05:30,3812.2,3897.3,3812.2,3889.9,180775
2026-03-02T09:30:00+05:30,3889.9,3923.1,3886.4,3915.3,184100
2026-03-02T09:45:00+05:30,3919,3919.9,3889.6,3896.4,65800
2026-03-02T10:00:00+05:30,3899.4,3903.7,3891,3894.1,33425
2026-03-02T10:15:00+05:30,3895.4,3895.4,3881.1,3881.6,45675
2026-03-02T10:30:00+05:30,3881.5,3882.5,3839.2,3840.2,112525
2026-03-02T10:45:00+05:30,3839.9,3846,3822.8,3833,42700
2026-03-02T11:00:00+05:30,3835.3,3842.7,3824.4,3826.8,37800
2026-03-02T11:15:00+05:30,3828.5,3832.9,3794,3798.4,60025
2026-03-02T11:30:00+05:30,3795,3800,3772.2,3796.3,89950
2026-03-02T11:45:00+05:30,3797,3804.3,3774.5,3778.9,65975
2026-03-02T12:00:00+05:30,3779.9,3786.8,3773.2,3786.8,27125
2026-03-02T12:15:00+05:30,3784.3,3791.6,3781.9,3788,21000
2026-03-02T12:30:00+05:30,3789.5,3796.8,3782.9,3788.7,28700
2026-03-02T12:45:00+05:30,3786.7,3792.4,3782.2,3783,24675
2026-03-02T13:00:00+05:30,3783.3,3784,3777.6,3778.7,21175
2026-03-02T13:15:00+05:30,3778.7,3787.3,3777.3,3782.3,34650
2026-03-02T13:30:00+05:30,3780.1,3783.1,3758.1,3763.9,48650
2026-03-02T13:45:00+05:30,3761.2,3764.4,3751,3757,24150
2026-03-02T14:00:00+05:30,3756.6,3796.8,3751.3,3796.8,39725
2026-03-02T14:15:00+05:30,3798.9,3804.1,3786.7,3789.6,36750
2026-03-02T14:30:00+05:30,3790.7,3812.4,3784.5,3810.7,49175
2026-03-02T14:45:00+05:30,3810,3826.5,3805.4,3814.7,136850
2026-03-02T15:00:00+05:30,3814.2,3818.5,3804,3818.1,130025
2026-03-02T15:15:00+05:30,3818.1,3822.6,3800.1,3807.5,134575
2026-03-04T09:15:00+05:30,3730,3744,3670.6,3682.5,174650
2026-03-04T09:30:00+05:30,3683.2,3689.8,3655.1,3675.1,86975
2026-03-04T09:45:00+05:30,3677.2,3689.7,3664.1,3669.2,45500
2026-03-04T10:00:00+05:30,3667.2,3698.3,3661.7,3696.4,44975
2026-03-04T10:15:00+05:30,3696.3,3703.8,3689.9,3695.6,48475
2026-03-04T10:30:00+05:30,3695.8,3698,3687.7,3698,49875
2026-03-04T10:45:00+05:30,3699,3710.3,3699,3704.2,21000
2026-03-04T11:00:00+05:30,3707.5,3718.6,3705.7,3709.2,20475
2026-03-04T11:15:00+05:30,3708,3713.9,3697.3,3697.3,14875
2026-03-04T11:30:00+05:30,3698.8,3715.1,3696.9,3710,22225
2026-03-04T11:45:00+05:30,3708.7,3720.4,3703.9,3715.5,23975
2026-03-04T12:00:00+05:30,3715.6,3718,3703.3,3703.5,24850
2026-03-04T12:15:00+05:30,3703,3709,3701.5,3703.6,29925
2026-03-04T12:30:00+05:30,3702.3,3705.8,3697.3,3700.5,16275
2026-03-04T12:45:00+05:30,3701,3711,3700,3707.4,12950
2026-03-04T13:00:00+05:30,3708.5,3722.5,3707.1,3718.4,20300
2026-03-04T13:15:00+05:30,3717,3729,3717,3725,19075
2026-03-04T13:30:00+05:30,3725.3,3734.4,3725.3,3727.7,12950
2026-03-04T13:45:00+05:30,3730.9,3736.2,3728.3,3734.4,18725
2026-03-04T14:00:00+05:30,3735.2,3759,3734,3759,27475
2026-03-04T14:15:00+05:30,3758,3767.1,3743.7,3743.7,51275
2026-03-04T14:30:00+05:30,3743.8,3756.5,3737,3744.8,30800
2026-03-04T14:45:00+05:30,3744,3757,3731.7,3753.9,40600
2026-03-04T15:00:00+05:30,3754.7,3755.5,3735.6,3742.3,125825
2026-03-04T15:15:00+05:30,3742.6,3748.7,3734.9,3743,164325
2026-03-05T09:15:00+05:30,3812.6,3812.6,3764.6,3782.7,85400
2026-03-05T09:30:00+05:30,3782.8,3782.8,3765.4,3777,44275
2026-03-05T09:45:00+05:30,3779,3785.2,3772.1,3773.8,32900
2026-03-05T10:00:00+05:30,3772.7,3780,3767.2,3773.7,17675
2026-03-05T10:15:00+05:30,3772,3776.9,3762.2,3774.7,29575
2026-03-05T10:30:00+05:30,3771.4,3772,3766.1,3771.2,6300
2026-03-05T10:45:00+05:30,3770.5,3781,3768.4,3769.9,26775
2026-03-05T11:00:00+05:30,3769.5,3773.1,3758.5,3761,26600
2026-03-05T11:15:00+05:30,3758.5,3766.9,3757.1,3757.1,19075
2026-03-05T11:30:00+05:30,3759.3,3759.3,3740.5,3742.3,21875
2026-03-05T11:45:00+05:30,3742.4,3742.4,3734.2,3737.5,17325
2026-03-05T12:00:00+05:30,3741.6,3748.7,3741,3747.9,11550
2026-03-05T12:15:00+05:30,3747.5,3755.5,3747.5,3755.2,12425
2026-03-05T12:30:00+05:30,3755.2,3758.2,3746.9,3751.4,22225
2026-03-05T12:45:00+05:30,3751,3753,3744,3747.4,15225
2026-03-05T13:00:00+05:30,3749.4,3761.8,3749.2,3760,21525
2026-03-05T13:15:00+05:30,3761.3,3775,3757.8,3775,33775
2026-03-05T13:30:00+05:30,3775.6,3779.5,3768.2,3770.9,13650
2026-03-05T13:45:00+05:30,3769.7,3772,3754.3,3757.6,8050
2026-03-05T14:00:00+05:30,3754.5,3764,3751.8,3757,14000
2026-03-05T14:15:00+05:30,3753.8,3764.9,3744,3763,28000
2026-03-05T14:30:00+05:30,3762.1,3796.2,3757.2,3793.5,42175
2026-03-05T14:45:00+05:30,3792.3,3826.4,3792.2,3819.4,68600
2026-03-05T15:00:00+05:30,3823,3831.9,3800,3801.5,92400
2026-03-05T15:15:00+05:30,3801,3814.7,3801,3809.1,98175
2026-03-06T09:15:00+05:30,3775.1,3817.1,3775.1,3812.4,31325
2026-03-06T09:30:00+05:30,3815,3819.5,3797.1,3804.2,17325
2026-03-06T09:45:00+05:30,3806.1,3806.1,3792,3793.1,11375
2026-03-06T10:00:00+05:30,3795,3801.5,3793.4,3795,7000
2026-03-06T10:15:00+05:30,3795,3800.4,3793.9,3793.9,32550
2026-03-06T10:30:00+05:30,3793.9,3795.7,3782,3784,18375
2026-03-06T10:45:00+05:30,3787.5,3787.5,3774.1,3780.9,23275
2026-03-06T11:00:00+05:30,3784.7,3789.5,3781,3783.6,10850
2026-03-06T11:15:00+05:30,3783.5,3784.6,3778.8,3783.5,9625
2026-03-06T11:30:00+05:30,3783.9,3802.9,3782.1,3793.5,16100
2026-03-06T11:45:00+05:30,3792.3,3808.5,3792.3,3796,14350
2026-03-06T12:00:00+05:30,3795.1,3797.8,3784.2,3786.5,13125
2026-03-06T12:15:00+05:30,3784.8,3788.8,3779.2,3779.5,8925
2026-03-06T12:30:00+05:30,3780.7,3782.2,3769.9,3769.9,13475
2026-03-06T12:45:00+05:30,3770.6,3774,3763.7,3773.1,15050
2026-03-06T13:00:00+05:30,3771.6,3778.1,3771.6,3778,7175
2026-03-06T13:15:00+05:30,3777.4,3785.8,3773.6,3780.7,7175
2026-03-06T13:30:00+05:30,3779,3779,3770.2,3772.4,10325
2026-03-06T13:45:00+05:30,3771.7,3780.7,3770.5,3778.9,6825
2026-03-06T14:00:00+05:30,3777.9,3789.5,3777.9,3787.2,16450
2026-03-06T14:15:00+05:30,3788.4,3797.3,3787.5,3793.5,21700
2026-03-06T14:30:00+05:30,3794.7,3795.9,3780.3,3783.3,29400
2026-03-06T14:45:00+05:30,3783.6,3795.2,3780,3782.9,88200
2026-03-06T15:00:00+05:30,3780,3785.5,3774,3777.5,101325
2026-03-06T15:15:00+05:30,3778.7,3780.1,3767,3774.4,128975
2026-03-09T09:15:00+05:30,3658.8,3698.1,3601,3617.1,161875
2026-03-09T09:30:00+05:30,3624.8,3650.9,3620.8,3636.7,42350
2026-03-09T09:45:00+05:30,3636.2,3640.9,3620,3633.7,35875
2026-03-09T10:00:00+05:30,3631,3666.1,3627.6,3643.4,71750
2026-03-09T10:15:00+05:30,3640,3641,3608,3608,30450
2026-03-09T10:30:00+05:30,3605.1,3608.6,3593,3595.8,24850
2026-03-09T10:45:00+05:30,3596.8,3614.6,3590,3612.4,24325
2026-03-09T11:00:00+05:30,3617.4,3630.9,3606.9,3610.8,23625
2026-03-09T11:15:00+05:30,3610,3619,3606.5,3618,31500
2026-03-09T11:30:00+05:30,3617,3638.1,3617,3638.1,68950
2026-03-09T11:45:00+05:30,3635.9,3649,3632.4,3648.6,106925
2026-03-09T12:00:00+05:30,3651,3666.5,3649.4,3661.3,106050
2026-03-09T12:15:00+05:30,3658,3662.1,3645.7,3645.9,39200
2026-03-09T12:30:00+05:30,3650,3651,3643.8,3646,9975
2026-03-09T12:45:00+05:30,3644,3650.3,3641.1,3644.5,6650
2026-03-09T13:00:00+05:30,3644,3644,3623.6,3626,18025
2026-03-09T13:15:00+05:30,3626.1,3633,3621.3,3621.3,16450
2026-03-09T13:30:00+05:30,3624.7,3632.3,3621,3627.9,17150
2026-03-09T13:45:00+05:30,3625,3626.3,3620.2,3625,39200
2026-03-09T14:00:00+05:30,3625,3629.7,3622.1,3625.1,20825
2026-03-09T14:15:00+05:30,3625.6,3634.5,3623,3628.4,11900
2026-03-09T14:30:00+05:30,3627.3,3637.4,3625.7,3634,39725
2026-03-09T14:45:00+05:30,3634.1,3647.2,3634.1,3642,49350
2026-03-09T15:00:00+05:30,3640.5,3649.8,3624.4,3649.5,75250
2026-03-09T15:15:00+05:30,3649.1,3655.3,3635.3,3642.6,56875
2026-03-10T09:15:00+05:30,3733.7,3733.7,3680.1,3707.1,68075
2026-03-10T09:30:00+05:30,3707,3708.2,3679.8,3688,35175
2026-03-10T09:45:00+05:30,3688,3692,3681.6,3685.9,15750
2026-03-10T10:00:00+05:30,3686,3718,3683.8,3715.2,30625
2026-03-10T10:15:00+05:30,3713.1,3724.8,3702.1,3704.4,23625
2026-03-10T10:30:00+05:30,3706.4,3743.2,3706,3739,42000
2026-03-10T10:45:00+05:30,3739,3747.8,3728.3,3733.5,35000
2026-03-10T11:00:00+05:30,3734,3758.9,3733.5,3755.7,32375
2026-03-10T11:15:00+05:30,3759,3763,3750,3750,31850
2026-03-10T11:30:00+05:30,3753.4,3759.7,3744.2,3755.7,50225
2026-03-10T11:45:00+05:30,3757.3,3757.3,3738.5,3745,36050
2026-03-10T12:00:00+05:30,3746,3748.1,3740.2,3740.2,14525
2026-03-10T12:15:00+05:30,3736.8,3748.4,3730.7,3735.9,11900
2026-03-10T12:30:00+05:30,3732.2,3735.9,3726.8,3730.6,13475
2026-03-10T12:45:00+05:30,3732,3748.2,3730.6,3745.7,13650
2026-03-10T13:00:00+05:30,3743.5,3748.9,3741.5,3745,15925
2026-03-10T13:15:00+05:30,3749,3750,3742.3,3747.7,2625
2026-03-10T13:30:00+05:30,3748,3758.6,3748,3756.7,13300
2026-03-10T13:45:00+05:30,3757,3772,3755.5,3767,19425
2026-03-10T14:00:00+05:30,3766,3772,3760,3766.5,16625
2026-03-10T14:15:00+05:30,3769.4,3770,3763.5,3767.4,10150
2026-03-10T14:30:00+05:30,3768,3783.8,3764.5,3782.1,35700
2026-03-10T14:45:00+05:30,3782.9,3786.3,3773.9,3779,52850
2026-03-10T15:00:00+05:30,3779.6,3789,3772.3,3779.6,36925
2026-03-10T15:15:00+05:30,3778.6,3787.9,3778.1,3781,79625
2026-03-11T09:15:00+05:30,3750,3796.5,3748.2,3793.8,82425
2026-03-11T09:30:00+05:30,3790.7,3794.9,3780.7,3790,28175
2026-03-11T09:45:00+05:30,3792.5,3797,3773.9,3775,31850
2026-03-11T10:00:00+05:30,3771.7,3779.9,3737,3737,37975
2026-03-11T10:15:00+05:30,3736.9,3746,3731.8,3746,16100
2026-03-11T10:30:00+05:30,3745,3747.1,3696.4,3700.7,47950
2026-03-11T10:45:00+05:30,3694.9,3705.8,3679.9,3686.8,62300
2026-03-11T11:00:00+05:30,3686.5,3703.1,3679.8,3685,34300
2026-03-11T11:15:00+05:30,3684,3698.9,3676.3,3683.4,88900
2026-03-11T11:30:00+05:30,3683.2,3683.2,3671,3671.4,22750
2026-03-11T11:45:00+05:30,3670.7,3688,3670,3676.8,37800
2026-03-11T12:00:00+05:30,3677,3685.4,3665,3677.4,67200
2026-03-11T12:15:00+05:30,3678.5,3688.4,3661.1,3662,71225
2026-03-11T12:30:00+05:30,3663.1,3668,3642.1,3648.6,52850
2026-03-11T12:45:00+05:30,3646.6,3655,3635.3,3639.2,82425
2026-03-11T13:00:00+05:30,3642,3645.9,3635,3640.3,49175
2026-03-11T13:15:00+05:30,3641.1,3654.9,3632.5,3649.4,74375
2026-03-11T13:30:00+05:30,3649,3653,3628.9,3632.5,15400
2026-03-11T13:45:00+05:30,3635.3,3637.1,3626.7,3631.2,17850
2026-03-11T14:00:00+05:30,3630,3638,3621.6,3628,36925
2026-03-11T14:15:00+05:30,3628.2,3628.2,3590,3607,136675
2026-03-11T14:30:00+05:30,3612.2,3615,3601.1,3612.4,89425
2026-03-11T14:45:00+05:30,3612,3625,3604.1,3604.5,40600
2026-03-11T15:00:00+05:30,3606.2,3618.2,3588.4,3591.4,90825
2026-03-11T15:15:00+05:30,3592.4,3605,3586.3,3593,138250
2026-03-12T09:15:00+05:30,3520,3548.4,3479,3504.7,257075
2026-03-12T09:30:00+05:30,3503.8,3513.6,3491.1,3492.8,132650
2026-03-12T09:45:00+05:30,3489.8,3508.1,3481.6,3504.2,101150
2026-03-12T10:00:00+05:30,3502.8,3504,3470,3473.9,72100
2026-03-12T10:15:00+05:30,3476.2,3481.1,3461.9,3464.6,69650
2026-03-12T10:30:00+05:30,3464,3475,3456.5,3459.7,73500
2026-03-12T10:45:00+05:30,3462.2,3482.1,3461,3482.1,58450
2026-03-12T11:00:00+05:30,3481,3484.9,3472.8,3479.6,62125
2026-03-12T11:15:00+05:30,3479,3485.6,3461,3470.8,55825
2026-03-12T11:30:00+05:30,3469.9,3477.8,3457.8,3467,43225
2026-03-12T11:45:00+05:30,3467.9,3469.4,3459,3464,36400
2026-03-12T12:00:00+05:30,3463.7,3466.3,3444.4,3459.8,45675
2026-03-12T12:15:00+05:30,3457.3,3466.7,3451.5,3454,34300
2026-03-12T12:30:00+05:30,3453.6,3454.5,3437,3442.2,59675
2026-03-12T12:45:00+05:30,3443.5,3444.7,3432,3438,40950
2026-03-12T13:00:00+05:30,3436.9,3443.6,3427.7,3441,45500
2026-03-12T13:15:00+05:30,3441,3441.9,3433.6,3441.5,43925
2026-03-12T13:30:00+05:30,3441,3465.1,3439.9,3456,128625
2026-03-12T13:45:00+05:30,3454.4,3460,3441.7,3444,61950
2026-03-12T14:00:00+05:30,3443.4,3449.4,3434,3448.1,62475
2026-03-12T14:15:00+05:30,3447.3,3459.3,3445.9,3454.6,52675
2026-03-12T14:30:00+05:30,3453.2,3459.4,3452,3453.6,43925
2026-03-12T14:45:00+05:30,3453.2,3454.6,3427.2,3438.9,56175
2026-03-12T15:00:00+05:30,3438.1,3442.8,3424.8,3436,105700
2026-03-12T15:15:00+05:30,3434.2,3436.2,3411,3411,267225
2026-03-13T09:15:00+05:30,3386.6,3406.9,3366.1,3400,127575
2026-03-13T09:30:00+05:30,3401.9,3404,3376,3398.2,99050
2026-03-13T09:45:00+05:30,3398.6,3402.1,3364.5,3383.8,105000
2026-03-13T10:00:00+05:30,3383.1,3407.6,3374.7,3386,130375
2026-03-13T10:15:00+05:30,3389,3399.9,3381.6,3392.2,28875
2026-03-13T10:30:00+05:30,3392.5,3398.4,3375,3380.3,23625
2026-03-13T10:45:00+05:30,3381.7,3388.4,3380.1,3386.8,35525
2026-03-13T11:00:00+05:30,3385.1,3389,3375.6,3379.1,9975
2026-03-13T11:15:00+05:30,3375.9,3377.3,3365.9,3375,14175
2026-03-13T11:30:00+05:30,3375.8,3386.8,3362,3367.5,42175
2026-03-13T11:45:00+05:30,3367.9,3375.9,3359.6,3361.4,12425
2026-03-13T12:00:00+05:30,3359.8,3360,3346.3,3348.8,43750
2026-03-13T12:15:00+05:30,3351.5,3352.6,3336,3349.4,40250
2026-03-13T12:30:00+05:30,3347.4,3349.7,3327.7,3329.5,31325
2026-03-13T12:45:00+05:30,3329.4,3334.1,3320,3326,46725
2026-03-13T13:00:00+05:30,3325.6,3329.1,3312.9,3314.7,32550
2026-03-13T13:15:00+05:30,3313.6,3315.1,3301.3,3305.1,74375
2026-03-13T13:30:00+05:30,3306.2,3313.3,3294.1,3304.2,117775
2026-03-13T13:45:00+05:30,3302.9,3306.8,3299.6,3301,25725
2026-03-13T14:00:00+05:30,3302.2,3310.4,3301.4,3306.5,59150
2026-03-13T14:15:00+05:30,3306.6,3321.9,3303.1,3317.9,159250
2026-03-13T14:30:00+05:30,3315.8,3332.3,3315.7,3331.6,71050
2026-03-13T14:45:00+05:30,3332,3338.2,3322.8,3330.9,94500
2026-03-13T15:00:00+05:30,3328.3,3341,3326.1,3340.9,128625
2026-03-13T15:15:00+05:30,3339.7,3340.6,3330.1,3332,121100
2026-03-16T09:15:00+05:30,3333.3,3361.3,3318.1,3354.9,86800
2026-03-16T09:30:00+05:30,3354.3,3392,3348.6,3385,99225
2026-03-16T09:45:00+05:30,3385.2,3392.7,3347.6,3347.6,75425
2026-03-16T10:00:00+05:30,3349.3,3368.5,3345.5,3348.9,49000
2026-03-16T10:15:00+05:30,3345.6,3345.6,3315.2,3315.2,39025
2026-03-16T10:30:00+05:30,3318.7,3330.8,3308,3308,35700
2026-03-16T10:45:00+05:30,3307.9,3313,3292,3309.3,29925
2026-03-16T11:00:00+05:30,3311,3328.4,3311,3324.2,37800
2026-03-16T11:15:00+05:30,3324,3342.8,3321.6,3337.9,25375
2026-03-16T11:30:00+05:30,3335.3,3349.7,3327.2,3327.2,19950
2026-03-16T11:45:00+05:30,3330,3338,3329,3338,12425
2026-03-16T12:00:00+05:30,3331.8,3338.5,3324.5,3327,11200
2026-03-16T12:15:00+05:30,3325.2,3333.5,3321,3331.6,8750
2026-03-16T12:30:00+05:30,3332.6,3332.6,3322.5,3328.5,7000
2026-03-16T12:45:00+05:30,3325,3328.4,3316.5,3325,24500
2026-03-16T13:00:00+05:30,3325.9,3332.2,3317,3323.8,17850
2026-03-16T13:15:00+05:30,3324.8,3335.5,3324.8,3333.1,18025
2026-03-16T13:30:00+05:30,3332.2,3339.7,3331.2,3331.9,15925
2026-03-16T13:45:00+05:30,3330.8,3335.2,3324.3,3326.1,14700
2026-03-16T14:00:00+05:30,3326.2,3337.9,3319.1,3332.5,18550
2026-03-16T14:15:00+05:30,3334.4,3360.5,3333.5,3358.4,52850
2026-03-16T14:30:00+05:30,3359.5,3382,3359.5,3377.7,112525
2026-03-16T14:45:00+05:30,3378,3395,3374.6,3383.9,80150
2026-03-16T15:00:00+05:30,3384.1,3384.1,3366.5,3379,97475
2026-03-16T15:15:00+05:30,3379.7,3382.6,3350.1,3352,164150
2026-03-17T09:15:00+05:30,3392.9,3392.9,3350.1,3371,40950
2026-03-17T09:30:00+05:30,3371.1,3411.5,3365,3401.9,94675
2026-03-17T09:45:00+05:30,3403.9,3425.9,3397,3423.4,96600
2026-03-17T10:00:00+05:30,3425,3439.9,3418.9,3424,74900
2026-03-17T10:15:00+05:30,3428,3442.3,3410,3410,63175
2026-03-17T10:30:00+05:30,3410.2,3428.7,3403.8,3427,47600
2026-03-17T10:45:00+05:30,3426.9,3444,3423.5,3438.6,54425
2026-03-17T11:00:00+05:30,3438.6,3447.7,3420,3423.1,52500
2026-03-17T11:15:00+05:30,3423.4,3423.4,3395.9,3397.6,63175
2026-03-17T11:30:00+05:30,3399.2,3409.6,3392.8,3406.2,46900
2026-03-17T11:45:00+05:30,3404.5,3406.5,3377.9,3380.2,54075
2026-03-17T12:00:00+05:30,3382.1,3388.6,3380,3384,18025
2026-03-17T12:15:00+05:30,3384,3394.4,3380.9,3392.3,29400
2026-03-17T12:30:00+05:30,3390,3402.4,3386.5,3392.5,42875
2026-03-17T12:45:00+05:30,3394.2,3414,3394.2,3414,30975
2026-03-17T13:00:00+05:30,3413.3,3433.2,3413.3,3428.6,71925
2026-03-17T13:15:00+05:30,3428.2,3442.3,3416.4,3442.3,34125
2026-03-17T13:30:00+05:30,3441,3456,3435,3438,48300
2026-03-17T13:45:00+05:30,3439.6,3447.7,3433.4,3442,37975
2026-03-17T14:00:00+05:30,3443,3463.3,3441.1,3462.6,59150
2026-03-17T14:15:00+05:30,3462,3470.7,3456.1,3464.4,69475
2026-03-17T14:30:00+05:30,3465,3488,3465,3475.2,101675
2026-03-17T14:45:00+05:30,3475.9,3493.2,3473.8,3493,64400
2026-03-17T15:00:00+05:30,3492,3492,3478,3487.4,164500
2026-03-17T15:15:00+05:30,3487.3,3497.7,3485.1,3496,223125
2026-03-18T09:15:00+05:30,3509.9,3551.4,3501.4,3545.1,131950
2026-03-18T09:30:00+05:30,3546.4,3553.9,3536.8,3539.8,58975
2026-03-18T09:45:00+05:30,3543.6,3549,3530.8,3532.1,37450
2026-03-18T10:00:00+05:30,3534.4,3545.2,3528.3,3544.3,37625
2026-03-18T10:15:00+05:30,3541.8,3556.1,3541,3547.8,41650
2026-03-18T10:30:00+05:30,3549.5,3556.8,3549.5,3554.1,20475
2026-03-18T10:45:00+05:30,3556.2,3564.9,3551.7,3556.7,24325
2026-03-18T11:00:00+05:30,3557,3561.7,3555.6,3560,43225
2026-03-18T11:15:00+05:30,3560,3568.1,3558.4,3562.5,59850
2026-03-18T11:30:00+05:30,3563.3,3566.8,3559.8,3561,27650
2026-03-18T11:45:00+05:30,3560.6,3561.3,3541,3547,51275
2026-03-18T12:00:00+05:30,3547.7,3552.8,3543.1,3547.9,25900
2026-03-18T12:15:00+05:30,3548.9,3552.2,3540.8,3543,25200
2026-03-18T12:30:00+05:30,3543.1,3548.1,3537.9,3542,31325
2026-03-18T12:45:00+05:30,3541.2,3546.6,3539.8,3540.4,17325
2026-03-18T13:00:00+05:30,3542,3545.6,3538,3544.6,19425
2026-03-18T13:15:00+05:30,3544.5,3557.4,3542.5,3549.8,32200
2026-03-18T13:30:00+05:30,3551.3,3562,3544.9,3562,32900
2026-03-18T13:45:00+05:30,3562,3564.1,3556.5,3562.9,36050
2026-03-18T14:00:00+05:30,3562.3,3563.8,3555.2,3556.9,39550
2026-03-18T14:15:00+05:30,3556.9,3566,3556.9,3562.7,23450
2026-03-18T14:30:00+05:30,3562.4,3562.4,3554.4,3557.4,53550
2026-03-18T14:45:00+05:30,3558.6,3570,3555,3569.2,53900
2026-03-18T15:00:00+05:30,3569.5,3573.2,3561.4,3571.6,118825
2026-03-18T15:15:00+05:30,3573.3,3574.2,3554.5,3558.1,164675
2026-03-19T09:15:00+05:30,3480.1,3508.8,3462.7,3479,103425
2026-03-19T09:30:00+05:30,3474.6,3494.8,3471.4,3484.9,26425
2026-03-19T09:45:00+05:30,3487.1,3489.9,3473,3480.6,28175
2026-03-19T10:00:00+05:30,3481.1,3489.4,3470.8,3474.3,14000
2026-03-19T10:15:00+05:30,3474.4,3482,3458.6,3479.7,44275
2026-03-19T10:30:00+05:30,3485.6,3486.8,3478.6,3481,19600
2026-03-19T10:45:00+05:30,3479.7,3484,3469,3473.9,19250
2026-03-19T11:00:00+05:30,3473.3,3476.3,3463.2,3464.5,22925
2026-03-19T11:15:00+05:30,3464.2,3472.9,3463.4,3465.5,9100
2026-03-19T11:30:00+05:30,3464,3469.8,3460,3462.5,10325
2026-03-19T11:45:00+05:30,3463.5,3468,3452,3452.8,17850
2026-03-19T12:00:00+05:30,3452.5,3452.5,3431.9,3442.6,43225
2026-03-19T12:15:00+05:30,3441.9,3447,3434.6,3437.1,14525
2026-03-19T12:30:00+05:30,3438.6,3440.3,3430,3430,14700
2026-03-19T12:45:00+05:30,3429.7,3442.6,3429.7,3437.6,11375
2026-03-19T13:00:00+05:30,3438.7,3443.9,3436.2,3436.2,12250
2026-03-19T13:15:00+05:30,3432.7,3435.3,3426.3,3428,11200
2026-03-19T13:30:00+05:30,3429.6,3445.2,3429.6,3438.7,15925
2026-03-19T13:45:00+05:30,3438.2,3441.1,3426.6,3426.6,14175
2026-03-19T14:00:00+05:30,3427.5,3430.1,3417.9,3422.8,30100
2026-03-19T14:15:00+05:30,3423.3,3434.1,3423.3,3429.2,29925
2026-03-19T14:30:00+05:30,3431,3439.8,3422.8,3434.7,43925
2026-03-19T14:45:00+05:30,3437.6,3437.6,3409.7,3418.3,84875
2026-03-19T15:00:00+05:30,3418.1,3439.9,3412.9,3439.5,174475
2026-03-19T15:15:00+05:30,3440,3471.8,3439.2,3456.1,243425
2026-03-20T09:15:00+05:30,3469.9,3532.9,3469.9,3512,130550
2026-03-20T09:30:00+05:30,3511,3511,3477.4,3480,30975
2026-03-20T09:45:00+05:30,3480,3490.2,3473.4,3490.2,19250
2026-03-20T10:00:00+05:30,3487.1,3487.1,3472.6,3477,12600
2026-03-20T10:15:00+05:30,3475,3475,3458.9,3473.4,25375
2026-03-20T10:30:00+05:30,3471.7,3479.9,3470.6,3479.2,15050
2026-03-20T10:45:00+05:30,3479.9,3487,3471.5,3475.3,29050
2026-03-20T11:00:00+05:30,3475.9,3478.6,3469.1,3473.9,11025
2026-03-20T11:15:00+05:30,3474.5,3487.5,3472.5,3476.9,19075
2026-03-20T11:30:00+05:30,3477,3481.6,3475,3476.3,11725
2026-03-20T11:45:00+05:30,3477.2,3480.6,3464.3,3470.1,12950
2026-03-20T12:00:00+05:30,3471.3,3471.3,3457.7,3464.3,21350
2026-03-20T12:15:00+05:30,3466.8,3466.8,3437.5,3447.2,44625
2026-03-20T12:30:00+05:30,3446.9,3461,3440.7,3456.2,19600
2026-03-20T12:45:00+05:30,3457,3462.3,3453.3,3456,8750
2026-03-20T13:00:00+05:30,3454,3466.8,3452.4,3465.9,8925
2026-03-20T13:15:00+05:30,3469.5,3474,3460.3,3472,10500
2026-03-20T13:30:00+05:30,3473.3,3475.9,3463,3463.4,24675
2026-03-20T13:45:00+05:30,3463,3469.3,3456.8,3461,12775
2026-03-20T14:00:00+05:30,3458.6,3472.9,3456.8,3464.1,12600
2026-03-20T14:15:00+05:30,3462.1,3467.9,3459.2,3465,12775
2026-03-20T14:30:00+05:30,3462.3,3466,3453.4,3457.1,17325
2026-03-20T14:45:00+05:30,3455.4,3455.4,3447.1,3450.5,19250
2026-03-20T15:00:00+05:30,3450,3459.8,3438.3,3448.6,82250
2026-03-20T15:15:00+05:30,3449.7,3467.9,3449.3,3466,102725
2026-03-23T09:15:00+05:30,3415,3415,3380.1,3392.8,104650
2026-03-23T09:30:00+05:30,3391.7,3419,3384.5,3402.1,43050
2026-03-23T09:45:00+05:30,3402.7,3402.7,3377.8,3385,33250
2026-03-23T10:00:00+05:30,3383.1,3398.4,3376.4,3381.3,52150
2026-03-23T10:15:00+05:30,3381.3,3389.7,3374.9,3374.9,25200
2026-03-23T10:30:00+05:30,3379.2,3398.9,3378.7,3384.5,71225
2026-03-23T10:45:00+05:30,3382,3389.5,3376,3387.4,13475
2026-03-23T11:00:00+05:30,3385.2,3393.5,3381.8,3387.9,10675
2026-03-23T11:15:00+05:30,3387,3387.3,3380,3384.3,10675
2026-03-23T11:30:00+05:30,3386.4,3389.3,3378,3378,21700
2026-03-23T11:45:00+05:30,3379,3389.5,3379,3382.7,11900
2026-03-23T12:00:00+05:30,3382.5,3387,3380.2,3383.9,18200
2026-03-23T12:15:00+05:30,3384,3388,3375.1,3388,12250
2026-03-23T12:30:00+05:30,3386.9,3394.1,3383.2,3392.2,11025
2026-03-23T12:45:00+05:30,3392.2,3396.4,3387.3,3390.8,8575
2026-03-23T13:00:00+05:30,3390.8,3390.8,3376.1,3381.8,15225
2026-03-23T13:15:00+05:30,3381.8,3384.8,3380.6,3381.8,12425
2026-03-23T13:30:00+05:30,3384.1,3397.2,3383.2,3395,13650
2026-03-23T13:45:00+05:30,3394.6,3407,3393.3,3402.2,19775
2026-03-23T14:00:00+05:30,3399.9,3408.3,3397.5,3401,16450
2026-03-23T14:15:00+05:30,3398.6,3406.7,3393.4,3399.3,16100
2026-03-23T14:30:00+05:30,3399.3,3401.7,3384.8,3396.8,19425
2026-03-23T14:45:00+05:30,3394.9,3409.8,3391.2,3397.1,18375
2026-03-23T15:00:00+05:30,3396,3402,3388.5,3397,48475
2026-03-23T15:15:00+05:30,3394.8,3400,3390,3390,59325
2026-03-24T09:15:00+05:30,3459.9,3459.9,3424,3453.5,151900
2026-03-24T09:30:00+05:30,3453.5,3456.4,3438.7,3442.9,131250
2026-03-24T09:45:00+05:30,3442.9,3450.3,3432.6,3432.6,95025
2026-03-24T10:00:00+05:30,3432.6,3432.6,3408.4,3420.2,103250
2026-03-24T10:15:00+05:30,3420.2,3432.3,3417.5,3419.2,83825
2026-03-24T10:30:00+05:30,3419.2,3419.2,3400,3401.7,95725
2026-03-24T10:45:00+05:30,3401.7,3417,3400.2,3406.9,80150
2026-03-24T11:00:00+05:30,3406.9,3409.3,3402.2,3403.2,81375
2026-03-24T11:15:00+05:30,3404.6,3411.4,3400.2,3404,80850
2026-03-24T11:30:00+05:30,3405.9,3424.1,3405.9,3422.2,83650
2026-03-24T11:45:00+05:30,3422.2,3440.7,3422.2,3439.9,100275
2026-03-24T12:00:00+05:30,3439.9,3440.3,3421.3,3422.9,76650
2026-03-24T12:15:00+05:30,3422.9,3467.6,3422.8,3446.1,127225
2026-03-24T12:30:00+05:30,3446.1,3465.1,3438.7,3462.3,129675
2026-03-24T12:45:00+05:30,3462.3,3470.7,3456.7,3463.2,162050
2026-03-24T13:00:00+05:30,3463.2,3464.8,3452.6,3463.8,89950
2026-03-24T13:15:00+05:30,3463.8,3496.8,3460.5,3495.7,167825
2026-03-24T13:30:00+05:30,3493.7,3495.7,3483.8,3491.9,106750
2026-03-24T13:45:00+05:30,3491.9,3493.6,3470.1,3476.9,92400
2026-03-24T14:00:00+05:30,3476.9,3491.9,3470,3491.9,150325
2026-03-24T14:15:00+05:30,3491.9,3495.5,3472.5,3476.6,132825
2026-03-24T14:30:00+05:30,3476.6,3480.7,3462.1,3474.3,121450
2026-03-24T14:45:00+05:30,3474.3,3477.9,3465.2,3473.8,111825
2026-03-24T15:00:00+05:30,3473.8,3474.1,3455.9,3466,103600
2026-03-24T15:15:00+05:30,3466.3,3489.5,3464,3470.2,117950
2026-03-25T09:15:00+05:30,3510.1,3559.9,3510.1,3551.4,235900
2026-03-25T09:30:00+05:30,3552.6,3553.8,3538.2,3547,119875
2026-03-25T09:45:00+05:30,3547,3552.8,3539.1,3544,115150
2026-03-25T10:00:00+05:30,3544,3549.8,3539,3548.5,126875
2026-03-25T10:15:00+05:30,3548.5,3554.9,3545,3551.7,127400
2026-03-25T10:30:00+05:30,3552,3555.7,3543.9,3552.5,114625
2026-03-25T10:45:00+05:30,3552.5,3555.6,3530.1,3530.1,141225
2026-03-25T11:00:00+05:30,3530.1,3536,3529.7,3532,117600
2026-03-25T11:15:00+05:30,3532,3532,3520.3,3520.8,117950
2026-03-25T11:30:00+05:30,3520.8,3523.8,3513.5,3521,129850
2026-03-25T11:45:00+05:30,3521,3559.7,3521,3552,130725
2026-03-25T12:00:00+05:30,3552,3568.3,3552,3568.3,218225
2026-03-25T12:15:00+05:30,3568.3,3568.8,3543.2,3547.3,149450
2026-03-25T12:30:00+05:30,3547.2,3548,3542.1,3544.4,100450
2026-03-25T12:45:00+05:30,3544.4,3550,3533.2,3544.1,95200
2026-03-25T13:00:00+05:30,3542,3557.8,3542,3553.4,106225
2026-03-25T13:15:00+05:30,3553.4,3562.3,3545.4,3558.1,150150
2026-03-25T13:30:00+05:30,3558.1,3558.1,3546.7,3557.4,122325
2026-03-25T13:45:00+05:30,3557.4,3571.8,3555.1,3568.8,148750
2026-03-25T14:00:00+05:30,3568.8,3582.2,3565.1,3565.5,161700
2026-03-25T14:15:00+05:30,3565.5,3568.9,3545,3551.6,116375
2026-03-25T14:30:00+05:30,3551.6,3552.7,3538.8,3545.5,133000
2026-03-25T14:45:00+05:30,3545.5,3546.6,3533.2,3537.7,143325
2026-03-25T15:00:00+05:30,3537.7,3537.7,3523.9,3528.4,228725
2026-03-25T15:15:00+05:30,3528.4,3529.9,3518.2,3525.5,208075
2026-03-27T09:15:00+05:30,3475.4,3495.8,3460.3,3485,141750
2026-03-27T09:30:00+05:30,3488.4,3488.4,3470.7,3472.9,105525
2026-03-27T09:45:00+05:30,3472.9,3474.1,3446.6,3448.4,98175
2026-03-27T10:00:00+05:30,3448.4,3459.8,3429,3429,143150
2026-03-27T10:15:00+05:30,3429,3441.9,3422,3433.7,120400
2026-03-27T10:30:00+05:30,3433.7,3449.5,3432,3442.5,101150
2026-03-27T10:45:00+05:30,3442.5,3451.4,3435.1,3437.6,87675
2026-03-27T11:00:00+05:30,3438,3442.2,3427,3434.5,112175
2026-03-27T11:15:00+05:30,3434.5,3447.9,3434.5,3445.2,97125
2026-03-27T11:30:00+05:30,3445.2,3450.3,3441,3450.2,101675
2026-03-27T11:45:00+05:30,3450.2,3455,3446.3,3448.5,138950
2026-03-27T12:00:00+05:30,3448.5,3452.3,3441.6,3447,155750
2026-03-27T12:15:00+05:30,3447,3453.6,3439.1,3451.9,329000
2026-03-27T12:30:00+05:30,3451.9,3475.5,3447.5,3475.5,140525
2026-03-27T12:45:00+05:30,3475.5,3477.7,3466,3471.9,134400
2026-03-27T13:00:00+05:30,3471.9,3474,3463.1,3469.1,122325
2026-03-27T13:15:00+05:30,3469.1,3483.4,3468,3468,126175
2026-03-27T13:30:00+05:30,3468,3469.7,3456.1,3462.4,135100
2026-03-27T13:45:00+05:30,3462.4,3468.7,3457.4,3462.8,121975
2026-03-27T14:00:00+05:30,3465.2,3467.1,3459.6,3464.8,182525
2026-03-27T14:15:00+05:30,3464.8,3465.6,3452.1,3456.3,204400
2026-03-27T14:30:00+05:30,3456.2,3459.7,3452.2,3458,266700
2026-03-27T14:45:00+05:30,3458,3459.4,3446.1,3446.1,305550
2026-03-27T15:00:00+05:30,3442.2,3445.9,3428.3,3430.9,336875
2026-03-27T15:15:00+05:30,3430.9,3448.9,3430.9,3436.2,415275
2026-03-30T09:15:00+05:30,3396.7,3412.5,3371.1,3393.6,86625
2026-03-30T09:30:00+05:30,3393.6,3420,3392,3412.2,78575
2026-03-30T09:45:00+05:30,3415,3422.8,3395,3400.5,96775
2026-03-30T10:00:00+05:30,3398.2,3407.1,3388.4,3397.7,58450
2026-03-30T10:15:00+05:30,3397.7,3399.5,3387.2,3394.9,92050
2026-03-30T10:30:00+05:30,3394.9,3398.3,3388.7,3389.9,61250
2026-03-30T10:45:00+05:30,3389.9,3402.2,3385.8,3387.9,106925
2026-03-30T11:00:00+05:30,3387.7,3392.4,3383.8,3386.4,45675
2026-03-30T11:15:00+05:30,3386.8,3393.8,3381.4,3384.3,65625
2026-03-30T11:30:00+05:30,3384.3,3406.3,3383.7,3385.1,91175
2026-03-30T11:45:00+05:30,3385.1,3386,3376.4,3378.6,122850
2026-03-30T12:00:00+05:30,3380,3391.1,3376.2,3388,148400
2026-03-30T12:15:00+05:30,3390,3396.3,3372.5,3382.9,103250
2026-03-30T12:30:00+05:30,3382.9,3404.6,3382.6,3397.9,177800
2026-03-30T12:45:00+05:30,3397.9,3399.9,3383,3387.5,118125
2026-03-30T13:00:00+05:30,3387.6,3397.3,3387,3391.7,87850
2026-03-30T13:15:00+05:30,3391.7,3400.5,3390.4,3393.5,90300
2026-03-30T13:30:00+05:30,3393.5,3414.1,3393.5,3397.9,96425
2026-03-30T13:45:00+05:30,3397.9,3400.5,3389,3393.5,90825
2026-03-30T14:00:00+05:30,3391.5,3407.3,3391.4,3405.6,123725
2026-03-30T14:15:00+05:30,3408.3,3413.1,3399.3,3400.1,74375
2026-03-30T14:30:00+05:30,3399.6,3401.9,3380.8,3387.7,106750
2026-03-30T14:45:00+05:30,3389.7,3393.3,3370.8,3378.3,96250
2026-03-30T15:00:00+05:30,3379.5,3387.5,3362,3385.2,290150
2026-03-30T15:15:00+05:30,3385.9,3387.9,3363.6,3375.6,177450
2026-04-01T09:15:00+05:30,3482.7,3493.8,3455,3489.2,147000
2026-04-01T09:30:00+05:30,3490.5,3498.5,3479.4,3495.2,67375
2026-04-01T09:45:00+05:30,3495.2,3521.9,3491.1,3504.4,63875
2026-04-01T10:00:00+05:30,3501.5,3501.5,3472.5,3476,31500
2026-04-01T10:15:00+05:30,3476,3483.5,3460,3469.5,41650
2026-04-01T10:30:00+05:30,3471.9,3481.5,3466.5,3466.5,40250
2026-04-01T10:45:00+05:30,3464.3,3469.6,3430.7,3436.7,72625
2026-04-01T11:00:00+05:30,3433,3439.2,3417.9,3421,62650
2026-04-01T11:15:00+05:30,3422.6,3438,3413.9,3430.8,70525
2026-04-01T11:30:00+05:30,3429.7,3454.2,3429.7,3446.5,36925
2026-04-01T11:45:00+05:30,3444.6,3447,3434.5,3441.6,19775
2026-04-01T12:00:00+05:30,3444.5,3472.6,3444.5,3468.4,30625
2026-04-01T12:15:00+05:30,3468.4,3473.6,3458,3463.7,32375
2026-04-01T12:30:00+05:30,3468.2,3480,3468.2,3480,32375
2026-04-01T12:45:00+05:30,3480,3490,3480,3483.7,27475
2026-04-01T13:00:00+05:30,3483.8,3490,3481.6,3490,19950
2026-04-01T13:15:00+05:30,3490,3494.5,3486.6,3494.5,28175
2026-04-01T13:30:00+05:30,3493.8,3494.1,3461.3,3469,45500
2026-04-01T13:45:00+05:30,3465.4,3482.7,3456.2,3475.8,25375
2026-04-01T14:00:00+05:30,3475.7,3490,3472.8,3484,28875
2026-04-01T14:15:00+05:30,3479.5,3481.3,3468.3,3470.7,30800
2026-04-01T14:30:00+05:30,3469.2,3469.2,3443,3448.4,48650
2026-04-01T14:45:00+05:30,3447.2,3454.4,3436.8,3445,33600
2026-04-01T15:00:00+05:30,3448.1,3454.1,3437.9,3445.4,67725
2026-04-01T15:15:00+05:30,3444.9,3454.7,3444.7,3454.7,82075
2026-04-02T09:15:00+05:30,3368,3374.9,3332.3,3345.7,119525
2026-04-02T09:30:00+05:30,3346.1,3361,3340,3354.3,61250
2026-04-02T09:45:00+05:30,3355.3,3355.3,3307.7,3307.7,56350
2026-04-02T10:00:00+05:30,3307.3,3339,3306.8,3336.7,54600
2026-04-02T10:15:00+05:30,3336.7,3341.8,3329.5,3338.5,33075
2026-04-02T10:30:00+05:30,3335.6,3346.4,3335.1,3337.9,51800
2026-04-02T10:45:00+05:30,3340.6,3340.6,3325,3336.3,21525
2026-04-02T11:00:00+05:30,3336.4,3345,3327,3345,34300
2026-04-02T11:15:00+05:30,3343.9,3345.4,3323.4,3328,22750
2026-04-02T11:30:00+05:30,3325,3343.1,3322.1,3336.2,21875
2026-04-02T11:45:00+05:30,3337.6,3351,3335.1,3346.4,34475
2026-04-02T12:00:00+05:30,3350,3359,3344.1,3355,63350
2026-04-02T12:15:00+05:30,3355,3356,3344.1,3350.9,20125
2026-04-02T12:30:00+05:30,3352.1,3368.4,3352.1,3360.2,38850
2026-04-02T12:45:00+05:30,3360.2,3360.2,3346.4,3359.9,13300
2026-04-02T13:00:00+05:30,3360,3368.9,3356.2,3359.4,34650
2026-04-02T13:15:00+05:30,3359.3,3382,3356.7,3382,34125
2026-04-02T13:30:00+05:30,3383.5,3399.9,3372.9,3399,54950
2026-04-02T13:45:00+05:30,3399,3408.3,3387.1,3395,31850
2026-04-02T14:00:00+05:30,3396.1,3412.5,3392.6,3411,20825
2026-04-02T14:15:00+05:30,3414,3415.6,3402.9,3403.5,30800
2026-04-02T14:30:00+05:30,3401.4,3409.4,3381.2,3384,49000
2026-04-02T14:45:00+05:30,3383.6,3400.7,3381,3400.7,32900
2026-04-02T15:00:00+05:30,3396,3414.9,3395.4,3405,72275
2026-04-02T15:15:00+05:30,3407.4,3411.4,3396.2,3408.9,70875
2026-04-06T09:15:00+05:30,3463.9,3482.8,3425.2,3470,142800
2026-04-06T09:30:00+05:30,3466.3,3494.8,3460.5,3482.6,114625
2026-04-06T09:45:00+05:30,3486.7,3492,3471.7,3476,38850
2026-04-06T10:00:00+05:30,3472.6,3512,3472.6,3511,55300
2026-04-06T10:15:00+05:30,3510.2,3519,3471.8,3474.1,55475
2026-04-06T10:30:00+05:30,3474,3491.8,3462.9,3491.8,69125
2026-04-06T10:45:00+05:30,3492,3493,3476.7,3483.1,20300
2026-04-06T11:00:00+05:30,3484.8,3488.2,3465.1,3476.2,21875
2026-04-06T11:15:00+05:30,3472.2,3482.6,3471,3481.1,15750
2026-04-06T11:30:00+05:30,3478.9,3485.6,3470.6,3485.6,10850
2026-04-06T11:45:00+05:30,3483.3,3495.9,3480.9,3489.5,15925
2026-04-06T12:00:00+05:30,3490,3492.5,3478.6,3479.8,15925
2026-04-06T12:15:00+05:30,3480.9,3486.5,3475.2,3482.9,13125
2026-04-06T12:30:00+05:30,3480.4,3484,3472,3482.9,37800
2026-04-06T12:45:00+05:30,3482.9,3496.9,3482,3493.1,26600
2026-04-06T13:00:00+05:30,3494.8,3498.9,3478.6,3493,48300
2026-04-06T13:15:00+05:30,3493,3504.2,3488.3,3488.3,24675
2026-04-06T13:30:00+05:30,3492.2,3502.4,3491.3,3495.6,18900
2026-04-06T13:45:00+05:30,3495.4,3499.8,3490.6,3493.3,12425
2026-04-06T14:00:00+05:30,3495,3503,3493.5,3502.7,12775
2026-04-06T14:15:00+05:30,3504,3508.7,3500,3503.5,27650
2026-04-06T14:30:00+05:30,3503.6,3510.4,3498.5,3504.9,18200
2026-04-06T14:45:00+05:30,3503.3,3511.2,3500.1,3508.4,22750
2026-04-06T15:00:00+05:30,3508.3,3515.6,3505,3511.7,54950
2026-04-06T15:15:00+05:30,3514,3514,3501.1,3503,71400
2026-04-07T09:15:00+05:30,3481.8,3481.8,3428.1,3455.8,47950
2026-04-07T09:30:00+05:30,3452.6,3463.9,3446.2,3450,23625
2026-04-07T09:45:00+05:30,3448.4,3465,3447.9,3460.4,15225
2026-04-07T10:00:00+05:30,3460.4,3476.7,3460.4,3472,17325
2026-04-07T10:15:00+05:30,3471.5,3480,3462.7,3475.2,24675
2026-04-07T10:30:00+05:30,3475.3,3486.3,3471.5,3479.1,28350
2026-04-07T10:45:00+05:30,3479.1,3480.5,3448.2,3452.6,14525
2026-04-07T11:00:00+05:30,3448.9,3460.2,3446,3452,11725
2026-04-07T11:15:00+05:30,3452,3470,3451.8,3466.7,15750
2026-04-07T11:30:00+05:30,3465.7,3476.6,3465.1,3471.2,19425
2026-04-07T11:45:00+05:30,3471,3479.3,3469.9,3476.1,27650
2026-04-07T12:00:00+05:30,3477.5,3477.5,3463.4,3468.2,11900
2026-04-07T12:15:00+05:30,3466.8,3471,3462.9,3469,9100
2026-04-07T12:30:00+05:30,3471.1,3474.2,3466.1,3470,9100
2026-04-07T12:45:00+05:30,3470.1,3470.1,3460.4,3461.6,3675
2026-04-07T13:00:00+05:30,3462,3475,3460.4,3475,12250
2026-04-07T13:15:00+05:30,3475,3478,3470.3,3474.8,21350
2026-04-07T13:30:00+05:30,3475.3,3494.8,3475.3,3491.1,21175
2026-04-07T13:45:00+05:30,3490.9,3492.7,3476.1,3476.1,13300
2026-04-07T14:00:00+05:30,3480.1,3489.9,3479.9,3479.9,7000
2026-04-07T14:15:00+05:30,3481.2,3494,3480,3492,24150
2026-04-07T14:30:00+05:30,3490,3493.9,3478.1,3484.2,24675
2026-04-07T14:45:00+05:30,3486,3495.4,3482.4,3492.2,37975
2026-04-07T15:00:00+05:30,3494.2,3494.3,3480.1,3486.8,50225
2026-04-07T15:15:00+05:30,3486.4,3493.8,3479.7,3490,72275
2026-04-08T09:15:00+05:30,3656.6,3697.8,3639.7,3685.5,210175
2026-04-08T09:30:00+05:30,3692.2,3705,3687.4,3701.6,100275
2026-04-08T09:45:00+05:30,3701.8,3720,3701.8,3708.3,108850
2026-04-08T10:00:00+05:30,3707.3,3710.8,3680.3,3696.1,68775
2026-04-08T10:15:00+05:30,3697,3709.9,3687.3,3700.3,60725
2026-04-08T10:30:00+05:30,3697.8,3700.6,3685.1,3694.1,24150
2026-04-08T10:45:00+05:30,3694.2,3697,3687.1,3695.5,21700
2026-04-08T11:00:00+05:30,3698.1,3713.4,3698.1,3704.7,26425
2026-04-08T11:15:00+05:30,3703.2,3733.5,3703.2,3733.4,85400
2026-04-08T11:30:00+05:30,3733,3738,3723.9,3729.8,33775
2026-04-08T11:45:00+05:30,3731.2,3740,3721.6,3737.2,26075
2026-04-08T12:00:00+05:30,3736.6,3745.5,3731.9,3736.1,23625
2026-04-08T12:15:00+05:30,3736.1,3737.8,3718.5,3720.1,22925
2026-04-08T12:30:00+05:30,3720,3723.6,3706,3711.1,19600
2026-04-08T12:45:00+05:30,3710,3718.6,3708.6,3714.9,26775
2026-04-08T13:00:00+05:30,3716,3716,3706,3707.2,16975
2026-04-08T13:15:00+05:30,3709,3717,3707,3709.8,15050
2026-04-08T13:30:00+05:30,3709.8,3710.8,3698.6,3702.8,26950
2026-04-08T13:45:00+05:30,3703,3710,3701.6,3705.2,22050
2026-04-08T14:00:00+05:30,3705.2,3712.9,3704,3707.2,16275
2026-04-08T14:15:00+05:30,3710.3,3714,3709.3,3713.2,24325
2026-04-08T14:30:00+05:30,3713.1,3718,3708.2,3711.1,25025
2026-04-08T14:45:00+05:30,3712.1,3719.7,3707,3716,25725
2026-04-08T15:00:00+05:30,3714.7,3721.4,3711,3715,41125
2026-04-08T15:15:00+05:30,3712.7,3717.8,3707.6,3717.8,58800
2026-04-09T09:15:00+05:30,3719.9,3779.1,3683.4,3772.3,128275
2026-04-09T09:30:00+05:30,3771.9,3771.9,3727.8,3730,45325
2026-04-09T09:45:00+05:30,3735.3,3735.7,3700.1,3701.1,52850
2026-04-09T10:00:00+05:30,3703,3721.5,3696.7,3715.3,28525
2026-04-09T10:15:00+05:30,3710.6,3721.4,3707.2,3712.4,17325
2026-04-09T10:30:00+05:30,3711.8,3721,3707.5,3711,15925
2026-04-09T10:45:00+05:30,3715.8,3734.1,3713.9,3721.7,22050
2026-04-09T11:00:00+05:30,3727,3734.2,3722.6,3726.9,16100
2026-04-09T11:15:00+05:30,3729.8,3731.1,3717.2,3728.9,40600
2026-04-09T11:30:00+05:30,3729.1,3747.6,3722.7,3742.1,36050
2026-04-09T11:45:00+05:30,3741.4,3746.5,3732.1,3742,31150
2026-04-09T12:00:00+05:30,3740.2,3762,3735.7,3752.9,33600
2026-04-09T12:15:00+05:30,3746.6,3756.1,3739.6,3747.5,26600
2026-04-09T12:30:00+05:30,3747.1,3763,3747.1,3750.6,19775
2026-04-09T12:45:00+05:30,3754,3754,3732.7,3738.7,19075
2026-04-09T13:00:00+05:30,3738.7,3744.4,3729.3,3736.6,16100
2026-04-09T13:15:00+05:30,3735.2,3740,3722.4,3724.1,21875
2026-04-09T13:30:00+05:30,3726.7,3730.7,3721.7,3730.2,9275
2026-04-09T13:45:00+05:30,3726.4,3732.4,3721.1,3731,6475
2026-04-09T14:00:00+05:30,3731.9,3739,3731.1,3735.4,14875
2026-04-09T14:15:00+05:30,3733.4,3737.9,3723,3728.1,12250
2026-04-09T14:30:00+05:30,3725.6,3729.3,3718.1,3729.3,10325
2026-04-09T14:45:00+05:30,3726.4,3733.8,3719.7,3729.7,13475
2026-04-09T15:00:00+05:30,3730.9,3750.9,3730.9,3750.8,33775
2026-04-09T15:15:00+05:30,3750.9,3751.2,3721.5,3724,81200
2026-04-10T09:15:00+05:30,3775,3798.4,3774.3,3794.2,96250
2026-04-10T09:30:00+05:30,3792.6,3809,3783.8,3804,44100
2026-04-10T09:45:00+05:30,3804.1,3812,3795.2,3798,42175
2026-04-10T10:00:00+05:30,3801.6,3812.2,3779,3786.6,69300
2026-04-10T10:15:00+05:30,3788.6,3804,3787.8,3799.8,21175
2026-04-10T10:30:00+05:30,3805,3818.3,3802.6,3814.4,27300
2026-04-10T10:45:00+05:30,3813.3,3814.4,3794.6,3803,27300
2026-04-10T11:00:00+05:30,3803.2,3810.5,3798.5,3805,17675
2026-04-10T11:15:00+05:30,3804.2,3805,3795.4,3801.1,17150
2026-04-10T11:30:00+05:30,3801.8,3812.5,3801.8,3804,20300
2026-04-10T11:45:00+05:30,3804.4,3804.4,3791,3795.6,25900
2026-04-10T12:00:00+05:30,3795.1,3809.9,3795.1,3806.5,30450
2026-04-10T12:15:00+05:30,3804.7,3820,3799.7,3812.4,28875
2026-04-10T12:30:00+05:30,3812.6,3817.8,3808.3,3808.3,15750
2026-04-10T12:45:00+05:30,3807.5,3820.3,3807.3,3820,21175
2026-04-10T13:00:00+05:30,3819.4,3821.5,3813.8,3818,21175
2026-04-10T13:15:00+05:30,3818,3823.1,3814,3821.8,18025
2026-04-10T13:30:00+05:30,3823.1,3831.3,3823.1,3829.5,33425
2026-04-10T13:45:00+05:30,3826.4,3830.2,3822.5,3828,27300
2026-04-10T14:00:00+05:30,3828,3830.2,3819.5,3823.9,25375
2026-04-10T14:15:00+05:30,3824.5,3825,3803.7,3811.7,65800
2026-04-10T14:30:00+05:30,3811.9,3819.4,3811.9,3819.4,32200
2026-04-10T14:45:00+05:30,3819.4,3833.9,3811.5,3829.1,58275
2026-04-10T15:00:00+05:30,3827.8,3851.8,3827.8,3846.1,103425
2026-04-10T15:15:00+05:30,3846.3,3854.4,3838,3839.4,151375
2026-04-13T09:15:00+05:30,3785.1,3785.1,3725.1,3759,164150
2026-04-13T09:30:00+05:30,3755,3769,3724,3739.7,96425
2026-04-13T09:45:00+05:30,3736.4,3753.2,3736.2,3749.4,18725
2026-04-13T10:00:00+05:30,3746.5,3749.7,3735.1,3740.8,24850
2026-04-13T10:15:00+05:30,3734,3751,3727.9,3747,25025
2026-04-13T10:30:00+05:30,3747.2,3749.3,3734.9,3744.1,22225
2026-04-13T10:45:00+05:30,3749.5,3774.4,3749,3774.4,32725
2026-04-13T11:00:00+05:30,3774.3,3774.3,3746,3747.3,26600
2026-04-13T11:15:00+05:30,3747,3758.3,3747,3755.5,20300
2026-04-13T11:30:00+05:30,3751.4,3758.4,3750.5,3756.1,10850
2026-04-13T11:45:00+05:30,3759,3770,3754.4,3765,18200
2026-04-13T12:00:00+05:30,3766.2,3771.6,3762.4,3771.6,14175
2026-04-13T12:15:00+05:30,3769.6,3771,3761.4,3771,11025
2026-04-13T12:30:00+05:30,3773,3778,3770.3,3772.2,19425
2026-04-13T12:45:00+05:30,3773.4,3773.4,3753.4,3758.6,14175
2026-04-13T13:00:00+05:30,3763,3765.9,3750.8,3760,25375
2026-04-13T13:15:00+05:30,3760,3760.3,3749.3,3750.5,21175
2026-04-13T13:30:00+05:30,3749,3749,3727.9,3728.1,27475
2026-04-13T13:45:00+05:30,3727.9,3748,3726,3748,25900
2026-04-13T14:00:00+05:30,3749,3749,3740,3741.5,6825
2026-04-13T14:15:00+05:30,3741.3,3748.9,3738,3746.3,10325
2026-04-13T14:30:00+05:30,3746.2,3756.4,3746.2,3752,17150
2026-04-13T14:45:00+05:30,3756.6,3760,3742.9,3750.3,27475
2026-04-13T15:00:00+05:30,3749.4,3750.6,3738,3742.9,26075
2026-04-13T15:15:00+05:30,3745,3747.9,3738.9,3740.2,41475
2026-04-15T09:15:00+05:30,3799,3829.8,3771,3776.7,137375
2026-04-15T09:30:00+05:30,3776.8,3789.7,3755.3,3784.5,48125
2026-04-15T09:45:00+05:30,3782,3789.1,3770.3,3784.8,26950
2026-04-15T10:00:00+05:30,3781,3788,3772.2,3781.5,16100
2026-04-15T10:15:00+05:30,3781.1,3798.2,3781.1,3797.7,49525
2026-04-15T10:30:00+05:30,3799,3808,3788.5,3805,36750
2026-04-15T10:45:00+05:30,3804,3804,3791,3798.7,22050
2026-04-15T11:00:00+05:30,3800,3800,3786.1,3791.7,16275
2026-04-15T11:15:00+05:30,3791.8,3799.1,3790.1,3792.9,8400
2026-04-15T11:30:00+05:30,3792.9,3797.7,3785.7,3791.1,11725
2026-04-15T11:45:00+05:30,3791,3797.7,3790.5,3797.5,16800
2026-04-15T12:00:00+05:30,3796.6,3806,3790,3795.5,19600
2026-04-15T12:15:00+05:30,3796.8,3801.2,3793.1,3794.1,9100
2026-04-15T12:30:00+05:30,3793.9,3797.8,3787.2,3796.9,4375
2026-04-15T12:45:00+05:30,3795.3,3795.3,3787.2,3794.1,3500
2026-04-15T13:00:00+05:30,3791.5,3791.9,3786.2,3790.1,4900
2026-04-15T13:15:00+05:30,3787,3789.4,3782,3788.4,4375
2026-04-15T13:30:00+05:30,3791.4,3797.1,3791.4,3794.2,7175
2026-04-15T13:45:00+05:30,3796,3802.5,3792.7,3802,5950
2026-04-15T14:00:00+05:30,3801.3,3802.5,3797.3,3797.7,5250
2026-04-15T14:15:00+05:30,3798.9,3800.7,3794.6,3798.3,15050
2026-04-15T14:30:00+05:30,3797.3,3801.6,3793.7,3794.2,11900
2026-04-15T14:45:00+05:30,3795,3796.9,3785.5,3787.4,36750
2026-04-15T15:00:00+05:30,3789.7,3791.7,3777.9,3791.1,67550
2026-04-15T15:15:00+05:30,3790.9,3792.8,3790,3791.3,88200
2026-04-16T09:15:00+05:30,3810,3825,3796.4,3798.2,63000
2026-04-16T09:30:00+05:30,3799.4,3802.3,3786.8,3797.5,31325
2026-04-16T09:45:00+05:30,3794.1,3796.9,3774.9,3779.2,20475
2026-04-16T10:00:00+05:30,3780.9,3790.8,3776.7,3786.8,14700
2026-04-16T10:15:00+05:30,3784.4,3790,3771.1,3779.9,20650
2026-04-16T10:30:00+05:30,3783.9,3789.3,3778.6,3783.8,10675
2026-04-16T10:45:00+05:30,3784.5,3788,3778.6,3788,8750
2026-04-16T11:00:00+05:30,3784.5,3786.5,3779,3780.8,10325
2026-04-16T11:15:00+05:30,3783.5,3788.9,3777.4,3781.4,12950
2026-04-16T11:30:00+05:30,3783.6,3784.9,3775.5,3783,9975
2026-04-16T11:45:00+05:30,3778,3785.4,3772.1,3772.6,14350
2026-04-16T12:00:00+05:30,3770.9,3777.7,3768.6,3772.4,16800
2026-04-16T12:15:00+05:30,3774.6,3777.1,3765.1,3765.4,7525
2026-04-16T12:30:00+05:30,3766.3,3766.3,3760.5,3762,6125
2026-04-16T12:45:00+05:30,3762.8,3763.2,3748.1,3751.4,17675
2026-04-16T13:00:00+05:30,3754.9,3756.4,3740.3,3746,14000
2026-04-16T13:15:00+05:30,3742.8,3752.7,3742.8,3748.6,10150
2026-04-16T13:30:00+05:30,3748.5,3765,3748.5,3763.3,12250
2026-04-16T13:45:00+05:30,3764.6,3765,3759.5,3764.1,19600
2026-04-16T14:00:00+05:30,3765,3765,3748.7,3755.2,13300
2026-04-16T14:15:00+05:30,3761.5,3764.5,3755,3764.5,10150
2026-04-16T14:30:00+05:30,3765,3772.1,3759,3771.7,14350
2026-04-16T14:45:00+05:30,3775,3782,3772.2,3775.4,33425
2026-04-16T15:00:00+05:30,3775.4,3775.8,3755.5,3757.6,28525
2026-04-16T15:15:00+05:30,3755.7,3782.8,3754.1,3772.2,40600
2026-04-17T09:15:00+05:30,3772.3,3797.7,3738,3786.8,48300
2026-04-17T09:30:00+05:30,3786.2,3794.5,3771.2,3771.6,16275
2026-04-17T09:45:00+05:30,3774.7,3779.2,3760.1,3763,18025
2026-04-17T10:00:00+05:30,3764.7,3785,3754,3778.7,27475
2026-04-17T10:15:00+05:30,3778.9,3786.2,3775.6,3779.4,24150
2026-04-17T10:30:00+05:30,3778,3778,3760,3763.5,19775
2026-04-17T10:45:00+05:30,3764.6,3765.4,3757.2,3763.8,6125
2026-04-17T11:00:00+05:30,3760.5,3768.3,3755.3,3767,7175
2026-04-17T11:15:00+05:30,3767.1,3770.4,3763.4,3767.9,7700
2026-04-17T11:30:00+05:30,3765.6,3768,3763.2,3767.1,4900
2026-04-17T11:45:00+05:30,3764.5,3768.7,3758.1,3758.1,8925
2026-04-17T12:00:00+05:30,3756.4,3757.8,3746.4,3756.5,9625
2026-04-17T12:15:00+05:30,3756.5,3758,3749.1,3751.1,6650
2026-04-17T12:30:00+05:30,3750,3750,3732.9,3736.2,14000
2026-04-17T12:45:00+05:30,3736.4,3748.8,3736,3747.4,13300
2026-04-17T13:00:00+05:30,3750,3750,3740.3,3740.4,10850
2026-04-17T13:15:00+05:30,3740.3,3748.5,3734.3,3744.8,12775
2026-04-17T13:30:00+05:30,3746.4,3752,3737.7,3744.1,8925
2026-04-17T13:45:00+05:30,3744,3748.2,3740.4,3742.2,4200
2026-04-17T14:00:00+05:30,3744.7,3749.9,3738.6,3746.1,8050
2026-04-17T14:15:00+05:30,3748.2,3748.3,3740.1,3744.1,9275
2026-04-17T14:30:00+05:30,3741.2,3759.3,3740.6,3756.3,18725
2026-04-17T14:45:00+05:30,3758,3763.1,3756.9,3756.9,358575
2026-04-17T15:00:00+05:30,3755.8,3758.3,3741.7,3745.9,58450
2026-04-17T15:15:00+05:30,3745.7,3752.6,3741.9,3750.5,78925
2026-04-20T09:15:00+05:30,3746.6,3775.5,3725.7,3760.9,42000
2026-04-20T09:30:00+05:30,3762.5,3762.5,3708,3708.5,45675
2026-04-20T09:45:00+05:30,3709.5,3731.2,3704,3719.1,30275
2026-04-20T10:00:00+05:30,3720,3745,3720,3741.7,18200
2026-04-20T10:15:00+05:30,3741.6,3759.9,3738.9,3752.3,17500
2026-04-20T10:30:00+05:30,3752.3,3767.5,3752.3,3762.2,17325
2026-04-20T10:45:00+05:30,3762.1,3778,3757.1,3766.8,25025
2026-04-20T11:00:00+05:30,3769.9,3770.2,3753.8,3756.1,14525
2026-04-20T11:15:00+05:30,3755.8,3767.8,3755.8,3759.1,8925
2026-04-20T11:30:00+05:30,3759,3772,3758.1,3763.7,14175
2026-04-20T11:45:00+05:30,3766.3,3770,3761.8,3763.3,14000
2026-04-20T12:00:00+05:30,3763.4,3769.9,3758.1,3761.1,11550
2026-04-20T12:15:00+05:30,3761.4,3776.2,3761.4,3772.4,14000
2026-04-20T12:30:00+05:30,3774.6,3789.7,3772.7,3786.2,25725
2026-04-20T12:45:00+05:30,3788.4,3789.9,3778.9,3785.2,14700
2026-04-20T13:00:00+05:30,3787.4,3787.4,3768.3,3774,19600
2026-04-20T13:15:00+05:30,3774.2,3777.8,3763.9,3769.9,9975
2026-04-20T13:30:00+05:30,3770.6,3776.2,3769.3,3771,11725
2026-04-20T13:45:00+05:30,3772.3,3772.3,3762.4,3764.4,9100
2026-04-20T14:00:00+05:30,3764.4,3766.2,3758.2,3762.6,12075
2026-04-20T14:15:00+05:30,3761.5,3780.8,3761.5,3778.9,58450
2026-04-20T14:30:00+05:30,3780,3782,3775,3775.1,11025
2026-04-20T14:45:00+05:30,3775,3780.3,3771.9,3778.3,8575
2026-04-20T15:00:00+05:30,3779.1,3783,3773.7,3774.3,22575
2026-04-20T15:15:00+05:30,3775.2,3775.2,3757.6,3769.6,29575
2026-04-21T09:15:00+05:30,3802.5,3808,3782,3782.6,85400
2026-04-21T09:30:00+05:30,3781.4,3788,3777.1,3779,22050
2026-04-21T09:45:00+05:30,3781,3788.4,3772,3782,26250
2026-04-21T10:00:00+05:30,3782.3,3786.6,3778.7,3783.4,15575
2026-04-21T10:15:00+05:30,3783,3784.1,3770.8,3770.8,12425
2026-04-21T10:30:00+05:30,3771,3779,3769.2,3772.8,10325
2026-04-21T10:45:00+05:30,3771,3779.4,3771,3777.5,8925
2026-04-21T11:00:00+05:30,3777.9,3784,3777.5,3777.5,7175
2026-04-21T11:15:00+05:30,3777.5,3778.6,3769.5,3773.7,7700
2026-04-21T11:30:00+05:30,3770.5,3772.9,3768,3768,8400
2026-04-21T11:45:00+05:30,3768,3774.2,3768,3770.7,8750
2026-04-21T12:00:00+05:30,3771.7,3778.8,3762.2,3767.1,14700
2026-04-21T12:15:00+05:30,3767.1,3773.8,3767.1,3769.6,8050
2026-04-21T12:30:00+05:30,3769.6,3776.9,3768.3,3776.9,4725
2026-04-21T12:45:00+05:30,3776,3783.1,3774.4,3777.7,7350
2026-04-21T13:00:00+05:30,3777.7,3779.5,3774.1,3775.3,4900
2026-04-21T13:15:00+05:30,3775.3,3777.8,3771.9,3771.9,15050
2026-04-21T13:30:00+05:30,3771.9,3776,3768.4,3768.4,10850
2026-04-21T13:45:00+05:30,3768.4,3777,3768.4,3777,5950
2026-04-21T14:00:00+05:30,3777.1,3777.1,3768.9,3769.1,6125
2026-04-21T14:15:00+05:30,3768.5,3774.6,3768.4,3773.6,7000
2026-04-21T14:30:00+05:30,3773.6,3773.6,3762.9,3764,12775
2026-04-21T14:45:00+05:30,3764,3768.9,3763.3,3766.6,12250
2026-04-21T15:00:00+05:30,3766,3766,3755.5,3756.9,26600
2026-04-21T15:15:00+05:30,3759.5,3762.4,3756.3,3761.1,29575
2026-04-22T09:15:00+05:30,3751,3765.9,3730,3752.5,17675
2026-04-22T09:30:00+05:30,3752.5,3779.2,3752.5,3765.7,31150
2026-04-22T09:45:00+05:30,3764,3764.8,3750.4,3755.5,24150
2026-04-22T10:00:00+05:30,3752,3758.9,3747.1,3749.5,22050
2026-04-22T10:15:00+05:30,3753.5,3765.7,3748.9,3759.8,18725
2026-04-22T10:30:00+05:30,3759.8,3759.8,3735.1,3735.9,14350
2026-04-22T10:45:00+05:30,3726.5,3735.8,3721.8,3727.4,46725
2026-04-22T11:00:00+05:30,3727,3730,3717.7,3721,19600
2026-04-22T11:15:00+05:30,3721.1,3722.6,3717.4,3719.6,8225
2026-04-22T11:30:00+05:30,3719,3722.4,3714.2,3717.1,17500
2026-04-22T11:45:00+05:30,3717.4,3720.4,3715.5,3716.2,7525
2026-04-22T12:00:00+05:30,3716.2,3727.1,3716.1,3716.5,10325
2026-04-22T12:15:00+05:30,3716.5,3719.5,3712.1,3712.6,9800
2026-04-22T12:30:00+05:30,3710,3712.3,3704.1,3705.4,12775
2026-04-22T12:45:00+05:30,3707,3707,3696.6,3702,36050
2026-04-22T13:00:00+05:30,3701.3,3712.6,3700.7,3710,11725
2026-04-22T13:15:00+05:30,3707.2,3707.5,3700.7,3701.2,12250
2026-04-22T13:30:00+05:30,3702.4,3711.9,3702.4,3707.1,9800
2026-04-22T13:45:00+05:30,3707.1,3712.2,3705.2,3709.3,10325
2026-04-22T14:00:00+05:30,3709.6,3714,3702.4,3706.7,33950
2026-04-22T14:15:00+05:30,3706.7,3706.7,3698.9,3698.9,19600
2026-04-22T14:30:00+05:30,3695.2,3696.5,3688.4,3690.1,29925
2026-04-22T14:45:00+05:30,3690.1,3700.1,3687.7,3689,20650
2026-04-22T15:00:00+05:30,3684,3684,3656.3,3664.8,71225
2026-04-22T15:15:00+05:30,3664.8,3676.1,3663.6,3668.8,73850
2026-04-23T09:15:00+05:30,3624.2,3629.9,3581.5,3605.4,108850
2026-04-23T09:30:00+05:30,3603.3,3606.2,3563.2,3574.5,99400
2026-04-23T09:45:00+05:30,3574.5,3574.6,3545.1,3546,120225
2026-04-23T10:00:00+05:30,3546.5,3549.6,3525,3529.8,123025
2026-04-23T10:15:00+05:30,3529.8,3529.8,3496,3502.1,121975
2026-04-23T10:30:00+05:30,3502.1,3541.7,3496.1,3536.9,104300
2026-04-23T10:45:00+05:30,3536.9,3548,3531.8,3536,93450
2026-04-23T11:00:00+05:30,3536,3536.7,3524,3530,71400
2026-04-23T11:15:00+05:30,3530,3545,3527.3,3541.8,105175
2026-04-23T11:30:00+05:30,3541.8,3541.8,3526.3,3530.7,75600
2026-04-23T11:45:00+05:30,3530.7,3534.9,3524.1,3532.7,71925
2026-04-23T12:00:00+05:30,3528.7,3538.6,3525,3536.5,75600
2026-04-23T12:15:00+05:30,3533.4,3538.6,3527.8,3532.9,70875
2026-04-23T12:30:00+05:30,3534.7,3534.7,3512,3518,72975
2026-04-23T12:45:00+05:30,3518,3518,3501.9,3512.9,72275
2026-04-23T13:00:00+05:30,3512.9,3512.9,3504.5,3510.3,74550
2026-04-23T13:15:00+05:30,3510.3,3513.2,3504.3,3507.7,86450
2026-04-23T13:30:00+05:30,3504,3506,3493.2,3494,98700
2026-04-23T13:45:00+05:30,3494,3503.1,3490,3491.9,84175
2026-04-23T14:00:00+05:30,3491.9,3505,3486.8,3495.8,81725
2026-04-23T14:15:00+05:30,3496.1,3502.2,3485.1,3489.1,93275
2026-04-23T14:30:00+05:30,3489.1,3496.6,3486.3,3490.9,94675
2026-04-23T14:45:00+05:30,3492,3512,3488.8,3512,83125
2026-04-23T15:00:00+05:30,3510.1,3521,3504.6,3512.3,104650
2026-04-23T15:15:00+05:30,3509.8,3517.1,3508.2,3511.9,102900
2026-04-24T09:15:00+05:30,3511.4,3533.4,3476.1,3476.1,128275
2026-04-24T09:30:00+05:30,3476.1,3485,3462.8,3473.9,134575
2026-04-24T09:45:00+05:30,3473.9,3505,3467.4,3502.4,100275
2026-04-24T10:00:00+05:30,3502.4,3529.3,3502.4,3524.7,112175
2026-04-24T10:15:00+05:30,3518.9,3521.9,3505,3515.7,98000
2026-04-24T10:30:00+05:30,3515.7,3519,3513.9,3514.2,75425
2026-04-24T10:45:00+05:30,3514.2,3515.4,3495,3495,78225
2026-04-24T11:00:00+05:30,3495,3496.8,3478.9,3482.7,105875
2026-04-24T11:15:00+05:30,3482.7,3485,3472.6,3479.3,97825
2026-04-24T11:30:00+05:30,3480.1,3492.2,3475.9,3487.7,215950
2026-04-24T11:45:00+05:30,3487.7,3489.9,3475.3,3478.9,312725
2026-04-24T12:00:00+05:30,3478.9,3503.2,3474.8,3503,122150
2026-04-24T12:15:00+05:30,3503.7,3508.5,3496.5,3498.5,104125
2026-04-24T12:30:00+05:30,3498.5,3498.5,3478,3482,116375
2026-04-24T12:45:00+05:30,3482,3486.7,3472.2,3479.9,105000
2026-04-24T13:00:00+05:30,3479.9,3480.9,3464.6,3465.3,98175
2026-04-24T13:15:00+05:30,3465.1,3470.1,3460.4,3462.8,95025
2026-04-24T13:30:00+05:30,3462.8,3468.1,3454.2,3468.1,152775
2026-04-24T13:45:00+05:30,3468.1,3491,3467.7,3484,79975
2026-04-24T14:00:00+05:30,3484,3501.9,3484,3499,81725
2026-04-24T14:15:00+05:30,3495,3512.7,3495,3512.7,89250
2026-04-24T14:30:00+05:30,3512.7,3517,3499.6,3501.9,86800
2026-04-24T14:45:00+05:30,3501.9,3506,3498,3501.6,87150
2026-04-24T15:00:00+05:30,3499.8,3499.8,3480,3483.4,87500
2026-04-24T15:15:00+05:30,3483.4,3493.6,3482.1,3492,79625
2026-04-27T09:15:00+05:30,3500.1,3515,3497,3511.3,75250
2026-04-27T09:30:00+05:30,3511.3,3518.7,3502,3512.2,81900
2026-04-27T09:45:00+05:30,3512.2,3517,3503.8,3508.4,102375
2026-04-27T10:00:00+05:30,3508.4,3510.7,3492.6,3494.9,86800
2026-04-27T10:15:00+05:30,3498.9,3512,3496,3502,83475
2026-04-27T10:30:00+05:30,3502,3503.2,3490.2,3499.7,103950
2026-04-27T10:45:00+05:30,3499.7,3506,3497.4,3505.1,92225
2026-04-27T11:00:00+05:30,3505.1,3505.1,3491.1,3494,75250
2026-04-27T11:15:00+05:30,3494,3502,3486.1,3489.4,147875
2026-04-27T11:30:00+05:30,3489.4,3500.3,3488.1,3500.3,123725
2026-04-27T11:45:00+05:30,3500.3,3507.9,3491.7,3505.4,126875
2026-04-27T12:00:00+05:30,3505.4,3510.7,3502.4,3510.7,102025
2026-04-27T12:15:00+05:30,3506.3,3513.6,3502,3509.7,95025
2026-04-27T12:30:00+05:30,3510,3524,3504.5,3522.2,99400
2026-04-27T12:45:00+05:30,3522.2,3559.1,3515.3,3543,139475
2026-04-27T13:00:00+05:30,3543,3556.9,3543,3556.9,202825
2026-04-27T13:15:00+05:30,3556.9,3559.1,3546,3549.9,88725
2026-04-27T13:30:00+05:30,3549.9,3551.6,3538.8,3543.1,85400
2026-04-27T13:45:00+05:30,3543.1,3549.4,3543.1,3549.4,86975
2026-04-27T14:00:00+05:30,3549.4,3553,3547.8,3551.5,72975
2026-04-27T14:15:00+05:30,3551.5,3558.9,3547.8,3558.9,85925
2026-04-27T14:30:00+05:30,3559,3559,3539.4,3554.2,117425
2026-04-27T14:45:00+05:30,3554.2,3562.9,3552,3557.6,190575
2026-04-27T15:00:00+05:30,3557.6,3558.9,3549.7,3552,118650
2026-04-27T15:15:00+05:30,3552,3557.2,3546.4,3556,119525
2026-04-28T09:15:00+05:30,3559.9,3570,3546.2,3556.8,58975
2026-04-28T09:30:00+05:30,3556.8,3579.7,3545.4,3566.2,100275
2026-04-28T09:45:00+05:30,3564.3,3576.2,3562.9,3565,181475
2026-04-28T10:00:00+05:30,3567,3574,3564.5,3569.8,28350
2026-04-28T10:15:00+05:30,3568.6,3576,3564,3566,36925
2026-04-28T10:30:00+05:30,3568.8,3568.8,3534.1,3543.5,39550
2026-04-28T10:45:00+05:30,3543.5,3546.5,3540.4,3542.8,36225
2026-04-28T11:00:00+05:30,3541.5,3545.5,3539.4,3542,86275
2026-04-28T11:15:00+05:30,3541,3542.3,3518.8,3523.2,69650
2026-04-28T11:30:00+05:30,3522.5,3526,3515.3,3518,71575
2026-04-28T11:45:00+05:30,3521.8,3527.1,3515.9,3515.9,39725
2026-04-28T12:00:00+05:30,3518.9,3518.9,3509,3510.9,50575
2026-04-28T12:15:00+05:30,3512.3,3518.2,3505,3518.2,140525
2026-04-28T12:30:00+05:30,3518.2,3520.1,3511.3,3513.2,145425
2026-04-28T12:45:00+05:30,3512.3,3519.5,3511.1,3515.6,73850
2026-04-28T13:00:00+05:30,3512.9,3517.9,3511.7,3517.7,64050
2026-04-28T13:15:00+05:30,3515.4,3522.6,3515.4,3518.6,49000
2026-04-28T13:30:00+05:30,3518.6,3520.1,3511.9,3517.1,40075
2026-04-28T13:45:00+05:30,3517.1,3524,3513.6,3522.9,55475
2026-04-28T14:00:00+05:30,3522.6,3524.9,3518.1,3522.5,55650
2026-04-28T14:15:00+05:30,3522.1,3532.6,3521.2,3525.2,58975
2026-04-28T14:30:00+05:30,3528.8,3538.6,3521.9,3527.1,94500
2026-04-28T14:45:00+05:30,3525,3532,3515,3528.6,40600
2026-04-28T15:00:00+05:30,3530.8,3532,3512,3515.7,51800
2026-04-28T15:15:00+05:30,3516.1,3518.1,3509,3514.9,42350
2026-04-29T09:15:00+05:30,3544.5,3586.5,3529.7,3583.6,159950
2026-04-29T09:30:00+05:30,3583.7,3599,3571,3583,65450
2026-04-29T09:45:00+05:30,3585,3623,3585,3601.7,105700
2026-04-29T10:00:00+05:30,3601.9,3609,3586.2,3593.5,59325
2026-04-29T10:15:00+05:30,3593.2,3604.8,3593.2,3598.4,38675
2026-04-29T10:30:00+05:30,3599.5,3599.5,3583.7,3593.2,28875
2026-04-29T10:45:00+05:30,3589.6,3599.9,3584.7,3597.2,21000
2026-04-29T11:00:00+05:30,3595.2,3598.9,3590.8,3593.8,23450
2026-04-29T11:15:00+05:30,3596.5,3596.5,3583.7,3583.9,18375
2026-04-29T11:30:00+05:30,3583,3598.9,3582,3594.6,19950
2026-04-29T11:45:00+05:30,3592,3597.5,3583.5,3593,21875
2026-04-29T12:00:00+05:30,3593,3607.9,3593,3607.4,19775
2026-04-29T12:15:00+05:30,3607.9,3614.6,3605,3609.9,27475
2026-04-29T12:30:00+05:30,3609.8,3622.3,3605.6,3621.5,27300
2026-04-29T12:45:00+05:30,3621.2,3623.3,3611.5,3614.4,28175
2026-04-29T13:00:00+05:30,3612.9,3613.1,3605.8,3610,12075
2026-04-29T13:15:00+05:30,3608.6,3608.6,3591.7,3597.6,38325
2026-04-29T13:30:00+05:30,3596.8,3598.2,3581,3585.2,21700
2026-04-29T13:45:00+05:30,3584.9,3596,3580.1,3588.1,18375
2026-04-29T14:00:00+05:30,3585.7,3586.7,3573.8,3582.8,23800
2026-04-29T14:15:00+05:30,3584.5,3586.2,3575,3575,17850
2026-04-29T14:30:00+05:30,3574,3584,3567.7,3584,24325
2026-04-29T14:45:00+05:30,3581.6,3583.4,3570,3570,26425
2026-04-29T15:00:00+05:30,3570,3582,3570,3573.9,33950
2026-04-29T15:15:00+05:30,3572.7,3575.9,3568.7,3574,49175
2026-04-30T09:15:00+05:30,3508.5,3513.4,3460,3467.4,94500
2026-04-30T09:30:00+05:30,3464.3,3475.8,3446.5,3465,72625
2026-04-30T09:45:00+05:30,3465,3465,3430,3435.9,154000
2026-04-30T10:00:00+05:30,3436.2,3436.2,3421,3429.2,60550
2026-04-30T10:15:00+05:30,3426.9,3441.4,3426.9,3430.8,76475
2026-04-30T10:30:00+05:30,3430.8,3464.8,3430.8,3451.2,80150
2026-04-30T10:45:00+05:30,3449,3455,3442.2,3450.2,23625
2026-04-30T11:00:00+05:30,3449,3454,3436.3,3438,14700
2026-04-30T11:15:00+05:30,3440.2,3449.6,3435.2,3441.1,16975
2026-04-30T11:30:00+05:30,3439.7,3458.1,3439.7,3454.8,19425
2026-04-30T11:45:00+05:30,3453.3,3455.4,3444.6,3455,28700
2026-04-30T12:00:00+05:30,3454.8,3465,3451.4,3455,18025
2026-04-30T12:15:00+05:30,3454.1,3465.7,3454.1,3464.7,23100
2026-04-30T12:30:00+05:30,3462,3464.7,3460.7,3462.6,6825
2026-04-30T12:45:00+05:30,3462.1,3478.9,3460.1,3471,24150
2026-04-30T13:00:00+05:30,3469,3473.2,3466,3470.5,7525
2026-04-30T13:15:00+05:30,3469.5,3471.4,3464.4,3468.9,8925
2026-04-30T13:30:00+05:30,3470.8,3483.8,3469.3,3477.8,33600
2026-04-30T13:45:00+05:30,3476.5,3487.7,3476,3485.2,22575
2026-04-30T14:00:00+05:30,3485.2,3486.5,3468.7,3478.4,30800
2026-04-30T14:15:00+05:30,3479.5,3480.8,3470.8,3476.7,16275
2026-04-30T14:30:00+05:30,3479.2,3506.2,3479.2,3501.6,46200
2026-04-30T14:45:00+05:30,3504.3,3532.3,3495.6,3520.7,107450
2026-04-30T15:00:00+05:30,3520.5,3528.9,3503.2,3510.1,155400
2026-04-30T15:15:00+05:30,3510,3510.2,3500,3509.6,48300
2026-05-04T09:15:00+05:30,3388.9,3528.9,3388.9,3528.5,260400
2026-05-04T09:30:00+05:30,3527,3543.4,3506.3,3541,119000
2026-05-04T09:45:00+05:30,3539.5,3544.8,3521,3544.7,59150
2026-05-04T10:00:00+05:30,3548,3548,3524.6,3535,40600
2026-05-04T10:15:00+05:30,3531.4,3539.9,3526,3537.6,59500
2026-05-04T10:30:00+05:30,3534.9,3539,3526.4,3533.3,19425
2026-05-04T10:45:00+05:30,3533.2,3539.9,3530.1,3534,13475
2026-05-04T11:00:00+05:30,3534,3540.8,3529.2,3537.8,17675
2026-05-04T11:15:00+05:30,3542.4,3550,3529,3529,31850
2026-05-04T11:30:00+05:30,3532.9,3535.7,3517.6,3528,17675
2026-05-04T11:45:00+05:30,3529,3540,3521.1,3532.9,18375
2026-05-04T12:00:00+05:30,3534.3,3534.3,3474.6,3479.8,77700
2026-05-04T12:15:00+05:30,3476.9,3488.6,3470.1,3484.9,35350
2026-05-04T12:30:00+05:30,3485.4,3492.1,3472.5,3472.5,49175
2026-05-04T12:45:00+05:30,3475.7,3481.4,3465.1,3473.2,58100
2026-05-04T13:00:00+05:30,3473.1,3478.8,3460.1,3472.6,58975
2026-05-04T13:15:00+05:30,3468.4,3478.2,3460.1,3460.3,23800
2026-05-04T13:30:00+05:30,3460.9,3478.8,3450,3471.1,55125
2026-05-04T13:45:00+05:30,3471.1,3490.3,3470,3478.4,42350
2026-05-04T14:00:00+05:30,3479.4,3493.6,3479.4,3490,12425
2026-05-04T14:15:00+05:30,3490,3510,3490,3498.1,59675
2026-05-04T14:30:00+05:30,3498.2,3515,3493,3509.2,59500
2026-05-04T14:45:00+05:30,3510.7,3510.7,3495,3504.6,42700
2026-05-04T15:00:00+05:30,3505.9,3509.8,3499.3,3504.2,36925
2026-05-04T15:15:00+05:30,3505.8,3515,3503.9,3510.6,51625
2026-05-05T09:15:00+05:30,3508.9,3519,3464.4,3504.9,49350
2026-05-05T09:30:00+05:30,3503.5,3522.1,3503.5,3518.8,19775
2026-05-05T09:45:00+05:30,3514.3,3518.6,3509,3511.5,10325
2026-05-05T10:00:00+05:30,3511.8,3515.8,3503.1,3508.3,19425
2026-05-05T10:15:00+05:30,3506.6,3513.1,3506.5,3506.7,11025
2026-05-05T10:30:00+05:30,3507.2,3508.9,3503.9,3505.8,16800
2026-05-05T10:45:00+05:30,3508.6,3510.5,3497.3,3503.1,24325
2026-05-05T11:00:00+05:30,3502.3,3517.9,3499.1,3511.3,42175
2026-05-05T11:15:00+05:30,3511,3517.5,3503,3506.9,28700
2026-05-05T11:30:00+05:30,3506,3517.9,3502,3517.2,34300
2026-05-05T11:45:00+05:30,3517.8,3522.2,3517,3518.4,17150
2026-05-05T12:00:00+05:30,3521.3,3527.1,3513.1,3516,26075
2026-05-05T12:15:00+05:30,3515.4,3529.6,3515.4,3519.8,12250
2026-05-05T12:30:00+05:30,3522,3542.9,3518.8,3532,19425
2026-05-05T12:45:00+05:30,3531.8,3535.2,3522.1,3528.9,10675
2026-05-05T13:00:00+05:30,3527.5,3558.3,3526.8,3555,35700
2026-05-05T13:15:00+05:30,3557.5,3557.8,3536.7,3539,27300
2026-05-05T13:30:00+05:30,3537,3540.8,3527.3,3531.2,11900
2026-05-05T13:45:00+05:30,3531.9,3536.1,3527.5,3529.6,13125
2026-05-05T14:00:00+05:30,3529.8,3531.5,3527.2,3527.2,6125
2026-05-05T14:15:00+05:30,3528,3535.7,3525.1,3529,10150
2026-05-05T14:30:00+05:30,3529,3531.7,3524.8,3531.4,12075
2026-05-05T14:45:00+05:30,3530,3540.9,3526.2,3538.9,18025
2026-05-05T15:00:00+05:30,3538.9,3544.8,3536,3542.2,56875
2026-05-05T15:15:00+05:30,3544.3,3547.8,3541.2,3545.8,67550
2026-05-06T09:15:00+05:30,3569,3611.9,3569,3575,103075
2026-05-06T09:30:00+05:30,3577.2,3579,3567,3579,16975
2026-05-06T09:45:00+05:30,3577.9,3580,3568,3575.9,15925
2026-05-06T10:00:00+05:30,3574.2,3580.9,3574.2,3580.9,8225
2026-05-06T10:15:00+05:30,3580.7,3587.4,3572.4,3582.8,20650
2026-05-06T10:30:00+05:30,3582.8,3602.1,3582.5,3600,20300
2026-05-06T10:45:00+05:30,3597.7,3598.8,3554,3565.1,73150
2026-05-06T11:00:00+05:30,3561.2,3569.1,3523.4,3529.7,135450
2026-05-06T11:15:00+05:30,3527.1,3559.6,3525,3559.6,43925
2026-05-06T11:30:00+05:30,3560,3579.9,3555.9,3576.5,38500
2026-05-06T11:45:00+05:30,3576.7,3580.1,3570.4,3575.9,29225
2026-05-06T12:00:00+05:30,3575.5,3578.5,3564.2,3568.7,25900
2026-05-06T12:15:00+05:30,3566.9,3582,3564.5,3582,20125
2026-05-06T12:30:00+05:30,3577.9,3577.9,3568,3568.6,13825
2026-05-06T12:45:00+05:30,3567.9,3567.9,3553.4,3559.7,14875
2026-05-06T13:00:00+05:30,3560.1,3568.7,3558,3564.9,29225
2026-05-06T13:15:00+05:30,3566.9,3573.2,3565.6,3569.5,12775
2026-05-06T13:30:00+05:30,3572.7,3577.4,3570.6,3572.5,24850
2026-05-06T13:45:00+05:30,3572.5,3578.7,3562.3,3572.1,27125
2026-05-06T14:00:00+05:30,3573.7,3579.7,3568.4,3575.4,23275
2026-05-06T14:15:00+05:30,3575.4,3607.1,3575.4,3603.1,69825
2026-05-06T14:30:00+05:30,3605,3637,3602.8,3635.8,104825
2026-05-06T14:45:00+05:30,3635.1,3638.5,3624,3635.8,72800
2026-05-06T15:00:00+05:30,3631.9,3637.9,3626.5,3632.6,61250
2026-05-06T15:15:00+05:30,3633,3635.5,3629,3629,82600
2026-05-07T09:15:00+05:30,3631.4,3673.5,3600.6,3670,128275
2026-05-07T09:30:00+05:30,3670,3724,3668.2,3722.6,121975
2026-05-07T09:45:00+05:30,3722.6,3722.6,3685,3686,64225
2026-05-07T10:00:00+05:30,3686,3701.2,3678,3682,27825
2026-05-07T10:15:00+05:30,3682,3704,3682,3695.5,15750
2026-05-07T10:30:00+05:30,3693.4,3704,3693.4,3704,5425
2026-05-07T10:45:00+05:30,3704,3704,3694.3,3698.8,5600
2026-05-07T11:00:00+05:30,3696.8,3707,3696.8,3706.3,14700
2026-05-07T11:15:00+05:30,3707,3714.8,3705,3706.5,25550
2026-05-07T11:30:00+05:30,3708.2,3713.1,3695.5,3698.8,23450
2026-05-07T11:45:00+05:30,3698.1,3721.4,3698.1,3711.1,27475
2026-05-07T12:00:00+05:30,3713.6,3720.1,3710.2,3710.6,15750
2026-05-07T12:15:00+05:30,3712.1,3722.4,3712.1,3722.4,10850
2026-05-07T12:30:00+05:30,3720,3730,3708.7,3728.6,46025
2026-05-07T12:45:00+05:30,3733,3734,3714.6,3717.2,47600
2026-05-07T13:00:00+05:30,3719.4,3743.9,3719.4,3734.5,58450
2026-05-07T13:15:00+05:30,3733.5,3735,3715.1,3717,18375
2026-05-07T13:30:00+05:30,3717,3720.3,3705.6,3708.1,39725
2026-05-07T13:45:00+05:30,3710.3,3717,3706.3,3711.7,40600
2026-05-07T14:00:00+05:30,3710.9,3719.9,3710.3,3714.9,25200
2026-05-07T14:15:00+05:30,3715,3717.7,3712.1,3714.7,12425
2026-05-07T14:30:00+05:30,3714.2,3715.2,3703.1,3703.1,61600
2026-05-07T14:45:00+05:30,3704.3,3718.4,3704,3716.6,39900
2026-05-07T15:00:00+05:30,3715.6,3718.4,3713.2,3716.2,52500
2026-05-07T15:15:00+05:30,3716.2,3718,3710.6,3710.6,110075
2026-05-08T09:15:00+05:30,3683.7,3709.2,3650.1,3708.6,61775
2026-05-08T09:30:00+05:30,3708.1,3725,3693.1,3701,51275
2026-05-08T09:45:00+05:30,3698.5,3714.9,3692.1,3713.1,16625
2026-05-08T10:00:00+05:30,3712.3,3724,3711,3719.2,18200
2026-05-08T10:15:00+05:30,3718.7,3723.8,3710.5,3723.8,5425
2026-05-08T10:30:00+05:30,3721,3729.7,3714.7,3729,18725
2026-05-08T10:45:00+05:30,3728.1,3729.6,3723.4,3727.2,7350
2026-05-08T11:00:00+05:30,3725.7,3734.3,3725.7,3727.4,11200
2026-05-08T11:15:00+05:30,3728.9,3733.1,3721.7,3727.5,9625
2026-05-08T11:30:00+05:30,3725.9,3729.2,3718.2,3725.3,11725
2026-05-08T11:45:00+05:30,3721.9,3725.1,3719.4,3724.1,4025
2026-05-08T12:00:00+05:30,3723,3723.7,3718,3723.7,6475
2026-05-08T12:15:00+05:30,3721,3728,3719.8,3724.4,8225
2026-05-08T12:30:00+05:30,3721.7,3721.9,3712.5,3717.1,5425
2026-05-08T12:45:00+05:30,3712.6,3725.2,3710.1,3721,7175
2026-05-08T13:00:00+05:30,3719.1,3725,3709,3722.4,11200
2026-05-08T13:15:00+05:30,3722.4,3728.7,3717,3726.7,10675
2026-05-08T13:30:00+05:30,3729,3733,3724,3729.8,14000
2026-05-08T13:45:00+05:30,3728.4,3729.6,3713.1,3714.5,12600
2026-05-08T14:00:00+05:30,3716.4,3726.5,3712.6,3723.2,10325
2026-05-08T14:15:00+05:30,3722.8,3724.9,3716.2,3722,9450
2026-05-08T14:30:00+05:30,3722.7,3730.7,3720,3727.3,18375
2026-05-08T14:45:00+05:30,3725.4,3729.9,3719.8,3721.3,18900
2026-05-08T15:00:00+05:30,3719,3719,3704.5,3706.6,39375
2026-05-08T15:15:00+05:30,3706.7,3724,3706.1,3720,58275
2026-05-11T09:15:00+05:30,3633.4,3692.6,3633.4,3681,86975
2026-05-11T09:30:00+05:30,3680,3680,3661,3663.5,29750
2026-05-11T09:45:00+05:30,3662.4,3671.8,3656.7,3656.7,16800
2026-05-11T10:00:00+05:30,3657.6,3675.3,3657.6,3662.6,9275
2026-05-11T10:15:00+05:30,3663.5,3664.2,3647.1,3650.8,14525
2026-05-11T10:30:00+05:30,3649,3651.4,3629.3,3634,22575
2026-05-11T10:45:00+05:30,3634,3650.5,3626.9,3643.3,19425
2026-05-11T11:00:00+05:30,3647,3667.4,3647,3660,16100
2026-05-11T11:15:00+05:30,3662,3663.8,3654.4,3654.4,15925
2026-05-11T11:30:00+05:30,3656.7,3670,3655,3670,22050
2026-05-11T11:45:00+05:30,3672,3672,3655,3658.2,23625
2026-05-11T12:00:00+05:30,3658,3672,3651.2,3666.1,18725
2026-05-11T12:15:00+05:30,3666.7,3675,3665.6,3670.8,12425
2026-05-11T12:30:00+05:30,3670,3679.9,3669.6,3677.6,14875
2026-05-11T12:45:00+05:30,3677.6,3677.6,3669,3672.8,15925
2026-05-11T13:00:00+05:30,3675.5,3675.5,3655.6,3657.3,15925
2026-05-11T13:15:00+05:30,3659.4,3667,3656.3,3661.4,14175
2026-05-11T13:30:00+05:30,3660,3666,3652.8,3660.4,22225
2026-05-11T13:45:00+05:30,3660.3,3671.3,3656.8,3662.8,17500
2026-05-11T14:00:00+05:30,3659.7,3663,3649,3649,14525
2026-05-11T14:15:00+05:30,3649,3658.9,3642.1,3651.4,40075
2026-05-11T14:30:00+05:30,3651.7,3655.3,3640,3640.7,24850
2026-05-11T14:45:00+05:30,3640.6,3640.6,3629.6,3635.6,44100
2026-05-11T15:00:00+05:30,3633.4,3634.9,3616.8,3617.7,40950
2026-05-11T15:15:00+05:30,3617.4,3623.5,3611.1,3616.7,60900
2026-05-12T09:15:00+05:30,3604.8,3608.2,3550.7,3591.6,137900
2026-05-12T09:30:00+05:30,3582.1,3597.1,3578,3593.2,39900
2026-05-12T09:45:00+05:30,3591.6,3598.3,3576.1,3581.3,43225
2026-05-12T10:00:00+05:30,3583.2,3583.2,3555.3,3559.8,26425
2026-05-12T10:15:00+05:30,3559.1,3566.3,3555.4,3556.6,17150
2026-05-12T10:30:00+05:30,3555.4,3572.9,3545.2,3571.3,32725
2026-05-12T10:45:00+05:30,3572,3579.9,3563.3,3579,7525
2026-05-12T11:00:00+05:30,3578,3578.6,3571.6,3573.8,8225
2026-05-12T11:15:00+05:30,3573.5,3613.8,3556.2,3604.8,62650
2026-05-12T11:30:00+05:30,3602.2,3613.9,3599.3,3601.3,26075
2026-05-12T11:45:00+05:30,3604.7,3614.9,3587.2,3591,30800
2026-05-12T12:00:00+05:30,3589.1,3607.5,3589,3605,21175
2026-05-12T12:15:00+05:30,3604.3,3615,3603.8,3608.5,15575
2026-05-12T12:30:00+05:30,3608,3608,3592,3596.2,13825
2026-05-12T12:45:00+05:30,3595.5,3599.6,3592.9,3595.6,9100
2026-05-12T13:00:00+05:30,3594,3599.1,3587.3,3593.6,15925
2026-05-12T13:15:00+05:30,3592.9,3607,3592.9,3604.5,11200
2026-05-12T13:30:00+05:30,3604.1,3608,3592.1,3594.2,14875
2026-05-12T13:45:00+05:30,3593.6,3597.3,3586,3588.4,11725
2026-05-12T14:00:00+05:30,3589.6,3595.8,3577.8,3594.3,23800
2026-05-12T14:15:00+05:30,3592.7,3603.6,3585.2,3591.8,20125
2026-05-12T14:30:00+05:30,3591.8,3594.8,3580.3,3587.6,40425
2026-05-12T14:45:00+05:30,3587.6,3591.6,3577,3587.5,90475
2026-05-12T15:00:00+05:30,3586.7,3587.4,3543.4,3550.2,100275
2026-05-12T15:15:00+05:30,3553,3575.8,3551.6,3561.8,108500
2026-05-13T09:15:00+05:30,3584.4,3600,3553.4,3576,69650
2026-05-13T09:30:00+05:30,3573.6,3577.4,3535.4,3552,46725
2026-05-13T09:45:00+05:30,3552.9,3552.9,3510,3531.5,114975
2026-05-13T10:00:00+05:30,3530.3,3549.1,3522.3,3524.8,57225
2026-05-13T10:15:00+05:30,3528.1,3551.6,3524.5,3549.4,32200
2026-05-13T10:30:00+05:30,3546.6,3565.6,3534.8,3543.3,52675
2026-05-13T10:45:00+05:30,3538.9,3540.4,3501.2,3503.9,40600
2026-05-13T11:00:00+05:30,3500.5,3515,3492.7,3512.2,66500
2026-05-13T11:15:00+05:30,3514,3526.1,3504.9,3508.8,53200
2026-05-13T11:30:00+05:30,3512.4,3521.7,3504.4,3514.4,56350
2026-05-13T11:45:00+05:30,3514.6,3522,3501,3505,34125
2026-05-13T12:00:00+05:30,3506.8,3512.2,3487.3,3512.2,92575
2026-05-13T12:15:00+05:30,3512.7,3517,3501.3,3507,33600
2026-05-13T12:30:00+05:30,3507,3519,3507,3514.8,26075
2026-05-13T12:45:00+05:30,3514.8,3543.4,3514.8,3543.4,48125
2026-05-13T13:00:00+05:30,3541,3662.5,3531.2,3647.4,520450
2026-05-13T13:15:00+05:30,3642.3,3646.2,3526.1,3564,592900
2026-05-13T13:30:00+05:30,3561.1,3590,3559.1,3565.6,139475
2026-05-13T13:45:00+05:30,3564.8,3575,3530,3534.7,97300
2026-05-13T14:00:00+05:30,3535.4,3550.4,3523.5,3524.7,99750
2026-05-13T14:15:00+05:30,3526,3550,3524.8,3543.9,83650
2026-05-13T14:30:00+05:30,3543.9,3575,3541.6,3550.1,91175
2026-05-13T14:45:00+05:30,3546.9,3560.7,3546.9,3554.7,58800
2026-05-13T15:00:00+05:30,3552,3553.5,3531.1,3537.4,103075
2026-05-13T15:15:00+05:30,3537.4,3546.6,3532.2,3535,118125
2026-05-14T09:15:00+05:30,3505,3523.5,3435,3450.9,382375
2026-05-14T09:30:00+05:30,3450,3460.7,3430.1,3433,154350
2026-05-14T09:45:00+05:30,3431,3435.9,3385.8,3403.7,264775
2026-05-14T10:00:00+05:30,3403.5,3420,3390,3419.1,106925
2026-05-14T10:15:00+05:30,3418.2,3437.3,3411.3,3431,105175
2026-05-14T10:30:00+05:30,3430,3456.5,3428.6,3448.4,99050
2026-05-14T10:45:00+05:30,3448.5,3449.3,3426.6,3428.4,49525
2026-05-14T11:00:00+05:30,3427.9,3429.2,3420,3425.8,23450
2026-05-14T11:15:00+05:30,3428.5,3430.6,3412.5,3422,37625
2026-05-14T11:30:00+05:30,3425,3444,3418.1,3441,47075
2026-05-14T11:45:00+05:30,3441.5,3454.3,3441.2,3447.7,72975
2026-05-14T12:00:00+05:30,3447.9,3450.4,3432.7,3438.2,38850
2026-05-14T12:15:00+05:30,3439.6,3444.9,3426.2,3431.7,52500
2026-05-14T12:30:00+05:30,3434,3439.9,3424.6,3439,24850
2026-05-14T12:45:00+05:30,3444,3447.5,3434.1,3436.5,21875
2026-05-14T13:00:00+05:30,3437.6,3457.1,3437.6,3453.6,25725
2026-05-14T13:15:00+05:30,3455.5,3469.7,3446.1,3460.4,41125
2026-05-14T13:30:00+05:30,3464.3,3466.4,3449.1,3454,31150
2026-05-14T13:45:00+05:30,3457.8,3459.9,3449,3458,16450
2026-05-14T14:00:00+05:30,3460.7,3464.7,3456.1,3460,21175
2026-05-14T14:15:00+05:30,3460.1,3479.9,3456.2,3479,46725
2026-05-14T14:30:00+05:30,3479.9,3488.1,3468,3480.3,79100
2026-05-14T14:45:00+05:30,3480.2,3483.8,3472.1,3477,59150
2026-05-14T15:00:00+05:30,3478.5,3478.5,3469.9,3472.5,56700
2026-05-14T15:15:00+05:30,3473.9,3479.8,3470.2,3478,107625
2026-05-15T09:15:00+05:30,3483.8,3512,3451.3,3459.4,102200
2026-05-15T09:30:00+05:30,3460.1,3461.9,3445.1,3461,25375
2026-05-15T09:45:00+05:30,3461.1,3483.8,3459.3,3480,37100
2026-05-15T10:00:00+05:30,3482.5,3482.5,3451.5,3456.3,39725
2026-05-15T10:15:00+05:30,3458.3,3464.5,3455.7,3463.2,12600
2026-05-15T10:30:00+05:30,3461.6,3463.1,3451.4,3451.8,15575
2026-05-15T10:45:00+05:30,3453.9,3457.1,3447.4,3454.4,37100
2026-05-15T11:00:00+05:30,3452.2,3452.2,3430,3443.6,42525
2026-05-15T11:15:00+05:30,3440,3442.9,3430,3431.3,17325
2026-05-15T11:30:00+05:30,3427.7,3440.7,3423.8,3440.7,15750
2026-05-15T11:45:00+05:30,3440,3460,3434,3455.6,25900
2026-05-15T12:00:00+05:30,3455.5,3467.9,3455,3458.1,29575
2026-05-15T12:15:00+05:30,3460.8,3479.9,3456.1,3470,26775
2026-05-15T12:30:00+05:30,3468.5,3471.7,3458.6,3466.1,17325
2026-05-15T12:45:00+05:30,3466.5,3476,3465.8,3471,18725
2026-05-15T13:00:00+05:30,3472,3472,3462,3464.2,11025
2026-05-15T13:15:00+05:30,3463.9,3467.5,3459.4,3459.4,8750
2026-05-15T13:30:00+05:30,3457.5,3461.8,3450.3,3455,19425
2026-05-15T13:45:00+05:30,3456,3466.9,3451,3459.4,15400
2026-05-15T14:00:00+05:30,3461.5,3479.4,3458,3479.4,33075
2026-05-15T14:15:00+05:30,3474.4,3474.4,3462,3473.3,15050
2026-05-15T14:30:00+05:30,3476,3479,3470.5,3473.7,19250
2026-05-15T14:45:00+05:30,3472.1,3477.2,3463.7,3474.9,29925
2026-05-15T15:00:00+05:30,3473,3489.9,3467.2,3475.3,71400
2026-05-15T15:15:00+05:30,3478.8,3479.5,3462.2,3472,79800
2026-05-18T09:15:00+05:30,3408.3,3427,3366,3389.1,141575
2026-05-18T09:30:00+05:30,3381.5,3396.4,3377,3380.4,43050
2026-05-18T09:45:00+05:30,3381.4,3390,3374,3374.6,27825
2026-05-18T10:00:00+05:30,3377.5,3391.9,3373.3,3391.9,19075
2026-05-18T10:15:00+05:30,3391.1,3393,3380,3387,32900
2026-05-18T10:30:00+05:30,3386.8,3400,3372.2,3394.6,49350
2026-05-18T10:45:00+05:30,3393.7,3395,3385.1,3395,18025
2026-05-18T11:00:00+05:30,3399.1,3404,3395.5,3401.5,42875
2026-05-18T11:15:00+05:30,3402.3,3406,3390.9,3394.9,16975
2026-05-18T11:30:00+05:30,3394.4,3400.2,3392.7,3396.9,9975
2026-05-18T11:45:00+05:30,3396.1,3396.1,3383.3,3383.3,13475
2026-05-18T12:00:00+05:30,3383.9,3392,3382.4,3391,16450
2026-05-18T12:15:00+05:30,3389.7,3393.4,3340,3359,278600
2026-05-18T12:30:00+05:30,3358.7,3379.5,3355.8,3373.6,42000
2026-05-18T12:45:00+05:30,3373.1,3375.5,3334.8,3338,114625
2026-05-18T13:00:00+05:30,3339.3,3355.6,3320,3333.6,163625
2026-05-18T13:15:00+05:30,3337.5,3340,3326.5,3326.5,32550
2026-05-18T13:30:00+05:30,3326.8,3333.4,3317,3323.4,56875
2026-05-18T13:45:00+05:30,3323.4,3325.7,3315.1,3321,130200
2026-05-18T14:00:00+05:30,3318.4,3335,3315,3323,47950
2026-05-18T14:15:00+05:30,3321.6,3321.8,3306,3307.6,60725
2026-05-18T14:30:00+05:30,3306.7,3309.5,3297,3301.1,112700
2026-05-18T14:45:00+05:30,3302.1,3306.1,3286.1,3305.1,89075
2026-05-18T15:00:00+05:30,3305.2,3312.8,3285,3294.7,186375
2026-05-18T15:15:00+05:30,3294.6,3304.2,3287.4,3297,147525
2026-05-19T09:15:00+05:30,3297,3319,3282,3315.8,74200
2026-05-19T09:30:00+05:30,3317.4,3317.4,3275,3297.6,81375
2026-05-19T09:45:00+05:30,3296.2,3298,3283.8,3283.8,25025
2026-05-19T10:00:00+05:30,3283,3287,3272,3281.6,44625
2026-05-19T10:15:00+05:30,3281.9,3287,3272.1,3275.2,32725
2026-05-19T10:30:00+05:30,3276.5,3277,3241.7,3248,94675
2026-05-19T10:45:00+05:30,3248,3253.6,3243.4,3252.4,53200
2026-05-19T11:00:00+05:30,3252.8,3259.8,3241.6,3242.4,71400
2026-05-19T11:15:00+05:30,3241.8,3250.5,3240.7,3248.1,55300
2026-05-19T11:30:00+05:30,3248.2,3250.5,3235.6,3247,58450
2026-05-19T11:45:00+05:30,3247.8,3291.2,3247.5,3267.3,231525
2026-05-19T12:00:00+05:30,3268.1,3306.3,3266.6,3295.5,169400
2026-05-19T12:15:00+05:30,3292.6,3300.8,3282.2,3295,53025
2026-05-19T12:30:00+05:30,3294.6,3307.6,3293.7,3296,51450
2026-05-19T12:45:00+05:30,3297.4,3325.5,3292.8,3320,90300
2026-05-19T13:00:00+05:30,3319.7,3320.1,3294.5,3296.8,60550
2026-05-19T13:15:00+05:30,3295.3,3309.2,3295.3,3304.1,40075
2026-05-19T13:30:00+05:30,3310.9,3315.9,3304.3,3309.8,28175
2026-05-19T13:45:00+05:30,3307.9,3312.5,3304.6,3309.6,25900
2026-05-19T14:00:00+05:30,3310.5,3312.7,3295,3299.9,28525
2026-05-19T14:15:00+05:30,3304,3308.6,3301.9,3304.5,36225
2026-05-19T14:30:00+05:30,3303.5,3306.6,3294.7,3298.4,44975
2026-05-19T14:45:00+05:30,3294.9,3302.2,3288.4,3299.8,48300
2026-05-19T15:00:00+05:30,3299.8,3299.8,3291,3292.3,55300
2026-05-19T15:15:00+05:30,3292.3,3300.3,3288.2,3292.5,107450
2026-05-20T09:15:00+05:30,3292.5,3292.5,3240,3281.1,66325
2026-05-20T09:30:00+05:30,3281.1,3333,3277,3328.2,109200
2026-05-20T09:45:00+05:30,3328.5,3338,3322.2,3335.4,55300
2026-05-20T10:00:00+05:30,3336,3340.3,3326.8,3336.3,56525
2026-05-20T10:15:00+05:30,3336,3356.4,3333.8,3346.2,94500
2026-05-20T10:30:00+05:30,3346.1,3353,3335.5,3341.2,31500
2026-05-20T10:45:00+05:30,3338.9,3353.9,3337.5,3353.2,24500
2026-05-20T11:00:00+05:30,3352,3359.5,3349.1,3351,30800
2026-05-20T11:15:00+05:30,3350,3364.7,3346,3361.3,58625
2026-05-20T11:30:00+05:30,3359.3,3362,3351.1,3359.7,41650
2026-05-20T11:45:00+05:30,3358,3369.4,3356.2,3367,40425
2026-05-20T12:00:00+05:30,3369,3369.9,3360,3367.8,39200
2026-05-20T12:15:00+05:30,3367.4,3373,3362.4,3370,43575
2026-05-20T12:30:00+05:30,3369,3377.5,3368,3371,46200
2026-05-20T12:45:00+05:30,3370.4,3371.9,3366.4,3368.4,15925
2026-05-20T13:00:00+05:30,3367.8,3367.8,3355.9,3361.1,25725
2026-05-20T13:15:00+05:30,3361.1,3362.2,3351.6,3355.2,39375
2026-05-20T13:30:00+05:30,3358.8,3364.1,3354,3359.9,18200
2026-05-20T13:45:00+05:30,3359.7,3363.2,3356.7,3361,18375
2026-05-20T14:00:00+05:30,3361.7,3378.8,3356.3,3367.1,52675
2026-05-20T14:15:00+05:30,3369,3378.4,3366.3,3376.6,47600
2026-05-20T14:30:00+05:30,3376.6,3385,3374,3374.7,51800
2026-05-20T14:45:00+05:30,3378.6,3380.6,3372.6,3375.6,39200
2026-05-20T15:00:00+05:30,3373.1,3373.1,3364.2,3367.7,44625
2026-05-20T15:15:00+05:30,3370.9,3372.5,3365,3369,73150
2026-05-21T09:15:00+05:30,3399.9,3399.9,3350,3373.8,84350
2026-05-21T09:30:00+05:30,3372.8,3375,3362.5,3370.8,72100
2026-05-21T09:45:00+05:30,3370.8,3373.8,3358.2,3367.5,55650
2026-05-21T10:00:00+05:30,3367.5,3367.5,3354.2,3365,79100
2026-05-21T10:15:00+05:30,3365,3390,3364.5,3385.6,74900
2026-05-21T10:30:00+05:30,3385.3,3390.8,3372.3,3381.2,57925
2026-05-21T10:45:00+05:30,3380,3387.2,3369.6,3372.7,70700
2026-05-21T11:00:00+05:30,3373.6,3379.9,3373.3,3376,168525
2026-05-21T11:15:00+05:30,3378.7,3389.7,3367.4,3389.7,49700
2026-05-21T11:30:00+05:30,3387.5,3389.2,3377.4,3378.6,124075
2026-05-21T11:45:00+05:30,3379.8,3379.8,3373.7,3375.5,49525
2026-05-21T12:00:00+05:30,3374.8,3383.6,3371.7,3378.7,84350
2026-05-21T12:15:00+05:30,3379.1,3381.2,3372.1,3376.9,327250
2026-05-21T12:30:00+05:30,3378.2,3378.2,3368.5,3375.1,144725
2026-05-21T12:45:00+05:30,3374.5,3390,3369.5,3382.3,75075
2026-05-21T13:00:00+05:30,3384.7,3392,3380.1,3392,71400
2026-05-21T13:15:00+05:30,3391.4,3394.9,3384.1,3390.2,75600
2026-05-21T13:30:00+05:30,3390.2,3397,3388.5,3397,65800
2026-05-21T13:45:00+05:30,3397,3397.5,3388,3397.5,71925
2026-05-21T14:00:00+05:30,3397.5,3398.3,3387,3388,77875
2026-05-21T14:15:00+05:30,3388,3392,3384.1,3384.1,72800
2026-05-21T14:30:00+05:30,3386.7,3392,3379.9,3388.6,176575
2026-05-21T14:45:00+05:30,3388.6,3394.2,3386.8,3389.6,167125
2026-05-21T15:00:00+05:30,3384.8,3394.3,3378.1,3390.3,154875
2026-05-21T15:15:00+05:30,3390.5,3391.7,3384.8,3385.7,215425
2026-05-22T09:15:00+05:30,3388.1,3422.7,3388.1,3412.7,147000
2026-05-22T09:30:00+05:30,3412.7,3424.1,3401.3,3402.8,155750
2026-05-22T09:45:00+05:30,3402.8,3412,3402.8,3412,88550
2026-05-22T10:00:00+05:30,3409.9,3413.1,3405,3410.7,82250
2026-05-22T10:15:00+05:30,3410.7,3414.7,3406.6,3407.6,79100
2026-05-22T10:30:00+05:30,3407.6,3417.5,3406.8,3410.9,85050
2026-05-22T10:45:00+05:30,3409.4,3410.9,3405,3408,93450
2026-05-22T11:00:00+05:30,3407.4,3409.7,3405,3405.1,91175
2026-05-22T11:15:00+05:30,3407.9,3427.7,3406.4,3413.3,333375
2026-05-22T11:30:00+05:30,3413.3,3434.8,3413.3,3434,77700
2026-05-22T11:45:00+05:30,3434.5,3445.3,3432.1,3445,103075
2026-05-22T12:00:00+05:30,3441.2,3448.1,3438.4,3442.6,75425
2026-05-22T12:15:00+05:30,3442.6,3446.1,3435,3440,69825
2026-05-22T12:30:00+05:30,3440,3441.9,3433.8,3440.4,89075
2026-05-22T12:45:00+05:30,3440.4,3450,3433.3,3450,105700
2026-05-22T13:00:00+05:30,3448.1,3452.8,3438.9,3441.1,76650
2026-05-22T13:15:00+05:30,3441.1,3445.5,3431.4,3435,75600
2026-05-22T13:30:00+05:30,3432.6,3432.6,3424.7,3427.1,70700
2026-05-22T13:45:00+05:30,3427.1,3438.3,3427.1,3437.8,87325
2026-05-22T14:00:00+05:30,3437.8,3441.1,3429,3438,72800
2026-05-22T14:15:00+05:30,3435.4,3437.2,3430.6,3437.2,81900
2026-05-22T14:30:00+05:30,3437.2,3437.2,3422.3,3425.4,84350
2026-05-22T14:45:00+05:30,3425.4,3431.6,3425.4,3427.9,70875
2026-05-22T15:00:00+05:30,3427.9,3429,3417.1,3428.7,91350
2026-05-22T15:15:00+05:30,3429.9,3438.2,3424.6,3438.2,104825
2026-05-25T09:15:00+05:30,3497.4,3504.4,3482.7,3492.1,158375
2026-05-25T09:30:00+05:30,3492.6,3499.4,3477.8,3494.4,90125
2026-05-25T09:45:00+05:30,3494.2,3494.2,3473,3473.6,216125
2026-05-25T10:00:00+05:30,3473.9,3474,3458.8,3460.5,125475
2026-05-25T10:15:00+05:30,3460.5,3462.4,3452.6,3458.9,105700
2026-05-25T10:30:00+05:30,3456.6,3466.7,3455.6,3461.4,95725
2026-05-25T10:45:00+05:30,3462.2,3472.1,3462.2,3470.8,356300
2026-05-25T11:00:00+05:30,3470.8,3470.8,3454.3,3454.8,66150
2026-05-25T11:15:00+05:30,3454.8,3460,3450,3453.1,250250
2026-05-25T11:30:00+05:30,3453.1,3457.8,3446.2,3447.2,80500
2026-05-25T11:45:00+05:30,3447.2,3447.3,3432.4,3443.4,270725
2026-05-25T12:00:00+05:30,3445.8,3448.6,3438.1,3443.7,123550
2026-05-25T12:15:00+05:30,3443.7,3455,3441,3448.8,82600
2026-05-25T12:30:00+05:30,3448.8,3457.6,3448.3,3455,73150
2026-05-25T12:45:00+05:30,3455,3455,3445.8,3450,91875
2026-05-25T13:00:00+05:30,3450,3450,3437.3,3437.3,525525
2026-05-25T13:15:00+05:30,3436.8,3441.1,3428,3429.3,154875
2026-05-25T13:30:00+05:30,3429.3,3435.9,3421.8,3431.6,69825
2026-05-25T13:45:00+05:30,3431.6,3441.9,3431.6,3435.6,99925
2026-05-25T14:00:00+05:30,3435.6,3445.2,3435.6,3442.7,74725
2026-05-25T14:15:00+05:30,3442.7,3450.2,3435.8,3442.1,77700
2026-05-25T14:30:00+05:30,3442.1,3466,3441.3,3465,96425
2026-05-25T14:45:00+05:30,3465,3474,3464,3470.1,123900
2026-05-25T15:00:00+05:30,3470.1,3482,3470.1,3479.7,74550
2026-05-25T15:15:00+05:30,3480.7,3481.9,3476.1,3479.8,58975
2026-05-26T09:15:00+05:30,3481.1,3491.1,3465.4,3486.5,39025
2026-05-26T09:30:00+05:30,3484.1,3490,3478,3481,25025
2026-05-26T09:45:00+05:30,3482,3486.6,3471,3471.4,38325
2026-05-26T10:00:00+05:30,3471.5,3485,3471,3479.1,37800
2026-05-26T10:15:00+05:30,3477,3480.5,3466.4,3475.2,51975
2026-05-26T10:30:00+05:30,3475.2,3484.8,3470,3472.7,224525
2026-05-26T10:45:00+05:30,3472.7,3475,3465,3466.6,63350
2026-05-26T11:00:00+05:30,3465.9,3478.9,3464.2,3472.4,51100
2026-05-26T11:15:00+05:30,3472.7,3479.4,3470.1,3472.6,47425
2026-05-26T11:30:00+05:30,3472,3477.3,3472,3477.3,28350
2026-05-26T11:45:00+05:30,3477.3,3477.3,3472.5,3472.5,22925
2026-05-26T12:00:00+05:30,3472.5,3474,3470,3470,19425
2026-05-26T12:15:00+05:30,3471.2,3477.3,3464.5,3465,31500
2026-05-26T12:30:00+05:30,3464.7,3466.8,3454.2,3454.2,29925
2026-05-26T12:45:00+05:30,3454,3455.5,3449.4,3455.5,29050
2026-05-26T13:00:00+05:30,3455.5,3461.9,3453,3457.6,19075
2026-05-26T13:15:00+05:30,3457.5,3463,3453.4,3456.7,24850
2026-05-26T13:30:00+05:30,3458,3462,3452.1,3452.1,21700
2026-05-26T13:45:00+05:30,3452,3452.8,3445.6,3450,21875
2026-05-26T14:00:00+05:30,3450.8,3466.6,3449.8,3465.6,55825
2026-05-26T14:15:00+05:30,3465.1,3478,3461,3475,81375
2026-05-26T14:30:00+05:30,3475.8,3478,3468,3470.1,45500
2026-05-26T14:45:00+05:30,3468.5,3474.4,3467.3,3472.1,46725
2026-05-26T15:00:00+05:30,3471.9,3474.4,3462.1,3469.2,77175
2026-05-26T15:15:00+05:30,3469.1,3489.4,3462.2,3464.8,119700
2026-05-27T09:15:00+05:30,3465.7,3502,3457,3497.5,38150
2026-05-27T09:30:00+05:30,3497,3497,3465.8,3470,31675
2026-05-27T09:45:00+05:30,3472.8,3486.6,3470,3474,14350
2026-05-27T10:00:00+05:30,3472,3479.3,3466.9,3469.1,19250
2026-05-27T10:15:00+05:30,3469.7,3473.4,3465,3470,16100
2026-05-27T10:30:00+05:30,3470,3470.4,3464.8,3464.8,10150
2026-05-27T10:45:00+05:30,3461,3472,3458,3468.2,21700
2026-05-27T11:00:00+05:30,3468.1,3476.9,3466.5,3472.3,19075
2026-05-27T11:15:00+05:30,3470,3488.3,3468.6,3483.7,42000
2026-05-27T11:30:00+05:30,3486.4,3487.8,3478.2,3482.4,12250
2026-05-27T11:45:00+05:30,3482.4,3482.5,3471,3473.7,7350
2026-05-27T12:00:00+05:30,3473.7,3477.9,3463,3476,16800
2026-05-27T12:15:00+05:30,3474.4,3480.6,3472,3477,40600
2026-05-27T12:30:00+05:30,3476.3,3480.9,3475.5,3480.2,16275
2026-05-27T12:45:00+05:30,3480.2,3483.9,3476.5,3481.5,19950
2026-05-27T13:00:00+05:30,3481.5,3491,3478.1,3478.1,28875
2026-05-27T13:15:00+05:30,3479.9,3481.3,3454.8,3458,121625
2026-05-27T13:30:00+05:30,3454,3463.9,3430.5,3441.4,97825
2026-05-27T13:45:00+05:30,3441.2,3441.3,3433,3434,32025
2026-05-27T14:00:00+05:30,3438.1,3443.4,3417.2,3425.7,82600
2026-05-27T14:15:00+05:30,3425.3,3437.8,3413.5,3419.8,74200
2026-05-27T14:30:00+05:30,3417.8,3427.9,3406.4,3426.2,99050
2026-05-27T14:45:00+05:30,3425.9,3427.4,3414.2,3415.4,77700
2026-05-27T15:00:00+05:30,3416.7,3422.2,3393.8,3405.9,446250
2026-05-27T15:15:00+05:30,3403.6,3460,3403.6,3457.9,162925
2026-05-29T09:15:00+05:30,3476.7,3485.2,3435.1,3468,68075
2026-05-29T09:30:00+05:30,3469.2,3487,3464.2,3468.7,63700
2026-05-29T09:45:00+05:30,3470,3484,3463.7,3465.3,35350
2026-05-29T10:00:00+05:30,3469.5,3481,3467.8,3470.3,26775
2026-05-29T10:15:00+05:30,3471,3471,3455,3464.3,29925
2026-05-29T10:30:00+05:30,3464,3466.8,3452.8,3458,41825
2026-05-29T10:45:00+05:30,3456.4,3464.4,3453.3,3463.6,27475
2026-05-29T11:00:00+05:30,3463.3,3472.9,3452.2,3457.5,49700
2026-05-29T11:15:00+05:30,3456.8,3464.7,3455.2,3459.6,28525
2026-05-29T11:30:00+05:30,3461.8,3467.3,3456.7,3459.2,27300
2026-05-29T11:45:00+05:30,3461.5,3475,3457,3468.6,26250
2026-05-29T12:00:00+05:30,3466.1,3474.4,3460.3,3463.8,23100
2026-05-29T12:15:00+05:30,3465,3465,3455.2,3464.7,25375
2026-05-29T12:30:00+05:30,3461,3465.2,3456.6,3461.5,37625
2026-05-29T12:45:00+05:30,3461.5,3464.7,3450,3451.7,37100
2026-05-29T13:00:00+05:30,3451.1,3456,3446,3446,39550
2026-05-29T13:15:00+05:30,3446.5,3448.1,3436.7,3443.2,50050
2026-05-29T13:30:00+05:30,3443.6,3450.7,3441.9,3448.3,36750
2026-05-29T13:45:00+05:30,3446.3,3468,3440,3466,39200
2026-05-29T14:00:00+05:30,3466.6,3466.6,3452.3,3458.9,22750
2026-05-29T14:15:00+05:30,3452.8,3463.8,3452.8,3461.8,35525
2026-05-29T14:30:00+05:30,3462.6,3474.5,3462.2,3466.9,30625
2026-05-29T14:45:00+05:30,3469.4,3470.7,3444.1,3450.2,58100
2026-05-29T15:00:00+05:30,3447.2,3449.5,3384.4,3389.2,414575
2026-05-29T15:15:00+05:30,3387.5,3405.1,3366.4,3399.9,430675
2026-06-01T09:15:00+05:30,3407.1,3418,3378.7,3392.7,76825
2026-06-01T09:30:00+05:30,3387.5,3389.9,3366.8,3377.4,20825
2026-06-01T09:45:00+05:30,3379.5,3396.5,3376.1,3378.5,27125
2026-06-01T10:00:00+05:30,3380,3385,3365.1,3375,33950
2026-06-01T10:15:00+05:30,3373.6,3375.5,3367,3370.3,10675
2026-06-01T10:30:00+05:30,3370.9,3380.7,3367,3379.3,13650
2026-06-01T10:45:00+05:30,3379.9,3393.8,3375.7,3388.8,15400
2026-06-01T11:00:00+05:30,3388.5,3399.4,3387.2,3395.8,10325
2026-06-01T11:15:00+05:30,3395.1,3401.6,3376.5,3377,12250
2026-06-01T11:30:00+05:30,3376.9,3378.7,3370,3378,7700
2026-06-01T11:45:00+05:30,3374.9,3446.1,3374.9,3430,185675
2026-06-01T12:00:00+05:30,3427.9,3439.8,3406,3420,105175
2026-06-01T12:15:00+05:30,3420,3420,3378.1,3391.5,94500
2026-06-01T12:30:00+05:30,3390.7,3409.5,3384,3408.3,62825
2026-06-01T12:45:00+05:30,3411.1,3417.5,3401.4,3405.1,23800
2026-06-01T13:00:00+05:30,3404.5,3407.3,3373.6,3373.6,29575
2026-06-01T13:15:00+05:30,3376,3395.3,3372.5,3393.4,28875
2026-06-01T13:30:00+05:30,3394.2,3394.8,3378,3384.9,23625
2026-06-01T13:45:00+05:30,3384.3,3395.4,3381.4,3385,25725
2026-06-01T14:00:00+05:30,3388.6,3389,3380.4,3382.4,12950
2026-06-01T14:15:00+05:30,3384.9,3391.7,3378,3387.5,23625
2026-06-01T14:30:00+05:30,3386.5,3387.1,3375,3383.8,25200
2026-06-01T14:45:00+05:30,3383.9,3393.9,3371.6,3374.7,48825
2026-06-01T15:00:00+05:30,3374,3380.5,3361.5,3378.3,54775
2026-06-01T15:15:00+05:30,3380.2,3382,3366,3376.9,54950
2026-06-02T09:15:00+05:30,3340,3365.8,3321.2,3346.1,42700
2026-06-02T09:30:00+05:30,3342.8,3349.8,3332.1,3344,25900
2026-06-02T09:45:00+05:30,3340.3,3348.3,3332.9,3338.8,21175
2026-06-02T10:00:00+05:30,3339.7,3342.9,3328.4,3332.5,18375
2026-06-02T10:15:00+05:30,3332.4,3345.5,3322.5,3340.5,18200
2026-06-02T10:30:00+05:30,3340,3342.4,3330.1,3337.8,10500
2026-06-02T10:45:00+05:30,3337.9,3337.9,3315.9,3317.5,20125
2026-06-02T11:00:00+05:30,3317.5,3334.9,3315.4,3332.1,10850
2026-06-02T11:15:00+05:30,3332.1,3358.8,3332.1,3355,12250
2026-06-02T11:30:00+05:30,3352.1,3355.5,3345,3350.9,10675
2026-06-02T11:45:00+05:30,3352.5,3366.6,3352.5,3358,9450
2026-06-02T12:00:00+05:30,3353,3371,3353,3367.5,7350
2026-06-02T12:15:00+05:30,3367,3385,3367,3383.9,38325
2026-06-02T12:30:00+05:30,3381.1,3395,3381.1,3393.2,16975
2026-06-02T12:45:00+05:30,3395.2,3406,3392.4,3404.4,22225
2026-06-02T13:00:00+05:30,3406.1,3411.9,3387,3388.2,32900
2026-06-02T13:15:00+05:30,3390.9,3397.4,3387.1,3395.1,18550
2026-06-02T13:30:00+05:30,3397.7,3401.9,3392.5,3395.3,11900
2026-06-02T13:45:00+05:30,3397,3401.5,3391.5,3394.9,7700
2026-06-02T14:00:00+05:30,3392.7,3398.4,3390,3393.1,7700
2026-06-02T14:15:00+05:30,3393.7,3397.8,3390,3397.4,8925
2026-06-02T14:30:00+05:30,3395,3395,3381.4,3385.1,13825
2026-06-02T14:45:00+05:30,3386,3394.5,3381,3388.1,16450
2026-06-02T15:00:00+05:30,3390,3396.3,3385.1,3388.2,34825
2026-06-02T15:15:00+05:30,3392.4,3398.5,3388.1,3395.1,42525
2026-06-03T09:15:00+05:30,3362.9,3386.6,3362.9,3383.5,21175
2026-06-03T09:30:00+05:30,3379.1,3383,3357,3370.2,38500
2026-06-03T09:45:00+05:30,3370,3386.1,3352.4,3358.4,31675
2026-06-03T10:00:00+05:30,3357,3367.1,3345.1,3349.3,25550
2026-06-03T10:15:00+05:30,3349,3363.8,3347,3349.2,40950
2026-06-03T10:30:00+05:30,3349.9,3352.7,3342.4,3343.7,23275
2026-06-03T10:45:00+05:30,3341,3346,3337.7,3340.4,30625
2026-06-03T11:00:00+05:30,3342.1,3344,3331,3342.3,23625
2026-06-03T11:15:00+05:30,3342.1,3351.1,3340.1,3344.5,18900
2026-06-03T11:30:00+05:30,3343.1,3347.6,3336.8,3345.6,16450
2026-06-03T11:45:00+05:30,3342,3348,3340.2,3344.1,17850
2026-06-03T12:00:00+05:30,3343.9,3348,3334,3343.7,22225
2026-06-03T12:15:00+05:30,3341.1,3350.1,3341.1,3347.7,17675
2026-06-03T12:30:00+05:30,3347.3,3363.3,3346.2,3352.3,38150
2026-06-03T12:45:00+05:30,3353.1,3358.1,3332.7,3335.7,26250
2026-06-03T13:00:00+05:30,3335.9,3342.6,3330,3339,23450
2026-06-03T13:15:00+05:30,3344.1,3351.8,3338.6,3349.8,21525
2026-06-03T13:30:00+05:30,3348.1,3359.9,3348.1,3353.8,16625
2026-06-03T13:45:00+05:30,3353.5,3368.8,3352.1,3356.7,25200
2026-06-03T14:00:00+05:30,3356.7,3359.8,3351,3356.5,14000
2026-06-03T14:15:00+05:30,3355,3367.6,3353.3,3363.4,40600
2026-06-03T14:30:00+05:30,3363.6,3372.3,3360.9,3367.5,31500
2026-06-03T14:45:00+05:30,3367.1,3370.7,3359.5,3360.9,42525
2026-06-03T15:00:00+05:30,3361.7,3364.8,3337.5,3343.9,64400
2026-06-03T15:15:00+05:30,3341.9,3350,3341.9,3342.3,54250
2026-06-04T09:15:00+05:30,3336.8,3346,3322,3335,21000
2026-06-04T09:30:00+05:30,3331.1,3344.7,3322.1,3331.5,16800
2026-06-04T09:45:00+05:30,3334.5,3345.9,3333.1,3339.3,20125
2026-06-04T10:00:00+05:30,3339.7,3390,3338.7,3382.6,69825
2026-06-04T10:15:00+05:30,3386,3386.9,3358,3358.8,17500
2026-06-04T10:30:00+05:30,3358.9,3360.3,3344.8,3347.7,12425
2026-06-04T10:45:00+05:30,3349.6,3359.9,3349.1,3356,10675
2026-06-04T11:00:00+05:30,3350.8,3358.4,3346.2,3349.3,9975
2026-06-04T11:15:00+05:30,3348.5,3363.6,3344.8,3358.4,19600
2026-06-04T11:30:00+05:30,3357.2,3357.6,3345.7,3356.3,13125
2026-06-04T11:45:00+05:30,3357.4,3358.8,3348.6,3358.2,6825
2026-06-04T12:00:00+05:30,3357.3,3363.1,3353.8,3361.4,9800
2026-06-04T12:15:00+05:30,3363.2,3364.8,3355,3362.1,12600
2026-06-04T12:30:00+05:30,3359.1,3362.9,3352.2,3358.9,16800
2026-06-04T12:45:00+05:30,3355.3,3381,3354.3,3379.3,28525
2026-06-04T13:00:00+05:30,3379.3,3385.9,3370.8,3374.3,26250
2026-06-04T13:15:00+05:30,3366.8,3386.1,3366.8,3385,31150
2026-06-04T13:30:00+05:30,3381.3,3404,3381.3,3403.2,37625
2026-06-04T13:45:00+05:30,3405,3405,3388.3,3399.4,35875
2026-06-04T14:00:00+05:30,3400.7,3405.9,3398.3,3400.8,18375
2026-06-04T14:15:00+05:30,3404.5,3407.6,3386.2,3392.7,18200
2026-06-04T14:30:00+05:30,3392.5,3398.9,3391.2,3393.7,23800
2026-06-04T14:45:00+05:30,3392.8,3398.7,3382.1,3387.3,34650
2026-06-04T15:00:00+05:30,3389.6,3389.6,3366.6,3380.3,116200
2026-06-04T15:15:00+05:30,3381,3397,3380,3390.3,89775
2026-06-05T09:15:00+05:30,3416.4,3416.4,3393,3400,42000
2026-06-05T09:30:00+05:30,3397.6,3405.4,3383.4,3394.7,29050
2026-06-05T09:45:00+05:30,3395.3,3395.3,3375.1,3383.4,19775
2026-06-05T10:00:00+05:30,3383.9,3402,3382.5,3392.8,21700
2026-06-05T10:15:00+05:30,3392.4,3397.5,3383.5,3386.5,9100
2026-06-05T10:30:00+05:30,3385.7,3388.9,3373,3375,13300
2026-06-05T10:45:00+05:30,3371.2,3385,3367.4,3383.3,28875
2026-06-05T11:00:00+05:30,3389.3,3397.4,3380.3,3383.1,17675
2026-06-05T11:15:00+05:30,3383.2,3387.3,3375.6,3377,22925
2026-06-05T11:30:00+05:30,3378.1,3399.5,3378.1,3392,37800
2026-06-05T11:45:00+05:30,3390.7,3418,3390.7,3396.1,94850
2026-06-05T12:00:00+05:30,3395.4,3414.2,3395.4,3413.2,17500
2026-06-05T12:15:00+05:30,3413.9,3416.5,3408.2,3412.1,13475
2026-06-05T12:30:00+05:30,3411.1,3412.9,3400.2,3403.5,14525
2026-06-05T12:45:00+05:30,3403.5,3404.3,3389.1,3398.2,16450
2026-06-05T13:00:00+05:30,3397.6,3402,3393.5,3393.9,20300
2026-06-05T13:15:00+05:30,3395.7,3409.5,3390.8,3393.9,12600
2026-06-05T13:30:00+05:30,3391.4,3396.5,3388.3,3391.6,11025
2026-06-05T13:45:00+05:30,3393.6,3396.4,3391.8,3394.8,11025
2026-06-05T14:00:00+05:30,3399.5,3399.5,3393,3396.2,10675
2026-06-05T14:15:00+05:30,3396.4,3404,3393.1,3401.4,14175
2026-06-05T14:30:00+05:30,3402.7,3414,3398.2,3414,26075
2026-06-05T14:45:00+05:30,3407.9,3412.9,3402.4,3408.2,78575
2026-06-05T15:00:00+05:30,3407.2,3407.2,3396.8,3400,60375
2026-06-05T15:15:00+05:30,3401.2,3405.8,3394,3394,70700
2026-06-08T09:15:00+05:30,3363.8,3387,3330.5,3387,30975
2026-06-08T09:30:00+05:30,3380.8,3387.3,3369.4,3378.4,34300
2026-06-08T09:45:00+05:30,3380,3396.1,3378.9,3395.7,20650
2026-06-08T10:00:00+05:30,3394.8,3402,3386,3391.4,33775
2026-06-08T10:15:00+05:30,3388.4,3388.9,3380,3384.3,17675
2026-06-08T10:30:00+05:30,3384.4,3395.9,3376.3,3376.3,15050
2026-06-08T10:45:00+05:30,3376.3,3381.5,3375,3379.8,10675
2026-06-08T11:00:00+05:30,3378,3386.1,3377.5,3384.6,9625
2026-06-08T11:15:00+05:30,3384.1,3387.4,3368.1,3369.4,11725
2026-06-08T11:30:00+05:30,3369.3,3376.3,3368.1,3375.4,9625
2026-06-08T11:45:00+05:30,3372,3383,3369,3370.7,8750
2026-06-08T12:00:00+05:30,3370.7,3371.8,3353.4,3360.7,18200
2026-06-08T12:15:00+05:30,3362.1,3362.4,3354,3360,6825
2026-06-08T12:30:00+05:30,3356.6,3359.5,3349,3354.5,21525
2026-06-08T12:45:00+05:30,3350,3359,3347.3,3349.7,23975
2026-06-08T13:00:00+05:30,3349.7,3363.6,3347.7,3355.1,17500
2026-06-08T13:15:00+05:30,3355.9,3362.9,3354.9,3362.5,10325
2026-06-08T13:30:00+05:30,3359.4,3363,3353.5,3353.5,13300
2026-06-08T13:45:00+05:30,3352.4,3362.5,3352.4,3354.4,15575
2026-06-08T14:00:00+05:30,3356.9,3360.6,3354.4,3359.1,9800
2026-06-08T14:15:00+05:30,3359,3359.2,3354.1,3355.2,8925
2026-06-08T14:30:00+05:30,3357.3,3358.1,3351.2,3357.2,13300
2026-06-08T14:45:00+05:30,3355.3,3358,3341.1,3345.1,18725
2026-06-08T15:00:00+05:30,3344.6,3344.6,3310,3330.2,109550
2026-06-08T15:15:00+05:30,3330.1,3334.7,3318.5,3324.1,112175
2026-06-09T09:15:00+05:30,3346.1,3379.9,3338.1,3360.1,39900
2026-06-09T09:30:00+05:30,3356.8,3364.6,3346.1,3346.1,27825
2026-06-09T09:45:00+05:30,3347.5,3358.9,3347.5,3356,10500
2026-06-09T10:00:00+05:30,3358.9,3360,3350.8,3355.4,11375
2026-06-09T10:15:00+05:30,3359.3,3363,3351.1,3361.1,23450
2026-06-09T10:30:00+05:30,3361,3363,3348,3363,27125
2026-06-09T10:45:00+05:30,3363.8,3372.4,3355.6,3370.7,15925
2026-06-09T11:00:00+05:30,3372.4,3373.9,3363.9,3367.3,7525
2026-06-09T11:15:00+05:30,3365.3,3371.6,3364.7,3368.9,11200
2026-06-09T11:30:00+05:30,3368.6,3370,3364,3368.7,7700
2026-06-09T11:45:00+05:30,3366.3,3374.9,3366.3,3374.9,9800
2026-06-09T12:00:00+05:30,3375.8,3378,3371.3,3371.5,13825
2026-06-09T12:15:00+05:30,3374.5,3387.1,3374.5,3386.9,18375
2026-06-09T12:30:00+05:30,3386.9,3386.9,3379.9,3379.9,15925
2026-06-09T12:45:00+05:30,3380,3385.6,3363,3365,19425
2026-06-09T13:00:00+05:30,3369.4,3370.4,3362.5,3369.5,15575
2026-06-09T13:15:00+05:30,3369,3369.5,3364.1,3367.1,10850
2026-06-09T13:30:00+05:30,3367.9,3374.8,3363.8,3372.5,18900
2026-06-09T13:45:00+05:30,3371.5,3377.7,3370.5,3373.9,13475
2026-06-09T14:00:00+05:30,3374.9,3378.7,3370.6,3375.5,18025
2026-06-09T14:15:00+05:30,3375.2,3381.4,3375,3381.4,12250
2026-06-09T14:30:00+05:30,3375.7,3387.3,3372.1,3376.6,198625
2026-06-09T14:45:00+05:30,3374.2,3388.2,3372,3382.8,84525
2026-06-09T15:00:00+05:30,3382.5,3386.9,3371.5,3382.4,128800
2026-06-09T15:15:00+05:30,3382.4,3389,3377.5,3379.4,104825
2026-06-10T09:15:00+05:30,3352.6,3371,3343.7,3361.9,54775
2026-06-10T09:30:00+05:30,3362.9,3379.4,3350.4,3371.5,67900
2026-06-10T09:45:00+05:30,3371.5,3386.2,3367.1,3369.5,35700
2026-06-10T10:00:00+05:30,3370.4,3373.6,3363.5,3364,18375
2026-06-10T10:15:00+05:30,3361.1,3366.6,3356.3,3361.3,24150
2026-06-10T10:30:00+05:30,3361.3,3369.6,3359.1,3360,14350
2026-06-10T10:45:00+05:30,3360,3367.7,3360,3365,27300
2026-06-10T11:00:00+05:30,3366.5,3383.7,3363.7,3372,44625
2026-06-10T11:15:00+05:30,3371.9,3380.5,3371.9,3377.1,24500
2026-06-10T11:30:00+05:30,3376.8,3377,3363,3372,23450
2026-06-10T11:45:00+05:30,3373.8,3378.3,3369,3375.2,18025
2026-06-10T12:00:00+05:30,3377,3387.1,3376,3385.7,25725
2026-06-10T12:15:00+05:30,3385.9,3394.5,3384.7,3393,36925
2026-06-10T12:30:00+05:30,3393,3396.8,3386.4,3387.9,34475
2026-06-10T12:45:00+05:30,3387.7,3390.7,3385,3387.9,21000
2026-06-10T13:00:00+05:30,3388.4,3398,3388.4,3392.4,14000
2026-06-10T13:15:00+05:30,3394,3397.7,3392.3,3396,11200
2026-06-10T13:30:00+05:30,3397.6,3398,3385.5,3389.3,14000
2026-06-10T13:45:00+05:30,3390.1,3393.5,3380.5,3380.5,18900
2026-06-10T14:00:00+05:30,3382.5,3387.5,3380,3383.8,11200
2026-06-10T14:15:00+05:30,3382.2,3389.7,3380.8,3383.1,29925
2026-06-10T14:30:00+05:30,3383.1,3383.1,3370.4,3371.2,28350
2026-06-10T14:45:00+05:30,3371.2,3371.5,3360.3,3361.8,43400
2026-06-10T15:00:00+05:30,3362.1,3362.7,3337.5,3337.5,83650
2026-06-10T15:15:00+05:30,3339.4,3349.6,3332.6,3337.1,80675
2026-06-11T09:15:00+05:30,3318.9,3336.7,3306.9,3321.2,21700
2026-06-11T09:30:00+05:30,3323,3330.9,3313.1,3318.3,14000
2026-06-11T09:45:00+05:30,3317,3326.9,3312.1,3318.2,11900
2026-06-11T10:00:00+05:30,3320,3320.2,3312.2,3314.7,7175
2026-06-11T10:15:00+05:30,3314.7,3320.8,3313.2,3319.3,12600
2026-06-11T10:30:00+05:30,3322,3324.1,3315.1,3319.4,13825
2026-06-11T10:45:00+05:30,3321.7,3321.7,3307.8,3308.6,13650
2026-06-11T11:00:00+05:30,3308.7,3310.6,3300,3309.8,16625
2026-06-11T11:15:00+05:30,3311.2,3326,3309.5,3324.6,11900
2026-06-11T11:30:00+05:30,3327.4,3335.9,3319.5,3322.3,29575
2026-06-11T11:45:00+05:30,3324.4,3331.7,3322,3327.8,11900
2026-06-11T12:00:00+05:30,3332.3,3338.7,3324,3336.1,32725
2026-06-11T12:15:00+05:30,3340,3344.9,3332,3338,37975
2026-06-11T12:30:00+05:30,3340.4,3350,3332.2,3332.2,75075
2026-06-11T12:45:00+05:30,3332.2,3332.5,3318.5,3328,21700
2026-06-11T13:00:00+05:30,3328,3330,3314.9,3316,22925
2026-06-11T13:15:00+05:30,3312.4,3313.9,3302,3312,10325
2026-06-11T13:30:00+05:30,3313,3315.4,3307.4,3309,12425
2026-06-11T13:45:00+05:30,3313.1,3317.6,3311.6,3311.8,9100
2026-06-11T14:00:00+05:30,3313.3,3316.5,3307.6,3313.5,14000
2026-06-11T14:15:00+05:30,3314.4,3325.3,3312.9,3323.1,39550
2026-06-11T14:30:00+05:30,3322.5,3322.5,3314,3314,18900
2026-06-11T14:45:00+05:30,3314.2,3315,3307,3310.4,17850
2026-06-11T15:00:00+05:30,3310.4,3310.5,3300.8,3307.3,64050
2026-06-11T15:15:00+05:30,3306.7,3311,3297.1,3303.9,107975
2026-06-12T09:15:00+05:30,3339,3379,3339,3360.6,103775
2026-06-12T09:30:00+05:30,3360.6,3360.6,3327.3,3328,92750
2026-06-12T09:45:00+05:30,3327.2,3337.2,3321,3321,40600
2026-06-12T10:00:00+05:30,3320.5,3327.8,3315.3,3320.2,29400
2026-06-12T10:15:00+05:30,3318.1,3323.3,3312.3,3315.6,20300
2026-06-12T10:30:00+05:30,3315.9,3315.9,3303.1,3303.1,20650
2026-06-12T10:45:00+05:30,3305.3,3320,3297.4,3308,36050
2026-06-12T11:00:00+05:30,3311.5,3318.9,3306.5,3318,21350
2026-06-12T11:15:00+05:30,3315.2,3315.2,3301.6,3303.1,12075
2026-06-12T11:30:00+05:30,3301.9,3306,3297,3304.5,19950
2026-06-12T11:45:00+05:30,3304,3304,3283,3283,37100
2026-06-12T12:00:00+05:30,3284.2,3298.8,3282.9,3296,43225
2026-06-12T12:15:00+05:30,3296.4,3302.9,3293.3,3300.4,13650
2026-06-12T12:30:00+05:30,3299.7,3299.7,3290,3290,15750
2026-06-12T12:45:00+05:30,3288.3,3294,3285.1,3294,14525
2026-06-12T13:00:00+05:30,3291,3292.4,3283.2,3286.7,28700
2026-06-12T13:15:00+05:30,3285,3298.5,3281,3294.4,32200
2026-06-12T13:30:00+05:30,3298.9,3304,3290.1,3296.3,78750
2026-06-12T13:45:00+05:30,3297.4,3317.3,3294.9,3312.2,121625
2026-06-12T14:00:00+05:30,3312.1,3324,3300.2,3320.7,98350
2026-06-12T14:15:00+05:30,3320,3331.7,3317.7,3326.7,79625
2026-06-12T14:30:00+05:30,3325.8,3343.6,3324.3,3338.4,133525
2026-06-12T14:45:00+05:30,3337.5,3348,3331.7,3345.7,116375
2026-06-12T15:00:00+05:30,3343,3349,3319.3,3333,262500
2026-06-12T15:15:00+05:30,3331.7,3342,3321.1,3338,119000
2026-06-15T09:15:00+05:30,3381,3410.5,3360,3401.8,154175
2026-06-15T09:30:00+05:30,3399.4,3419,3382.3,3401.9,104125
2026-06-15T09:45:00+05:30,3405.3,3420,3396,3412.5,76475
2026-06-15T10:00:00+05:30,3410.9,3413.2,3401.6,3403.3,27475
2026-06-15T10:15:00+05:30,3403.3,3414.6,3401,3406.6,54425
2026-06-15T10:30:00+05:30,3406.6,3432.8,3406.6,3427.5,101850
2026-06-15T10:45:00+05:30,3427.1,3458.9,3426.4,3456.4,129150
2026-06-15T11:00:00+05:30,3456.3,3460,3447.2,3459.8,64050
2026-06-15T11:15:00+05:30,3457.6,3464.9,3453.4,3460.4,64575
2026-06-15T11:30:00+05:30,3459.4,3465,3458.2,3461.6,32725
2026-06-15T11:45:00+05:30,3460,3476.4,3458.3,3468.7,58450
2026-06-15T12:00:00+05:30,3470,3472.9,3463.1,3472,29925
2026-06-15T12:15:00+05:30,3472.3,3474.9,3466.3,3469.2,49000
2026-06-15T12:30:00+05:30,3471.4,3474.9,3460.8,3468.6,40950
2026-06-15T12:45:00+05:30,3468.6,3471.9,3463.7,3471.1,39375
2026-06-15T13:00:00+05:30,3469.4,3473.6,3467.2,3468.3,43925
2026-06-15T13:15:00+05:30,3471.4,3477.9,3470.2,3475,31150
2026-06-15T13:30:00+05:30,3474.6,3481,3473.9,3479.8,43925
2026-06-15T13:45:00+05:30,3477.9,3488,3472.5,3481,74550
2026-06-15T14:00:00+05:30,3480.1,3482.8,3477.2,3480.5,28000
2026-06-15T14:15:00+05:30,3479.5,3483.7,3477.2,3481.8,29400
2026-06-15T14:30:00+05:30,3479.9,3484.9,3473.1,3475.6,35525
2026-06-15T14:45:00+05:30,3473.8,3476.4,3465.7,3469.4,46200
2026-06-15T15:00:00+05:30,3470.6,3470.6,3455.1,3465,105000
2026-06-15T15:15:00+05:30,3465,3471.9,3460.3,3469.9,139650
2026-06-16T09:15:00+05:30,3470,3470.3,3450,3463.5,34825
2026-06-16T09:30:00+05:30,3460.6,3460.6,3443.3,3446.2,23800
2026-06-16T09:45:00+05:30,3447.4,3450.1,3440.6,3443.5,14000
2026-06-16T10:00:00+05:30,3445,3445,3424.3,3429,48650
2026-06-16T10:15:00+05:30,3431.4,3448.5,3429,3443,22925
2026-06-16T10:30:00+05:30,3444.7,3462,3440.9,3462,15400
2026-06-16T10:45:00+05:30,3462.3,3463,3456.5,3459.5,9275
2026-06-16T11:00:00+05:30,3459.1,3463,3454.6,3458.5,22225
2026-06-16T11:15:00+05:30,3461.2,3463.5,3456,3457.9,12250
2026-06-16T11:30:00+05:30,3457.7,3461.5,3457.7,3458.9,4550
2026-06-16T11:45:00+05:30,3460.9,3470,3460.9,3469.7,11375
2026-06-16T12:00:00+05:30,3470,3470,3464,3467,11375
2026-06-16T12:15:00+05:30,3466.5,3467,3458.4,3460.3,11375
2026-06-16T12:30:00+05:30,3460,3465.3,3460,3461.2,14175
2026-06-16T12:45:00+05:30,3462,3462,3455.8,3458.7,14350
2026-06-16T13:00:00+05:30,3460.1,3466,3457,3464.2,11375
2026-06-16T13:15:00+05:30,3464.3,3464.4,3456.7,3458.1,11725
2026-06-16T13:30:00+05:30,3459.7,3460.6,3455.9,3460.4,9275
2026-06-16T13:45:00+05:30,3460.2,3462.4,3456.3,3458.5,11725
2026-06-16T14:00:00+05:30,3460.1,3462.2,3458.3,3460.6,11550
2026-06-16T14:15:00+05:30,3460.3,3462.6,3456.5,3456.5,16450
2026-06-16T14:30:00+05:30,3455.8,3458.6,3450.7,3450.7,29575
2026-06-16T14:45:00+05:30,3450,3456.9,3450,3453.3,16275
2026-06-16T15:00:00+05:30,3454.9,3456.1,3443,3443.7,41300
2026-06-16T15:15:00+05:30,3445.9,3450.6,3443,3446.1,47775
2026-06-17T09:15:00+05:30,3447.6,3467.9,3447.3,3459.3,35875
2026-06-17T09:30:00+05:30,3463.9,3476.9,3454.2,3474.8,34825
2026-06-17T09:45:00+05:30,3473.9,3480,3465.5,3469.9,53900
2026-06-17T10:00:00+05:30,3472.1,3486.8,3461.5,3478.7,19600
2026-06-17T10:15:00+05:30,3480.9,3485,3474.8,3475.6,16275
2026-06-17T10:30:00+05:30,3474.1,3488.8,3472.4,3482.6,24850
2026-06-17T10:45:00+05:30,3483,3484.5,3475,3479.2,15225
2026-06-17T11:00:00+05:30,3479.9,3484,3473,3476,18200
2026-06-17T11:15:00+05:30,3478.3,3478.3,3466.2,3470.5,17150
2026-06-17T11:30:00+05:30,3470.9,3474.9,3463.1,3474.6,14875
2026-06-17T11:45:00+05:30,3473.2,3477,3470.2,3476,19250
2026-06-17T12:00:00+05:30,3478,3478,3466.3,3466.3,12775
2026-06-17T12:15:00+05:30,3467.2,3467.2,3450,3453.2,28875
2026-06-17T12:30:00+05:30,3456.5,3457.8,3448.8,3454.9,14350
2026-06-17T12:45:00+05:30,3453.5,3454,3440.3,3445.3,17150
2026-06-17T13:00:00+05:30,3443.2,3444.3,3420.9,3428,35175
2026-06-17T13:15:00+05:30,3428.5,3442.3,3423.2,3442.3,8400
2026-06-17T13:30:00+05:30,3441.3,3444,3439.6,3443.2,10150
2026-06-17T13:45:00+05:30,3443.8,3443.8,3425.4,3432.7,19425
2026-06-17T14:00:00+05:30,3432.7,3443.1,3427.3,3441.6,9975
2026-06-17T14:15:00+05:30,3441.4,3443.4,3433.8,3433.8,5600
2026-06-17T14:30:00+05:30,3433.7,3439.9,3430.9,3435.7,7350
2026-06-17T14:45:00+05:30,3439,3452,3439,3452,12075
2026-06-17T15:00:00+05:30,3450.3,3462.6,3450,3452,55475
2026-06-17T15:15:00+05:30,3452.2,3456.1,3448.1,3448.1,49175
2026-06-18T09:15:00+05:30,3453.6,3473,3453.6,3459.4,26600
2026-06-18T09:30:00+05:30,3459.5,3468.7,3454.8,3465.8,13650
2026-06-18T09:45:00+05:30,3467.6,3473.9,3463,3473.9,9800
2026-06-18T10:00:00+05:30,3473.9,3480,3467.2,3467.4,22050
2026-06-18T10:15:00+05:30,3470,3476,3465.7,3470.9,10500
2026-06-18T10:30:00+05:30,3469.4,3474.4,3466.3,3471.4,8225
2026-06-18T10:45:00+05:30,3474.9,3477,3467.5,3470,5250
2026-06-18T11:00:00+05:30,3469.4,3472.7,3461.3,3469.4,6125
2026-06-18T11:15:00+05:30,3468.5,3468.6,3459.2,3464.7,7350
2026-06-18T11:30:00+05:30,3465.4,3468.9,3463.5,3463.8,4550
2026-06-18T11:45:00+05:30,3463.2,3466.4,3456.3,3462,7525
2026-06-18T12:00:00+05:30,3466,3466,3462.5,3463.2,2800
2026-06-18T12:15:00+05:30,3463,3474.5,3463,3474.5,8225
2026-06-18T12:30:00+05:30,3471.9,3473.4,3468.1,3468.1,8400
2026-06-18T12:45:00+05:30,3468.2,3470.3,3463,3464.7,9450
2026-06-18T13:00:00+05:30,3466.1,3470.8,3465.9,3470.3,4900
2026-06-18T13:15:00+05:30,3469.6,3469.6,3464.5,3465.4,4025
2026-06-18T13:30:00+05:30,3466.7,3469.9,3466.7,3468,4725
2026-06-18T13:45:00+05:30,3468.3,3468.7,3465.2,3465.7,7175
2026-06-18T14:00:00+05:30,3465.9,3466.5,3461.1,3462.8,9450
2026-06-18T14:15:00+05:30,3463.8,3464,3459.9,3462.5,7700
2026-06-18T14:30:00+05:30,3463,3467,3459,3460.9,10150
2026-06-18T14:45:00+05:30,3462.7,3469.8,3456.1,3469.8,26250
2026-06-18T15:00:00+05:30,3466.5,3469.9,3462.2,3467.5,32375
2026-06-18T15:15:00+05:30,3463,3470.7,3463,3470,44975
2026-06-19T09:15:00+05:30,3434.2,3459,3434.2,3453.5,12425
2026-06-19T09:30:00+05:30,3450.2,3453,3441.8,3448,27125
2026-06-19T09:45:00+05:30,3448.7,3452.7,3438.8,3438.8,18725
2026-06-19T10:00:00+05:30,3438.5,3440.8,3426.5,3434.1,27825
2026-06-19T10:15:00+05:30,3435,3436.1,3430,3432.3,7525
2026-06-19T10:30:00+05:30,3426,3437.6,3421.4,3437,7700
2026-06-19T10:45:00+05:30,3442.6,3443.6,3428,3430.4,5075
2026-06-19T11:00:00+05:30,3431.8,3438.5,3431.8,3438.2,3500
2026-06-19T11:15:00+05:30,3439.1,3441.8,3432.5,3436,6650
2026-06-19T11:30:00+05:30,3434,3438.4,3431.5,3436.2,5075
2026-06-19T11:45:00+05:30,3432.6,3436.1,3428.1,3436.1,7700
2026-06-19T12:00:00+05:30,3437.2,3440.4,3436.4,3437.1,4900
2026-06-19T12:15:00+05:30,3437.4,3444.9,3437.4,3443.2,7350
2026-06-19T12:30:00+05:30,3441.4,3441.4,3419.4,3425.2,11025
2026-06-19T12:45:00+05:30,3427.1,3431.3,3426.4,3430.7,7525
2026-06-19T13:00:00+05:30,3429.6,3429.6,3419.5,3421.3,14700
2026-06-19T13:15:00+05:30,3424.6,3429.1,3419.7,3426.3,10850
2026-06-19T13:30:00+05:30,3425.7,3437.4,3424.9,3434.3,7350
2026-06-19T13:45:00+05:30,3437.3,3440.7,3431.5,3438.9,9625
2026-06-19T14:00:00+05:30,3441,3449,3441,3448.7,18550
2026-06-19T14:15:00+05:30,3449.1,3449.7,3444,3447.7,9100
2026-06-19T14:30:00+05:30,3450,3463.2,3450,3456.6,29050
2026-06-19T14:45:00+05:30,3458.1,3458.1,3434.3,3441.8,45675
2026-06-19T15:00:00+05:30,3440.6,3455,3435.6,3450.6,134750
2026-06-19T15:15:00+05:30,3452.5,3463.6,3444.6,3462.6,116200
2026-06-22T09:15:00+05:30,3490.1,3507,3468.8,3474,86450
2026-06-22T09:30:00+05:30,3470.6,3473.4,3465,3469.1,11550
2026-06-22T09:45:00+05:30,3470.7,3475,3462.6,3475,16450
2026-06-22T10:00:00+05:30,3474.5,3484.9,3473.6,3481.1,17500
2026-06-22T10:15:00+05:30,3482,3485,3477.5,3485,11550
2026-06-22T10:30:00+05:30,3481.2,3481.9,3473.4,3477.8,8750
2026-06-22T10:45:00+05:30,3478.5,3478.5,3470.1,3477.9,8750
2026-06-22T11:00:00+05:30,3475,3477,3466.2,3467.9,16100
2026-06-22T11:15:00+05:30,3468.7,3469.8,3465.6,3468.5,12075
2026-06-22T11:30:00+05:30,3467,3467.2,3455.2,3462.1,24325
2026-06-22T11:45:00+05:30,3460,3462.2,3458.8,3461.4,8575
2026-06-22T12:00:00+05:30,3463,3467.9,3459.1,3465.2,15400
2026-06-22T12:15:00+05:30,3466,3468.8,3463.7,3467.5,5250
2026-06-22T12:30:00+05:30,3466.4,3468,3465.6,3466.2,2450
2026-06-22T12:45:00+05:30,3466.4,3466.4,3462.7,3463.3,5250
2026-06-22T13:00:00+05:30,3462.2,3468.5,3462.2,3466,5775
2026-06-22T13:15:00+05:30,3465,3474,3464,3474,5250
2026-06-22T13:30:00+05:30,3474.1,3474.1,3470,3470,1925
2026-06-22T13:45:00+05:30,3470,3472.2,3469.5,3471.7,3850
2026-06-22T14:00:00+05:30,3468.6,3472.7,3466.7,3471.8,7350
2026-06-22T14:15:00+05:30,3475,3479,3469.1,3470.8,8225
2026-06-22T14:30:00+05:30,3469.9,3480,3465.1,3476.5,17150
2026-06-22T14:45:00+05:30,3476.7,3483.5,3476.7,3480,27475
2026-06-22T15:00:00+05:30,3480.8,3490,3480.6,3488.8,104825
2026-06-22T15:15:00+05:30,3487.6,3496.1,3485,3494.7,193550
2026-06-23T09:15:00+05:30,3499.9,3510,3479.5,3501.6,41125
2026-06-23T09:30:00+05:30,3502.7,3516.4,3488.4,3512.7,47425
2026-06-23T09:45:00+05:30,3514.7,3521.2,3501.9,3508.3,43925
2026-06-23T10:00:00+05:30,3510.8,3514,3504.6,3511.5,21350
2026-06-23T10:15:00+05:30,3510.5,3512.2,3496.6,3499,15225
2026-06-23T10:30:00+05:30,3499,3501.2,3492,3499.1,10675
2026-06-23T10:45:00+05:30,3499.1,3505.1,3496.3,3505.1,8925
2026-06-23T11:00:00+05:30,3505.1,3506.2,3500,3501.8,10675
2026-06-23T11:15:00+05:30,3501.8,3521,3501.8,3518.9,40775
2026-06-23T11:30:00+05:30,3520,3521.9,3509.8,3511,11025
2026-06-23T11:45:00+05:30,3510.3,3510.3,3490.8,3493,20650
2026-06-23T12:00:00+05:30,3490.5,3492,3483.1,3487.5,24850
2026-06-23T12:15:00+05:30,3487.1,3488,3474.3,3483.3,17850
2026-06-23T12:30:00+05:30,3484.9,3484.9,3475.3,3475.3,7700
2026-06-23T12:45:00+05:30,3477.7,3480.6,3457.4,3460.9,27475
2026-06-23T13:00:00+05:30,3460.1,3461.6,3452.6,3459.6,19775
2026-06-23T13:15:00+05:30,3459.9,3466.1,3453,3455.1,19600
2026-06-23T13:30:00+05:30,3455.1,3455.1,3445,3448.6,16800
2026-06-23T13:45:00+05:30,3452,3463,3448.6,3460.7,14875
2026-06-23T14:00:00+05:30,3460.7,3470.5,3451,3468,22225
2026-06-23T14:15:00+05:30,3468,3482.2,3467,3476.6,27475
2026-06-23T14:30:00+05:30,3477.1,3486.7,3474.7,3485.8,30450
2026-06-23T14:45:00+05:30,3486.9,3498.9,3486,3486,53025
2026-06-23T15:00:00+05:30,3487.1,3489.2,3450.1,3454.3,97125
2026-06-23T15:15:00+05:30,3455.5,3461.8,3448.5,3455.4,74025
2026-06-24T09:15:00+05:30,3455.4,3455.4,3419.6,3421.6,106750
2026-06-24T09:30:00+05:30,3421.6,3423.5,3386,3391,160650
2026-06-24T09:45:00+05:30,3390.8,3399,3382.4,3385.8,162400
2026-06-24T10:00:00+05:30,3386.6,3400.3,3379.8,3398.1,156800
2026-06-24T10:15:00+05:30,3398.1,3425,3395.4,3421.7,126525
2026-06-24T10:30:00+05:30,3421.7,3430.9,3420.9,3426.5,115850
2026-06-24T10:45:00+05:30,3427.5,3449,3425.1,3445.2,141575
2026-06-24T11:00:00+05:30,3445.2,3449,3431.6,3431.6,107800
2026-06-24T11:15:00+05:30,3431.6,3432.7,3424,3428,104125
2026-06-24T11:30:00+05:30,3428,3432.6,3419.6,3430.2,111475
2026-06-24T11:45:00+05:30,3430.2,3430.9,3416.5,3416.5,133875
2026-06-24T12:00:00+05:30,3416.5,3417.7,3406.4,3409.6,122500
2026-06-24T12:15:00+05:30,3409.6,3428.6,3406.1,3428.6,131075
2026-06-24T12:30:00+05:30,3426.5,3440,3425.7,3431.4,129150
2026-06-24T12:45:00+05:30,3431.4,3438.4,3424.1,3436.2,119175
2026-06-24T13:00:00+05:30,3436.2,3437.7,3431,3435.8,166775
2026-06-24T13:15:00+05:30,3435.8,3444,3432.9,3441.7,475650
2026-06-24T13:30:00+05:30,3441.7,3472.3,3441.7,3463.8,171325
2026-06-24T13:45:00+05:30,3463.8,3479,3462.1,3474.5,122150
2026-06-24T14:00:00+05:30,3474.5,3476,3465.4,3465.4,292075
2026-06-24T14:15:00+05:30,3465.4,3476.5,3460.1,3473.6,282275
2026-06-24T14:30:00+05:30,3473.6,3473.6,3460.2,3461.9,101500
2026-06-24T14:45:00+05:30,3461.9,3461.9,3450.9,3452.9,105000
2026-06-24T15:00:00+05:30,3453,3460.7,3439.6,3441.9,124250
2026-06-24T15:15:00+05:30,3445,3452.8,3440.1,3452.8,81900
2026-06-25T09:15:00+05:30,3452.4,3537,3452.4,3535.9,286300
2026-06-25T09:30:00+05:30,3539.1,3547.9,3527.7,3537.1,242900
2026-06-25T09:45:00+05:30,3537.1,3545.4,3525.6,3545,182875
2026-06-25T10:00:00+05:30,3544,3549.8,3526.7,3547.7,185850
2026-06-25T10:15:00+05:30,3547.7,3560,3545,3560,192850
2026-06-25T10:30:00+05:30,3560,3563.4,3546.7,3547.6,198800
2026-06-25T10:45:00+05:30,3547.6,3557.8,3547.1,3553.3,157325
2026-06-25T11:00:00+05:30,3553.3,3566,3547.8,3565.9,151200
2026-06-25T11:15:00+05:30,3565.7,3599,3560.6,3596.1,477925
2026-06-25T11:30:00+05:30,3596.1,3597.1,3577.1,3577.1,166425
2026-06-25T11:45:00+05:30,3578.9,3588.3,3576.1,3577.8,339850
2026-06-25T12:00:00+05:30,3577.8,3584.4,3575.3,3580,160475
2026-06-25T12:15:00+05:30,3580,3584.4,3575.2,3577.2,145775
2026-06-25T12:30:00+05:30,3577.2,3582.7,3575.5,3582.6,162225
2026-06-25T12:45:00+05:30,3582.8,3582.8,3575.2,3576.4,160475
2026-06-25T13:00:00+05:30,3575.3,3580.3,3573,3575.7,186375
2026-06-25T13:15:00+05:30,3575.7,3594.3,3575.4,3592.9,221025
2026-06-25T13:30:00+05:30,3591.6,3599.7,3589.7,3595.2,233450
2026-06-25T13:45:00+05:30,3595.2,3600,3586.2,3588.6,217000
2026-06-25T14:00:00+05:30,3588.6,3588.7,3576.1,3576.7,194075
2026-06-25T14:15:00+05:30,3576.7,3578.9,3566.3,3568.5,222250
2026-06-25T14:30:00+05:30,3568.5,3578.9,3564,3568.8,210175
2026-06-25T14:45:00+05:30,3568.1,3575.1,3566.7,3569.6,201250
2026-06-25T15:00:00+05:30,3568.3,3572.8,3547.9,3567.9,210000
2026-06-25T15:15:00+05:30,3567.9,3575.2,3567.2,3574.2,188825