time,open,high,low,close,Volume
2010-10-29,75.8,75.8,73.05,74.2,440000
2010-11-01,75.2,80.2,75,78.55,5036000
2010-11-02,78.5,80.6,76.45,77.1,4220000
2010-11-03,77.5,78.5,76.1,76.5,1364000
2010-11-04,76.9,76.9,75.3,76.05,1048000
2010-11-05,76.5,76.7,76.05,76.55,240000
2010-11-08,76.85,77.25,75.9,76,852000
2010-11-09,76.3,84.2,75.8,83.3,23544000
2010-11-10,84,84.9,83.1,83.65,5024000
2010-11-11,84.3,84.4,77.75,79.7,4044000
2010-11-12,79,82.75,78.25,79.15,4964000
2010-11-15,79.65,79.65,76.55,78.5,1928000
2010-11-16,78.75,80.25,75.1,75.55,2464000
2010-11-18,76.5,79.45,72.1,79.1,3412000
2010-11-19,78.6,79.5,76.05,78.3,2164000
2010-11-22,79.2,80.05,77,78.55,2512000
2010-11-23,77.25,78.7,73,76.8,3780000
2010-11-24,78.3,86.05,78.3,83.4,12832000
2010-11-25,84.4,87.9,83.5,84.2,4988000
2010-11-26,84.4,85.4,77.25,82.4,5172000
2010-11-29,82.5,83.2,79.55,80.4,2564000
2010-11-30,79.3,83.6,79.15,82.7,6720000
2010-12-01,82.85,85.3,82.7,83.25,6724000
2010-12-02,84,84,81.5,82.45,2456000
2010-12-03,82.3,83.3,79.7,80.65,1636000
2010-12-06,81.4,81.4,78.05,78.3,1844000
2010-12-07,78.65,78.7,76.1,77.3,1628000
2010-12-08,76.3,78.9,75.05,75.45,2692000
2010-12-09,75.6,75.8,67.3,70.05,3524000
2010-12-10,70,72,66.65,71.45,5328000
2010-12-13,72,74.5,69,73.65,2996000
2010-12-14,74.45,75.25,73.75,74.2,1416000
2010-12-15,73.95,73.95,70.5,71.7,1488000
2010-12-16,72.5,73.6,71.25,72.75,1856000
2010-12-20,72,73.6,70.9,71.45,1096000
2010-12-21,72,74.35,71.9,73.4,2532000
2010-12-22,73.85,73.85,71.75,72.75,1096000
2010-12-23,72.75,72.75,71.25,71.55,1004000
2010-12-24,70.35,71.2,69.4,70.15,2256000
2010-12-27,70.8,72.1,69.4,69.45,2640000
2010-12-28,70,70.1,68.8,69.65,2512000
2010-12-29,70.2,70.6,69.45,69.75,2564000
2010-12-30,70.5,70.6,69.05,69.9,3924000
2010-12-31,70.1,72.2,70,71.4,3420000
2011-01-03,72.5,74.25,72.5,73.15,4120000
2011-01-04,73.75,73.9,71.7,72.05,2496000
2011-01-05,72.1,72.4,69.7,70,1548000
2011-01-06,70.6,70.6,65.85,66.45,3980000
2011-01-07,66.25,66.25,63.2,63.45,4012000
2011-01-10,63.15,63.35,60.85,61.35,6052000
2011-01-11,61.45,62.95,58.75,62.1,3740000
2011-01-12,63.5,64.4,60.8,64,3028000
2011-01-13,63.5,64.8,62.55,62.7,1808000
2011-01-14,62.3,62.55,59.7,60.15,1904000
2011-01-17,58.8,59.8,57.6,57.95,1588000
2011-01-18,58.3,59.45,57.45,59.15,1788000
2011-01-19,59.6,61.7,57.9,61.1,4312000
2011-01-20,61.4,63.55,60.7,61.8,10716000
2011-01-21,62.1,63.1,61.6,61.75,2560000
2011-01-24,62,62.3,61.5,61.85,1308000
2011-01-25,62.1,62.15,59.85,60,2864000
2011-01-27,60.8,60.8,56.8,57.55,5696000
2011-01-28,56.7,57.95,52.6,54,3420000
2011-01-31,52.85,55,51,54.8,3676000
2011-02-01,55,56.15,51.55,52,3464000
2011-02-02,52.95,53.3,50.7,51.15,2384000
2011-02-03,51,52.6,50.65,52.35,1908000
2011-02-04,52.15,53.15,51.05,51.2,1548000
2011-02-07,51.15,51.4,49.55,50.1,1260000
2011-02-08,50,50.2,46.3,46.7,1920000
2011-02-09,45.65,47.4,43.7,44.95,3324000
2011-02-10,45,48.5,45,47.85,2112000
2011-02-11,48.6,51.4,47.75,51.3,3124000
2011-02-14,52.3,56.85,52,56.55,3472000
2011-02-15,56.8,58.2,54.95,56.15,3376000
2011-02-16,56.5,56.7,55.35,56.55,1312000
2011-02-17,56.6,56.8,55.8,56.25,732000
2011-02-18,56.5,57.45,52,52.8,2576000
2011-02-21,52.5,52.65,50.7,51.8,1528000
2011-02-22,50,52.95,50,50.6,1816000
2011-02-23,50.35,50.5,48.85,49,1700000
2011-02-24,49.3,49.3,46.5,47.65,3032000
2011-02-25,48.5,49,47.35,48.25,904000
2011-02-28,48.05,52.85,47.6,50.85,4340000
2011-03-01,51.45,56.35,51.45,56.05,7528000
2011-03-03,55.6,56.65,53.9,55.5,4948000
2011-03-04,56.4,56.4,54.7,54.95,1864000
2011-03-07,53,53.8,52.2,52.9,2300000
2011-03-08,53.3,55.45,52.75,55.2,3096000
2011-03-09,55.6,56.55,54.55,56.2,3020000
2011-03-10,55.7,56.2,55.4,56.1,1396000
2011-03-11,55.4,56.75,54.3,55.15,1504000
2011-03-14,54.3,55.8,54.3,55.6,1016000
2011-03-15,52.85,54.7,52.5,54.05,1072000
2011-03-16,54.5,58.6,54.35,58.15,5368000
2011-03-17,57.5,59.75,57.3,58.8,4060000
2011-03-18,59.45,59.45,57.45,57.6,1976000
2011-03-21,58,58,56.4,56.7,2060000
2011-03-22,57,57.6,55.75,56.05,1716000
2011-03-23,56.15,56.5,55.65,56.15,868000
2011-03-24,56.1,58.85,56.05,57.8,3192000
2011-03-25,58.35,58.45,57.45,58.15,1476000
2011-03-28,58.6,61.45,58.25,60.35,4412000
2011-03-29,60.95,60.95,58.5,58.8,2304000
2011-03-30,59.5,59.6,58.8,59.2,1596000
2011-03-31,60.15,61,59.1,60.5,3076000
2011-04-01,61.4,63.45,61,62.4,5612000
2011-04-04,62.6,62.85,61.5,62.2,2432000
2011-04-05,62.65,63.15,61.1,61.8,2892000
2011-04-06,62.2,62.75,60.75,61.1,1856000
2011-04-07,61,61.8,59.8,60.35,3776000
2011-04-08,60.6,60.75,58.5,59.25,2616000
2011-04-11,58.6,58.85,56.65,57.35,2140000
2011-04-13,56.55,59.25,56.55,58.95,1500000
2011-04-15,58.95,60.5,57.7,60.2,2612000
2011-04-18,60.35,60.8,57,58.2,2708000
2011-04-19,57.8,59.65,57.75,59.45,1676000
2011-04-20,60.15,61,59.45,60.5,2260000
2011-04-21,60.85,61.3,59.1,59.4,1472000
2011-04-25,59.15,59.7,58.3,58.75,1028000
2011-04-26,58.95,61.85,58.8,61.3,6272000
2011-04-27,61.5,61.7,59.9,60.35,3144000
2011-04-28,61.2,61.2,60.15,60.35,3060000
2011-04-29,60.8,62.5,55,56.5,26428000
2011-05-02,56.95,57.95,55.7,56.55,4948000
2011-05-03,56.6,56.65,54.45,55.4,3484000
2011-05-04,55.05,55.3,52,53.7,5556000
2011-05-05,53.5,54.65,51.25,51.65,2376000
2011-05-06,52.6,55.65,51.4,55.1,4544000
2011-05-09,55.5,55.55,53.85,54.4,1008000
2011-05-10,54.45,55.1,52.9,53.65,1208000
2011-05-11,54.05,54.35,53.7,54.1,708000
2011-05-12,53.55,54.8,52.8,53.1,1500000
2011-05-13,53.3,55.5,53.1,54.5,2344000
2011-05-16,53.4,54.7,52.9,54.35,1316000
2011-05-17,54.5,54.5,53,53.7,920000
2011-05-18,54,54,51.8,52.45,1800000
2011-05-19,51.2,53.25,51.2,53.15,868000
2011-05-20,53.05,54.3,52.95,53.75,1172000
2011-05-23,53.2,53.35,52,52.25,956000
2011-05-24,52.45,52.55,50.2,51.4,1524000
2011-05-25,51.2,51.4,49.9,50.8,2508000
2011-05-26,51.45,51.7,50.6,51,2256000
2011-05-27,51.65,52.35,51.1,52,908000
2011-05-30,52.45,53.5,52.1,53.2,748000
2011-05-31,53.95,54.8,53.5,54.6,1280000
2011-06-01,55.55,56.8,55.15,55.95,4772000
2011-06-02,54.1,56,53.85,54.65,1736000
2011-06-03,55,55.35,54.1,54.3,832000
2011-06-06,54.2,54.9,53.25,54.4,932000
2011-06-07,54.15,55.4,54,55.05,792000
2011-06-08,54.9,55.1,53.9,54.6,636000
2011-06-09,54.5,54.85,53.4,53.75,744000
2011-06-10,53.95,54.15,53.35,53.75,404000
2011-06-13,54.1,55,54.1,54.35,728000
2011-06-14,54.8,55.8,54.25,55.35,2024000
2011-06-15,55.5,55.55,54.05,54.55,740000
2011-06-16,54.1,54.5,53.55,53.75,540000
2011-06-17,54,54.1,52.8,52.9,924000
2011-06-20,53,53.15,50.5,51.75,916000
2011-06-21,52.4,52.8,51.05,51.4,652000
2011-06-22,51.55,51.8,51.05,51.2,396000
2011-06-23,50.85,51.65,50.3,51,460000
2011-06-24,51.55,52.55,51.3,52.4,1048000
2011-06-27,52,53.15,51.6,52.85,1536000
2011-06-28,52.9,53.15,51.85,52.15,1144000
2011-06-29,52.25,53.5,52,53.15,3040000
2011-06-30,53.85,54.45,53.3,54.15,2804000
2011-07-01,55,55.4,53.05,53.45,3424000
2011-07-04,54.3,54.3,53.4,53.95,1020000
2011-07-05,53.9,54.6,53.6,53.9,768000
2011-07-06,53.6,54.1,53.4,53.65,596000
2011-07-07,53.75,54.15,53.25,53.55,480000
2011-07-08,54,54,52.6,52.9,1164000
2011-07-11,52.5,52.7,52,52.6,636000
2011-07-12,51.6,51.95,50.65,51.6,792000
2011-07-13,51.6,51.95,50.95,51.6,796000
2011-07-14,51.4,51.9,51.15,51.2,1288000
2011-07-15,51.15,51.5,50.8,51.2,932000
2011-07-18,51.2,51.4,50.65,50.75,312000
2011-07-19,51.5,53,51.5,52,1904000
2011-07-20,52.25,52.25,50.7,50.8,908000
2011-07-21,50.6,50.6,49,50.25,872000
2011-07-22,50.85,51.35,50.4,51.2,644000
2011-07-25,50.7,52.15,50.7,51.65,1036000
2011-07-26,51.4,51.6,50.25,50.75,992000
2011-07-27,50.9,50.95,49.5,49.75,1972000
2011-07-28,49.55,50.3,48.7,49.15,2620000
2011-07-29,49.15,50.5,49,49.3,1256000
2011-08-01,50.3,58.2,50.3,53.2,8312000
2011-08-02,53.55,53.95,52.05,52.55,2548000
2011-08-03,51,54,51,53.5,3168000
2011-08-04,54.4,55.05,52.9,53.3,2392000
2011-08-05,52,52.9,50.3,52.8,3036000
2011-08-08,50.9,54.2,50.5,53.45,2712000
2011-08-09,51.8,55.2,51.7,53.45,2732000
2011-08-10,54.6,55.85,53.2,55.3,4008000
2011-08-11,55,57.7,54.5,55,4864000
2011-08-12,55.9,55.9,53.3,53.7,1996000
2011-08-16,54.1,54.25,50.7,52.15,2112000
2011-08-17,51.55,52.95,50.6,52.05,1208000
2011-08-18,51.55,52,49.45,50.2,1336000
2011-08-19,49.05,51,48.75,50.75,1612000
2011-08-22,51.05,52.25,50.6,51.95,3640000
2011-08-23,52.15,54.6,51.45,54.25,1780000
2011-08-24,54.5,54.7,52.7,53,2280000
2011-08-25,53.05,54,52.55,53.65,1724000
2011-08-26,53.6,54.8,53,53.45,1044000
2011-08-29,54.9,55.75,54,55.15,1500000
2011-08-30,55.75,55.9,54.3,55.5,1584000
2011-09-02,56.15,57.9,56,57.7,2964000
2011-09-05,57.3,60.3,57,59.85,3064000
2011-09-06,60,62,58.7,59.5,3580000
2011-09-07,58.55,61.2,58.3,60.95,3636000
2011-09-08,60.6,61.3,59.75,60.4,1304000
2011-09-09,60.75,62.4,60.2,60.85,3192000
2011-09-12,59.8,60.7,58.8,59.9,1872000
2011-09-13,60.2,60.4,58.5,58.5,1152000
2011-09-14,58.9,60.3,57.7,60.2,1472000
2011-09-15,60.15,65.15,59.35,64.95,6648000
2011-09-16,65.4,66.45,63.55,63.8,4444000
2011-09-19,63.25,64.6,62.15,63,1244000
2011-09-20,63,64.15,62.9,63.8,1204000
2011-09-21,64.3,64.8,62.55,62.75,1456000
2011-09-22,61.8,62.3,58.35,58.8,1940000
2011-09-23,57.3,60.8,56.75,58.6,2436000
2011-09-26,59,59.35,56.25,57.35,1796000
2011-09-27,59.9,60.8,58.85,60.65,2712000
2011-09-28,61.5,62,59.35,60.45,1840000
2011-09-29,59.9,61.4,59.5,61.2,1384000
2011-09-30,61.4,62.7,60.6,61.1,1008000
2011-10-03,62.5,62.85,59.5,59.75,2644000
2011-10-04,59.3,60.9,58.15,58.5,1164000
2011-10-05,59.2,59.9,57.5,57.8,1028000
2011-10-07,60,60.05,58.55,58.75,1000000
2011-10-10,58.9,59.7,58.4,58.9,1068000
2011-10-11,59.1,60,58.1,58.35,992000
2011-10-12,58.8,62,58.4,61.4,2644000
2011-10-13,61.8,62.5,60.3,60.5,1748000
2011-10-14,61,62.15,60.4,61.05,992000
2011-10-17,62.2,62.9,61.6,61.85,1392000
2011-10-18,60.75,62.95,60.4,62.35,2144000
2011-10-19,63,65.7,63,65.2,4512000
2011-10-20,64.75,67.15,64.55,65.75,4596000
2011-10-21,66.15,67,65.35,66.6,2624000
2011-10-24,67.2,67.75,65.4,65.7,3532000
2011-10-25,65.65,68.2,65.35,67.55,3388000
2011-10-26,69,69.25,68,68.75,1004000
2011-10-28,69,70.25,69,69.15,2532000
2011-10-31,69.35,70.7,68.9,69.25,2880000
2011-11-01,69,69.75,65.3,66.5,4556000
2011-11-02,65.85,68,65.25,66.95,2584000
2011-11-03,67.7,68.9,64.7,66.65,16060000
2011-11-04,67.45,67.75,66.4,67.1,3056000
2011-11-08,67.45,67.65,66.85,67.05,1112000
2011-11-09,67.1,67.15,65.15,66,1228000
2011-11-11,65.5,67.3,64,67.1,2532000
2011-11-14,67.55,67.65,65.7,66.05,1564000
2011-11-15,65.9,67.05,63.75,64.45,2216000
2011-11-16,64.2,65.3,63.55,64.95,1044000
2011-11-17,64.7,65.25,63.6,63.8,948000
2011-11-18,63.1,63.7,61.3,63.4,1696000
2011-11-21,63.4,63.5,62,62.3,1008000
2011-11-22,63.25,63.95,62.35,62.85,904000
2011-11-23,62.4,62.75,59.3,60.3,1388000
2011-11-24,60.1,63.7,59.8,62.75,2476000
2011-11-25,62.4,63.75,60.5,61.5,776000
2011-11-28,61.7,62.9,61.7,62.2,868000
2011-11-29,62,62.05,59.85,60.45,1680000
2011-11-30,60.9,60.9,58.75,59.85,2244000
2011-12-01,61.7,62.1,57.3,58.05,4376000
2011-12-02,58.75,59.55,57.9,59.4,1436000
2011-12-05,59.5,59.6,58.35,59,812000
2011-12-07,59.05,59.75,58.55,58.8,812000
2011-12-08,58.55,58.55,55.45,56.4,1364000
2011-12-09,55.6,56.8,53.8,56.1,896000
2011-12-12,57.1,57.1,52.55,53,1092000
2011-12-13,52.25,54.3,51.7,54.1,1004000
2011-12-14,54,54.4,52.5,53,1040000
2011-12-15,52.5,53.85,51.7,53.2,876000
2011-12-16,53.5,54.65,50.5,51.15,916000
2011-12-19,51,51.2,46.4,49.8,3364000
2011-12-20,50.6,50.6,48.25,48.7,1656000
2011-12-21,50.2,51.45,49.1,50.9,1116000
2011-12-22,50.95,51.6,49.25,51.3,1168000
2011-12-23,51.8,53.95,51.3,53,1104000
2011-12-26,53.5,54.7,53.4,53.8,888000
2011-12-27,53.5,54.7,51.95,51.95,888000
2011-12-28,52,52,50.1,50.5,868000
2011-12-29,51,52.5,50.85,52.2,2352000
2011-12-30,52.95,53.05,51.3,51.95,516000
2012-01-02,52.3,52.85,45.35,46.8,4392000
2012-01-03,47.2,47.95,46.2,47.5,3904000
2012-01-04,47.5,47.85,45.45,45.95,2880000
2012-01-05,45.75,47.4,45.7,46.4,1196000
2012-01-06,46.05,47.35,44.9,45.85,1668000
2012-01-09,45.85,46.95,45.65,46.65,1064000
2012-01-10,47.4,48.7,47.3,48.25,1804000
2012-01-11,48.5,49.3,48.3,48.65,1320000
2012-01-12,48.85,49,47.8,48.05,1020000
2012-01-13,48.4,50.75,48,49.65,3664000
2012-01-16,48.7,49.7,48.45,49.1,1092000
2012-01-17,49.05,50.4,49.05,49.55,1652000
2012-01-18,48.8,50,48.25,49.05,1608000
2012-01-19,49.5,50.7,49.5,50,1828000
2012-01-20,50.65,52.6,49.85,51.45,4400000
2012-01-23,51.9,52.45,50.85,51.15,3816000
2012-01-24,51.55,52.6,50,52.1,2672000
2012-01-25,51.9,53.8,51.1,53.55,3816000
2012-01-27,54.8,55.6,53.5,54.1,4096000
2012-01-30,53.65,54.5,50.45,51.15,2120000
2012-01-31,52,53.1,49.6,52.65,8132000
2012-02-01,52.7,53.8,51.7,52.8,3136000
2012-02-02,53,53.75,51.75,52.2,1596000
2012-02-03,52.35,52.35,51.25,51.95,1540000
2012-02-06,52.45,53.15,51.15,51.35,2076000
2012-02-07,51.75,51.85,49.25,49.7,3156000
2012-02-08,49.6,50.6,49.45,50.1,1964000
2012-02-09,49.6,52.7,49.6,52.5,5644000
2012-02-10,52.4,52.7,50.2,50.9,3092000
2012-02-13,51.4,51.4,49.8,50.55,2740000
2012-02-14,50.75,52.5,50.3,52.2,3820000
2012-02-15,52.85,54.6,52.8,53.8,8128000
2012-02-16,54,54.85,52.7,54.1,4740000
2012-02-17,55,56,52.9,53.65,7224000
2012-02-21,53.7,54.9,52.8,53.65,6748000
2012-02-22,53.7,54.2,50.5,50.7,4476000
2012-02-23,50.6,51.7,49.9,51.1,4608000
2012-02-24,51.3,51.75,49.25,49.55,2364000
2012-02-27,49.75,49.8,46.9,47.2,2172000
2012-02-28,47.7,48.85,47.4,48.7,2104000
2012-02-29,49.6,49.85,46.85,47.4,5876000
2012-03-01,47.35,48.2,46.9,47.35,2956000
2012-03-02,47.45,47.45,45.75,46.15,2944000
2012-03-05,46.3,46.3,43.95,44.15,2292000
2012-03-06,44,45.55,42.05,43.45,3076000
2012-03-07,42.5,44.35,42.5,43.15,1992000
2012-03-09,43.9,44.75,43.6,44.55,1536000
2012-03-12,45.6,45.95,44.1,44.35,1844000
2012-03-13,44.6,45.1,44.5,44.75,964000
2012-03-14,45.1,45.55,44.6,44.85,1476000
2012-03-15,44.6,44.6,43.05,43.25,1424000
2012-03-16,43.45,44.45,43,43.4,2028000
2012-03-19,43.5,43.8,41.95,42.4,1180000
2012-03-20,42.5,42.9,41.5,42,1640000
2012-03-21,42,43,41.55,42.75,1956000
2012-03-22,43,43.6,41.5,41.75,3412000
2012-03-23,41.85,42.3,41.35,41.95,2220000
2012-03-26,41.85,42,39.35,39.8,4868000
2012-03-27,40.15,40.3,38.6,38.9,2652000
2012-03-28,38.5,38.75,37.8,37.95,3812000
2012-03-29,37.85,38.4,37.45,37.65,4512000
2012-03-30,38.3,41.6,38.25,41.3,4756000
2012-04-02,41.7,43.4,41.65,43.25,4756000
2012-04-03,43.3,43.65,42.1,42.4,2176000
2012-04-04,41.65,43.5,40.7,43.15,5148000
2012-04-09,42.8,42.8,41.05,41.25,2704000
2012-04-10,41.5,41.5,40.5,41.1,1192000
2012-04-11,40.2,41,40.05,40.55,1128000
2012-04-12,41.1,42,41,41.85,1764000
2012-04-13,41.85,42.35,40,40.25,1640000
2012-04-16,40.4,41.8,40.4,41.35,1640000
2012-04-17,41.4,41.65,40.7,41.5,1876000
2012-04-18,41.75,42.4,41.25,41.4,1424000
2012-04-19,41.7,42.15,41.15,41.5,1788000
2012-04-20,41.45,42.1,40.6,40.75,1596000
2012-04-23,41,41.1,38.9,39.05,4664000
2012-04-24,39.3,39.3,38.35,38.9,1192000
2012-04-25,38.7,40.25,38.65,39.95,4720000
2012-04-26,40.7,41.15,39.45,39.7,5368000
2012-04-27,39.8,40,38.45,38.75,1060000
2012-04-30,39.3,41.5,39.3,41.3,2796000
2012-05-02,41.65,42.1,41.45,41.75,2192000
2012-05-03,41.2,41.3,39.25,39.45,1504000
2012-05-04,39.4,39.4,38.25,38.95,1064000
2012-05-07,38.4,40,37.5,39.75,1620000
2012-05-08,40,40,37.6,37.95,1492000
2012-05-09,38,38.2,37,37.2,1004000
2012-05-10,37.4,37.85,35.55,36.25,1176000
2012-05-11,36.25,36.6,35.25,35.65,1312000
2012-05-14,35.8,36,34.3,34.55,680000
2012-05-15,34.6,35,33.85,34.75,1112000
2012-05-16,33.75,34.55,33.5,33.95,1236000
2012-05-17,34.5,34.5,32.9,33.25,1352000
2012-05-18,32.7,33.45,32.3,33,1036000
2012-05-21,33.4,34.45,33.15,33.75,1256000
2012-05-22,34.2,34.55,33.35,33.7,1064000
2012-05-23,33.75,33.85,32.8,33.05,1152000
2012-05-24,32.85,33.7,32.5,33.45,1320000
2012-05-25,34.15,34.75,33.1,34.05,4112000
2012-05-28,34.5,35.85,34.15,35.65,7240000
2012-05-29,36,36,35,35.15,3012000
2012-05-30,34.55,35.05,33.95,34.2,2180000
2012-05-31,33.4,34.15,33.25,33.65,2244000
2012-06-01,33.5,34.1,32.6,32.8,2552000
2012-06-04,32.05,33.5,32.05,32.7,804000
2012-06-05,33.25,33.3,32.5,32.85,800000
2012-06-06,33.2,33.8,33.1,33.7,1248000
2012-06-07,34.1,34.55,33.1,33.45,2096000
2012-06-08,33.35,33.8,32.35,33,1792000
2012-06-11,33.4,34.1,33,33.3,2012000
2012-06-12,33.1,33.55,33.1,33.5,916000
2012-06-13,33.6,34.2,33.45,33.7,1240000
2012-06-14,33.7,33.8,33,33.15,984000
2012-06-15,33.5,33.6,33.2,33.5,1220000
2012-06-18,33.7,33.85,32.5,32.95,1400000
2012-06-19,33,33,32.4,32.7,856000
2012-06-20,32.7,33.55,32.6,33.3,1548000
2012-06-21,33.3,34.05,33.2,33.95,1820000
2012-06-22,33.55,34.6,33.55,34.1,4232000
2012-06-25,34.5,34.95,33.9,34.1,2716000
2012-06-26,34.3,34.5,33.8,34.25,5652000
2012-06-27,34.55,34.55,33.85,34,2676000
2012-06-28,34.3,34.55,34.05,34.35,3432000
2012-06-29,34.65,36.9,34.6,36.8,5840000
2012-07-02,36.2,36.25,35.35,35.85,3288000
2012-07-03,36.35,36.35,35,35.35,2232000
2012-07-04,35.6,36.25,35.5,35.75,2312000
2012-07-05,35.65,37.5,35.5,37.2,5408000
2012-07-06,37.25,37.5,36.5,36.85,2088000
2012-07-09,36.8,39.85,36.8,39.55,12680000
2012-07-10,39.8,40.65,38.7,40.2,7472000
2012-07-11,40.2,41.6,39.85,41.15,6880000
2012-07-12,40.7,41.1,39.75,40.8,5096000
2012-07-13,40.55,41.9,40.25,41.5,4256000
2012-07-16,41.9,42.1,39.9,40.25,3192000
2012-07-17,40.4,40.95,38.6,39.15,3744000
2012-07-18,38.8,40.6,38.35,40.2,4888000
2012-07-19,40.5,40.5,38.85,39.55,2816000
2012-07-20,39.5,40.45,38.9,40.1,1936000
2012-07-23,39.45,39.45,38.75,39,1576000
2012-07-24,39.2,39.55,38.65,39.05,5120000
2012-07-25,38.25,38.35,36.85,37.9,4752000
2012-07-26,37.65,38.5,36.9,37.9,3120000
2012-07-27,38,39.1,36.45,37.7,9256000
2012-07-30,37.4,38.85,37.1,38.55,1800000
2012-07-31,38.25,38.3,37.45,38.05,1536000
2012-08-01,37.75,39,37.5,38.4,3496000
2012-08-02,38.2,38.95,38,38.3,936000
2012-08-03,37.75,38,37.3,37.75,656000
2012-08-06,38.05,38.75,38.05,38.45,816000
2012-08-07,38.7,39.4,38.55,38.95,968000
2012-08-08,39.1,39.1,37.7,38.1,800000
2012-08-09,38.35,39.45,37.4,39,1304000
2012-08-10,38.7,39.55,38.1,39.05,992000
2012-08-13,38.95,39.7,38.5,39.35,848000
2012-08-14,39.5,40.3,39.4,39.95,1144000
2012-08-16,40,40.1,39.5,39.95,800000
2012-08-17,40,40.2,38.7,39.55,960000
2012-08-21,39.95,40.2,39.45,39.7,576000
2012-08-22,39.5,39.5,39,39.1,328000
2012-08-23,38.95,38.95,38.5,38.8,720000
2012-08-24,38.3,40.2,38.05,39.95,1936000
2012-08-27,40,40.45,39.2,39.4,1544000
2012-08-28,39,39.3,38.45,38.75,1040000
2012-08-29,38.5,38.75,37.35,37.85,1760000
2012-08-30,37.5,40.45,37.25,40,3464000
2012-08-31,40.25,40.25,38.8,38.95,912000
2012-09-03,39,39,36.25,36.7,3248000
2012-09-04,36.2,38.05,35.8,37.95,2568000
2012-09-05,37.5,38.6,37.5,37.95,1064000
2012-09-06,38,38.5,37.15,38.25,1240000
2012-09-07,38.75,39.25,37.8,38,1184000
2012-09-10,38,38.7,37.85,37.95,568000
2012-09-11,38.1,38.4,37.55,37.95,576000
2012-09-12,38.15,38.7,37.75,37.95,624000
2012-09-13,38.15,39,37.75,38.85,1200000
2012-09-14,39.35,40.7,39.15,40.05,1408000
2012-09-17,40.5,40.7,39.7,40.2,1104000
2012-09-18,40.1,42.1,39.85,41.9,2088000
2012-09-20,41.45,43.25,41.2,42.85,4336000
2012-09-21,43.15,44,42.65,42.95,3056000
2012-09-24,43,43.4,41.8,42.9,1784000
2012-09-25,43.75,43.85,42.85,43.1,1096000
2012-09-26,42.9,43,42.1,42.4,568000
2014-09-10,224.75,231,224.55,226.7,3258000
2014-09-11,227.85,234.15,224.35,231.1,7198000
2014-09-12,232.1,232.1,226,226.85,2876000
2014-09-15,225.75,226.4,217.65,221,2660000
2014-09-16,220,225.75,201,211.75,6330000
2014-09-17,216.65,218,207.5,214.15,3818000
2014-09-18,214.1,224.4,212,222.7,6112000
2014-09-19,223.6,225,213.8,216.5,4264000
2014-09-22,214.4,224.6,209.05,221.45,4370000
2014-09-23,222.7,227.4,217.85,218.75,4958000
2014-09-24,219.7,221.7,211.8,215.35,2812000
2014-09-25,217.65,220,212.05,216.85,5468000
2014-09-26,215,223.35,210.1,221.55,4388000
2014-09-29,223.9,233.55,222.45,230.85,6786000
2014-09-30,232.45,235.8,228,229.5,4964000
2014-10-01,231.5,235.2,229.15,230.2,3418000
2014-10-07,233.75,235.25,223.15,224.85,3852000
2014-10-08,225.9,228.5,218.2,226.75,3776000
2014-10-09,230.5,231,227.4,228.95,2426000
2014-10-10,227,231,221.7,224.45,2994000
2014-10-13,222.1,225.5,221.3,224.25,2082000
2014-10-14,224.6,228.8,224.1,226.25,2770000
2014-10-16,225.85,228.5,222.95,224.3,3110000
2014-10-17,226.9,232.45,226.05,230.35,2884000
2014-10-20,232.5,247.25,231.95,245.75,10936000
2014-10-21,247.45,261,247.45,259.65,12874000
2014-10-22,263.7,263.7,253.1,255.75,6088000
2014-10-23,257.15,257.15,254.55,255.1,269
2014-10-27,256.35,262.8,255,255.75,4400000
2014-10-28,258.2,258.2,251.7,253.3,2870000
2014-10-29,253.8,258.6,252.55,254.8,3220000
2014-10-30,253.65,260,250.5,258.7,4658000
2014-10-31,261.7,264.3,257.7,260.45,3567000
2014-11-03,264.8,267.9,262.9,263.7,3343000
2014-11-05,263.45,268.2,258.35,260.15,3653000
2014-11-07,261,262.05,254.3,254.8,1601000
2014-11-10,254.55,256.2,248,251.35,2718000
2014-11-11,252.5,256.95,247.2,248.8,3412000
2014-11-12,249,255.25,249,251.5,3296000
2014-11-13,252.25,259.65,252.25,255,4989000
2014-11-14,256.25,257,241.35,243.05,11552000
2014-11-17,243,243,229.8,236.5,7471000
2014-11-18,238.8,245.7,238.55,243,4639000
2014-11-19,242.55,244.9,232.65,237.25,3452000
2014-11-20,237.1,237.1,228.35,234.6,3024000
2014-11-21,233.5,238.2,231.3,233.2,2019000
2014-11-24,233,235.45,229.4,231.1,2118000
2014-11-25,231.1,231.1,215.65,221.8,5463000
2014-11-26,222.55,224,219.3,221.55,2604000
2014-11-27,220.9,234.95,220.9,232.9,6304000
2014-11-28,233.75,238.15,229.35,230.15,3424000
2014-12-01,232.4,240.75,232.4,237.3,5916000
2014-12-02,238,238.65,229.7,233.95,2799000
2014-12-03,236,251,236,247.95,8785000
2014-12-04,249.5,258.2,248.85,255,9554000
2014-12-05,255.45,259.8,251,254.7,4525000
2014-12-08,253,257.3,244,246.3,2760000
2014-12-09,244.9,251.45,241.1,244.45,2616000
2014-12-10,243.45,251.9,243.45,249.2,2665000
2014-12-11,249,254.2,245.2,251.6,4372000
2014-12-12,252.25,257,247.5,251.9,4580000
2014-12-15,248.8,261,246.25,259.2,4558000
2014-12-16,258.95,261.25,244.8,248.55,4317000
2014-12-17,250,250.45,224.45,244.1,5796000
2014-12-18,250,259.6,246.75,258.9,4744000
2014-12-19,260.55,263.25,251.8,253.05,3849000
2014-12-22,254.15,254.15,246.2,248.1,3049000
2014-12-23,248.95,253.2,243.2,246.4,3951000
2014-12-24,248.65,257.4,247.1,255.3,3985000
2014-12-26,254.95,266.9,252.1,264.5,4736000
2014-12-29,266.8,274.25,266.6,272.95,7800000
2014-12-30,272.95,274,266.75,269.85,3915000
2014-12-31,263.1,273.6,263,269.3,4499000
2015-01-01,269.5,279.4,267.65,278.6,6764000
2015-01-02,279,279.6,267.1,268,8592000
2015-01-05,267.4,272.7,265,271.45,4497000
2015-01-06,266.6,275.5,264.1,267.4,7093000
2015-01-07,269.85,278.5,268.6,277.35,7076000
2015-01-08,281.25,294.9,280.3,293.1,10521000
2015-01-09,291.95,300.65,288.05,296.75,7529000
2015-01-12,293.25,299.5,290.4,297.75,4533000
2015-01-13,299.65,311.7,298.5,308.45,9074000
2015-01-14,308.65,313.2,304.25,306.3,5340000
2015-01-15,310.7,316.55,301.55,313.35,6648000
2015-01-16,314,319.25,311.5,317.55,4389000
2015-01-19,318.35,321,308.65,309.75,4724000
2015-01-20,310.05,313.8,305.55,309.2,3677000
2015-01-21,310,312.6,299.4,301.95,4642000
2015-01-22,302.35,306,298.1,301.8,4915000
2015-01-23,301.65,310.45,300.65,307.15,5697000
2015-01-27,307.4,315,307.35,309.05,5102000
2015-01-28,307.25,316.95,306.7,311.95,5470000
2015-01-29,312.55,313.5,309.5,311.4,3585000
2015-01-30,311.75,316.2,307.3,309.25,4073000
2015-02-02,309.25,309.75,284.15,286.35,8570000
2015-02-03,282.65,298.8,281.5,285.45,15144000
2015-02-04,287.35,298.6,285,294.9,6692000
2015-02-05,295.2,304.35,291,293.8,5192000
2015-02-06,294.3,296.1,285.1,293.05,2727000
2015-02-09,289,297.4,287,292.3,2853000
2015-02-10,292,297.2,285.1,294.75,2990000
2015-02-11,295.95,305.65,293.6,303,4092000
2015-02-12,304.2,307.6,302,306.6,3022000
2015-02-13,306.5,312.5,303.6,309.25,4021000
2015-02-16,310.4,311.7,302.35,303.5,1854000
2015-02-18,303.4,306.6,300.75,302.8,1432000
2015-02-19,302.4,304.2,290.45,295.35,2762000
2015-02-20,294.75,300.8,293.25,296.1,2514000
2015-02-23,295.6,297.35,287.15,288.35,2939000
2015-02-24,289.7,289.7,268.6,270.4,7577000
2015-02-25,270,275.9,267.6,271.75,6359000
2015-02-26,274.15,274.65,263,272.45,5284000
2015-02-27,276.15,282.8,273.5,282.05,3656000
2015-02-28,283.1,284.8,270.1,279.35,3024000
2015-03-02,280.95,281.95,269.15,271.6,3301000
2015-03-03,286,298,283.2,294.85,11487000
2015-03-04,296.8,297.1,283.75,288.65,3967000
2015-03-05,290.8,294,285.8,292.65,2776000
2015-03-09,288.75,297.2,285.1,286.5,3234000
2015-03-10,287.2,298,286.95,295.6,3438000
2015-03-11,294.95,297.5,285.3,286.95,3394000
2015-03-12,289.65,292.9,284.2,291.5,2485000
2015-03-13,290.1,292.95,277.1,278.35,2520000
2015-03-16,274.35,277.6,269.8,274.4,3100000
2015-03-17,277.6,284.95,276,283.8,3060000
2015-03-18,284.1,284.95,277.3,279.25,2242000
2015-03-19,281.8,283.6,270.5,273.35,3001000
2015-03-20,270.7,273.2,264.55,269,2655000
2015-03-23,269.15,271.2,262.45,266,2619000
2015-03-24,264,266,252.3,260.35,4520000
2015-03-25,261.95,261.95,256.65,259.55,3273000
2015-03-26,258,269.5,258,266.8,4468000
2015-03-27,269.25,275,266.4,271.85,3842000
2015-03-30,273.65,273.65,262.7,268.5,3352000
2015-03-31,269.3,270.55,262.6,265.65,3170000
2015-04-01,264.6,264.65,254.45,257,6616000
2015-04-06,257.05,259.25,249.3,253.85,4537000
2015-04-07,251.85,259.8,251.85,257.25,3146000
2015-04-08,257.7,259.85,251.25,252.25,3405000
2015-04-09,253.9,255,250,252.3,2691000
2015-04-10,252.25,259.7,252.25,258.65,3681000
2015-04-13,259.25,262.4,255.2,256.4,3758000
2015-04-15,255.9,258.85,251.6,252.2,2740000
2015-04-16,252,253,242.75,245.15,4816000
2015-04-17,243.7,249.6,237.7,244.65,4683000
2015-04-20,245.85,248.9,231,233.9,4022000
2015-04-21,233.65,241.9,226.5,236,3781000
2015-04-22,236.25,240.4,231,237.7,3103000
2015-04-23,238,243,229.2,231.9,3805000
2015-04-24,231.55,234.15,226,230.35,3235000
2015-04-27,233.6,234.4,219,224.5,3599000
2015-04-28,225.95,229,221.3,227,3377000
2015-04-29,229,237.4,225,235.3,12741000
2015-04-30,232,240,232,236.2,5954000
2015-05-04,239.4,251,235.75,249.8,6522000
2015-05-05,249.1,250.55,239.4,241.45,3217000
2015-05-06,239.8,239.8,225.5,226.95,4110000
2015-05-07,225.55,226.3,209.5,216.45,6031000
2015-05-08,221.1,227.4,218.35,222.5,4502000
2015-05-11,224.3,229.2,223.15,228.35,2266000
2015-05-12,229.3,232,222.55,223.5,3160000
2015-05-13,225.75,228.25,218.1,221.2,3260000
2015-05-14,219.4,225.95,216.4,225.25,3069000
2015-05-15,225.35,227.75,220.35,222.15,1999000
2015-05-18,223.25,225.8,219.85,225.05,1946000
2015-05-19,223.7,226.65,221.55,222.5,2193000
2015-05-20,223.6,224.8,219.4,220.45,2261000
2015-05-21,221.45,232.95,218.1,230.4,7527000
2015-05-22,231,231.5,225.2,227.55,3097000
2015-05-25,227.55,233.5,226.15,230.15,3968000
2015-05-26,229.35,235.7,229.35,234.2,4163000
2015-05-27,231.95,238.7,231.75,235.5,4869000
2015-05-28,237.6,243,236.5,237.7,4261000
2015-05-29,238.05,241.3,235.5,239.5,1969000
2015-06-01,238,241.65,236.5,237.55,1417000
2015-06-02,237.2,239.8,218,222.55,4516000
2015-06-03,222.5,225.5,212.75,219.35,3123000
2015-06-04,221.05,225.9,215,224.35,3131000
2015-06-05,223.85,225.8,219.75,220.45,2047000
2015-06-08,222.2,222.35,216.2,217.8,2164000
2015-06-09,216.15,219.7,213.95,218.55,2165000
2015-06-10,217.5,225.55,217.5,223.9,2007000
2015-06-11,227,230.9,223.3,225.1,4116000
2015-06-12,229.45,229.45,218.75,223.4,2281000
2015-06-15,223.55,226.7,221.9,224.4,1401000
2015-06-16,225.9,228.7,221.65,227.75,1666000
2015-06-17,227.25,233,227.15,231.05,1917000
2015-06-18,232.1,235.95,229.95,231.1,2343000
2015-06-19,233.15,240.9,232.3,239.35,3406000
2015-06-22,241.55,246.55,241,244.05,3466000
2015-06-23,245.05,247.7,241.35,242.65,2812000
2015-06-24,241.15,243.5,234.65,237.75,4190000
2015-06-25,238.05,242.15,236.7,239.25,4028000
2015-06-26,238.35,247.7,236.2,246,3657000
2015-06-29,240.7,243.7,235.15,242.35,2504000
2015-06-30,242.8,245.6,240,243.9,2837000
2015-07-01,244.1,247.35,242.5,244.85,2436000
2015-07-02,252.55,260.3,248.3,257.75,7835000
2015-07-03,258.75,261.7,253.65,255.1,3129000
2015-07-06,250.7,264.25,250.6,263.55,4489000
2015-07-07,263.9,266.5,260.15,265.05,4166000
2015-07-08,261.7,269.9,260.05,261.8,4149000
2015-07-09,262.45,263.5,254.1,255.1,2019000
2015-07-10,255.5,257.1,251.4,255.8,1502000
2015-07-13,255.85,267.45,251.55,266.35,3416000
2015-07-14,267.65,267.65,263.7,264.9,2410000
2015-07-15,266,271.75,264.5,266.85,3212000
2015-07-16,269,269,264.5,266.65,1636000
2015-07-17,267.1,269.5,261.6,263.15,2318000
2015-07-20,264.55,268.8,259.5,264.35,2425000
2015-07-21,265.3,266.5,256.5,257.95,2129000
2015-07-22,261,265.45,253.7,264,1841000
2015-07-23,264.85,272.25,262.55,263.9,4844000
2015-07-24,264.65,267.5,249.8,251.8,10556000
2015-07-27,252.1,252.5,240,241.8,5757000
2015-07-28,242.4,243.3,229.35,233.4,5671000
2015-07-29,235.8,238.95,232.75,235.7,3746000
2015-07-30,237.65,239.3,234.25,235.9,3463000
2015-07-31,236,240.6,234.05,238.7,2476000
2015-08-03,235.95,236.9,229.35,230.3,2749000
2015-08-04,229.5,234,227,233.45,2898000
2015-08-05,234.55,236.8,232.1,233.7,2806000
2015-08-06,234.95,238.7,232.45,236.5,3004000
2015-08-07,236.85,240.1,235.5,238.15,2574000
2015-08-10,237.55,238.25,231.4,232.55,1680000
2015-08-11,234.25,234.25,221.2,222.65,3954000
2015-08-12,220.6,226.8,220.05,223.55,3808000
2015-08-13,225.7,229.9,224.2,226.1,2682000
2015-08-14,228.6,230.5,224.75,229.95,1893000
2015-08-17,230.75,234.2,227.55,229.65,1856000
2015-08-18,229.9,232.8,228.75,230.3,2432000
2015-08-19,231.5,234.45,228.5,229.65,1786000
2015-08-20,228.5,231.9,225.65,227.85,2400000
2015-08-21,227.1,227.65,219.2,226.65,2503000
2015-08-24,215.1,220.8,192.75,209.7,6837000
2015-08-25,210.65,226.9,208.75,221.25,4574000
2015-08-26,221.4,229.2,219.55,227.55,3535000
2015-08-27,223.4,227,219,223.2,4543000
2015-08-28,225.95,226.75,214.35,215.8,1585000
2015-08-31,215.3,218.9,212.3,217.25,1768000
2015-09-01,217.85,219.8,195.55,206.1,3781000
2015-09-02,210.25,216,207.8,213.95,2207000
2015-09-03,215.35,218.25,210.5,213.8,2169000
2015-09-04,214.95,219.65,207.15,217.95,2377000
2015-09-07,216.15,221.25,208.2,209.65,1567000
2015-09-08,209.15,213.8,205.9,212.3,2209000
2015-09-09,218.15,223,212.5,221.2,2951000
2015-09-10,217.95,225.2,215.1,223.4,1970000
2015-09-11,224.95,229,222.65,227,2196000
2015-09-14,227.1,228.9,224.4,225.55,1188000
2015-09-15,224.85,228,223.55,226.35,1334000
2015-09-16,227.45,238.7,226.6,230.1,4106000
2015-09-18,233.4,234.5,228.55,232,1968000
2015-09-21,228.55,235.75,228.55,232.05,2076000
2015-09-22,232.55,235,227.1,229.3,4563000
2015-09-23,225.75,232.35,224.95,230.15,2497000
2015-09-24,224.4,232.9,222.2,228.35,3933000
2015-09-28,229.55,232.65,223,224.25,969000
2015-09-29,222.75,226.3,217.25,223.15,1539000
2015-09-30,224,228,222.05,226.7,1057000
2015-10-01,226.85,232,224,226.45,910000
2015-10-05,227.9,227.9,223,226.2,1107000
2015-10-06,229,232.75,226.55,228.3,2181000
2015-10-07,228.9,244.3,227.75,240.7,6319000
2015-10-08,242.8,245.5,236.1,237.4,3942000
2015-10-09,238.75,240.5,233.45,237.05,2223000
2015-10-12,238,241.7,236.8,237.8,1857000
2015-10-13,238.8,243.8,237.55,240.65,2476000
2015-10-14,240.3,242.75,238.5,240.1,1384000
2015-10-15,242.35,243.35,239.95,241.6,1879000
2015-10-16,242.85,248,240.15,247.1,3368000
2015-10-19,248,250.85,244.25,245.85,2478000
2015-10-20,246.75,248.5,241.5,242.45,2000000
2015-10-21,243.6,250.45,240.55,248.85,3647000
2015-10-23,251.9,252.75,246,247,2257000
2015-10-26,248.65,248.95,241.55,243.6,4714000
2015-10-27,241.65,276.9,240.05,274.9,24619000
2015-10-28,273.4,276.2,266.1,272.85,13874000
2015-10-29,269.1,269.85,261.1,263.3,4562000
2015-10-30,262.35,268.1,261.6,265.25,4476000
2015-11-02,266.55,276.4,262.4,274.6,7524000
2015-11-03,277.9,290.5,276.9,285.7,16568000
2015-11-04,286.25,286.7,281.7,283.45,4448000
2015-11-05,282.75,285.6,279,280.85,3660000
2015-11-06,281.5,286.5,279.1,282.15,4558000
2015-11-09,276.95,293.7,275.2,288.65,7408000
2015-11-10,286,297,285.55,294.85,7092000
2015-11-11,296.4,296.45,293.7,294.95,884000
2015-11-13,293,300.75,292.6,296.1,6526000
2015-11-16,294.85,297.95,292.25,295.9,3984000
2015-11-17,297.45,299.5,292.3,294.45,4868000
2015-11-18,295.4,296.75,284.55,286.1,4922000
2015-11-19,288.05,295.65,287.35,294.8,7306000
2015-11-20,295.95,298.9,293.2,294.3,6024000
2015-11-23,294.65,298,292.35,295.05,5976000
2015-11-24,293.35,297,289.65,290.8,6222000
2015-11-26,292.4,302.75,291.65,299.9,9066000
2015-11-27,300.25,308.95,299.4,307.55,10104000
2015-11-30,308.45,310.75,307.6,308.95,4614000
2015-12-01,310.15,310.95,304.1,306.3,3628000
2015-12-02,301.2,301.2,286.5,290.8,11046000
2015-12-03,287.95,289.4,281.25,284.95,7812000
2015-12-04,282.75,287.45,282.3,285.35,2858000
2015-12-07,287.95,288.85,281.65,283.15,2736000
2015-12-08,281.95,284.95,273.8,276.15,2954000
2015-12-09,275.95,277.4,268.6,271.75,3592000
2015-12-10,274.45,280.2,269.6,279.75,4654000
2015-12-11,280.9,282.4,273.25,275.4,3256000
2015-12-14,272.55,279.85,272.45,275.95,2610000
2015-12-15,277.45,286.4,275.35,285.65,5482000
2015-12-16,285.85,287.1,281.1,282.55,3012000
2015-12-17,284.15,289.5,281.4,288.1,3798000
2015-12-18,286.35,288.3,285,286.75,2082000
2015-12-21,288.65,292.25,288.25,290.25,3206000
2015-12-22,290.3,292.4,288.05,288.7,1868000
2015-12-23,290.95,293.9,289,291.15,3002000
2015-12-24,292.55,292.55,285.5,286.1,3924000
2015-12-28,286,288,283.5,286.85,3290000
2015-12-29,286.8,296.4,286.2,293.6,7224000
2015-12-30,294.55,294.6,289.45,290.25,4168000
2015-12-31,292.75,294.15,290.35,291.35,3980000
2016-01-01,289.15,293.8,287,287.9,2364000
2016-01-04,286.9,291.3,284,287.5,3944000
2016-01-05,288.7,289.9,282.4,288.1,2718000
2016-01-06,287.55,294.8,286,286.85,5124000
2016-01-07,282.35,284.75,275.25,277.8,3206000
2016-01-08,280.1,286.75,278.65,284.6,2308000
2016-01-11,279.75,289.5,278.25,286.8,2508000
2016-01-12,286.2,292.25,285.2,290.25,3892000
2016-01-13,293.4,293.8,273.05,287.05,5252000
2016-01-14,282.35,284,276.05,281.2,2846000
2016-01-15,282.7,285.2,273.35,277.8,3096000
2016-01-18,278.45,280.15,263.55,273.45,4214000
2016-01-19,274.95,284.25,268.25,283.05,4078000
2016-01-20,277.95,278.15,265.15,274.1,4080000
2016-01-21,278.35,280.3,267.7,273.65,3152000
2016-01-22,277.95,287.15,274.1,285.75,3726000
2016-01-25,287.9,293.35,287.15,288.55,4800000
2016-01-27,290.7,292.85,287.4,290.4,3692000
2016-01-28,291.65,296.75,290.85,292.35,3870000
2016-01-29,292.45,294.85,278.55,290.2,12786000
2016-02-01,291.8,302.3,288.8,295.85,5592000
2016-02-02,300.45,300.5,289.55,292.6,4788000
2016-02-03,289.25,294.35,284.55,287.95,3166000
2016-02-04,289.5,290.75,277,282.05,4150000
2016-02-05,282.25,292.35,279.6,290.7,2260000
2016-02-08,291.05,296.1,285.35,287.55,3316000
2016-02-09,282.1,288,279.5,286.15,2910000
2016-02-10,284.35,288.95,280.15,287.05,2554000
2016-02-11,285,288,273.3,277.15,3982000
2016-02-12,277.1,280.9,267.2,276.15,3562000
2016-02-15,280.9,289,279.45,285.3,2910000
2016-02-16,287.9,287.95,275,276.55,2486000
2016-02-17,276.65,284.85,271.35,283.1,2324000
2016-02-18,285,289.65,282.2,285.85,2540000
2016-02-19,285.75,290.4,283.2,288.8,3408000
2016-02-22,290.3,292.35,286.2,288,2240000
2016-02-23,288,288.15,278.4,280.45,2304000
2016-02-24,279.05,279.1,269.15,271,3010000
2016-02-25,271.1,271.1,264,269.25,3242000
2016-02-26,271.55,272.6,262,266.45,2190000
2016-02-29,265.5,271.8,257.7,269.25,3284000
2016-03-01,274.2,287,268.5,285.05,3810000
2016-03-02,289,292.5,285.85,287.2,3708000
2016-03-03,288.25,289.2,285,287.5,2640000
2016-03-04,287.4,295,284.1,288.65,3654000
2016-03-08,288.5,288.6,280.55,283.55,1884000
2016-03-09,280.35,286,280.35,285.45,2194000
2016-03-10,287.75,288,283,284.55,1756000
2016-03-11,284.3,290.3,284,288.65,3290000
2016-03-14,290.15,292.7,286.85,288.6,3426000
2016-03-15,290.85,290.85,284.25,285.65,1580000
2016-03-16,286.3,287.5,282.8,283.95,1344000
2016-03-17,285.9,287.6,283.5,284.5,1682000
2016-03-18,285.7,289.45,283.2,287.95,1606000
2016-03-21,288.25,307.8,287.35,306.25,7786000
2016-03-22,306.5,319.15,306.35,317.8,9908000
2016-03-23,317.35,318.2,308.6,310.5,4396000
2016-03-28,310.95,321.4,310.95,315.45,7632000
2016-03-29,318,319.5,313.2,316.05,5028000
2016-03-30,318.5,325.8,317.7,321.85,5780000
2016-03-31,324.1,327.5,320.6,324.75,3214000
2016-04-01,323.05,330.35,321.75,326.4,5398000
2016-04-04,328.05,328.85,323.2,325.2,3202000
2016-04-05,325.45,325.45,313.45,314.7,4230000
2016-04-06,316,319.15,314.7,317.25,2666000
2016-04-07,316.95,319.55,311,314.8,3264000
2016-04-08,315,318,313.1,314.85,2036000
2016-04-11,314,319,311,316.7,2952000
2016-04-12,319.15,323.65,318.75,320.4,3460000
2016-04-13,322.95,331.2,322,328.25,6292000
2016-04-18,328.55,334.7,324.5,334.2,6432000
2016-04-20,335.5,340.75,331.6,334.55,5676000
2016-04-21,333.15,334.5,321,323.85,6204000
2016-04-22,322.9,332.15,321,330.1,7258000
2016-04-25,327.95,328.25,320.4,322.95,4054000
2016-04-26,322.7,330.75,318.25,329.05,4942000
2016-04-27,328.1,329.65,325.3,328.95,5156000
2016-04-28,326.15,327.8,320,320.65,4080000
2016-04-29,321.45,323.5,315.85,321.2,3346000
2016-05-02,317.15,324.9,316.4,320.3,3956000
2016-05-03,324.7,326.5,280.65,289.4,37820000
2016-05-04,278.9,294.45,278.65,289.55,20458000
2016-05-05,289.95,298.3,285.3,295.1,7280000
2016-05-06,295.45,302.4,294,301.05,6080000
2016-05-09,303,303.9,299.65,302.15,3548000
2016-05-10,302.95,303,294,298.3,3344000
2016-05-11,295.3,302,292.25,297.1,4070000
2016-05-12,297.6,298.65,294.25,295.7,2372000
2016-05-13,295.55,297.2,292.3,295.65,2720000
2016-05-16,296.05,298.25,290.1,296.15,3284000
2016-05-17,296.6,297.5,293.6,294.4,2516000
2016-05-18,293.6,297.8,292.05,296.55,2786000
2016-05-19,295.05,300.4,294,295.95,4058000
2016-05-20,295.95,300.3,295.3,296.3,3114000
2016-05-23,298.65,298.65,292.1,296.05,4066000
2016-05-24,295.6,297.9,291.3,294.7,4092000
2016-05-25,296.4,298.5,291.75,296.5,5044000
2016-05-26,295.6,303,294.2,299.05,7066000
2016-05-27,299.1,299.95,289.5,292.25,4162000
2016-05-30,293.45,294.3,284.5,288.95,3990000
2016-05-31,289.8,290.9,284.5,286,2746000
2016-06-01,288.4,292.55,285.8,287.8,3840000
2016-06-02,294.1,299,291.1,297.7,7188000
2016-06-03,298.5,308.5,296.75,298.95,7290000
2016-06-06,300.8,301.05,294.5,296.65,1770000
2016-06-07,297.35,298.1,294,295.75,2236000
2016-06-08,296.5,296.5,289.95,291.45,3214000
2016-06-09,291.6,293.75,289.05,291.5,3036000
2016-06-10,290.05,293.75,287.5,288.3,2978000
2016-06-13,286.2,290.45,285.65,288.95,2494000
2016-06-14,289.4,292.6,288.3,291.4,2172000
2016-06-15,291.9,293.3,290.95,292.5,1884000
2016-06-16,291.1,294.4,290.5,292.25,2384000
2016-06-17,293.95,293.95,288.55,292.8,1974000
2016-06-20,289.05,294.15,289.05,293.6,1682000
2016-06-21,294,297.25,292,295.55,2020000
2016-06-22,296.25,299.3,291.2,293.75,3478000
2016-06-23,294,295.45,291.15,294.95,1636000
2016-06-24,289.8,298.55,279.25,296.2,3488000
2016-06-27,295.1,300.9,295.1,296.85,3254000
2016-06-28,299.3,300.85,296.2,297.4,4886000
2016-06-29,299.35,303.35,297.7,300.8,5556000
2016-06-30,304.6,312.85,303.8,311.5,6986000
2016-07-01,313.9,315.9,309,311,3686000
2016-07-04,315.25,317,312.1,313.55,3978000
2016-07-05,313.5,313.5,307.4,308.2,2656000
2016-07-07,307.8,307.8,300,300.9,3780000
2016-07-08,300.4,302,295.35,298.55,2362000
2016-07-11,301.95,303.55,298.95,299.85,3122000
2016-07-12,300.95,307.6,300.8,306.5,3664000
2016-07-13,309.6,311.9,306.25,308,5020000
2016-07-14,304.15,305.9,302,304.1,3088000
2016-07-15,304.6,310.2,302.05,307.15,3864000
2016-07-18,308.4,311,301.25,302.9,3464000
2016-07-19,302.25,302.8,297.4,302.05,2180000
2016-07-20,303.55,305.4,301.1,303.1,2320000
2016-07-21,303.95,305.55,300.05,301.05,2836000
2016-07-22,300.45,304,298.15,301.85,4102000
2016-07-25,302.85,302.85,300.2,301.85,4382000
2016-07-26,304,315.45,287.65,289.8,33714000
2016-07-27,292,295.45,286.5,288.7,6416000
2016-07-28,291.45,292.55,289,291.7,6262000
2016-07-29,291.95,296.25,290.6,293.3,4310000
2016-08-01,295,299.6,294,296.75,4964000
2016-08-02,300.5,304.5,296.4,301.75,9260000
2016-08-03,301.35,302,296.5,298.6,3784000
2016-08-04,301.85,302.55,294.05,299.4,3672000
2016-08-05,301,306.2,300.05,304.55,4124000
2016-08-08,306.4,308.5,303.8,304.85,2982000
2016-08-09,303.45,304.5,296.5,298.8,2666000
2016-08-10,300,300,293,296.55,3530000
2016-08-11,295.05,299.8,293.5,297.5,2350000
2016-08-12,297.35,302,296.45,298.45,2172000
2016-08-16,300.35,300.5,296,299,3034000
2016-08-17,300.1,314.85,299.7,314.1,11188000
2016-08-18,315.5,316.7,310.65,312.35,4890000
2016-08-19,313.4,317.7,309.9,312.2,3574000
2016-08-22,311.95,312.05,305.05,306.6,3000000
2016-08-23,309.1,311,305.4,307.2,4132000
2016-08-24,307.5,310.2,306.3,307.1,3190000
2016-08-25,309.9,311.55,306.15,308.6,4844000
2016-08-26,309.7,309.7,303.75,305.7,2698000
2016-08-29,305,315.8,302.95,314.05,5772000
2016-08-30,317.85,330.3,316,328.45,11932000
2016-08-31,329.65,334.8,326.05,327.75,6308000
2016-09-01,328.5,331.25,324.6,328.3,3426000
2016-09-02,337.95,340.05,331.5,333.3,6780000
2016-09-06,336,337,330.8,334.05,2714000
2016-09-07,334.95,334.95,329.85,331.35,2668000
2016-09-08,331.6,344.2,330.7,339.75,11874000
2016-09-09,338.95,338.95,328.65,331.25,4710000
2016-09-12,315,323.7,310.7,321.2,4260000
2016-09-14,321.6,329.5,321.6,327.75,3522000
2016-09-15,328.55,329.3,320.05,322.3,2478000
2016-09-16,325.05,340.45,324.4,339.25,13046000
2016-09-19,348.05,348.05,336.6,337.7,6632000
2016-09-20,337.65,338.25,331.65,333.2,3346000
2016-09-21,333,341.5,332.25,333.95,7364000
2016-09-22,338.95,350,338,349.3,12786000
2016-09-23,351.75,354.4,347.3,350,9064000
2016-09-26,349.4,353.5,345.45,347.75,5422000
2016-09-27,349.95,351.15,346.4,347.75,4766000
2016-09-28,344.55,357.3,343.1,352.15,6640000
2016-09-29,354.4,358,334.95,346.8,7712000
2016-09-30,346,367.3,344.5,364.6,12430000
2016-10-03,366.5,383.6,364.5,378.85,12082000
2016-10-04,379.9,386,375.3,378.2,7666000
2016-10-05,380.05,386.5,374.15,380.7,7208000
2016-10-06,381,388.65,377.75,382.85,8560000
2016-10-07,382.6,388.25,378.65,384.65,6302000
2016-10-10,387.3,392.6,385.9,388.5,4710000
2016-10-13,386.8,387.45,378.45,384.15,4290000
2016-10-14,385.8,391.5,382.1,390.55,4952000
2016-10-17,391,392.8,383.45,387.7,5116000
2016-10-18,391.95,399.5,391,394.55,7714000
2016-10-19,395.85,395.85,387.55,390.05,3526000
2016-10-20,393.85,393.85,388.35,391.35,2678000
2016-10-21,394.9,397.3,388.35,396.05,4328000
2016-10-24,395.1,398,392.25,394.5,3826000
2016-10-25,393.3,408.7,391.65,407.5,9734000
2016-10-26,405.5,410.95,395.25,399.9,8030000
2016-10-27,399.1,411.85,384.55,408.5,19074000
2016-10-28,412.5,412.5,402.45,404.65,8772000
2016-11-01,407.4,408.5,402,403.95,4502000
2016-11-02,397.9,408,397.05,400.5,6144000
2016-11-03,403.5,405.9,391.6,393.7,7412000
2016-11-04,395.2,398.5,388.6,394.3,4934000
2016-11-07,397.15,399.4,390.05,390.8,2420000
2016-11-08,391.65,394.5,387.5,391.55,3138000
2016-11-09,360,383.75,360,380.3,6480000
2016-11-10,385,390.2,378.25,380.2,3296000
2016-11-11,372.65,375.9,352.05,359.8,7648000
2016-11-15,357.45,357.45,337.55,345.25,5230000
2016-11-16,351.05,358.85,341.6,351.1,4330000
2016-11-17,350,357,340.1,353.45,4954000
2016-11-18,352.5,357.95,350,354.6,2942000
2016-11-21,354.3,354.8,341,344.1,6092000
2016-11-22,347.75,352.85,344.35,349.25,3806000
2016-11-23,348.95,356.9,346.5,354.85,3348000
2016-11-24,343.9,352.8,341.55,351,4790000
2016-11-25,350.8,352.75,347.1,350.7,2306000
2016-11-28,344.2,353.9,344.2,350.9,1784000
2016-11-29,350.55,359.6,350.55,355.25,2768000
2016-11-30,357.95,368.25,355.75,366.9,5752000
2016-12-01,366.2,369.4,361.05,362.65,3302000
2016-12-02,356.05,361.15,354.5,356.05,3404000
2016-12-05,353.75,360.95,351.55,357.25,2360000
2016-12-06,357.45,359.8,354.3,355.35,1570000
2016-12-07,355.75,361.3,354,358.75,2978000
2016-12-08,362.55,364.4,360.3,363.45,2168000
2016-12-09,364.85,365.8,360,362.9,2268000
2016-12-12,361.85,365.9,356.3,364.7,3118000
2016-12-13,366,371.9,364.35,370.5,6134000
2016-12-14,371.75,374.4,368.55,369.5,4308000
2016-12-15,365.9,373.65,365.9,370.35,2334000
2016-12-16,370.95,373.05,368.05,371.5,1856000
2016-12-19,371.1,373.4,370.5,372.1,1906000
2016-12-20,373.15,373.65,368,369.65,2978000
2016-12-21,370.85,371.4,367.75,368.45,1768000
2016-12-22,367.4,371.45,364.4,365.8,3212000
2016-12-23,366.3,371.3,363.9,370,2972000
2016-12-26,368.2,369.35,365.45,366.65,3662000
2016-12-27,363.8,364.15,348.85,351.7,7930000
2016-12-28,350.4,356.35,347,351.3,6332000
2016-12-29,345.4,357.45,342.9,355.95,5610000
2016-12-30,355.55,359.9,350.65,351.85,3630000
2017-01-02,354.6,360.45,348.25,358.7,3580000
2017-01-03,354.7,366.55,350.35,364.9,7296000
2017-01-04,364.35,368.5,361.95,366.3,3410000
2017-01-05,367.8,379.5,367.75,377.8,6560000
2017-01-06,378.8,382.7,376.5,380.25,4338000
2017-01-09,385,385,377.15,379.85,2228000
2017-01-10,379.05,384.15,379.05,381.85,3352000
2017-01-11,382.45,382.85,378.15,379.8,2284000
2017-01-12,380.4,388.25,377.2,387,4832000
2017-01-13,387.35,387.9,381.7,383.25,2116000
2017-01-16,382.1,384,379,382.55,1786000
2017-01-17,383.1,384.75,375.9,378.25,3118000
2017-01-18,379.7,382.8,377.1,381.8,2502000
2017-01-19,381.3,389,378.25,388,4418000
2017-01-20,387.4,390.5,377.4,378.45,4916000
2017-01-23,379.5,382.25,377.05,380.4,5850000
2017-01-24,379.7,403.3,377.2,401.25,23044000
2017-01-25,402.5,403.8,391.8,392.8,7846000
2017-01-27,392.65,396.25,389,391.2,3654000
2017-01-30,390,390.75,386.15,387,2244000
2017-01-31,385.75,387.75,382.15,382.9,2442000
2017-02-01,384.55,395.6,378.2,393.6,4296000
2017-02-02,392.9,398,385.25,388.6,4822000
2017-02-03,388.75,393.2,386.9,391.05,1996000
2017-02-06,394.9,407.1,389.5,396.15,9068000
2017-02-07,395.75,397.5,389.2,391.5,2974000
2017-02-08,393.2,398.85,392.9,397.2,2960000
2017-02-09,396.95,410.45,393.9,408.85,6280000
2017-02-10,412.2,419.5,411.35,412.7,7600000
2017-02-13,412.6,415.8,407.75,411.55,3720000
2017-02-14,411.45,414.6,409.4,410.05,2830000
2017-02-15,410.65,416,408,410.3,4304000
2017-02-16,411,424.65,409.55,423,7982000
2017-02-17,424.9,429.5,423.1,425.8,5000000
2017-02-20,425.3,427.75,423.5,425.55,3184000
2017-02-21,429.15,433.3,425.8,429.45,5398000
2017-02-22,427.6,432.9,424.5,427.6,5046000
2017-02-23,422.6,429.7,422.35,427.7,6640000
2017-02-27,427.55,434,425.95,428.8,3542000
2017-02-28,430.65,432,425.35,426.55,1732000
2017-03-01,426.6,427.75,421.15,424.5,2294000
2017-03-02,424,430.75,421.05,424.25,4278000
2017-03-03,425.45,429.7,421.65,428.5,2772000
2017-03-06,429.95,431.4,424.85,425.7,2478000
2017-03-07,426.25,428.9,422.95,425.2,2036000
2017-03-08,423.15,424.7,414,418.75,2700000
2017-03-09,416.75,423.15,415.85,418.8,2380000
2017-03-10,421.55,428.5,419.3,424.9,3566000
2017-03-14,432.05,438.5,428.2,436.1,4566000
2017-03-15,438.05,440.8,433.75,439.1,4188000
2017-03-16,441.75,443.65,439.2,439.9,3008000
2017-03-17,440.35,446.25,436.5,443.95,5196000
2017-03-20,443.85,443.85,439.1,441.05,2110000
2017-03-21,441.85,442.45,437.25,440.3,1724000
2017-03-22,436.35,444.85,432,433.2,5082000
2017-03-23,433.8,433.8,423,429.35,3846000
2017-03-24,428.45,431.95,427.05,428.8,1954000
2017-03-27,427.95,432.5,427,431.1,2722000
2017-03-28,432,435,431.55,433.95,2212000
2017-03-29,434.3,438,425.25,431.55,4824000
2017-03-30,431.15,436,428.75,433.7,4770000
2017-03-31,433,433.9,428.2,431,2050000
2017-04-03,432,434.4,430.85,433.05,1514000
2017-04-05,437,449.9,435.1,449.1,7450000
2017-04-06,447.6,448.55,443.3,446.5,2368000
2017-04-07,444.6,463.6,443.55,460.3,9170000
2017-04-10,463.9,468.65,460.15,466.35,5918000
2017-04-11,468.15,468.15,461.85,466.4,2912000
2017-04-12,464.95,470.4,458.85,467.8,3422000
2017-04-13,466.95,468.25,464.45,467.1,1648000
2017-04-17,468.95,472.3,463.25,470.05,1744000
2017-04-18,470.9,476.9,466.2,468,2906000
2017-04-19,466.7,472.95,466.7,470.85,1976000
2017-04-20,472.95,491.95,470.5,489.4,7480000
2017-04-21,492.85,503.55,482.3,483.45,6592000
2017-04-24,484.75,488.5,480.5,486.05,2946000
2017-04-25,486.8,491.45,486,489.1,3216000
2017-04-26,490.6,503.35,489.9,500.35,7696000
2017-04-27,498.05,508,473.7,489.15,15842000
2017-04-28,485.85,489.9,480.1,483.35,5716000
2017-05-02,479.45,487.35,479.45,486,2714000
2017-05-03,497,497,486,489,3298000
2017-05-04,485.7,493,485.7,489.5,2208000
2017-05-05,490,491.5,486.3,486.95,2552000
2017-05-08,485.5,496.5,485.5,494.7,2998000
2017-05-09,494.7,494.9,488.6,490.85,2020000
2017-05-10,489.6,494.55,489.6,491.25,2304000
2017-05-11,490,500.4,489.55,498.3,3342000
2017-05-12,500.6,516.8,495.25,514.4,9278000
2017-05-15,516.65,525.8,516,524.05,7180000
2017-05-16,524.3,536.8,524.3,533.05,4516000
2017-05-17,531.35,534.65,527.65,532.95,2456000
2017-05-18,529.15,534,525.1,527.55,3742000
2017-05-19,531.4,535.35,520.25,525.8,4806000
2017-05-22,527.6,530.3,523.7,526.55,2922000
2017-05-23,527.8,530,516.7,525.35,3668000
2017-05-24,526.8,529.85,521.05,524.15,5824000
2017-05-25,525,537,523.55,534.4,6378000
2017-05-26,535.8,540.9,530.55,532.75,3032000
2017-05-29,532.65,539,525.35,533.3,2722000
2017-05-30,532.9,543.65,529.5,540.35,2430000
2017-05-31,541.85,544.8,536,539.3,2462000
2017-06-01,540,541,531.4,535,1874000
2017-06-02,555.55,572.4,540.35,542.7,14694000
2017-06-05,543.35,548.75,536,544.45,4734000
2017-06-06,544.75,546.05,534,538.75,2922000
2017-06-07,539.5,540.8,536.6,538.55,2124000
2017-06-08,540.95,547.9,536.4,546.2,3508000
2017-06-09,548.7,555.95,541.35,554.85,7064000
2017-06-12,552.8,558.85,550.55,553.95,4366000
2017-06-13,555.9,562.8,554.7,555.85,3566000
2017-06-14,552.55,553.95,544.05,547.45,3718000
2017-06-15,547.15,547.75,540.7,542.95,3648000
2017-06-16,544.8,552.7,542.95,550.9,4184000
2017-06-19,553.65,556.35,550.75,553.3,3414000
2017-06-20,552.3,555.3,548.55,549.95,2748000
2017-06-21,549.35,551.2,545.65,547.45,2090000
2017-06-22,547,549.75,541.5,543.45,2676000
2017-06-23,544,544,532.3,537.1,3078000
2017-06-27,537.85,537.85,525.3,534.8,3844000
2017-06-28,535.95,537.95,531,535.4,4284000
2017-06-29,536.85,545.6,535.1,544.2,5778000
2017-06-30,542.55,548.4,540.45,546.85,3004000
2017-07-03,549.7,557.5,546.55,552.4,6054000
2017-07-04,553.45,553.6,545.2,549.65,2426000
2017-07-05,547.6,550.35,544.05,548.2,2350000
2017-07-06,547.55,554.9,546.95,552.05,2634000
2017-07-07,549.55,573.8,548.85,572.35,11084000
2017-07-10,573,575.5,570,571.25,3006000
2017-07-11,572.55,575,566.25,567.95,2682000
2017-07-12,569.95,571,562.5,566.8,2170000
2017-07-13,568.15,574.95,568.05,573.65,3226000
2017-07-14,576,576,565.55,570.75,2668000
2017-07-17,571.2,578.25,568.5,573.85,3364000
2017-07-18,570.9,581.1,564.6,572.95,4090000
2017-07-19,572.1,577,567.2,574.7,2062000
2017-07-20,573.5,576.85,571.3,574.05,1654000
2017-07-21,574.1,576.85,566.55,572.8,2008000
2017-07-24,573.55,581.65,572.9,578.55,3158000
2017-07-25,578.65,580.5,571.4,572.95,4120000
2017-07-26,573.55,574.7,570.75,573.05,3278000
2017-07-27,574.65,577.7,569,573.65,4768000
2017-07-28,579,584.1,568.1,582.75,4598000
2017-07-31,582.05,586.5,582.05,584.45,1942000
2017-08-01,584.35,601.3,582.45,599.3,7252000
2017-08-02,596,596.35,587.55,592.75,3108000
2017-08-03,591.6,597.8,583.25,588.4,2504000
2017-08-04,592,604.3,590.05,602.15,6894000
2017-08-07,599.15,607.05,599.15,605.05,1926000
2017-08-08,605,611.9,595,596.85,3312000
2017-08-09,593.4,600,589.05,590.2,2376000
2017-08-10,589,590,568.35,577.55,5384000
2017-08-11,567.35,575,521.8,530.35,15348000
2017-08-14,543.6,553.9,536.1,550.5,5408000
2017-08-16,554.65,586.5,552.6,583.7,9794000
2017-08-17,584.75,584.75,571.25,576.65,3168000
2017-08-18,572.85,580.55,568.75,578.9,3732000
2017-08-21,580.55,584.85,570.55,573.15,3406000
2017-08-22,574.8,578,569,576.15,4106000
2017-08-23,577.7,583.3,574.35,582.15,4498000
2017-08-24,580.8,593.9,577.6,592.6,4304000
2017-08-28,592.5,608.2,590.6,605.55,5694000
2017-08-29,602,602,592.7,594.85,4186000
2017-08-30,598.65,613.4,598.15,611.15,6774000
2017-08-31,604.95,608.4,599.85,604.5,5402000
2017-09-01,606.5,614.25,606.35,610.7,3880000
2017-09-04,624,624,606,615.4,6380000
2017-09-05,611.7,618.2,611.35,614.5,2518000
2017-09-06,610.55,623.15,608.75,620.35,4756000
2017-09-07,620.95,639.7,617.75,632.5,9268000
2017-09-08,634.25,641,629.55,634.25,3826000
2017-09-11,636.6,645.85,635.25,640.7,3956000
2017-09-12,644.55,646.8,639.7,641.75,2776000
2017-09-13,640.7,648.25,635.8,637.75,2882000
2017-09-14,640.15,644.15,636.6,641.1,2010000
2017-09-15,637.85,651.9,637.85,649.45,4828000
2017-09-18,656.65,663.9,652.5,662,5644000
2017-09-19,661.75,664.05,657.2,659.35,2506000
2017-09-20,658.6,662.8,654.3,657.05,2276000
2017-09-21,656.4,660.5,650.6,653.2,2626000
2017-09-22,650,651.9,629.6,637.4,4454000
2017-09-25,634.2,646.7,621.45,644.35,3782000
2017-09-26,649.05,652.25,642.2,648.75,3956000
2017-09-27,652.65,661.6,640.05,645.85,8130000
2017-09-28,644.15,646.5,630,644.85,5090000
2017-09-29,647.4,661,646.1,657.4,5516000
2017-10-03,665.65,672.9,650.15,655.2,5788000
2017-10-04,658.85,658.95,653.15,655.95,2506000
2017-10-05,660.85,660.85,651.5,656.45,1844000
2017-10-06,656.9,665.95,654.25,661.5,3588000
2017-10-09,662.15,678,661.75,676.45,7586000
2017-10-10,678.95,687,677,683.7,7734000
2017-10-11,684.75,688,676.7,679.8,4414000
2017-10-12,681.8,692,681.8,691.05,3926000
2017-10-13,694.3,697.2,690.1,693.9,4884000
2017-10-16,694.55,697.95,692,694.9,2714000
2017-10-17,695.75,697,687.1,690.35,2732000
2017-10-18,689.55,697,689.05,691.5,2542000
2017-10-19,690.3,691.4,681,683.8,764000
2017-10-23,685.5,691.75,683.1,687.35,2522000
2017-10-24,690.25,696.75,685.2,694.6,3752000
2017-10-25,698.3,699.5,690.3,693.85,3524000
2017-10-26,692.55,716.05,688.3,713.6,8352000
2017-10-27,715.5,717.5,705.05,710.15,2619000
2017-10-30,715.5,723.7,711.45,720.6,2307000
2017-10-31,719.4,729.95,719.05,723.9,2239000
2017-11-01,726.85,730,704.85,711.05,10365000
2017-11-02,709.45,717.75,702.25,706.4,3691000
2017-11-03,705.15,706.5,690.1,696.5,2711000
2017-11-06,690.35,710,690.35,706,2513000
2017-11-07,709.9,716.9,698.2,705.8,2865000
2017-11-08,708,708.35,691.65,693.8,2111000
2017-11-09,694.8,700.5,680.65,693.55,2754000
2017-11-10,691.65,711.85,688.05,708.4,2943000
2017-11-13,709.6,713.8,694,699.05,2472000
2017-11-14,697.65,709.95,696.7,704.3,1710000
2017-11-15,702,705.05,691.1,700.15,2210000
2017-11-16,697.05,709.9,693.1,707.95,1969000
2017-11-17,710.8,725,708.5,711.55,3463000
2017-11-20,709.75,715.5,708.05,711.7,1354000
2017-11-21,711.85,714.75,701,708.9,1562000
2017-11-22,706.65,722,706.65,717.5,2592000
2017-11-23,715.9,737.5,714.9,735.4,6848000
2017-11-24,738.8,742.7,736.15,739.1,3324000
2017-11-27,735.25,746.5,731.5,745.7,3539000
2017-11-28,744,748.5,740.4,744.15,2356000
2017-11-29,741.05,743,734,737.4,2611000
2017-11-30,735.35,735.35,717.9,721.65,4967000
2017-12-01,729.55,733.5,723.55,725.9,2456000
2017-12-04,721.65,730.5,711.9,727.1,2970000
2017-12-05,726.45,744.8,720.3,740.5,3595000
2017-12-06,740.55,745.95,732.1,733.75,3222000
2017-12-07,735.55,754,735,749.6,3511000
2017-12-08,754.75,756,743.7,747.35,1970000
2017-12-11,747.45,756.7,745.4,754.05,1853000
2017-12-12,754.9,763.5,751.1,757.6,3025000
2017-12-13,757.3,757.3,743.35,744.75,1739000
2017-12-14,744.3,751.4,741.2,749.65,1828000
2017-12-15,754.05,767.7,753.6,758.65,2452000
2017-12-18,748.45,769.7,744.45,761.85,2593000
2017-12-19,760.75,790.9,760.75,786.05,5255000
2017-12-20,784.95,790,777.9,779.6,2726000
2017-12-21,779.85,782.3,775.35,779.15,1380000
2017-12-22,779.2,786.7,772.35,776.35,2603000
2017-12-26,774,777.35,768.75,771.3,2472000
2017-12-27,772,778.35,765.25,770.05,3252000
2017-12-28,769.95,772,764.25,766.25,3295000
2017-12-29,767,780,765.55,775.15,2739000
2018-01-01,774.4,779.45,766.05,768.9,1292000
2018-01-02,783.05,794.25,768.75,778,8185000
2018-01-03,781.15,782.75,770.3,773.35,1992000
2018-01-04,774.65,774.75,764,769.55,2669000
2018-01-05,769.6,777.6,768,770.3,2257000
2018-01-08,773.5,773.8,765.75,770.85,1756000
2018-01-09,772.2,785.6,768.7,774.25,3902000
2018-01-10,772.2,778.5,767.8,770.75,2153000
2018-01-11,772.3,772.45,754.3,757.2,3095000
2018-01-12,757.8,758.45,743.15,753.8,3598000
2018-01-15,753.35,758.9,738.85,741.8,2470000
2018-01-16,742.3,742.3,718.7,724.3,2760000
2018-01-17,723.7,734,711.5,732.95,3005000
2018-01-18,739.1,739.15,705.75,721.45,3070000
2018-01-19,721,723.55,710,717.9,1420000
2018-01-22,713.45,724.7,712.3,717.6,1875000
2018-01-23,722,723.6,706.4,707.6,2023000
2018-01-24,706.1,718,706,709.5,3071000
2018-01-25,711.45,722,708,709.25,4727000
2018-01-29,708.4,724.9,707.95,723.55,2736000
2018-01-30,726.65,731.9,696.35,715.35,10874000
2018-01-31,712.35,712.35,685.2,697.05,6557000
2018-02-01,697.1,698.4,671.4,675.5,3614000
2018-02-02,672.95,674.85,641.45,645.8,3996000
2018-02-05,633.55,663.5,622.8,661.35,3007000
2018-02-06,630,666.55,601.65,651.5,3767000
2018-02-07,657.2,669.55,647.3,650.2,1750000
2018-02-08,648.25,672.85,647.25,667.9,1861000
2018-02-09,659,673.55,654,665.35,1876000
2018-02-12,665.85,674.9,661.05,663.55,1318000
2018-02-14,665.15,669.15,651,654.55,1184000
2018-02-15,654,662.2,649.1,655.8,1542000
2018-02-16,656.65,659.25,646.45,655.15,1619000
2018-02-19,657.75,657.75,635.8,652.75,2146000
2018-02-20,649.75,653.5,644.5,650.05,2099000
2018-02-21,651.65,653,627.5,636.9,3992000
2018-02-22,630.2,639.25,627.7,631.5,4517000
2018-02-23,637.65,666.5,635.05,664.15,3715000
2018-02-26,662.95,682.65,661.15,680.55,2702000
2018-02-27,683.25,685,674.75,677.95,2068000
2018-02-28,668.1,681.65,668,679.75,1768000
2018-03-01,676.5,683.7,675.15,676.7,1601000
2018-03-05,675.7,686.75,662.6,666.7,3469000
2018-03-06,659.05,671.65,635.3,641.35,2538000
2018-03-07,637.85,644.9,633.05,635.85,1919000
2018-03-08,636.75,651.5,623.5,648.7,3755000
2018-03-09,651.3,651.3,637.15,645.05,2387000
2018-03-12,649.85,657.95,644.2,652.5,1851000
2018-03-13,651.35,660.95,637.85,644.95,2549000
2018-03-14,642.05,649,634,646.05,2691000
2018-03-15,646.35,654.9,644.45,647.25,1872000
2018-03-16,645.6,645.6,632.55,635.1,1590000
2018-03-19,635.55,638.05,608,617.45,2692000
2018-03-20,612.45,630.35,610.15,625.55,2029000
2018-03-21,625.7,631,615.5,618.4,1398000
2018-03-22,616.55,626.45,603.75,607.3,2037000
2018-03-23,591.1,611.6,589.45,606.2,2916000
2018-03-26,609.95,621.75,602.6,620.3,2663000
2018-03-27,622.05,628.1,615.8,618.6,2810000
2018-03-28,617.8,622.9,611.25,618.9,3351000
2018-04-02,622.6,666.9,621.5,663.35,4967000
2018-04-03,661,664,643.3,651.8,2318000
2018-04-04,652.1,657.8,644.3,646.7,2036000
2018-04-05,653,657.85,647.9,652.75,1474000
2018-04-06,655.05,655.05,641,648.9,1472000
2018-04-09,648,654.05,644,648.4,1885000
2018-04-10,649,652,638.2,642.35,1321000
2018-04-11,634.1,645.75,630,632.3,2087000
2018-04-12,631,646.95,628.65,641.15,2394000
2018-04-13,642.25,670.45,638,663.7,5415000
2018-04-16,655.1,679.4,655.05,677.5,5073000
2018-04-17,679.35,691.4,673.05,675.85,4321000
2018-04-18,676.9,680.9,668,675.95,2134000
2018-04-19,675.35,683.5,671.9,676.75,1312000
2018-04-20,674.3,679,664.3,669.85,2063000
2018-04-23,666,682.25,663.5,665.35,2922000
2018-04-24,666,672,661.7,664.75,2614000
2018-04-25,661.1,668.55,654.35,657.35,2926000
2018-04-26,663.05,665.7,649,654,3839000
2018-04-27,653.95,675.35,651,672.6,2558000
2018-04-30,675.9,678.4,667.75,671.8,1651000
2018-05-02,676,678.5,635.2,641.3,3301000
2018-05-03,654.55,654.55,630,642.45,2574000
2018-05-04,645.05,648.05,610.65,618.65,3814000
2018-05-07,625,633.5,613.85,630.05,2297000
2018-05-08,630.7,639.4,623.45,628.35,2119000
2018-05-09,628.55,631.25,621.95,625.45,1155000
2018-05-10,627,630.05,616.75,619.95,1636000
2018-05-11,625.6,631.35,622.1,626.45,1397000
2018-05-14,629.9,632.85,617,619.85,1317000
2018-05-15,621,628.75,615,621.35,1698000
2018-05-16,620.5,630,579.85,606.9,18314000
2018-05-17,588.6,604.65,580.7,582.9,11218000
2018-05-18,583.05,583.05,558.05,571.4,6333000
2018-05-21,570.75,574.35,554.05,562.95,3120000
2018-05-22,564.35,574.9,561,564.65,1448000
2018-05-23,565.05,576.6,563.1,565.5,2779000
2018-05-24,566.9,569.9,539.1,544.35,3815000
2018-05-25,543.9,569.85,538.05,565.1,3976000
2018-05-28,568.25,591,563.35,585.2,3790000
2018-05-29,583.85,598.7,579.4,593.35,3950000
2018-05-30,590.9,608.1,579.5,604.9,5959000
2018-05-31,602.3,605.35,581.2,582.8,4436000
2018-06-01,586,593,575.8,589.8,6038000
2018-06-04,592.95,594.75,559.55,562.25,4710000
2018-06-05,566,573.05,553.15,557.85,3164000
2018-06-06,562,574,555,566.9,2379000
2018-06-07,569.9,579.8,569.9,576.4,3032000
2018-06-08,575.45,585,569.6,581.8,2312000
2018-06-11,585.5,590,573.1,579.95,2321000
2018-06-12,584,585.65,575.55,581.95,1695000
2018-06-13,581.4,585.75,574.8,576.8,1485000
2018-06-14,574.05,584.7,568.05,581.6,2167000
2018-06-15,580,588.55,573.3,577.9,2422000
2018-06-18,587.65,596.95,581.15,590.45,3956000
2018-06-19,588.7,591,577.4,583.45,2515000
2018-06-20,583.9,590,577.95,583.6,2366000
2018-06-21,583.15,589.3,573.95,581.3,1989000
2018-06-22,577.55,584.85,576.95,582.15,1376000
2018-06-25,583,604.8,579.9,597.2,5239000
2018-06-26,589.5,597.4,580.1,587.1,6350000
2018-06-27,581.9,584,560.65,569.6,3930000
2018-06-28,557.35,569,550.4,554.95,4294000
2018-06-29,556.5,560,546.9,553.55,2412000
2018-07-02,555.2,569.5,547,556.3,3399000
2018-07-03,556,562.8,549.65,558.6,1921000
2018-07-04,556.9,584.5,556.9,581,2736000
2018-07-05,582.05,582.05,563.35,568.25,2223000
2018-07-06,567.6,586.8,567.6,574.65,2908000
2018-07-09,577.05,591.95,577.05,588.7,2841000
2018-07-10,590,594.9,581.05,586.55,2839000
2018-07-11,584.9,587.45,577,580.1,1773000
2018-07-12,582.05,592.9,573,576.5,2111000
2018-07-13,578.35,584.8,568.1,582.9,1830000
2018-07-16,579.15,587.35,564,569.7,2589000
2018-07-17,565.15,580.65,565,574.3,2058000
2018-07-18,577.75,578.75,560,568.9,1845000
2018-07-19,569.75,575.4,561,563.6,1447000
2018-07-20,562.95,569.65,559.6,563.5,2260000
2018-07-23,562.9,564.65,524.2,540.35,7501000
2018-07-24,535.05,554.4,529.35,551.75,6353000
2018-07-25,549.75,550.95,535,539.65,5370000
2018-07-26,528.4,531.8,506,517.05,6560000
2018-07-27,523.1,528.5,520.05,524.6,2356000
2018-07-30,525.15,528.75,510.8,515.85,3160000
2018-07-31,511.8,520.3,508,518.8,3428000
2018-08-01,517.65,526,511.1,515.1,6429000
2018-08-02,513.4,520.85,510.05,514,3017000
2018-08-03,516.9,524,516.4,522.95,2317000
2018-08-06,524.5,535.45,517.1,531.35,6373000
2018-08-07,540,562,517.7,548.85,28475000
2018-08-08,542.65,543.25,528.4,532.3,6523000
2018-08-09,534.05,539.9,528.45,537.8,2901000
2018-08-10,535.1,538.5,529.15,531.5,2117000
2018-08-13,524.3,526.9,517.45,520.45,2024000
2018-08-14,517.65,524.4,515.25,521.1,2647000
2018-08-16,518.1,524.8,516.4,521.7,2198000
2018-08-17,520.7,522.7,514.5,518.1,1753000
2018-08-20,518.4,543.95,517.7,539.95,11843000
2018-08-21,544.65,552.1,537.75,542.75,6273000
2018-08-23,541.85,550,531.45,546.4,4113000
2018-08-24,547.05,554,541.1,550.45,4175000
2018-08-27,553,568.7,551.65,563.2,5945000
2018-08-28,563.2,572.9,563,569.55,4856000
2018-08-29,568.25,576.4,555.7,558.9,4538000
2018-08-30,556.45,568,556,563.85,3405000
2018-08-31,565.05,570.55,557.15,568.85,2647000
2018-09-03,571.95,580.6,561.5,563.5,2990000
2018-09-04,560.35,565.8,549.2,552.7,3302000
2018-09-05,552,559.2,542.3,556.95,2885000
2018-09-06,552.5,569.2,551.8,565.55,2716000
2018-09-07,568.9,591.75,568.9,588.5,6619000
2018-09-10,587.6,590.65,577.8,582.2,2600000
2018-09-11,583.35,588.5,563.5,568.1,2134000
2018-09-12,570.05,578.5,562.5,576.05,2170000
2018-09-14,576.25,589,576.25,587.35,1949000
2018-09-17,585.75,592.95,580.5,588.4,2057000
2018-09-18,588.55,599.75,582.3,586.85,3364000
2018-09-19,592,593.75,584.5,591.15,2505000
2018-09-21,594,595.2,556.75,578.85,3835000
2018-09-24,576.75,584,552.8,564.7,5001000
2018-09-25,571.9,592,566.1,588.4,4067000
2018-09-26,593.2,593.2,574.3,582.8,4213000
2018-09-27,567.25,577.2,565,573.25,3685000
2018-09-28,575.9,575.95,522.3,544.05,4669000
2018-10-01,540,549.3,512,543.9,3790000
2018-10-03,547.55,554.9,532.45,536.45,4077000
2018-10-04,530.25,533,507.9,525.65,3514000
2018-10-05,519.05,522.7,493.25,498.1,3235000
2018-10-08,497.3,505,477.55,498.55,4682000
2018-10-09,499.85,502.6,484.65,489.3,3203000
2018-10-10,505,528.25,498.8,519,3911000
2018-10-11,498.8,512,488.25,500.05,3344000
2018-10-12,509.95,533,503.6,527.65,3595000
2018-10-15,529.95,529.95,511.2,521.45,1978000
2018-10-16,524,547.65,523,545.1,2623000
2018-10-17,550,550,526,529.7,4185000
2018-10-19,524.5,530.2,496.75,513.85,3479000
2018-10-22,518.45,526.9,512,514.55,3204000
2018-10-23,505.05,540.65,492.7,536.25,22329000
2018-10-24,542.1,543.35,514.6,530.75,10163000
2018-10-25,517.85,528.9,506.8,517.4,4707000
2018-10-26,518.35,527.9,510.2,523.35,2461000
2018-10-29,521.85,549.45,521,546.15,3121000
2018-10-30,541.9,544.7,532.4,537.9,2982000
2018-10-31,536.1,547,532.05,543,3078000
2018-11-01,537,551.3,532.85,547.2,4366000
2018-11-02,553.5,567.15,548.8,555.9,6512000
2018-11-05,558.7,564.65,552.65,562.15,1648000
2018-11-06,564.5,565.55,549.85,552.05,1783000
2018-11-07,554.6,554.9,552.5,553.95,99000
2018-11-09,552,562,549.9,559.15,1217000
2018-11-12,557.5,561.15,539.7,541.75,1902000
2018-11-13,539.95,551.95,536.15,547.2,2216000
2018-11-14,546.95,560.05,546.95,556.4,2107000
2018-11-15,552.2,563,546.15,551.8,2047000
2018-11-16,548.85,556.65,546.8,553.55,1570000
2018-11-19,549.75,558.2,547.8,557.05,1642000
2018-11-20,553.35,553.35,532.55,538.45,2057000
2018-11-21,532.6,545.95,532.6,543.75,1907000
2018-11-22,540.55,541.9,525.95,527.8,2455000
2018-11-26,527,539.15,523.15,537.7,3360000
2018-11-27,534.45,545.7,531.5,543.8,4509000
2018-11-28,543.9,546.4,531.8,535.7,4958000
2018-11-29,536.05,552.65,530.05,550.5,3590000
2018-11-30,550.45,559.75,545.3,557.55,2643000
2018-12-03,556.65,560,547.4,553.1,3543000
2018-12-04,549.85,559.7,547.3,557.4,2639000
2018-12-05,553.4,559.65,551.1,556.2,2519000
2018-12-06,552.85,554,530.15,533.75,3155000
2018-12-07,534.55,545.75,534.55,544.15,1782000
2018-12-10,538.4,557.4,534.7,548.8,2466000
2018-12-11,540.25,556.55,538,554.1,1828000
2018-12-12,556,576.9,555.7,573.45,11615000
2018-12-13,577.55,580,565.55,568.45,4350000
2018-12-14,571,577.3,566.3,572.2,2878000
2018-12-17,572,581.5,572,577.55,2464000
2018-12-18,572.85,578.85,572,577.25,1979000
2018-12-19,581.6,586.4,575.15,579.55,4655000
2018-12-20,573.05,586,570.7,580.75,3955000
2018-12-21,580.95,587.4,570.9,573.2,5344000
2018-12-24,573.5,574.9,556.05,558.65,3538000
2018-12-26,554.05,567.35,554,560.6,3308000
2018-12-27,569,570.8,549.05,552.2,4382000
2018-12-28,555.8,571.55,551.15,565.8,3149000
2018-12-31,565.2,575,565,571.8,3142000
2019-01-01,571.7,571.7,560.55,566.55,1107000
2019-01-02,563,575,529.45,533.9,7628000
2019-01-03,532.6,544,532.55,538.2,3526000
2019-01-04,539,545.5,536,541.35,2301000
2019-01-07,543,544.3,533.1,534.6,1835000
2019-01-08,534,540,524.15,535.4,3310000
2019-01-09,535.85,543.75,531.55,538.7,2454000
2019-01-10,535.85,544.95,535.85,539.9,1587000
2019-01-11,540.05,542.85,534,539.35,1784000
2019-01-14,535.15,539.45,531,533.5,1816000
2019-01-15,536,548.3,533.8,545.4,2824000
2019-01-16,543.85,549.35,542.85,548.3,2125000
2019-01-17,549.9,550.45,540.7,545,1591000
2019-01-18,545.2,546.6,531.3,534.9,1663000
2019-01-21,533.95,539.95,530.85,538.2,1104000
2019-01-22,534.2,559.5,520.3,555.8,19769000
2019-01-23,553.35,553.35,522,528.65,9628000
2019-01-24,523.75,531.95,514,518.65,3551000
2019-01-25,520.25,520.25,493.25,495.65,5553000
2019-01-28,494.75,496.1,470.2,479.75,7021000
2019-01-29,481,498.8,479.6,496.65,3758000
2019-01-30,498.3,499.7,487.3,491.15,4088000
2019-01-31,489.5,505,486.25,501.15,3594000
2019-02-01,500.95,529.8,500.95,515.8,4761000
2019-02-04,508.75,511,484.35,494.25,3736000
2019-02-05,494.95,501.5,489.55,496.15,1891000
2019-02-06,499.75,499.9,483.3,489.25,2564000
2019-02-07,490.05,517.5,490.05,505.7,4066000
2019-02-08,500,503,490.3,491.7,1846000
2019-02-11,489.15,491.85,478.5,487.45,1981000
2019-02-12,487.05,498.5,484.15,491.75,1770000
2019-02-13,492,494.45,478,483.7,2257000
2019-02-14,480.15,495.75,478.1,492.85,2245000
2019-02-15,488.05,489.85,472.85,476.6,3345000
2019-02-18,473.6,478.4,466.75,469.15,2058000
2019-02-19,470,481.5,470,473.55,2185000
2019-02-20,479.8,480.7,463.1,465.1,3480000
2019-02-21,465,469.75,454.8,463.75,4536000
2019-02-22,464.05,476.4,464.05,472.6,3744000
2019-02-25,475,477.8,462.4,463.95,3843000
2019-02-26,461.45,462.5,449,456.9,6073000
2019-02-27,461.5,470.7,454.5,457.95,4835000
2019-02-28,457.4,462.2,451.35,453.25,4199000
2019-03-01,458.15,471,457.2,469.55,3723000
2019-03-05,473.1,494.95,469.05,490.25,4340000
2019-03-06,495.35,499.3,487.45,490.8,2519000
2019-03-07,491.15,491.15,479.8,484.35,2122000
2019-03-08,482.75,488.9,480.9,486.75,2101000
2019-03-11,487.9,511.3,486.75,506.2,3808000
2019-03-12,506.2,510.1,493.6,496.65,2741000
2019-03-13,495.4,502.5,491.25,495.9,1990000
2019-03-14,499.4,499.7,485.4,488.6,2507000
2019-03-15,486.5,503,482.6,490.15,4023000
2019-03-18,494.7,494.7,479.9,482.3,2854000
2019-03-19,480,480,465.1,469.7,4133000
2019-03-20,466.05,474.45,466,471.3,2277000
2019-03-22,467.5,476.35,457.8,460.05,2757000
2019-03-25,457.05,466.35,454,458.9,3476000
2019-03-26,460.65,464.1,459.25,461.65,4504000
2019-03-27,460,465.65,457.6,460.1,3282000
2019-03-28,457,467.65,457,465.95,3728000
2019-03-29,468.6,477,466.7,471.1,3211000
2019-04-01,473.55,484.6,471.6,477.7,2914000
2019-04-02,482.5,484,474.05,482.15,3429000
2019-04-03,482.2,490,479.65,480.9,2657000
2019-04-04,487.35,490.55,481,488.1,2235000
2019-04-05,488.4,492.5,486,487.3,1420000
2019-04-08,492,492,480.1,483,1347000
2019-04-09,484.75,487.2,477,485.55,1965000
2019-04-10,483.7,489.85,483.35,484.65,1990000
2019-04-11,487.7,489.9,484.45,486.85,1462000
2019-04-12,488.7,504,486.65,502.2,4048000
2019-04-15,504.7,510.4,500.85,506.2,3859000
2019-04-16,507.45,520,506.5,517.4,4854000
2019-04-18,520.5,523,512.05,515.7,3288000
2019-04-22,513.15,519.8,503.6,510.85,3184000
2019-04-23,509.25,521.1,508.6,512.85,3949000
2019-04-24,512.1,519,507.5,516.7,4125000
2019-04-25,514.25,518,507.45,511.3,2707000
2019-04-26,511.6,512,494.4,498.05,2861000
2019-04-30,491.6,502.75,480.55,484.45,3322000
2019-05-02,465.05,471,447.55,469.1,11036000
2019-05-03,469.75,478,461.1,475.35,2458000
2019-05-06,470,475.45,469,470.35,1385000
2019-05-07,474.5,483.6,471.95,477.2,2549000
2019-05-08,473.9,487.35,473.1,480.4,3398000
2019-05-09,478,479.7,471.7,476.2,2163000
2019-05-10,477.9,478.75,472.8,474.15,1079000
2019-05-13,473,475.5,463,463.95,1574000
2019-05-14,461.25,466.65,455.25,462.7,2149000
2019-05-15,462.85,469.5,461.8,463.25,2067000
2019-05-16,467.65,468,458.75,464.05,1027000
2019-05-17,464.2,473.2,460.45,470.7,2007000
2019-05-20,477.3,498.1,476.6,494.4,3566000
2019-05-21,497.5,507,488.2,489.95,3326000
2019-05-22,491.05,492,476.4,482.6,3255000
2019-05-23,495.9,495.9,478.45,480.7,2190000
2019-05-24,484.15,494.35,481.5,492,2310000
2019-05-27,490,501.85,490,495.9,2867000
2019-05-28,495.6,505.9,494.65,498.7,4603000
2019-05-29,494.55,494.8,485.55,487.45,2877000
2019-05-30,481.4,486.7,479.9,483.35,1725000
2019-05-31,484,484.9,473.5,479.5,1385000
2019-06-03,478.65,502.2,475.8,500.25,3936000
2019-06-04,500,510.05,490.2,495,3669000
2019-06-06,497.2,498,483.4,488.45,1368000
2019-06-07,488.95,491.95,479.05,481.65,1374000
2019-06-10,483,486.25,475.05,477.3,1165000
2019-06-11,478.65,481.5,474,477.75,1288000
2019-06-12,475.55,477.65,467.7,473.45,1604000
2019-06-13,472.5,474.7,466.25,472.75,1126000
2019-06-14,469.9,470.3,460.15,462.2,1226000
2019-06-17,461.45,465,452.7,455.5,1674000
2019-06-18,456.35,458.95,451,452.9,1750000
2019-06-19,456.05,457,433.8,438.5,4447000
2019-06-20,439.95,459.9,437.9,456.7,3355000
2019-06-21,453.4,453.7,442.2,449.15,2592000
2019-06-24,441,446.45,424.35,442.55,7488000
2019-06-25,439,442.6,432,437.35,5601000
2019-06-26,433.8,440.65,428.25,431.95,3681000
2019-06-27,430.1,436,426,428.2,3845600
2019-06-28,430.3,433.9,425,426.85,1719300
2019-07-01,429,439.5,427.5,435.3,2569600
2019-07-02,432.8,432.9,423.25,428.75,4164600
2019-07-03,425.6,435.05,420.9,434.2,1698400
2019-07-04,435.15,438.3,429.75,431.05,1989900
2019-07-05,431.3,437.5,420.35,422.9,2953500
2019-07-08,422.75,422.75,404.05,408.5,2856700
2019-07-09,404.3,424.15,404.3,422.55,2816000
2019-07-10,419.5,422.9,409.05,415.6,2549800
2019-07-11,415.2,432.3,414,429.3,2962300
2019-07-12,425.1,434.55,422.5,429.9,3061300
2019-07-15,430.35,434.1,423.65,428.55,1795200
2019-07-16,424.1,427.35,418.75,423.6,1724800
2019-07-17,424.1,428.45,420.9,423.2,2448600
2019-07-18,422.3,423.4,410,411.3,2200000
2019-07-19,413.25,414.15,391.5,395.55,3953400
2019-07-22,392.4,397.4,378.55,380.9,6341500
2019-07-23,387.3,388.9,362.4,371.45,14425400
2019-07-24,368.55,373.5,357.85,360.35,4622200
2019-07-25,355.7,366.65,355.7,365.45,3908300
2019-07-26,364.35,381.25,364.35,376.7,3339600
2019-07-29,372.1,372.1,355.1,357.6,4242700
2019-07-30,354.7,362.3,342.75,344.5,4427500
2019-07-31,343.65,367.35,341.5,365.05,5621000
2019-08-01,358.6,365.05,350.1,355.35,4084300
2019-08-02,348,373.4,347.15,368.55,5721100
2019-08-05,376.95,385.1,365.9,373.65,4572700
2019-08-06,376.95,385.1,365.9,377.3,4572700
2019-08-07,377.8,382.1,362.3,364.8,3249400
2019-08-08,368,385.5,360.7,380.25,3198800
2019-08-09,382.6,392.6,378.9,388.9,4216300
2019-08-13,387,387.5,365.1,368.65,3102000
2019-08-14,367.4,378.8,367.35,373.05,2413400
2019-08-16,371.75,380.4,362.15,377.9,2866600
2019-08-19,380.7,382,370.5,372.35,1952500
2019-08-20,374.15,376.25,365.5,369.9,3033800
2019-08-21,371.05,375.6,366.05,368.15,2807200
2019-08-22,366.55,368.45,352.5,356.25,3522200
2019-08-23,352,367.15,351.75,365.8,3281300
2019-08-26,374.8,374.8,355.4,366,4968700
2019-08-27,369.85,376.8,367.15,371.95,5379000
2019-08-28,370.05,372.45,356.6,359.7,4836700
2019-08-29,356.6,358.3,348.5,353.6,3952300
2019-08-30,354.05,360.2,344.15,353.65,3040400
2019-09-03,347.65,364,346.15,357.6,4877400
2019-09-04,357.9,363.85,350,361,4042500
2019-09-05,360.95,374.3,359.25,369.5,4306500
2019-09-06,367.6,381.65,363.15,378.75,4400000
2019-09-09,372.7,387.7,371.75,385.1,4074400
2019-09-11,385.95,404.2,384.5,402.3,7337000
2019-09-12,401.15,401.75,386.7,388.95,3977600
2019-09-13,388.35,393,381.55,389.45,4144800
2019-09-16,382.9,389,377.75,386.45,3457300
2019-09-17,384.3,389.2,368.4,369.95,4257000
2019-09-18,372.5,375.7,367.1,372.2,3065700
2019-09-19,370.05,376.4,368.1,372.2,3021700
2019-09-20,372.95,434.65,368.4,425.8,10021000
2019-09-23,428.2,444.8,417.65,430.55,5243700
2019-09-24,427.2,431.5,414.75,418.7,5196400
2019-09-25,415.25,415.25,388.35,398.6,5012700
2019-09-26,394.75,410,390.95,407.35,6089600
2019-09-27,402.3,414.5,398,406.2,2448600
2019-09-30,407.45,411.5,394.4,408.05,2900700
2019-10-01,409.85,413.4,398.55,405.85,2847900
2019-10-03,400.1,403.9,390.55,396.55,3379200
2019-10-04,393.2,404.75,391.15,393.15,2316600
2019-10-07,387,389.95,375.1,384.95,3939100
2019-10-09,384,396.95,382.55,393.65,3135000
2019-10-10,389.4,390.25,377.3,381.1,2041600
2019-10-11,383.9,390.25,376.2,387.05,2787400
2019-10-14,384.4,392.6,381,390.6,2382600
2019-10-15,391,407.65,387.35,404.15,4603500
2019-10-16,406.6,407.1,398.55,403.9,3413300
2019-10-17,399,453.15,394.25,430.6,14539800
2019-10-18,432,451.95,425.15,443.95,11433400
2019-10-22,442,453,438.65,446.85,3634400
2019-10-23,444.15,464.15,440.05,459.95,4213000
2019-10-24,458.4,463.55,449,456.8,3528800
2019-10-25,453.1,469.7,452,461.9,4841100
2019-10-29,459.6,482.25,459.6,478.35,7279800
2019-10-30,478.3,500.8,473.2,495.1,6745200
2019-10-31,484.1,485,469.4,475.25,4138200
2019-11-01,470.35,475.45,446.95,455.9,5778300
2019-11-04,453,462.15,448,450.75,2359500
2019-11-05,451.45,460.5,446.05,449.65,2704900
2019-11-06,444.9,457.4,444.9,452.75,1841400
2019-11-07,453.2,454.1,443,444.65,2002000
2019-11-08,444,451.8,440.1,443.75,2329800
2019-11-11,441,445.5,433.8,442.8,2454100
2019-11-13,442.05,451.55,440.05,448.8,2531100
2019-11-14,450.6,452.1,439.2,441.7,2170300
2019-11-15,444.8,451.65,442.35,444.4,1940400
2019-11-18,445.1,451.15,438.5,447.6,2934800
2019-11-19,445,450.9,439,442.2,1645600
2019-11-20,442.85,446.8,438.8,444.6,1584000
2019-11-21,443.2,455.05,443.05,446.85,3242800
2019-11-22,445.75,450.15,440.45,442.8,2614700
2019-11-25,445,459.05,440.6,456.5,6928900
2019-11-26,459.95,465.35,451.9,453.75,3337400
2019-11-27,457.55,476.85,454.85,473.3,5794800
2019-11-28,467.8,474,458,472.35,4572700
2019-11-29,469.85,473.2,460.85,470.15,2279200
2019-12-02,468,470.4,450.95,454.9,3637700
2019-12-03,452,457.35,442.75,444.3,2185700
2019-12-04,443.3,448,438,447.05,1766600
2019-12-05,449.5,452.5,443.35,447.1,1898600
2019-12-06,446.5,448,433.85,439.15,1505900
2019-12-09,445,451.15,432.5,435.2,3393500
2019-12-10,435.75,437.2,429.55,431.7,2088900
2019-12-11,431.6,437.2,427,435.4,1313400
2019-12-12,436.7,444.45,434.7,441.95,2015200
2019-12-13,443.1,457.65,443.1,453.8,3648700
2019-12-16,454.25,454.25,444.75,446.5,1997600
2019-12-17,445,453.7,445,449.1,2632300
2019-12-18,447.55,448,440.6,445.3,1899700
2019-12-19,446,464.5,445.25,457.65,9176200
2019-12-20,457.8,463.2,454.2,461.4,3386900
2019-12-23,461.45,472.65,459.8,466.45,3818100
2019-12-24,466.15,468.95,460.35,464.85,3945700
2019-12-26,455.05,459.3,452.5,454.1,2425950
2019-12-27,458.7,458.7,451,455.75,1622700
2019-12-30,457.5,469,457.05,467.8,2478600
2019-12-31,470,470.9,459.25,460.75,2546100
2020-01-01,461.1,462.95,455,460.8,1333800
2020-01-02,460.15,460.15,446.9,450.75,4018950
2020-01-03,449,450.95,440,447.1,3055050
2020-01-06,442.8,443.05,432.25,438.8,2963250
2020-01-07,439.35,446.35,434.7,440.4,2095200
2020-01-08,438.85,440.4,432.15,439.5,2354400
2020-01-09,441.8,459.7,441.8,458.05,3356100
2020-01-10,458,466.35,453.85,463.85,2457000
2020-01-13,465.95,467.65,459.4,463.9,1711800
2020-01-14,462.55,470,461.85,468.7,1259550
2020-01-15,466.35,487.9,465.35,482.2,2978100
2020-01-16,486,490.55,483.75,487.95,2786400
2020-01-17,489,496.85,483,485.35,4819500
2020-01-20,484.85,484.85,469.8,471.55,2681100
2020-01-21,469.35,470.7,458.65,462.15,2668950
2020-01-22,461.95,469.2,454.45,465.95,3098250
2020-01-23,465.95,470.45,460,465.3,2197800
2020-01-24,464.6,474.75,463.2,469.35,4951800
2020-01-27,468.8,477.4,463.5,465.1,2970000
2020-01-28,467.55,474.6,451.8,461.25,3947400
2020-01-29,465.1,471.15,461.85,469.05,2573100
2020-01-30,465.1,467.6,458,459.95,3028050
2020-01-31,462.55,463.75,454.55,457.65,1543050
2020-02-01,455,465,447.45,450.8,2274750
2020-02-03,445.9,464.85,443.55,459.75,4834350
2020-02-04,465.4,469.85,443.15,446.7,4491450
2020-02-05,451.55,477.5,451.3,459.1,9366300
2020-02-06,458.45,476.7,458,471.75,4657500
2020-02-07,475.05,475.7,463,464.6,2424600
2020-02-10,463.5,465,451.65,453.9,2226150
2020-02-11,454.35,459.95,447.6,449.25,2994300
2020-02-12,451,452.95,442.05,445.85,2126250
2020-02-13,448.5,449.85,441.35,444.85,1578150
2020-02-14,445.55,447.25,437.05,438.05,1539000
2020-02-17,439.4,439.4,427.65,430,2967300
2020-02-18,423.05,439.95,423.05,437,3667950
2020-02-19,441.85,444.95,433.6,441.75,3114450
2020-02-20,443.6,448.5,437.95,445.35,2574450
2020-02-24,443.65,446.95,433.95,435.25,4135050
2020-02-25,422,439.65,408.15,434.2,11993400
2020-02-26,425.85,434.85,423.85,431.55,3585600
2020-02-27,416.65,431.9,415,428.9,3890700
2020-02-28,424,426,409.85,419,3287250
2020-03-02,424.8,433.5,403.05,407.65,5501250
2020-03-03,413.9,423.8,404.6,420.45,4375350
2020-03-04,422.5,422.7,397.85,404,4009500
2020-03-05,415.9,415.95,400,409.45,1898100
2020-03-06,399.6,412.8,391.05,409.85,2346300
2020-03-09,397.25,404,383.95,395.05,2803950
2020-03-11,394.75,406.25,389.55,399.55,2101950
2020-03-12,380,386.9,360.45,370.15,2864700
2020-03-13,360,395.1,337,388.85,2521800
2020-03-16,374.6,382.85,359.4,363.15,1416150
2020-03-17,371.5,397,361.65,380.4,3801600
2020-03-18,383,384.6,352.8,360.95,2632500
2020-03-19,345.65,386.15,339.4,361.9,4363200
2020-03-20,365,383.1,353.75,379.85,3354750
2020-03-23,379.95,380,306.15,324.35,2455650
2020-03-24,329.9,354.5,310.3,339.55,3113100
2020-03-25,335,351.6,326.6,337.1,2339550
2020-03-26,310,321,302,316.85,1200150
2020-03-27,322,323,292,299.45,3028050
2020-03-30,290,298.25,284.75,290.8,2720250
2020-03-31,295.5,298.5,284.8,291.95,1336500
2020-04-01,291.95,293.5,271.3,274.65,3703050
2020-04-03,272.55,272.55,250.45,252.7,3265650
2020-04-07,255.8,278,238.9,265.95,7481700
2020-04-08,262.65,285.55,261.75,283.3,5312250
2020-04-09,288,308.7,283.6,301.8,5189400
2020-04-13,297.2,300,285.7,288.9,2311200
2020-04-15,287,299.4,272,275.2,5309550
2020-04-16,268.15,280.3,265.1,277.5,6027750
2020-04-17,289.7,305.25,284.3,302.15,6434100
2020-04-20,320.8,320.8,300.7,305.65,4626450
2020-04-21,298.55,312.75,292.2,308.85,4490100
2020-04-22,306.05,311.5,294.2,303.65,6659550
2020-04-23,303.7,307.3,298.8,299.9,2820150
2020-04-24,297.55,302.85,289.25,296.65,4653450
2020-04-27,300,306,295.45,299.6,3190050
2020-04-28,302.95,304.9,291.5,296.45,4838400
2020-04-29,297.2,309.6,293.4,308,3635550
2020-04-30,310.25,332.75,310.25,326.05,7560000
2020-05-04,304,310.85,299.5,303.2,3010500
2020-05-05,309.1,315.45,298.05,300.7,2539350
2020-05-06,297.95,321.85,295.55,319.4,5352750
2020-05-07,313.35,320.95,310.5,312.45,3244050
2020-05-08,315.5,319,304.55,308.7,2467800
2020-05-11,310.5,338.45,308.35,328.85,5005800
2020-05-12,325,333.95,317.55,330.45,2960550
2020-05-13,338.8,355,334.45,339.3,3874500
2020-05-14,335,344.95,331.9,337.2,2803950
2020-05-15,338.35,342.35,331.7,334.15,2525850
2020-05-18,335.65,335.75,298.4,299.8,4255200
2020-05-19,304.9,311.35,299.15,302.55,2970000
2020-05-20,302.8,309.45,299.65,308.15,2448900
2020-05-21,310.8,326.25,310.8,314.95,6257250
2020-05-22,311.65,317,305.9,313.45,3693600
2020-05-26,316.45,323.45,309,321,4152600
2020-05-27,321.45,325.3,307.5,322.1,4340250
2020-05-28,315.5,330.5,312.85,327.55,6623100
2020-05-29,326,342.4,319,332.1,7900200
2020-06-01,335.35,353.35,335.35,349.75,4676400
2020-06-02,350.25,364.95,346.8,359.25,6120900
2020-06-03,364.8,365.85,352.5,354.15,2822850
2020-06-04,351,361.3,348.6,354.35,2701350
2020-06-05,356.2,361.3,353,358.45,2593350
2020-06-08,361,367.25,349.4,351.35,3549150
2020-06-09,353.1,355.15,346,349.8,2218050
2020-06-10,351.15,361,340.75,343.55,3823200
2020-06-11,344.75,348.1,329,330.8,4650750
2020-06-12,318,347.6,312.3,344.8,5663250
2020-06-15,342.6,348.95,335.65,342,2816100
2020-06-16,342.8,357.9,342.8,350.55,4723650
2020-06-17,348.4,358.2,347,355.65,3446550
2020-06-18,357.15,362.2,354.65,360.75,3187350
2020-06-19,359.85,371.05,359.85,367.5,4006800
2020-06-22,366.95,385,366,382,4363200
2020-06-23,384.1,385.35,377.4,381.2,3896100
2020-06-24,384,391.45,378.15,380.4,3469500
2020-06-25,374.9,386.8,372.35,378.4,3878000
2020-06-26,373.3,382.15,373.3,377.95,2429000
2020-06-29,367,378.6,367,372.45,2058000
2020-06-30,375,382.15,374,375.2,2233000
2020-07-01,376.2,382.3,372.8,378.7,2123800
2020-07-02,382,385.5,377,383.35,2941400
2020-07-03,384.5,396.6,382.5,392.8,4193000
2020-07-06,395.2,405,393.5,403.4,3696000
2020-07-07,405.05,405.05,393.15,395,2576000
2020-07-08,396.7,396.7,380.95,383.6,3789800
2020-07-09,384.5,390.05,380.4,388.65,2973600
2020-07-10,385.2,396.5,382.3,384.85,4072600
2020-07-13,387,390.25,383.2,388.8,1428000
2020-07-14,388.5,388.5,375.25,380.65,2245600
2020-07-15,381.8,395.8,381.8,388.15,2665600
2020-07-16,390.35,391.85,380.95,388.4,2625000
2020-07-17,390.7,398.4,386.2,388.95,3463600
2020-07-20,390.6,399.65,388.75,398.25,1810200
2020-07-21,400.05,409.35,400.05,401.45,5271000
2020-07-22,403.95,403.95,385.55,392.85,3000200
2020-07-23,387.6,406.45,387.6,403.9,2683800
2020-07-24,404,404.05,393.05,395.65,2121000
2020-07-27,394.65,397.8,388.5,395.65,2836400
2020-07-28,395.25,409,395.25,405.45,3908800
2020-07-29,405.65,413.15,395.8,401.4,3287200
2020-07-30,394.8,400.6,384.85,395.95,5971000
2020-07-31,398.95,400.85,380.75,382.05,3346000
2020-08-03,387,396,383,389.25,4716600
2020-08-04,393,402.05,386.05,396.95,3544800
2020-08-05,398.55,410.45,398.55,408.45,3515400
2020-08-06,413.8,417.8,401.1,415.65,5003600
2020-08-07,415.65,427,411.55,420.05,10852800
2020-08-10,421.85,424.2,413.15,417.4,4277000
2020-08-11,417,420.55,412.4,415.95,3108000
2020-08-12,413.45,421,407.6,417.75,6790000
2020-08-13,419.95,435.45,416.55,430.1,8610000
2020-08-14,430.7,432.55,413.5,416.85,4743200
2020-08-17,423.25,429.5,413.65,426.95,4163600
2020-08-18,427.4,435.95,423.05,433.4,3529400
2020-08-19,435.85,441.75,431.75,433.8,2587200
2020-08-20,432.5,449.3,426.05,448.05,4939200
2020-08-21,451,459.55,444.95,451.55,4398800
2020-08-24,449.85,454.9,447.85,449.3,5391400
2020-08-25,450.5,460.9,441.55,445.95,5212200
2020-08-26,463.95,476,457.1,465.45,9984800
2020-08-27,465,465,447.65,452.65,5222000
2020-08-28,452.65,457.6,447.8,448.7,3236800
2020-08-31,450.5,453.6,429.1,432.6,3868200
2020-09-01,434.2,441.95,427.35,440,4055800
2020-09-02,437.85,440,426.45,437.25,5945800
2020-09-03,438.5,443.8,433.55,434.9,2966600
2020-09-04,428.3,441.3,423,433.35,3878000
2020-09-07,434.25,440.6,430.15,438.8,2763600
2020-09-08,438.05,441.25,430.1,431.8,1906800
2020-09-09,428.1,439.1,427.25,437.25,2150400
2020-09-10,440.3,442.7,429.65,436.85,3175200
2020-09-11,437,446.5,436.1,444.35,3362800
2020-09-14,447.95,459.65,446.55,457.2,4067000
2020-09-15,457.55,460.5,448.15,456.3,2086000
2020-09-16,456.95,472.05,453.95,463.25,5472600
2020-09-17,457,465.7,455.6,458.9,2430400
2020-09-18,463,468.5,456.25,458.1,2521400
2020-09-21,459.05,459.05,446.85,451.65,4712400
2020-09-22,447,450.95,433.3,443.85,5509000
2020-09-23,447.5,449.95,433.7,441.45,4593400
2020-09-24,437.2,438.45,424.95,432,3728200
2020-09-25,428.4,450.75,428.4,446.65,2961000
2020-09-28,451,474.45,450.2,471.85,6836200
2020-09-29,475.7,481,469.15,471.55,5142200
2020-09-30,468.7,479.8,467,470,5552400
2020-10-01,476.3,491.35,473,481.85,7326200
2020-10-05,484.35,484.6,466.15,473.5,4975600
2020-10-06,475.95,483,471.75,472,3455200
2020-10-07,470.8,485,468.2,481.65,3183600
2020-10-08,485.3,486.45,473.6,477.25,3229800
2020-10-09,475.8,479.95,469.95,473.5,2004800
2020-10-12,476.75,478.2,463.55,470.1,2732800
2020-10-13,473.3,473.8,459,460.5,3578400
2020-10-14,463,465,455.75,462.2,3316600
2020-10-15,461,469.1,457,458.75,3064600
2020-10-16,457,467.2,457,464.65,1983800
2020-10-19,466.95,467.55,451.25,456.15,2024400
2020-10-20,455.3,460.75,450.8,453.8,2069200
2020-10-21,454,458.55,443.75,447.7,2506000
2020-10-22,445.15,453.3,439.3,443.75,3267600
2020-10-23,448,451.35,442.2,445.85,3476200
2020-10-26,448.95,448.95,425.3,429.45,4848200
2020-10-27,428.5,439.15,421.2,432.65,4088000
2020-10-28,431.4,438.8,424.85,427.25,3913000
2020-10-29,423.1,428.45,421.1,423.1,3025400
2020-10-30,428.05,462.45,428,453.7,21420000
2020-11-02,456.6,459.4,447.15,457.2,4937800
2020-11-03,456.85,469.65,456.85,463.75,3159800
2020-11-04,464.7,472.05,462.35,471.15,2496200
2020-11-05,472.05,481.95,468.3,478.6,3189200
2020-11-06,476.5,483.25,474.5,481.8,1810200
2020-11-09,483,484,475.85,481,1814400
2020-11-10,489.25,489.25,476.35,480.8,1782200
2020-11-11,479.8,492.5,475.7,479.7,4288200
2020-11-12,477,485.15,475.85,483.4,3606400
2020-11-13,482.9,486.1,478.45,479.95,2758000
2020-11-14,480,482.65,478.95,480.15,163800
2020-11-17,480,482.45,470.3,477,2531200
2020-11-18,474.8,487.7,473.8,481.45,4137000
2020-11-19,481.35,491.5,473.35,475.85,4698400
2020-11-20,465.45,482.4,465.45,478.75,3129000
2020-11-23,476.7,478.95,472,477.6,4009600
2020-11-24,476.5,482,468.35,471.75,5952800
2020-11-25,473.8,479.2,469.15,474.85,3812200
2020-11-26,476.4,480,473.5,477.25,2329600
2020-11-27,477.45,507.75,477.05,502.25,10556000
2020-12-01,506.7,508.3,493.7,502.35,4977000
2020-12-02,504.95,509.75,486.5,490.95,4926600
2020-12-03,495.35,503,488.9,499.75,3983000
2020-12-04,503.5,505.75,494.15,500.05,2272200
2020-12-07,501.95,518.75,498,512.85,7149800
2020-12-08,512.15,519.9,506.05,508.75,4111800
2020-12-09,512.2,514.25,499.35,501.05,3896200
2020-12-10,499.7,504.35,495.25,499.6,2172800
2020-12-11,505.5,514.85,481.1,486,10840200
2020-12-14,489,489.95,478.8,488.9,3823400
2020-12-15,486.7,493.45,484.15,486.45,2585800
2020-12-16,489.8,496.7,486.65,495.5,2829400
2020-12-17,497.7,501.7,489,491.15,3350200
2020-12-18,492.7,495.4,484,490.5,2475200
2020-12-21,487.3,488.65,453.75,464.55,5349400
2020-12-22,465,471.3,446.85,466.9,3213000
2020-12-23,465.9,485.3,465.9,483.4,2403800
2020-12-24,488,492.85,477.7,479.55,2056600
2020-12-28,479.3,488.55,479.3,482.85,2503200
2020-12-29,488.75,491.2,481.85,486.05,3733800
2020-12-30,485.9,489.35,479.25,487,1863400
2020-12-31,488.55,496.5,485.2,487.4,3425800
2021-01-01,488.95,494.2,488.1,492.85,1213800
2021-01-04,496.75,501.65,488.5,497.5,3536400
2021-01-05,495,497.85,489.25,494.2,1395800
2021-01-06,498.3,498.3,483.25,490.45,1857800
2021-01-07,494.35,508.7,492.3,501.75,6489000
2021-01-08,506.1,520,502,515.7,5884200
2021-01-11,515.5,529.65,509,523.45,6092800
2021-01-12,522.55,534.55,519.1,520.75,5814200
2021-01-13,521,527.95,509.25,513.95,3592400
2021-01-14,527.9,527.9,506.25,514.6,2097200
2021-01-15,507.9,517.2,500,508.4,1891400
2021-01-18,504,505.45,490.05,500.55,2585800
2021-01-19,502.1,516.5,499.3,513.7,2781800
2021-01-20,515.8,522.3,509.5,511.25,2529800
2021-01-21,514.45,519.5,505.15,510.35,2388400
2021-01-22,513,537,513,522.65,11712400
2021-01-25,533.25,546.7,517.05,541.65,9508800
2021-01-27,542.25,554.3,528.1,532.4,6531000
2021-01-28,526.9,535.65,521.75,528.9,4048800
2021-01-29,554,590,550,561.55,29883000
2021-02-01,557.95,588,553.85,577.5,8267000
2021-02-02,585,624.7,584.15,620.2,11366600
2021-02-03,626.35,649.1,613.1,643.6,5950000
2021-02-04,638.05,658.8,638.05,653.55,5621000
2021-02-05,651.75,653.3,624.35,630.85,3858400
2021-02-08,632.85,647.8,631.8,643.4,2352000
2021-02-09,646.3,660.5,642.5,650.6,4331600
2021-02-10,650.6,654.6,639.2,652.8,2528400
2021-02-11,650.5,656.4,638.3,640.6,1974000
2021-02-12,637.1,652,634,639.55,3299800
2021-02-15,640,644.85,631.75,633.45,1498000
2021-02-16,635.15,644,626.25,631.75,1990800
2021-02-17,633.15,633.55,618.9,620.55,2045400
2021-02-18,622.35,624.25,612.65,614.3,1712200
2021-02-19,612.65,619.9,600.65,607.75,2625000
2021-02-22,603.05,604.45,581.45,588.5,3444000
2021-02-23,587.9,603,585.95,598.8,4236400
2021-02-24,602.5,605,595.1,599.75,1780800
2021-02-25,604.15,611.8,597.6,600.05,2690800
2021-02-26,596.8,599.55,589.25,595.9,3012800
2021-03-01,605.95,623.5,596.3,620.65,5420800
2021-03-02,621.1,637.15,610.9,635.9,3680600
2021-03-03,637.25,639.15,625.25,629.3,2928800
2021-03-04,625.45,635.9,617.35,619.9,3385200
2021-03-05,616.55,629.9,616.55,619.6,2751000
2021-03-08,624,626.05,602,604.1,5843600
2021-03-09,609.95,611.5,597.15,600.75,2569000
2021-03-10,606,618.9,602.35,606.6,2989000
2021-03-12,608.75,610.95,584,587.5,2807000
2021-03-15,589.9,594,582,593.25,2079000
2021-03-16,596.95,599.25,588,595.3,1682800
2021-03-17,593.35,594.7,574.2,577.85,1645000
2021-03-18,583.2,587,565.25,571.8,1586200
2021-03-19,566.95,588,562.55,583.9,2259600
2021-03-22,583.4,589.6,576.35,580.65,2417800
2021-03-23,583.55,585.45,575.55,578.35,2174200
2021-03-24,578.95,579,561.85,566.1,2770600
2021-03-25,564.95,565,542.5,556.8,3003000
2021-03-26,560.5,576.95,558.55,573.3,1752800
2021-03-30,577.55,581.35,561.45,569.55,3179400
2021-03-31,570.1,590.4,570.1,585.85,3393600
2021-04-01,589,592.5,581.2,591.45,1863400
2021-04-05,585.35,592,571.45,583.6,2594200
2021-04-06,588,589.45,570,571.85,2276400
2021-04-07,574.85,580.65,569.05,571.7,2070000
2021-04-08,573,575,566.5,567.65,1295000
2021-04-09,564,572.65,562,568.15,1603000
2021-04-12,563,563,532.3,540.7,1968400
2021-04-13,544.35,551.9,536.8,550.35,1426600
2021-04-15,548.95,554.3,534.15,542.9,1432200
2021-04-16,542.55,561.45,541.65,552.4,2321200
2021-04-19,535.2,540.7,529,539.05,1478400
2021-04-20,540.5,548.75,534.6,537.8,1444800
2021-04-22,532.5,537.95,525,535.2,1618400
2021-04-23,534.05,539.85,530,534.6,1694000
2021-04-26,537,555.55,533.15,553.3,3428600
2021-04-27,550.25,572.15,546.5,567.85,4006800
2021-04-28,608,659.7,598.1,646.4,16723000
2021-04-29,652.1,655.6,635.1,637.55,5790400
2021-04-30,627.6,643.2,625.6,633.45,3018400
2021-05-03,625,639.3,617,619.1,3988600
2021-05-04,623.65,625.6,609.05,610.65,2010400
2021-05-05,612,619.75,605.85,608.2,1419600
2021-05-06,610.95,633.1,610,627.75,5019000
2021-05-07,632.35,633.25,614.2,619.65,1856400
2021-05-10,623.25,625,611.15,615.6,1713600
2021-05-11,611.05,631.4,607.75,626.55,3229800
2021-05-12,626.85,628.4,612.05,615.1,1953000
2021-05-14,616.3,619.45,601,603.55,1386000
2021-05-17,604.5,632.9,597.8,622.6,4638200
2021-05-18,621.5,648.8,620.25,643.8,5581800
2021-05-19,641.85,651.65,634.8,639.25,3241000
2021-05-20,635.95,645.8,627.9,629.45,1395800
2021-05-21,636.9,637.7,625.85,627.95,1467200
2021-05-24,631.15,637.5,619.6,621.4,5772200
2021-05-25,626.95,641.5,626.95,633.45,7982800
2021-05-26,637.15,658.3,631.5,650.7,7254800
2021-05-27,655.5,668.45,648.25,654.55,5863200
2021-05-28,655,655.55,617.95,620.85,7931000
2021-05-31,622.85,630.9,614.65,617.35,3903200
2021-06-01,619.9,628.5,612.25,614.6,4055800
2021-06-02,610.5,621.7,609.8,619.75,2885400
2021-06-03,621.95,631.9,617,627.75,4181800
2021-06-04,626.1,633.85,623.7,626.85,3074400
2021-06-07,650,665.7,633.55,650.65,11711000
2021-06-08,652.8,655.5,637.6,649.15,3158400
2021-06-09,649,652.35,631.95,637.45,4092200
2021-06-10,637.95,643.95,634.7,640.65,1667400
2021-06-11,641.95,645.25,634.2,639.35,1481200
2021-06-14,637.05,640.2,618.8,631.15,2613800
2021-06-15,633.1,636.4,629.55,631.75,1675800
2021-06-16,631.7,633.8,622,624.15,1573600
2021-06-17,620,623.95,605.55,611.15,2441600
2021-06-18,611,614.35,592.6,611.4,3232600
2021-06-21,605.1,623,599.45,616.65,3694600
2021-06-22,618.55,627.4,615.25,617.1,4953200
2021-06-23,618,627.4,616.75,618.95,2968000
2021-06-24,624.8,624.8,613.15,615.25,4474400
2021-06-25,617.85,629.4,617.85,624,2182600
2021-06-28,624.1,632.9,621.6,625.1,1264200
2021-06-29,624,626.05,613.65,615.6,1321600
2021-06-30,616.2,623.9,614.6,621.95,2490600
2021-07-01,624,639,622,625.1,6356000
2021-07-02,625.25,629.3,608.95,613,4242000
2021-07-05,616.05,617.7,611.55,614.85,2790200
2021-07-06,615.95,620,607.65,609.55,2720200
2021-07-07,610.45,613.4,605.1,607.35,2205000
2021-07-08,607,614,598.2,601.4,2629200
2021-07-09,600.3,604,595.3,602.25,2415000
2021-07-12,603.75,608.75,600.35,602.6,2207800
2021-07-13,604.1,612.75,602,612,3670800
2021-07-14,613,614.65,608.15,613.9,1713600
2021-07-15,617.5,617.5,606.85,609.55,1471400
2021-07-16,611.4,615,607.2,613.45,2102800
2021-07-19,607,608,592.25,601.25,4457600
2021-07-20,600.9,601.25,582.05,583.4,3572800
2021-07-22,582.7,588.45,577.15,580.15,3075800
2021-07-23,583.6,583.6,575.2,581.55,1913800
2021-07-26,583.6,587.95,580.05,584.55,1947400
2021-07-27,585.15,594.85,579.7,581,4466000
2021-07-28,580.55,581,571.35,576.8,3207400
2021-07-29,577.6,581.9,560,563.35,6274800
2021-07-30,567.35,607.3,567.35,582.4,13328000
2021-08-02,586.95,587.7,572.65,574.95,3850000
2021-08-03,575.05,576.35,568.75,574.3,2100000
2021-08-04,573.35,581,567,568.6,2707600
2021-08-05,569.15,570,564.15,568.45,954800
2021-08-06,570.7,579.8,568.5,572.35,3171000
2021-08-09,570.8,576.8,563.45,567.9,2168600
2021-08-10,566.4,572,552.75,557.3,2584400
2021-08-11,559.45,564.2,546.15,562.85,2977800
2021-08-12,561.3,566.4,552.5,553.9,2122400
2021-08-13,554.9,558.45,549.4,554.3,3105200
2021-08-16,550.2,552.85,502.95,539.4,6297200
2021-08-17,535.75,541.45,526.7,531.3,3085600
2021-08-18,530.85,530.85,522.15,525.45,2011800
2021-08-20,523.15,523.15,509.85,511.55,2536800
2021-08-23,513,515.65,499.65,500.95,3403400
2021-08-24,503.4,509.3,495.5,507.45,4400200
2021-08-25,510.4,523.95,508.85,518.55,3572800
2021-08-26,520,522.5,507.65,510.4,3519600
2021-08-27,512.15,515.05,508,513.2,1748600
2021-08-30,515,524,508.85,520.75,3193400
2021-08-31,532.95,536,518.2,525.45,5623800
2021-09-01,522.45,535.7,522.45,530.5,4482800
2021-09-02,527.15,534,526,531.4,2065000
2021-09-03,528.6,546.95,527.45,540.8,3869600
2021-09-06,546.15,550.6,540.05,546.95,2759400
2021-09-07,550.15,558.5,542.05,553.9,3057600
2021-09-08,560,560,544,546.95,2571800
2021-09-09,542.35,548.6,539.55,544.5,1677200
2021-09-13,542.2,547.9,539,545.4,1524600
2021-09-14,545.75,552,545,550.7,1930600
2021-09-15,550,554.9,545.45,547.55,1981000
2021-09-16,549.35,554,543.3,544.55,1983800
2021-09-17,548.3,561.75,541.5,546.85,5773600
2021-09-20,541.5,549.1,533.2,543.25,2430400
2021-09-21,543.6,545.85,520,533.5,3018400
2021-09-22,535.35,540.55,530,538.3,2345000
2021-09-23,541.25,543.25,536.65,540.3,1629600
2021-09-24,540.95,543,534.4,536.9,1800400
2021-09-27,538.1,556.85,538.1,555.25,4657800
2021-09-28,557.25,558.95,544,555.25,4251800
2021-09-29,551.05,557.65,544,552.15,2182600
2021-09-30,552,559.7,548.75,552.3,3738000
2021-10-01,549.05,572.3,545.2,567.75,8141000
2021-10-04,574,576.2,560.75,563.25,5017600
2021-10-05,559.25,571.2,557,564.8,4043200
2021-10-06,564.15,568.15,541,545.1,3878000
2021-10-07,547.9,565.75,546,560.5,5506200
2021-10-08,566.3,569.4,556.85,560.85,2384200
2021-10-11,559.45,568.4,559.1,561.7,2287600
2021-10-12,561.9,582.65,561.1,574.7,7340200
2021-10-13,580.8,588.25,575.9,579.45,4387600
2021-10-14,581.55,589.55,573.75,584.7,5441800
2021-10-18,584.5,593.5,575,588.55,4187400
2021-10-19,592,600.9,578.4,583.25,4876200
2021-10-20,583.25,592,571.55,581.45,2682400
2021-10-21,583.85,591,568,582.85,3844400
2021-10-22,615,633.15,600,621.4,20286000
2021-10-25,623.65,623.65,592.7,599.05,5189800
2021-10-26,597.35,629,597.35,625.9,5448800
2021-10-27,631.8,631.8,622.15,626.95,3717000
2021-10-28,629,655.65,626.7,650.9,9662800
2021-10-29,652,682.3,640.65,662.7,9048200
2021-11-01,665.25,680.1,656.7,672.85,5930400
2021-11-02,679.35,705.9,679.35,697.7,8702400
2021-11-03,709.9,714.45,695.5,706.6,5474000
2021-11-04,710.95,712.45,706.2,708.05,448000
2021-11-08,706.5,719.95,706,713.9,3535000
2021-11-09,753,793.9,725.75,730.4,34267800
2021-11-10,729.7,757.8,721.5,753.7,6977600
2021-11-11,747,764.35,744.1,750,5842200
2021-11-12,751.95,753.8,721.2,731.6,5562200
2021-11-15,734.5,743.95,732.65,739,2853200
2021-11-16,741,751.45,737.85,741.15,3514000
2021-11-17,740,749.75,738.2,742.05,2199400
2021-11-18,742.8,742.8,722.1,725.85,2907800
2021-11-22,727.5,731.75,706.4,711.35,3389400
2021-11-23,701,721.25,697.35,714.15,3574200
2021-11-24,729.9,730.35,699.6,701.6,4989600
2021-11-25,701.5,712.5,701.5,705.6,4006800
2021-11-26,698,698.7,677.3,679.3,3344600
2021-11-29,675.9,693.5,656.8,683.95,3217200
2021-11-30,684.95,694.1,676.6,683.6,5103000
2021-12-01,684.05,699.75,677.85,679.75,4769800
2021-12-02,677.5,683.7,670.05,681.45,2266600
2021-12-03,682.9,686.75,672,673.45,2112600
2021-12-06,672,676,658.65,661.9,1922200
2021-12-07,670.9,672.25,664.8,668.25,999600
2021-12-08,672.05,685.95,664.85,684.15,2336600
2021-12-09,685.9,687.15,675.3,685.7,2010400
2021-12-10,685.25,690.9,679.25,682.7,2023000
2021-12-13,684.8,692,676.15,678.9,1575000
2021-12-14,678.9,678.9,660.75,663.45,2086000
2021-12-15,667.05,711.75,665.75,676.7,29353800
2021-12-16,678.35,679.6,633.2,637.15,10570000
2021-12-17,636.45,636.45,613,616.9,5213600
2021-12-20,608.95,616.5,591.1,607.55,4853800
2021-12-21,611.5,618.9,607.65,614.1,2608200
2021-12-22,617.5,624.1,613.3,617.25,1934800
2021-12-23,622.95,624,616.4,621.55,1650600
2021-12-24,620.9,620.9,606.55,610.7,1985200
2021-12-27,606.05,609.25,601,607.65,3038000
2021-12-28,611.75,616.2,608.15,612.2,5968200
2021-12-29,606.7,624.55,602.4,623.25,3917200
2021-12-30,625,625.4,612.1,615.25,2254000
2021-12-31,615.6,630.9,615.15,627.9,2424800
2022-01-03,626.3,630.85,614.9,625.8,2345000
2022-01-04,628.5,631.65,624,629.25,1458800
2022-01-05,626.25,639.45,626.25,634.4,2073400
2022-01-06,633.35,646.9,626.2,645.1,2611000
2022-01-07,648.3,649.55,632.75,638.15,1631000
2022-01-10,642.35,651.4,640.3,646.2,1948800
2022-01-11,642.95,651.6,641.35,643.2,1526000
2022-01-12,646.6,654.55,642.15,650.7,1908200
2022-01-13,652.85,658,639.1,653.6,3537800
2022-01-14,648.75,657.7,647.9,652.5,1457400
2022-01-17,647.65,665.95,647.65,659.35,1974000
2022-01-18,659.8,660.55,638.1,641.25,1848000
2022-01-19,635.45,648,631.7,640.45,1393000
2022-01-20,638.85,645.6,629.45,633.55,1226400
2022-01-21,629.75,653.4,628,631.8,6647200
2022-01-24,631.45,631.55,609.1,613.35,4834200
2022-01-25,600.85,621.7,594.25,619.8,4838400
2022-01-27,613,638,595.95,631.75,9609600
2022-01-28,637.8,638,582.2,597.65,10955000
2022-01-31,605,610,592.3,604,2451400
2022-02-01,602.95,627.6,601.3,625.05,4925200
2022-02-02,625,637.25,620.1,626,2525600
2022-02-03,625.05,658.85,625,649.65,6435800
2022-02-04,648.8,649.1,639.25,646.95,2508800
2022-02-07,644.3,646.45,623.1,633.25,3476200
2022-02-08,670,670,630.3,647.9,12951400
2022-02-09,649.2,664.9,644.75,659.4,6238400
2022-02-10,671.3,673.3,660.85,665.35,9384200
2022-02-11,655,674.3,645,660.75,12170200
2022-02-14,654,666.9,638.75,642.65,5157600
2022-02-15,637,666.85,630.1,664.65,5707800
2022-02-16,667.25,675.9,658.1,666.15,4258800
2022-02-17,666.6,679.25,666.6,672.25,4901400
2022-02-18,670.25,681.95,662.4,664,4067000
2022-02-21,664.45,670.85,656.65,658.2,3472000
2022-02-22,644.15,665.75,644.15,663.15,5303200
2022-02-23,668.4,669.15,648.65,650.75,4923800
2022-02-24,641.7,641.8,615.65,617.9,5756800
2022-02-25,625.75,638.4,624.3,629.1,2941400
2022-02-28,622.6,624.7,606.35,617.3,3264800
2022-03-02,610,610.05,596.2,598.45,4548600
2022-03-03,612,612,580.75,583.8,4034800
2022-03-04,578.95,578.95,552.4,554.75,4685800
2022-03-07,538.2,538.2,512.8,530,4795000
2022-03-08,523.95,534.9,517.25,532.6,3837400
2022-03-09,533.95,554.9,531.55,551.6,3880800
2022-03-10,570.15,574.55,556.95,562.6,3733800
2022-03-11,556,576.55,554.3,574.65,3150000
2022-03-14,573.85,588.4,569.3,586.3,3269000
2022-03-15,588.7,595.95,580.5,590.05,2857400
2022-03-16,597.95,608.7,595,606.8,2899400
2022-03-17,614.35,616.9,607.6,609.85,2276400
2022-03-21,615.05,615.65,601.9,604.9,2716000
2022-03-22,604.15,612.45,596.45,610.8,2564800
2022-03-23,612.8,614.35,606,609.15,1031800
2022-03-24,608.55,613.9,604.2,607.45,2298800
2022-03-25,613.5,613.5,600.2,603.05,2489200
2022-03-28,603.15,612.3,602.05,610.05,3571400
2022-03-29,611.7,619.2,610.5,616.1,5635000
2022-03-30,620.65,628,618.15,623.55,4520600
2022-03-31,626.9,630.7,620,628.7,1899800
2022-04-01,624.15,633.45,622.2,632.3,1619800
2022-04-04,634.9,636.45,628.4,635.35,2151800
2022-04-05,636.75,644.7,634.65,639.45,1542800
2022-04-06,644.9,649.55,628.45,647.3,2646000
2022-04-07,647.65,650.45,638.2,640.25,1089200
2022-04-08,644.8,655.5,642.85,653.5,2860200
2022-04-11,650.85,658.8,646,648.45,2042600
2022-04-12,647.9,651.35,635.55,647.75,2850400
2022-04-13,652.75,657.3,645.5,647.15,1241800
2022-04-18,638.75,666.55,638.75,657.85,3411800
2022-04-19,657.6,660.2,634.55,639.55,1577800
2022-04-20,642.85,658.5,637.8,652.8,1940400
2022-04-21,655.4,664.4,652.65,658.95,1615600
2022-04-22,649,661.25,628.95,643.15,4802000
2022-04-25,640.05,654,638.55,649.9,4103400
2022-04-26,655.55,685.85,655.55,683.5,10546200
2022-04-27,678.05,690.55,673,687.55,4743200
2022-04-28,694.3,697.85,681.35,684.25,2730000
2022-04-29,683,688.8,654.3,657.7,3885000
2022-05-02,660,661.6,646,651.5,2191000
2022-05-04,656.45,656.45,626.1,629.55,3057600
2022-05-05,634.75,649.75,626,632.55,4100600
2022-05-06,604.35,638,604.35,630.15,6164200
2022-05-09,623.85,627.5,607.8,616.65,2913400
2022-05-10,618.85,628.35,612.9,615.95,2175600
2022-05-11,620.15,625,608.6,620.7,2966600
2022-05-12,613.4,615.75,588.15,602.95,4855200
2022-05-13,609,642.75,609,633.75,4300800
2022-05-16,632.85,654.45,632.85,652.65,3148600
2022-05-17,655,680.55,653.7,675.75,5699400
2022-05-18,675.15,691.65,672.85,681.75,3829000
2022-05-19,672.7,690.4,670.2,681.05,5202400
2022-05-20,689,696.9,679.6,686.7,4386200
2022-05-23,692.9,712.45,689.95,694.8,5370400
2022-05-24,692.25,711.8,691.6,707.55,4708200
2022-05-25,710.85,712.2,697.9,702.25,4480000
2022-05-26,715.8,715.8,696.2,710.35,5055400
2022-05-27,720.1,732.7,711.3,724.45,3449600
2022-05-30,733.95,744.7,731,740.05,2321200
2022-05-31,740.15,750.7,733.05,735.4,3936800
2022-06-01,735.65,741.75,727.1,734.5,4368000
2022-06-02,730.95,740.7,730.85,738.75,1905400
2022-06-03,741.1,743.5,729.15,731.4,2139200
2022-06-06,731.95,740,724.35,728.4,2377200
2022-06-07,724.55,744.85,718.1,741.65,4093600
2022-06-08,741.1,751.45,731.8,747.65,6256600
2022-06-09,745.25,761.25,742.1,759.65,4505200
2022-06-10,755.1,766,754.05,763.2,2315600
2022-06-13,766,766,746.6,749.1,2737000
2022-06-14,745.15,758.6,741,746.45,2686600
2022-06-15,749.05,756.35,746.8,750.8,1597400
2022-06-16,756.95,762.5,733.8,739.1,4453400
2022-06-17,738.45,744.5,726.6,734.5,4356800
2022-06-20,722.85,742.55,719.4,727.15,4785200
2022-06-21,720.65,746.8,720.65,743.95,2709000
2022-06-22,738.05,744.6,731.5,736.6,2213400
2022-06-23,740,771,740,765.75,6363000
2022-06-24,775.6,797.65,766.45,791.35,6088600
2022-06-27,802.5,803.6,789.5,793.1,6182400
2022-06-28,791.25,817,788.05,814.5,7719600
2022-06-29,809.9,827.65,804.75,824.5,7562800
2022-06-30,815,824.45,809.85,816.8,8015000
2022-07-01,811.25,821.85,807.65,818.35,5901000
2022-07-04,818.05,826.9,803.65,820.6,5919200
2022-07-05,820.75,825.95,809,810.3,3721200
2022-07-06,810.95,830,810.95,824.9,4347000
2022-07-07,830.35,837.5,821,826.25,2828000
2022-07-08,832.95,838.95,822.95,837.3,2451400
2022-07-11,831.05,854.8,831.05,851.5,3238200
2022-07-12,853.95,854.9,845.2,848,2318400
2022-07-13,851.1,864,850.6,854.85,3456600
2022-07-14,859.9,860.95,831.2,835.6,3442600
2022-07-15,838.05,873.55,838,870.85,4684400
2022-07-18,876,878,869.35,875.7,3052000
2022-07-19,872,886,868.85,878.3,3138800
2022-07-20,880.1,887,871.5,876.6,2483600
2022-07-21,871.05,886.05,871.05,879.3,2342200
2022-07-22,883.25,897.65,880.15,885.65,5058200
2022-07-25,885.7,890.45,868.2,870.25,4659200
2022-07-26,880.2,880.2,860.75,865.1,4328800
2022-07-27,860.6,869.4,838.3,849.1,5901000
2022-07-28,848.5,865.2,839.95,861.7,5051200
2022-07-29,892.1,946.6,892.1,911.15,14926800
2022-08-01,911.35,945,907.1,928.5,6717200
2022-08-02,928.85,940,917.1,937.85,3504200
2022-08-03,938,942,918.25,928.8,3201800
2022-08-04,938.65,943.9,921.6,933.95,2982000
2022-08-05,937.7,948.15,934.25,944.4,3679200
2022-08-08,940.1,958.3,940.1,955.15,2944200
2022-08-10,953.9,965.7,949.15,963.6,2840600
2022-08-11,967.55,969.7,953.15,956.85,1719200
2022-08-12,958.85,959.95,951.5,954.1,1036000
2022-08-16,954.45,982.4,952.95,980.55,3040800
2022-08-17,978.85,984.4,970.2,972.15,1930600
2022-08-18,973.95,989.25,972,974.15,3806600
2022-08-19,979.55,989.95,956.65,959.6,4216800
2022-08-22,957,960.9,935,938.75,4489800
2022-08-23,939.85,961.9,925.3,959.15,6392400
2022-08-24,963.45,966.95,952.15,962.4,3082800
2022-08-25,967.9,971.6,943.45,946.8,3325000
2022-08-26,955,964.55,952.7,958.85,2339400
2022-08-29,949.15,960,938.8,958.6,2436000
2022-08-30,963.95,992,963.95,988.7,5038600
2022-09-01,986.1,1020,978.45,1015.4,7186200
2022-09-02,1025,1033.5,1018,1024.45,3831800
2022-09-05,1026.65,1040.7,1022.85,1037.95,2433200
2022-09-06,1042.95,1057.25,1042,1052.65,3687600
2022-09-07,1044.1,1059.9,1037.2,1040.05,2889600
2022-09-08,1045.1,1057.55,1038.8,1045.35,2560600
2022-09-09,1054.15,1057.55,1041.4,1053,2413600
2022-09-12,1058.35,1067.75,1050.1,1052.35,2587200
2022-09-13,1056.1,1059.1,1035.3,1040,2429000
2022-09-14,1033.55,1047.85,1028.8,1039.8,1552600
2022-09-15,1045,1061.85,1032.6,1044.05,4030600
2022-09-16,1040.75,1043,1013.6,1025.3,3729600
2022-09-19,1028,1040.9,1019,1031.15,3112200
2022-09-20,1040.45,1088.05,1040.4,1081.75,8152200
2022-09-21,1077.05,1093.6,1069.05,1070.75,5233200
2022-09-22,1061,1088.5,1061,1071.35,5663000
2022-09-23,1072.8,1072.8,1028.25,1040.55,5048400
2022-09-26,1028.5,1031.4,996.6,1025.6,5114200
2022-09-27,1032.75,1042.25,1019.05,1033.15,4464600
2022-09-28,1026.05,1039.65,1018.95,1022,3330600
2022-09-29,1032.2,1041.2,1014,1016.85,4169200
2022-09-30,1012.45,1037.35,988.25,1034.25,5210800
2022-10-03,1033.15,1036.75,987,995.45,5451600
2022-10-04,1016.45,1039.9,1008.95,1037.7,3390800
2022-10-06,1040.4,1078.7,1040.4,1074.15,4870600
2022-10-07,1080,1083.5,1069.8,1082.3,2828000
2022-10-10,1067.95,1075.8,1057.2,1069.6,2797200
2022-10-11,1064.15,1067.95,1051.55,1054.75,2396800
2022-10-12,1053.7,1091.35,1049.05,1086.45,3666600
2022-10-13,1086.8,1095,1069.2,1079.9,3500000
2022-10-14,1092.15,1106.9,1074.1,1077.25,4338600
2022-10-17,1087.5,1087.5,1061.25,1078.5,2891000
2022-10-18,1093,1133,1092,1128.55,6874000
2022-10-19,1134.2,1174.95,1128.7,1169.2,7130200
2022-10-20,1160,1165,1135,1142.95,5535600
2022-10-21,1142.9,1154.95,1132.6,1139.95,4012400
2022-10-24,1144.4,1149.5,1140.35,1144,203000
2022-10-25,1153.85,1158.6,1142.35,1153.95,4106200
2022-10-27,1158.8,1162.55,1120.5,1127.1,5143600
2022-10-28,1129.1,1136.9,1110.3,1125.75,2902200
2022-10-31,1135.45,1157.75,1132.5,1150.35,2634100
2022-11-01,1155.6,1157,1131.1,1143,1999900
2022-11-02,1135.85,1143.25,1117.6,1120.9,2077600
2022-11-03,1114.7,1147.95,1114.7,1140,1995000
2022-11-04,1142.95,1143.9,1115.2,1117.65,2336600
2022-11-07,1120,1125,1081,1110.25,4698400
2022-11-09,1118.05,1164.25,1116.95,1149.05,6618500
2022-11-10,1143.95,1146.4,1104,1112,3432100
2022-11-11,1135.6,1145,1098.1,1102.2,4000500
2022-11-14,1089.05,1119.95,1088.9,1101.1,1918700
2022-11-15,1104.5,1129.4,1098.15,1107.15,2859500
2022-11-16,1108.7,1132,1108.1,1114.75,3354400
2022-11-17,1116.9,1125,1102.2,1105.95,1734600
2022-11-18,1114.4,1118,1064,1079.25,3717000
2022-11-21,1065,1078.65,1049.15,1052.15,4168500
2022-11-22,1062.9,1062.9,1041.4,1048.35,3612700
2022-11-23,1050.05,1056.5,1047,1052.8,2007600
2022-11-24,1056.75,1061.25,1045,1053.5,1941100
2022-11-25,1053.45,1058.65,1038.25,1039.5,2155300
2022-11-28,1036.1,1065,1031.35,1061.2,2888200
2022-11-29,1058.2,1060.15,1041.55,1043.9,2097900
2022-11-30,1047.35,1068,1036.25,1048.55,14529900
2022-12-01,1055,1064.3,1046,1054.5,3421600
2022-12-02,1056.7,1057.65,1031.5,1049.3,2013900
2022-12-05,1040.05,1050.85,1015.2,1023.05,3962700
2022-12-06,1015.65,1045.8,1014.15,1043.4,3346700
2022-12-07,1041.15,1048.45,1023.7,1029.7,2342900
2022-12-08,1031.2,1037.8,1026.6,1032.05,1187200
2022-12-09,1037.5,1045.95,1026,1036.5,2017400
2022-12-12,1033.7,1049.3,1033.7,1041.1,1623300
2022-12-13,1044.3,1049.4,1033.85,1037.85,1234100
2022-12-14,1045,1047.7,1032.1,1033.75,1502900
2022-12-15,1031,1057.5,1025.9,1041.7,3264800
2022-12-16,1025.95,1049,1023.7,1037.9,2307900
2022-12-19,1038.35,1061.85,1032.05,1060.1,3460800
2022-12-20,1059.15,1071.2,1045.85,1056.9,2443000
2022-12-21,1060.8,1063.55,1027,1031.45,2181900
2022-12-22,1033.5,1042.5,1020.05,1037.5,2199400
2022-12-23,1028.05,1032.05,1004.15,1008.45,3003000
2022-12-26,1003.65,1024.9,1002.5,1017.45,4199300
2022-12-27,1023.8,1047.05,1020,1043.7,4214000
2022-12-28,1039.6,1082.7,1038.75,1079.2,3360000
2022-12-29,1075.95,1092.95,1068.7,1088.1,4470900
2022-12-30,1094.95,1095.95,1077.4,1080.45,1999200
2023-01-02,1071.15,1086.45,1056.45,1068.75,2706900
2023-01-03,1073.5,1073.75,1032.1,1045.3,4470900
2023-01-04,1043.35,1049.9,1016.55,1023.55,2743300
2023-01-05,1026.95,1034.95,1017.2,1033.35,1839600
2023-01-06,1034.25,1038.8,1019.2,1028.2,1383900
2023-01-09,1033.85,1036.8,1018.65,1024.85,1326500
2023-01-10,1027.5,1033,1014,1020.55,1829100
2023-01-11,1024.9,1027.5,1012.15,1018.4,1104600
2023-01-12,1020,1023.45,1004.85,1008.8,1271900
2023-01-13,1008.85,1013,991.15,1006.45,2505300
2023-01-16,1005.3,1011.9,982.1,990.55,2019500
2023-01-17,1004.45,1004.5,979,990.45,2772700
2023-01-18,993.95,1011.35,993.95,1005.95,3084900
2023-01-19,999.6,1021.45,998.75,1014.25,2104200
2023-01-20,1009.7,1015.35,970.7,972.65,3958500
2023-01-23,965.75,985.2,965.75,982.25,4123000
2023-01-24,986.3,994,971.25,987.7,2817500
2023-01-25,1002.25,1042.65,994,1039.35,9324000
2023-01-27,1032.95,1075,1032.95,1050.65,4473700
2023-01-30,1043.25,1056.05,1019.85,1034.1,2800000
2023-01-31,1039.95,1044.75,1021.25,1040.2,1716400
2023-02-01,1043.95,1057.35,1000.85,1017.35,3574200
2023-02-02,1039.75,1039.75,993.25,1006.05,1846600
2023-02-03,1013.95,1039.8,1001.55,1037.45,1731100
2023-02-06,1039,1066.65,1027.7,1058.5,2729300
2023-02-07,1056.1,1078.55,1042.3,1052.5,2870700
2023-02-08,1053.9,1057.4,1041,1043.25,1183700
2023-02-09,1038.2,1056.3,1034.75,1052.35,1244600
2023-02-10,1049.65,1088,1049,1079.2,3341800
2023-02-13,1080.55,1087.5,1067.15,1070.75,1680000
2023-02-14,1065.2,1088.5,1057.05,1079.05,2296000
2023-02-15,1084.85,1125.9,1084.85,1108.85,6686400
2023-02-16,1111.8,1132.4,1111.5,1123.85,3995600
2023-02-17,1114.3,1120.25,1092.1,1103.1,3326400
2023-02-20,1108.85,1135.3,1102.6,1130.45,4770500
2023-02-21,1132.05,1138.8,1115.05,1124.9,4323900
2023-02-22,1120.85,1126.3,1107.05,1113.4,2238600
2023-02-23,1125.45,1129.9,1114.25,1122.95,3074400
2023-02-24,1127.65,1129.9,1108.15,1111,1328600
2023-02-27,1106,1106,1062,1085.85,2813300
2023-02-28,1093.65,1095.95,1076.4,1081.8,1724800
2023-03-01,1079.8,1087.25,1060.1,1063.9,2858800
2023-03-02,1059.95,1073.75,1047.15,1068.2,1993600
2023-03-03,1071.75,1078.6,1065,1074.45,1224300
2023-03-06,1078.5,1103.3,1077.35,1098.5,1677900
2023-03-08,1095.7,1112.45,1087.45,1110.15,1377600
2023-03-09,1109.65,1112.95,1086.15,1088.3,1086400
2023-03-10,1085,1088.8,1070.35,1074.6,1508500
2023-03-13,1065.15,1078,1046.55,1048.8,1407700
2023-03-14,1048.5,1057,1038,1048.7,1235500
2023-03-15,1053.35,1059.65,1035,1037.15,1151500
2023-03-16,1025.35,1054.8,1025.35,1052.7,1215200
2023-03-17,1055.2,1062.4,1040.9,1046.85,1537900
2023-03-20,1037,1043.45,1023.6,1041.9,1419600
2023-03-21,1051.95,1055.6,1044.8,1053.4,1598100
2023-03-22,1063.5,1077.8,1053.7,1055.3,1624700
2023-03-23,1057.1,1071.6,1041.9,1045.6,1901900
2023-03-24,1054.2,1063.7,1041.6,1044.1,2954700
2023-03-27,1048.15,1058,1032.85,1049,3524500
2023-03-28,1045.75,1052.25,1033,1036.95,2385600
2023-03-29,1047.95,1085.05,1042.3,1083.25,2747500
2023-03-31,1085,1091.95,1071.5,1080.4,1432200
2023-04-03,1090.1,1103.75,1081,1087.7,2130100
2023-04-05,1092.75,1100,1084.6,1092.15,1278900
2023-04-06,1092.05,1101.35,1081.7,1098.7,976500
2023-04-10,1099.3,1109.05,1098.6,1107.55,1429400
2023-04-11,1108,1138.8,1107,1133.3,1875300
2023-04-12,1137.15,1144.95,1127.35,1137,2053100
2023-04-13,1137,1167.65,1135.55,1161.8,2818200
2023-04-17,1160.45,1169.5,1153.05,1165,2278500
2023-04-18,1165.55,1169.5,1145.7,1147.8,1765400
2023-04-19,1147.1,1187.3,1141.95,1170.55,4971400
2023-04-20,1159,1165.85,1126.45,1130.4,4398800
2023-04-21,1127.95,1131.95,1087.2,1095.45,4211200
2023-04-24,1092.5,1117.2,1090.1,1101.55,3652600
2023-04-25,1106.5,1117.85,1104.85,1110.55,3305400
2023-04-26,1112.8,1128.85,1105.15,1123.75,2582300
2023-04-27,1132.85,1142,1129.2,1139.45,2786700
2023-04-28,1143.65,1147.85,1133.7,1144.35,1338400
2023-05-02,1146.6,1172,1142,1161.45,2888900
2023-05-03,1157,1167.95,1145.4,1157.9,1470700
2023-05-04,1156.3,1184.85,1146.05,1175.8,1768200
2023-05-05,1190.2,1229.25,1188.5,1216.95,9918300
2023-05-08,1221.15,1238.55,1220,1227.75,2979200
2023-05-09,1231.15,1237.05,1216.45,1227.2,2000600
2023-05-10,1230.65,1243.5,1224,1240.6,1493100
2023-05-11,1243,1243.35,1230.45,1240.4,1093400
2023-05-12,1235.4,1248.15,1233.8,1237.6,1199100
2023-05-15,1234.7,1241.9,1228.35,1236.25,939400
2023-05-16,1234.65,1252.15,1234.65,1240.45,1599500
2023-05-17,1241.65,1253,1226.5,1249.45,2061500
2023-05-18,1238.95,1251.45,1230.25,1235.25,2342200
2023-05-19,1234.85,1240,1216.5,1234.9,1970500
2023-05-22,1222.45,1241.15,1222.45,1236.9,3169600
2023-05-23,1234.7,1256.8,1229.2,1254.35,3519600
2023-05-24,1253.85,1267.9,1243.75,1264.85,3477600
2023-05-25,1270.25,1284,1266,1279.65,3818500
2023-05-26,1252.05,1291,1252.05,1288.35,2058000
2023-05-29,1289.55,1297.75,1278.35,1295.4,1365000
2023-05-30,1289.05,1302.85,1281.5,1283.55,1040900
2023-05-31,1276.15,1293.5,1275.55,1286,2808400
2023-06-01,1286.8,1293.2,1269.25,1273.75,2118900
2023-06-02,1283.55,1299.85,1276.7,1296.4,3481800
2023-06-05,1303.85,1304,1286.3,1293.65,1251600
2023-06-06,1293.75,1320.25,1288.85,1317.65,2512300
2023-06-07,1323.2,1332.45,1313.8,1329.85,1904000
2023-06-08,1331.25,1335,1308.6,1320.6,1618400
2023-06-09,1327.6,1339.95,1324.1,1329.95,1438500
2023-06-12,1346.55,1379,1333.4,1341.85,4996600
2023-06-13,1339.95,1349.6,1337.2,1345.45,1089200
2023-06-14,1339.2,1347.1,1332.05,1344.7,1010100
2023-06-15,1344.35,1353.85,1330.85,1334.3,1501500
2023-06-16,1339.95,1355.8,1325.6,1352.55,2051700
2023-06-19,1351.35,1359.15,1334.85,1339.55,1031100
2023-06-20,1338.4,1349.45,1325,1346.4,1347500
2023-06-21,1345.1,1356.45,1337.3,1348.7,956200
2023-06-22,1340.15,1349.25,1324.55,1327.1,2118900
2023-06-23,1324.3,1324.95,1300.6,1303.7,3350200
2023-06-26,1300.05,1314.3,1290.75,1293.15,3760400
2023-06-27,1290.5,1307.45,1290.5,1304,2730000
2023-06-28,1318.35,1329.5,1303.9,1327.1,3644200
2023-06-30,1344.65,1346.45,1320,1333.35,1471400
2023-07-03,1336.4,1342,1319.95,1325.55,1391600
2023-07-04,1337.95,1337.95,1305.95,1308.15,1453200
2023-07-05,1311.1,1330.9,1301.3,1326.3,2790900
2023-07-06,1328,1330.8,1311.75,1322.5,1315300
2023-07-07,1323.95,1348.45,1317.1,1329.15,2920400
2023-07-10,1331,1337.45,1311.4,1313.7,1241800
2023-07-11,1319,1362.1,1317.95,1350.8,3075100
2023-07-12,1354.9,1359,1337.1,1343.35,1103900
2023-07-13,1347.95,1352.9,1330.1,1335,1647800
2023-07-14,1345.2,1358.8,1328.05,1356.35,1462300
2023-07-17,1340.2,1366.9,1340.2,1348.15,1486100
2023-07-18,1345.25,1371.05,1341,1349.55,2620100
2023-07-19,1353,1355.05,1328.9,1339.3,1519000
2023-07-20,1342.9,1352.75,1333.5,1349.7,1541400
2023-07-21,1342.3,1348,1335.8,1344.5,1442700
2023-07-24,1340.95,1376.9,1297.1,1309.5,8277500
2023-07-25,1329,1389.45,1317,1386.8,8488200
2023-07-26,1388.1,1400.7,1367.3,1373.05,3690400
2023-07-27,1382.45,1382.45,1356.4,1365.2,3210900
2023-07-28,1368.45,1372.05,1357.65,1369.4,861000
2023-07-31,1363,1387.1,1358.95,1384.8,1131900
2023-08-01,1387.5,1387.5,1369.55,1377.4,858200
2023-08-02,1380.8,1402,1368.4,1385.15,3287200
2023-08-03,1394,1394.5,1358.2,1367.1,1966300
2023-08-04,1370.9,1387,1355.7,1362.45,1037400
2023-08-07,1363.9,1363.9,1340.65,1347.2,1388800
2023-08-08,1348.95,1350,1326.2,1340.35,1651300
2023-08-09,1336.05,1356,1325.15,1347.25,1522500
2023-08-10,1350.2,1363.5,1339.4,1356.75,1162000
2023-08-11,1358.75,1368.9,1349.9,1356.25,1126300
2023-08-14,1349,1354.3,1326.85,1350.2,1280300
2023-08-16,1340.3,1349.8,1328.2,1344.25,1425900
2023-08-17,1333.2,1344.95,1329.7,1340.75,1148000
2023-08-18,1342.2,1347.5,1334.45,1343.15,1162000
2023-08-21,1339.35,1363.55,1330,1354.15,2146200
2023-08-22,1354.7,1361.3,1340,1357.05,1491700
2023-08-23,1357,1369.95,1354.6,1359.7,1530200
2023-08-24,1370,1383.8,1358.1,1366.05,2174200
2023-08-25,1359,1359.85,1321.75,1337.55,2781100
2023-08-28,1345,1351.25,1336.85,1349.15,2200100
2023-08-29,1350.6,1389.75,1343.05,1382.55,4020800
2023-08-30,1387.95,1418.95,1383.25,1414.85,4057900
2023-08-31,1427.85,1442.15,1420.15,1428.65,4466700
2023-09-01,1427.95,1460,1420.85,1454.85,2660700
2023-09-04,1460.45,1467.9,1444.05,1458.4,2026500
2023-09-05,1467.85,1473.5,1456,1460.25,923300
2023-09-06,1461.85,1483.7,1461.85,1476.4,1905400
2023-09-07,1473.35,1483.75,1472,1477.7,951300
2023-09-08,1488,1488,1474.8,1485.4,894600
2023-09-11,1470.35,1497.5,1467.5,1493.2,1065400
2023-09-12,1488.55,1499.45,1463.45,1469.9,2062200
2023-09-13,1463.3,1470,1444,1456.9,1973300
2023-09-14,1459.5,1472.2,1455.5,1469,1049300
2023-09-15,1475,1512,1470.55,1508.65,3183600
2023-09-18,1509.95,1528.55,1493.55,1525.2,2432500
2023-09-20,1524.9,1533.85,1512.9,1517.3,1162700
2023-09-21,1512.7,1513.1,1491.05,1497.3,1015700
2023-09-22,1493.6,1501.85,1485.6,1498.2,1015700
2023-09-25,1503.75,1521.3,1489.55,1513.35,3464300
2023-09-26,1511,1537.65,1511,1527.45,3405500
2023-09-27,1521.25,1531.5,1513.9,1528.9,2867200
2023-09-28,1528,1550,1517.55,1524.55,6217400
2023-09-29,1523.55,1541.1,1510,1523.9,1736700
2023-10-03,1538.65,1542.6,1527.9,1535.85,1646400
2023-10-04,1530.35,1530.35,1495.3,1498.55,1726900
2023-10-05,1506.4,1514.3,1495.75,1504.8,949200
2023-10-06,1497,1519.85,1488.85,1508.15,894600
2023-10-09,1506.1,1532,1501.2,1523.3,1719200
2023-10-10,1521.4,1553.65,1521.4,1533.6,3195500
2023-10-11,1567,1573.2,1545.05,1555.85,2492700
2023-10-12,1565,1598.85,1556.4,1596.85,3103800
2023-10-13,1591.65,1605.95,1584,1598.6,1725500
2023-10-16,1607.5,1613.5,1592.65,1600.9,1543500
2023-10-17,1612.6,1612.6,1598.55,1606.7,1116500
2023-10-18,1600.25,1603.45,1586,1598.6,1375500
2023-10-19,1592.85,1610.95,1588.85,1602.2,1941800
2023-10-20,1598.65,1606.55,1590,1597.35,2071300
2023-10-23,1580.3,1605.55,1580.3,1588.05,3596600
2023-10-25,1587.6,1604.1,1568.5,1574.05,3635100
2023-10-26,1571.85,1580.5,1553.05,1576.8,3159800
2023-10-27,1581,1606.8,1580.05,1597.9,1270150
2023-10-30,1594.9,1609.35,1566.2,1604.75,1914500
2023-10-31,1619.9,1649.65,1579.2,1587.7,3433150
2023-11-01,1589.7,1594.45,1562,1564.95,1393350
2023-11-02,1566.6,1577.85,1558,1576.7,1094100
2023-11-03,1580.3,1602.8,1577.2,1599.35,1079400
2023-11-06,1608.65,1618.95,1605,1617.35,846650
2023-11-07,1625,1625,1609.8,1616.3,839650
2023-11-08,1618,1647.85,1615.05,1646.55,1255800
2023-11-09,1649.95,1651.25,1632.25,1640.9,928200
2023-11-10,1634.9,1641,1627,1635.05,719250
2023-11-12,1645.9,1648,1636,1643,124250
2023-11-13,1617.9,1648.5,1617.9,1643.25,464800
2023-11-15,1646.65,1670.4,1645.3,1668.4,1375500
2023-11-16,1671.25,1682,1665.9,1678.75,779100
2023-11-17,1689.85,1752.65,1682,1746.8,3168200
2023-11-20,1753,1755.75,1705.55,1717.65,1745450
2023-11-21,1727.6,1734.05,1717.15,1726.8,970550
2023-11-22,1733.05,1743.55,1724.15,1735.25,1356250
2023-11-23,1745.2,1781.85,1745.1,1778.45,2430400
2023-11-24,1779.95,1815.05,1778.9,1794.3,3002650
2023-11-28,1793.2,1820,1790.65,1816.95,3478300
2023-11-29,1821.6,1868.35,1817.2,1857.2,3511200
2023-11-30,1856.1,1870,1846.95,1857.65,4345250
2023-12-01,1870.05,1924.6,1866,1899.1,2592100
2023-12-04,1940.4,1944.85,1881.2,1899.1,1659700
2023-12-05,1908.9,1915.95,1888.1,1904.8,1325450
2023-12-06,1895.1,1898.6,1876.25,1892.6,1075550
2023-12-07,1892.5,1928.95,1889.45,1923.6,1150450
2023-12-08,1932.8,1932.8,1887.85,1904.9,1048600
2023-12-11,1907.8,1934.4,1901.2,1929.95,929250
2023-12-12,1933,1948.85,1922.05,1932.35,1345050
2023-12-13,1936.85,2018.55,1929.55,2014.95,3648750
2023-12-14,2023.65,2050.2,1999,2044.5,1990800
2023-12-15,2039.15,2048.2,2007,2022.1,1199800
2023-12-18,2026.45,2040,2002.4,2005.05,1239700
2023-12-19,2004.85,2008.1,1964.8,1977.9,1836100
2023-12-20,1990.4,2000.95,1945,1951.05,1768200
2023-12-21,1940.8,1975.1,1928.75,1953,1486800
2023-12-22,1942.85,1992,1940.05,1968,2986900
2023-12-26,1972.95,2006.9,1971.85,1995.05,2749950
2023-12-27,2002.5,2023.35,1987.3,2011.15,2136750
2023-12-28,2025.95,2037.95,2007.65,2021.3,2062900
2023-12-29,2027.6,2049,2015.25,2043.85,1508150
2024-01-01,2050.05,2056.85,2025.25,2030.05,833350
2024-01-02,2040,2048.95,1965.3,1978.1,1953700
2024-01-03,1980.15,2028,1967.85,2011.05,1499050
2024-01-04,2018.1,2022.4,1990,1995.45,898800
2024-01-05,2001.4,2021.25,1980.1,1989.45,1271200
2024-01-08,1994.65,2072.65,1985.05,2047.65,3283000
2024-01-09,2045,2055.9,2009.3,2021.9,1687350
2024-01-10,2014.9,2031.5,1998.65,2028.75,929250
2024-01-11,2035.7,2103.45,2030.7,2095.75,2576700
2024-01-12,2099.85,2106.85,2065,2087.65,1121400
2024-01-15,2095,2103,2015.6,2029.1,1695750
2024-01-16,2038.4,2045.85,2017.7,2034.45,1111250
2024-01-17,2018.25,2046.6,2008.55,2019.15,1388800
2024-01-18,2014.65,2031.25,1982.8,2017.9,1483650
2024-01-19,2032.2,2049.55,2016.6,2043.25,1322650
2024-01-20,2042.1,2058.4,2001.45,2010.75,651350
2024-01-23,2020.15,2045,1980.85,1988.1,2678200
2024-01-24,1990.55,2016,1966.55,2005.65,2674700
2024-01-25,2058.9,2061.45,1938,1957.25,4688600
2024-01-29,1954.05,1990.95,1944.15,1980.2,2190650
2024-01-30,1977.7,2011.9,1968.75,1973,1258250
2024-01-31,1976.65,2014,1965.05,2010.65,1318100
2024-02-01,2015.05,2033.95,1995.15,2008.75,1101450
2024-02-02,2020.45,2057.45,2013.15,2053.05,1299900
2024-02-05,2057.1,2090.5,2015.25,2029.15,1333150
2024-02-06,2034,2075,2032,2059.1,806050
2024-02-07,2067.95,2085,2046.1,2075.55,691250
2024-02-08,2071.35,2078.5,2033.9,2040.1,600950
2024-02-09,2045.2,2048.9,2010,2042.7,627200
2024-02-12,2057.85,2060,2025.25,2042.2,617050
2024-02-13,2037.9,2068.45,2027.95,2053.75,682500
2024-02-14,2040.05,2106.4,2030,2094.35,1120000
2024-02-15,2096.15,2120,2061.1,2095.6,1204350
2024-02-16,2100,2188,2097.75,2146.7,3659950
2024-02-19,2149.1,2167,2098,2128.7,1617350
2024-02-20,2116.9,2136.1,2099,2118.7,914550
2024-02-21,2098.4,2138.8,2086.2,2094.7,760550
2024-02-22,2100.45,2133.5,2088.15,2129.6,785750
2024-02-23,2133.55,2143.1,2110,2117.65,783300
2024-02-26,2115.65,2165.8,2092,2160.4,1804950
2024-02-27,2160.4,2167.25,2128.15,2136,1625400
2024-02-28,2148.65,2148.65,2073.25,2092.05,1725500
2024-02-29,2094.2,2154.35,2089.05,2141.05,3699150
2024-03-01,2154.45,2271.5,2127,2246.8,4930100
2024-03-02,2264.7,2277.6,2246.6,2257.05,359800
2024-03-04,2257.4,2268.7,2221.95,2231.45,1717100
2024-03-05,2221.95,2283.95,2221.95,2278.65,1884050
2024-03-06,2276.3,2290,2237.6,2281.3,1926750
2024-03-07,2288.75,2312.25,2261.05,2266.05,1542100
2024-03-11,2263.25,2302.2,2255,2262.95,1086050
2024-03-12,2309,2309,2232.1,2242.45,889700
2024-03-13,2240.75,2254,2128.6,2145.35,1871450
2024-03-14,2121.65,2203.4,2110.45,2166.6,1789900
2024-03-15,2156.05,2156.3,2058.05,2067.95,2012500
2024-03-18,2063.05,2067.9,2012.7,2030.85,1565200
2024-03-19,2038.4,2063.95,2016,2048.15,1387050
2024-03-20,2060,2109.8,2012.05,2041.6,2664200
2024-03-21,2070.5,2083,2030,2063.25,1516550
2024-03-22,2076.7,2092,2041.95,2059.25,1781850
2024-03-26,2052.45,2095,2037,2091.25,2130800
2024-03-27,2085.15,2136.95,2085.15,2122.9,1731100
2024-03-28,2148,2175,2119.9,2166.65,2991450
2024-04-01,2179,2203.95,2145,2154.9,1239000
2024-04-02,2165,2179,2126.05,2166.6,1768550
2024-04-03,2155.5,2161.85,2115,2118.15,1348900
2024-04-04,2117,2134.85,2079.15,2097.4,1236200
2024-04-05,2090.3,2095.8,2069.3,2079,743750
2024-04-08,2093.9,2142,2079.9,2136.4,1691900
2024-04-09,2142.6,2147.7,2104.15,2108.5,1026200
2024-04-10,2109.85,2146.8,2095,2103.9,1137150
2024-04-12,2090,2112.9,2042.6,2048.85,1443750
2024-04-15,2017.4,2048,1991.2,2005.7,1642550
2024-04-16,1971.1,2006.7,1964.95,1980,1600550
2024-04-18,1988.3,1993.3,1933.2,1945.6,2788450
2024-04-19,1921.55,1931.75,1872.75,1898.35,2548350
2024-04-22,1910.8,1949.85,1895.1,1945.15,2081450
2024-04-23,1951,1972,1921,1954.5,2121000
2024-04-24,1960.2,1971.45,1945.05,1965.6,2111550
2024-04-25,1972.75,2033,1966.35,2025.75,3817100
2024-04-26,2029.95,2057.1,2012.6,2034.65,1192450
2024-04-29,2046.65,2055.95,2028.45,2048.5,952350
2024-04-30,2059.85,2117.95,2055.65,2076.3,1893500
2024-05-02,2109.7,2138,2082.1,2092.5,2616950
2024-05-03,2102.7,2105,2050.15,2069.95,996450
2024-05-06,2085.5,2085.7,2044.25,2070.55,856100
2024-05-07,2065.45,2069.1,1984.4,1990.85,1371650
2024-05-08,1979.4,2039.8,1932,2016.9,3039400
2024-05-09,2035,2136.45,2035,2076.45,8549800
2024-05-10,2089.9,2097.95,2033,2072.65,2608550
2024-05-13,2068.05,2091.75,1983.05,2074.15,2738750
2024-05-14,2079.9,2152,2071,2146.15,2834300
2024-05-15,2150.25,2159.95,2092,2105.5,1697850
2024-05-16,2130.8,2140.45,2095.3,2135.95,1334200
2024-05-17,2144.2,2195.05,2135.05,2189.05,2039800
2024-05-18,2197.95,2201.95,2184,2190.5,218050
2024-05-21,2194.1,2196.05,2143.6,2158.3,1146600
2024-05-22,2160.65,2171,2123.65,2143.4,1127000
2024-05-23,2144.95,2187.6,2135.15,2181.25,988750
2024-05-24,2175.95,2256.5,2156,2239.8,2471000
2024-05-27,2256.35,2265.65,2211.5,2250.55,2677500
2024-05-28,2228.05,2271.15,2228,2253.6,3342150
2024-05-29,2230.15,2261.3,2221.6,2258.05,1719200
2024-05-30,2257.8,2277.45,2238.5,2244.2,2468200
2024-05-31,2276.9,2276.9,2165.95,2197.7,2947350
2024-06-03,2268,2273.85,2217.6,2260.55,2068150
2024-06-04,2245,2261.95,2074.25,2216.9,2631650
2024-06-05,2226.45,2381.35,2207.7,2360.55,3556350
2024-06-06,2366.35,2418.55,2345.2,2404.55,2968700
2024-06-07,2400.65,2434.65,2392.85,2411.05,1465100
2024-06-10,2423,2446.05,2414,2438.3,2330650
2024-06-11,2445.05,2457,2423.2,2446.25,1041600
2024-06-12,2444,2450.65,2418,2422.85,1258250
2024-06-13,2428.3,2468,2423,2447.6,1164450
2024-06-14,2457,2522.25,2442.1,2502.35,2103150
2024-06-18,2505,2505,2457.25,2479.3,1992550
2024-06-19,2468.05,2480.8,2436.15,2440.85,1501500
2024-06-20,2429.15,2453.3,2393.3,2427.95,1574650
2024-06-21,2437.95,2466.65,2422.95,2434.4,1373050
2024-06-24,2431.05,2456.75,2422.05,2442.9,2087400
2024-06-25,2439.3,2479.85,2407.15,2414.75,3336550
2024-06-26,2410,2410,2356.3,2380.75,2353400
2024-06-27,2387.45,2415.05,2351.3,2361.3,3994200
2024-06-28,2368.9,2384.95,2343.65,2374.5,1144850
2024-07-01,2369.2,2398,2353.1,2369.5,987350
2024-07-02,2345,2378.4,2320,2345.95,1700300
2024-07-03,2335.15,2379,2308.5,2321.25,1751050
2024-07-04,2360,2405.95,2328.5,2378.9,2486400
2024-07-05,2387.7,2445.5,2383.05,2437.1,3941350
2024-07-08,2442,2448.1,2394,2403.9,1388800
2024-07-09,2412.95,2450.35,2401.9,2443.1,1705200
2024-07-10,2446.4,2479.95,2408.3,2444.1,1970850
2024-07-11,2442.35,2494.4,2442.35,2477.9,1782200
2024-07-12,2475.6,2489.65,2427.65,2446.85,1310400
2024-07-15,2451.65,2462,2429.95,2458.95,616700
2024-07-16,2457.15,2481.4,2445.65,2465,702800
2024-07-18,2459.8,2465.8,2388.25,2413.85,1564850
2024-07-19,2417.7,2418.4,2372.35,2401.8,1369550
2024-07-22,2419.75,2443.45,2368.4,2421.65,2370900
2024-07-23,2443.8,2489.35,2342.4,2473.2,3385200
2024-07-24,2472.85,2479.8,2417,2443.85,1171450
2024-07-25,2426.25,2476.25,2426.25,2464.05,2080050
2024-07-26,2455.5,2545,2455.45,2526.1,2409050
2024-07-29,2532,2555,2483,2501.9,1239700
2024-07-30,2491.8,2528.85,2489.15,2513.75,1032500
2024-07-31,2505.25,2574.9,2505.25,2547.7,2233700
2024-08-01,2552.95,2612.5,2532,2591.55,4396700
2024-08-02,2575.45,2594.2,2532.8,2575,1732500
2024-08-05,2545.2,2563.45,2465,2497.2,2513700
2024-08-06,2511,2536.15,2433.7,2483.35,3598700
2024-08-07,2534.65,2629.05,2534.65,2588.2,3981600
2024-08-08,2604.95,2604.95,2517,2538.05,1421700
2024-08-09,2575.3,2601.2,2547.3,2593.75,1335250
2024-08-12,2575.6,2587,2546.1,2579.95,1111950
2024-08-13,2563.1,2656.75,2553,2637.6,2763950
2024-08-14,2650.05,2656.3,2602,2605.55,1766100
2024-08-16,2617.85,2621.9,2574,2609.6,1384950
2024-08-19,2616.95,2629,2593.1,2614.5,778750
2024-08-20,2610.05,2650,2610,2642.8,870800
2024-08-21,2631,2640.4,2604.2,2638.1,669200
2024-08-22,2653.75,2722.15,2635.05,2706.3,1691900
2024-08-23,2755,2819.85,2750,2771.8,4279800
2024-08-26,2785.25,2791.55,2746.1,2781.55,2681350
2024-08-27,2791.75,2791.75,2727.15,2743.1,2313850
2024-08-28,2749.6,2760,2718.95,2736.95,1642200
2024-08-29,2754.6,2781.4,2738.05,2781.4,2570400
2024-08-30,2783.85,2831.95,2773.35,2827.4,2605750
2024-09-02,2850,2874.95,2797,2807.4,2256450
2024-09-03,2816.95,2816.95,2792.8,2798.6,1282750
2024-09-04,2798.05,2800,2749.95,2789.6,938350
2024-09-05,2795,2817.8,2763,2769.9,1072750
2024-09-06,2765.85,2789.25,2738,2756.25,1522850
2024-09-09,2757,2774.9,2724.15,2769.3,985600
2024-09-10,2763.9,2792.95,2728,2761.4,775600
2024-09-11,2752.6,2790,2732.35,2765,989450
2024-09-12,2791.8,2834.65,2775.3,2829.25,1766100
2024-09-13,2827.8,2849,2823.8,2832.8,1102150
2024-09-16,2842.55,2852.6,2813.3,2847.3,982450
2024-09-17,2847.05,2854.95,2792.05,2826.2,1499050
2024-09-18,2823.5,2842,2778.35,2790.55,1038800
2024-09-19,2807.75,2818.5,2736.1,2773.6,1379350
2024-09-20,2770,2828,2755.95,2819.85,1793750
2024-09-23,2831.1,2881.1,2812.65,2844.75,2606800
2024-09-24,2837,2883.45,2832.3,2864.8,2959600
2024-09-25,2874.55,2891.85,2841.85,2864.25,3723300
2024-09-26,2884.65,2925.4,2853.95,2914.15,2789850
2024-09-27,2896.45,2976.35,2891,2967.15,1927100
2024-09-30,2951.7,2951.75,2824.9,2864.6,3129000
2024-10-01,2889.2,2889.2,2833.45,2862.8,2062200
2024-10-03,2784.3,2823.5,2740.5,2748.75,2317000
2024-10-04,2755,2769,2679,2702.85,2139550
2024-10-07,2718.65,2726.4,2635.95,2650.3,1705900
2024-10-08,2649.1,2757.9,2642.7,2750.55,2288650
2024-10-09,2755.15,2813.2,2736.95,2788.75,1726900
2024-10-10,2783.05,2839.7,2775.05,2802.75,1549100
2024-10-11,2793.35,2814.25,2780.05,2807.8,696850
2024-10-14,2806,2852.4,2801.8,2837.3,1328950
2024-10-15,2842.55,2854.85,2812.55,2838.15,1003450
2024-10-16,2830.7,2837.1,2763.55,2780.55,1402450
2024-10-17,2745.7,2757.8,2606.25,2690.1,5384400
2024-10-18,2676.35,2765,2640.8,2728.5,1618400
2024-10-21,2727.05,2766,2676.25,2747.7,1837850
2024-10-22,2758.4,2758.4,2663.2,2669.35,1373750
2024-10-23,2671.05,2779.9,2488.9,2570.05,11279100
2024-10-24,2631,2652.45,2482.5,2490.9,6115550
2024-10-25,2490.95,2496.3,2380.3,2448.8,3074750
2024-10-28,2441,2482.95,2414.2,2462.85,2455950
2024-10-29,2458.55,2472.25,2415,2448.75,3089100
2024-10-30,2464.3,2498,2432.75,2462.75,2951900
2024-10-31,2458.6,2510,2458.6,2503.05,2992500
2024-11-01,2520,2575,2503.6,2511.95,283500
2024-11-04,2522,2525,2410.65,2425.3,1536500
2024-11-05,2425.1,2477,2410.1,2470.9,1145200
2024-11-06,2489.75,2520,2473.25,2499.95,1603700
2024-11-07,2487.1,2511.7,2455.65,2485.7,1103900
2024-11-08,2473.1,2499,2455.7,2475.4,763350
2024-11-11,2461.25,2504.25,2446.6,2471.9,781200
2024-11-12,2480.5,2492.25,2440,2446,924000
2024-11-13,2420.5,2436.3,2366.05,2389.75,1680350
2024-11-14,2390.85,2421,2366,2400.75,735700
2024-11-18,2396,2444.5,2396,2419.05,998550
2024-11-19,2420.95,2473.6,2417.6,2432.8,1239000
2024-11-21,2449.9,2449.9,2384.85,2393.45,1089900
2024-11-22,2395.1,2429.9,2364.95,2418.1,1382150
2024-11-25,2444,2488.8,2444,2461,3357200
2024-11-26,2450.2,2461.15,2409.95,2424.25,3470600
2024-11-27,2435.05,2439.75,2407.6,2433.8,2584750
2024-11-28,2459,2473.9,2418.6,2424.15,2860900
2024-11-29,2408.45,2459,2408.45,2451.6,1038800
2024-12-02,2459.4,2505,2459.35,2502.6,2242450
2024-12-03,2505.5,2580,2505.5,2563,2496550
2024-12-04,2567.9,2571.25,2509.9,2524.2,1264200
2024-12-05,2525.3,2530,2477.5,2516.75,1098650
2024-12-06,2514.6,2545.6,2506.8,2532.15,1283800
2024-12-09,2525.3,2543.1,2493.4,2499.55,635950
2024-12-10,2509.7,2527.15,2496,2523.5,646100
2024-12-11,2525.1,2546.7,2521.95,2538.45,744800
2024-12-12,2539,2543.6,2503.1,2529,671650
2024-12-13,2511.45,2534.55,2466.85,2529.6,1272950
2024-12-16,2528.4,2541.75,2514.15,2534.95,633850
2024-12-17,2523.25,2528.7,2445,2456.25,1547350
2024-12-18,2444.95,2489.85,2438.2,2479.95,1355550
2024-12-19,2402.55,2472.65,2402.55,2461.55,1118250
2024-12-20,2462,2468.5,2381,2389.15,2123800
2024-12-23,2408.5,2423,2382.2,2390.1,3204600
2024-12-24,2396.25,2436.55,2373.4,2428.8,2379300
2024-12-26,2446.65,2468.25,2435.9,2453.2,2706900
2024-12-27,2450.05,2508,2435.5,2439.15,1200850
2024-12-30,2449.15,2449.15,2362.05,2377,2195900
2024-12-31,2369.8,2392.65,2360.75,2386.35,839300
2025-01-01,2380.05,2432.8,2364.55,2418.3,942200
2025-01-02,2420,2523.8,2418.6,2518.45,3771250
2025-01-03,2531.75,2531.75,2482.05,2496.55,1110550
2025-01-06,2470.3,2508.3,2412.95,2424,1121400
2025-01-07,2420,2456.1,2378.5,2391.9,1124550
2025-01-08,2395.4,2401.6,2355.7,2372.9,1106000
2025-01-09,2408.9,2408.9,2322.75,2339.65,1421700
2025-01-10,2317.95,2341.75,2283.5,2294.3,1126300
2025-01-13,2294.3,2297.25,2181.15,2186.5,1906450
2025-01-14,2217.15,2273.75,2200,2246.15,1401750
2025-01-15,2275.8,2275.8,2235,2259.6,2010400
2025-01-16,2270.25,2316,2270.25,2286.8,1428700
2025-01-17,2277.1,2315.2,2263,2306.1,915250
2025-01-20,2309.95,2315,2252.3,2301.65,1250200
2025-01-21,2309.9,2333.15,2285,2293.4,1295350
2025-01-22,2292.4,2310.9,2247.3,2276.5,980000
2025-01-23,2263.1,2306.95,2252,2301.25,724150
2025-01-24,2292.15,2307.9,2257.75,2269.05,811300
2025-01-27,2261.8,2270.05,2219,2233.15,3392900
2025-01-28,2247.4,2373.1,2214.6,2336.75,6996150
2025-01-29,2365.95,2541.25,2365.3,2460.95,4146450
2025-01-30,2467.55,2513.15,2452,2467.15,3602200
2025-01-31,2504.05,2504.05,2455,2465.3,1228850
2025-02-01,2455.1,2700,2450,2566.05,3627400
2025-02-03,2565.95,2666.5,2538.75,2659.1,4438350
2025-02-04,2659.95,2725,2643.7,2651.85,2186450
2025-02-05,2638.7,2662.8,2607.35,2622.85,1047200
2025-02-06,2652.85,2652.85,2596.65,2603.4,831950
2025-02-07,2618.85,2642,2582.2,2613.85,1070650
2025-02-10,2622.25,2622.25,2540,2562.25,1034950
2025-02-11,2582.55,2582.55,2481.05,2495,931000
2025-02-12,2487.2,2502.85,2428.65,2497.25,1450050
2025-02-13,2499,2528.25,2463.95,2476.95,837900
2025-02-14,2478.35,2488.05,2375,2406.5,1299550
2025-02-17,2391.35,2410.5,2358.15,2370.9,1250550
2025-02-18,2371.75,2371.75,2341,2352.75,1129100
2025-02-19,2340,2402.1,2329.5,2386.6,1194200
2025-02-20,2384.8,2425,2347,2418.5,1330350
2025-02-21,2420.6,2421,2303.45,2327.1,4509400
2025-02-24,2299,2374.75,2269.65,2363,4034100
2025-02-25,2370.7,2394.1,2346.6,2360.45,2817150
2025-02-27,2340.15,2374.45,2306.8,2345.25,3694250
2025-02-28,2325.65,2325.65,2200.1,2233.25,1517950
2025-03-03,2281.1,2339.8,2256.5,2324.2,2254350
2025-03-04,2294,2333.1,2261,2292.35,1540350
2025-03-05,2281.8,2347,2281.8,2335.2,1112650
2025-03-06,2322.5,2359.5,2291.15,2318,1139600
2025-03-07,2329.85,2357.7,2310,2332.8,1058400
2025-03-10,2316.1,2335.95,2241.9,2253.35,1049650
2025-03-11,2239.9,2296.4,2221.2,2287.85,1596350
2025-03-12,2271.05,2299.55,2237.8,2263.45,975100
2025-03-13,2262.55,2284.6,2246.15,2253.95,914200
2025-03-17,2276.95,2310.25,2255.45,2259.1,1115100
2025-03-18,2228.55,2326.75,2228.55,2306.05,1811250
2025-03-19,2306.15,2334.9,2298.65,2319.1,944300
2025-03-20,2350.1,2350.1,2300.15,2337.55,1265600
2025-03-21,2324.9,2439.65,2324.9,2408,1957200
2025-03-24,2433,2444.65,2381.45,2431.55,3899350
2025-03-25,2445.4,2445.4,2399.35,2406.1,3580150
2025-03-26,2413.7,2442.3,2401.6,2421.05,2328550
2025-03-27,2457.75,2474.9,2407.45,2467.5,4437300
2025-03-28,2467.35,2479.7,2408.8,2430,1023050
2025-04-01,2440,2465.8,2401.9,2451.2,1250550
2025-04-02,2461,2525.45,2451.3,2502.9,1502900
2025-04-03,2465.05,2509.3,2451.2,2487.5,947800
2025-04-04,2485,2503.45,2453,2468.2,957950
2025-04-07,2221.4,2399.05,2221.4,2368.55,2384200
2025-04-08,2398.95,2451.95,2362.5,2440,1753150
2025-04-09,2439.95,2489.2,2422.55,2477.8,1768200
2025-04-11,2507.45,2531.95,2497.55,2518.1,985250
2025-04-15,2576.2,2601.1,2550,2586.8,1638700
2025-04-16,2585,2619,2571,2613.2,1100400
2025-04-17,2607.6,2685.4,2604.1,2675.6,1255800
2025-04-21,2671.4,2738.2,2664,2728.8,3471300
2025-04-22,2730,2764.6,2722,2732.4,2658250
2025-04-23,2731.2,2818.7,2714.9,2810.6,3020850
2025-04-24,2821.1,2831,2765.8,2791.2,3288250
2025-04-25,2808.4,2820,2705.1,2744.5,1255450
2025-04-28,2746.3,2865.4,2718,2818.4,4583600
2025-04-29,2777,2803,2687,2711.7,4060000
2025-04-30,2711.7,2711.7,2665.7,2681.8,1524950
2025-05-02,2709.9,2766,2705.2,2725.5,2708300
2025-05-05,2737.3,2804.7,2735,2788,1598800
2025-05-06,2792,2839.8,2770.9,2779.6,1517600
2025-05-07,2760.2,2820.8,2760.2,2798.9,709100
2025-05-08,2828.6,2828.6,2691,2702.8,1063650
2025-05-09,2655.1,2693.7,2645.4,2673.2,1259650
2025-05-12,2726.9,2779.7,2726.9,2773.6,1196650
2025-05-13,2788.6,2788.6,2703.7,2716.6,918050
2025-05-14,2741.7,2748.9,2694.3,2737.4,837200
2025-05-15,2739.4,2805.4,2712.7,2799.4,1458450
2025-05-16,2799.4,2858.7,2781.4,2846.2,1349250
2025-05-19,2858.7,2880,2820.8,2828.2,1053150
2025-05-20,2828,2829.8,2755.7,2761.2,1038100
2025-05-21,2763,2811.6,2744.6,2774.8,835450
2025-05-22,2789,2810.6,2719,2804.7,1136450
2025-05-23,2828.2,2828.2,2782.2,2786.4,980000
2025-05-26,2780,2813.1,2758.9,2781,2480100
2025-05-27,2768.8,2806,2743.2,2800.4,3843350
2025-05-28,2805.5,2809.5,2775.6,2797.2,2621150
2025-05-29,2814.6,2846,2801.1,2820.6,2907800
2025-05-30,2796.1,2811.9,2743.7,2796.3,1184050
2025-06-02,2805,2805,2732,2772,1184750
2025-06-03,2772.3,2783.4,2746,2756.5,690200
2025-06-04,2756.1,2786.2,2755.9,2769.7,461300
2025-06-05,2765.1,2773.1,2711,2726,1213100
2025-06-06,2737.2,2770.5,2719.1,2759.2,1442700
2025-06-09,2762.1,2775,2730.6,2755.5,890750
2025-06-10,2758.4,2775,2743.1,2752.4,616700
2025-06-11,2764.9,2820,2764.9,2782.1,2206050
2025-06-12,2802.7,2802.7,2733,2741.3,903000
2025-06-13,2730,2747.7,2651.4,2741.8,1121750
2025-06-16,2745.7,2800,2724.2,2797.8,943250
2025-06-17,2810,2810,2774,2778,604450
2025-06-18,2771,2831.2,2766,2783.7,1078000
2025-06-19,2784.5,2817.7,2773.9,2783.2,779100
2025-06-20,2789,2837.9,2753.4,2817.6,1592850
2025-06-23,2808.9,2810,2765.4,2781.7,3216500
2025-06-24,2800,2877,2799.4,2835,3276700
2025-06-25,2849,2919.7,2835.7,2914.1,3149300
2025-06-26,2929.9,2944,2902.9,2926.2,3307850
2025-06-27,2926.7,2964,2922.5,2936.8,1997100
2025-06-30,2936.9,2947.8,2876.4,2920.6,1796900
2025-07-01,2926,2944,2892.3,2902.3,1804250
2025-07-02,2905,2919.4,2889.3,2907.1,815500
2025-07-03,2927,2954.2,2906.4,2911.3,1042650
2025-07-04,2909.9,2920,2860,2891.5,865900
2025-07-07,2893.3,2898,2871.7,2881.4,536550
2025-07-08,2883.2,2885.2,2807.6,2838.2,908250
2025-07-09,2836.5,2849.8,2826.9,2846.8,592550
2025-07-10,2822.6,2852.1,2822.6,2829.5,373100
2025-07-11,2820,2829.2,2753.1,2760.6,869400
2025-07-14,2754,2817.9,2748.6,2813.6,1156400
2025-07-15,2811.4,2908,2809.2,2891,1588300
2025-07-16,2884.4,2906.9,2866.6,2898.5,647150
2025-07-17,2898.9,2917,2883.4,2890.1,695450
2025-07-18,2895.8,2904.3,2856.5,2860.2,644700
2025-07-21,2860.2,2895,2841,2845.5,792750
2025-07-22,2841,2845,2795.9,2802.1,731500
2025-07-23,2817.6,2842.6,2799,2812.1,668500
2025-07-24,2824.8,2832.8,2785.5,2800.8,572600
2025-07-25,2782.4,2789.2,2732.9,2778.7,1136100
2025-07-28,2781.7,2837.8,2761.7,2807,2605750
2025-07-29,2810,2829.5,2790.2,2806.5,2770250
2025-07-30,2811.6,2824.5,2755.8,2793,2469600
2025-07-31,2792.2,2857.5,2758.8,2806.1,4540900
2025-08-01,2810,2896,2800,2866.7,4171650
2025-08-04,2895,2974.5,2889,2940.9,3454850
2025-08-05,2949.1,2983.8,2917,2976,1709400
2025-08-06,2978.9,2996.9,2942.4,2957.4,1088500
2025-08-07,2960,3017.9,2937.7,3011.4,1642550
2025-08-08,3012,3021.3,2968,2973.7,883750
2025-08-11,2984.9,2995.5,2961.4,2989.4,833000
2025-08-12,2990.1,3003.8,2965.4,2971.2,815150
2025-08-13,2975,3020,2942,2996.6,2509150
2025-08-14,3008,3017.4,2963,2996.8,1472100
2025-08-18,3145,3224,3105,3195.6,4780300
2025-08-19,3189.7,3233.3,3178.8,3228.3,1733550
2025-08-20,3220,3245,3198.3,3206.8,1436750
2025-08-21,3210,3276.4,3202.3,3255,1689800
2025-08-22,3260,3273.4,3247.1,3264.6,3471300
2025-08-25,3285,3333.3,3258,3283.6,3476200
2025-08-26,3279,3298.4,3251.1,3276,3636150
2025-08-28,3331.2,3351,3268,3277.4,3045000
2025-08-29,3260.1,3327,3260.1,3294.3,1271900
2025-09-01,3304.9,3395.2,3294.5,3375.6,1870400
2025-09-02,3384.8,3407.7,3349.2,3381.7,1334200
2025-09-03,3377.1,3424,3363,3414.6,1009400
2025-09-04,3489,3489,3434.5,3441.6,1765050
2025-09-05,3459,3498.4,3456.3,3494.3,1189650
2025-09-08,3516,3617.7,3514.9,3602.3,1806700
2025-09-09,3606.7,3618.2,3562.1,3585.5,1097950
2025-09-10,3629,3629,3497.1,3513,1668800
2025-09-11,3505.5,3532.8,3473.1,3520.3,1205400
2025-09-12,3528.2,3565,3496,3508.5,965650
2025-09-15,3544.9,3544.9,3486.2,3494.1,756350
2025-09-16,3495,3532.6,3495,3516,798350
2025-09-17,3519.6,3531.9,3500,3510.9,623700
2025-09-18,3540.9,3559,3505.1,3554.6,964950
2025-09-19,3559.1,3559.1,3525,3542.4,652750
2025-09-22,3546,3582,3534.2,3537.1,850500
2025-09-23,3565.5,3607.2,3505.8,3521.9,982100
2025-09-24,3500,3525.6,3452,3463.6,851200
2025-09-25,3461.6,3472.1,3408.2,3416.3,3308900
2025-09-26,3418.2,3462.2,3401.3,3417.6,3299450
2025-09-29,3428.2,3447,3393.9,3437,3372600
2025-09-30,3465.1,3474.9,3425.6,3463.8,1535800
2025-10-01,3467.7,3493.9,3448.1,3471.2,788200
2025-10-03,3463.8,3474.3,3383.1,3468.2,1097250
2025-10-06,3454.6,3532,3441.9,3523,1139250
2025-10-07,3527.9,3555,3505.1,3533,638050
2025-10-08,3540,3548,3491.3,3496.1,471450
2025-10-09,3496.7,3503.9,3465,3496.6,660450
2025-10-10,3495.5,3535,3480,3505.3,615300
2025-10-13,3480,3542.5,3474,3509.4,773850
2025-10-14,3508.8,3528.7,3480.4,3516,628250
2025-10-15,3515.1,3583.9,3515.1,3579.4,1291150
2025-10-16,3575.1,3640.7,3565.9,3581,1519350
2025-10-17,3576.5,3658,3576.5,3653.7,1348200
2025-10-20,3686.8,3707.8,3646.4,3658.6,659750
2025-10-21,3690,3690,3646.1,3656.5,70700
2025-10-23,3674.5,3694.6,3589.8,3604,3671500
2025-10-24,3581.1,3639.9,3581.1,3596.2,3037300
2025-10-27,3597.4,3639.1,3597.4,3636.4,2754500
2025-10-28,3650,3696,3540,3574.8,5443900
2025-10-29,3611,3619.9,3510.9,3521.2,2947175
2025-10-30,3530,3559.4,3503.1,3514,1359400
2025-10-31,3518.3,3564,3511.3,3527.3,1013075
2025-11-03,3538,3546,3500,3527,710850
2025-11-04,3527.4,3541.4,3474,3495.2,1621725
2025-11-06,3466.1,3527.7,3426.1,3458.4,1076425
2025-11-07,3457.5,3483.3,3351.1,3471.3,1599325
2025-11-10,3483,3514.9,3480.5,3502.7,652925
2025-11-11,3514.7,3514.7,3453.5,3481.4,1100050
2025-11-12,3481.2,3498.9,3455.8,3465.5,953925
2025-11-13,3465.1,3480,3451.4,3456.2,552475
2025-11-14,3441.3,3474.4,3381,3399.1,1266125
2025-11-17,3403,3488,3395.5,3479.4,1137675
2025-11-18,3475.8,3499,3465.1,3479.3,690725
2025-11-19,3476,3503.3,3443.8,3476.7,552125
2025-11-20,3476,3503,3462.3,3490.9,2544500
2025-11-21,3496.4,3496.5,3432.3,3441,2430225
2025-11-24,3452.2,3471,3421.5,3441.9,3032750
2025-11-25,3488,3500,3458.1,3464.2,2717575
2025-11-26,3469.6,3569,3459.7,3564.1,973000
2025-11-27,3564,3599.9,3528,3543,991550
2025-11-28,3545,3594.6,3524.8,3556.6,821800
2025-12-01,3590,3678.9,3576,3675.3,1942675
2025-12-02,3666.1,3697,3665.1,3684.7,1164450
2025-12-03,3680,3689.9,3627.1,3645.5,692650
2025-12-04,3647.5,3687.8,3632.5,3660.7,694225
2025-12-05,3659.7,3699,3641.8,3683.8,567700
2025-12-08,3648,3684.5,3603.6,3620.9,597100
2025-12-09,3601,3639.7,3560.1,3629.8,779625
2025-12-10,3627.1,3662.7,3605.9,3612.5,483525
2025-12-11,3617,3659.8,3594.2,3654.8,533050
2025-12-12,3654.8,3672.4,3635.3,3665.6,328300
2025-12-15,3647.5,3656,3603.9,3645.1,345450
2025-12-16,3648.6,3654.6,3612.6,3628.8,353325
2025-12-17,3607.9,3665,3607.9,3643.9,408100
2025-12-18,3645,3645.4,3566,3593.8,1063475
2025-12-19,3606.6,3687.6,3598.1,3677.7,655900
2025-12-22,3688.2,3743.9,3681.3,3708.7,751100
2025-12-23,3708.7,3711.7,3677.2,3690.8,1403675
2025-12-24,3674.7,3725,3657,3672.7,2376850
2025-12-26,3660.2,3678.9,3627.1,3636.2,2442650
2025-12-29,3633.3,3644.4,3570.4,3576.4,2369500
2025-12-30,3595,3669.3,3570.8,3650.6,1981700
2025-12-31,3668,3748,3657.3,3742.2,797300
2026-01-01,3755,3817.9,3738.5,3812.5,977550
2026-01-02,3865,3917.9,3845.1,3861.5,1482075
2026-01-05,3875,3920.1,3855.3,3873.5,814275
2026-01-06,3874.7,3902,3852.8,3887.1,612675
2026-01-07,3893,3901.8,3838,3856.8,539875
2026-01-08,3836.8,3870.4,3810,3816.5,616525
2026-01-09,3800.6,3862.6,3767.3,3774,641725
2026-01-12,3790.2,3790.2,3671.3,3770,760550
2026-01-13,3770.8,3784.6,3712.2,3764.8,1151675
2026-01-14,3716.6,3771.9,3694,3703.7,728175
2026-01-16,3699.2,3732.9,3653.6,3679.2,935200
2026-01-19,3650,3710,3630.4,3700.6,761425
2026-01-20,3701,3718.9,3598.1,3614.8,634200
2026-01-21,3603.1,3614.9,3530,3602.4,2640050
2026-01-22,3594.1,3662.9,3545.9,3567.8,3513650
2026-01-23,3560,3608.9,3525,3534.7,3348275
2026-01-27,3570,3595,3518.7,3580.2,2073750
2026-01-28,3607.7,3773.1,3506.2,3753.7,4374825
2026-01-29,3750,3774.3,3622.1,3675.8,1941450
2026-01-30,3641,3726,3640.5,3692.4,891625
2026-02-01,3675,3717.3,3528.2,3605.1,665000
2026-02-02,3609.8,3662,3568.3,3653.2,912100
2026-02-03,3740,3774.4,3702.6,3730.7,1191400
2026-02-04,3725,3782.2,3705.7,3745.2,904750
2026-02-05,3737.5,3748.8,3704.5,3726.8,645575
2026-02-06,3709.8,3774.9,3672.9,3760.4,976500
2026-02-09,3774,3790.7,3727.2,3772.5,667275
2026-02-10,3759,3792,3756,3775.2,696325
2026-02-11,3794,3895,3770.1,3868.5,1153775
2026-02-12,3888,3908,3855.5,3882.4,591675
2026-02-13,3873.8,3895,3836.1,3868.3,330400
2026-02-16,3870,3894.4,3810.4,3819.6,463225
2026-02-17,3822,3892,3798.6,3880.6,627550
2026-02-18,3890,3899,3860,3882.4,596400
2026-02-19,3886.3,3897.3,3814,3826.7,2541875
2026-02-20,3857.5,3857.8,3786.2,3809,3072125
2026-02-23,3834.8,3888,3807.2,3820.8,2536800
2026-02-24,3870,3870,3753.1,3826.9,3970925
2026-02-25,3835.2,3952.1,3815,3935.9,1338225
2026-02-26,3970,3984,3927.2,3971.7,1067675
2026-02-27,3968,3978,3873.7,3892.1,1159200
2026-03-02,3833.1,3923.1,3751,3812.2,1677550
2026-03-04,3730,3767.1,3655.1,3743,1148525
2026-03-05,3772,3831.9,3734.2,3810,809900
2026-03-06,3810,3819.5,3763.7,3777,661325
2026-03-09,3659.8,3698.1,3590,3640.4,1129800
2026-03-10,3733.7,3789,3679.8,3783.4,737450
2026-03-11,3810,3810,3586.3,3597.2,1457575
2026-03-12,3503,3548.4,3411,3426.6,2018100
2026-03-13,3395.1,3407.6,3294.1,3333.6,1676500
2026-03-16,3334,3395,3292,3372.4,1154475
2026-03-17,3388,3497.7,3350.1,3488.5,1685075
2026-03-18,3518,3574.2,3501.4,3567.4,1209075
2026-03-19,3480.1,3508.8,3409.7,3445.7,1059450
2026-03-20,3466,3532.9,3437.5,3454.8,715925
2026-03-23,3406,3419,3374.9,3396.2,688275
2026-03-24,3425,3496.8,3400,3469.5,2777950
2026-03-25,3492,3582.2,3492,3526.4,3559500
2026-03-27,3501,3501,3422,3437.2,4224500
2026-03-30,3435,3435,3362,3376,2688000
2026-04-01,3429.5,3521.9,3413.9,3445.8,1188075
2026-04-02,3415,3415.6,3306.8,3405,1080450
2026-04-06,3455.8,3519,3425.2,3507.7,968450
2026-04-07,3482,3495.4,3428.1,3487.9,564550
2026-04-08,3564.4,3745.5,3564.4,3714.5,1131900
2026-04-09,3725,3779.1,3683.4,3738.4,753550
2026-04-10,3758,3854.4,3758,3845.5,1041775
2026-04-13,3785,3785.1,3724,3743.9,748300
2026-04-15,3790,3829.8,3755.3,3787.4,674625
2026-04-16,3810,3825,3740.3,3766.9,461650
2026-04-17,3772.3,3797.7,3732.9,3747.3,804650
2026-04-20,3746.5,3789.9,3704,3769.8,506450
2026-04-21,3795,3808,3755.5,3760.2,380100
2026-04-22,3740,3779.2,3656.3,3669.2,590450
2026-04-23,3628,3629.9,3485.1,3513.2,2295825
2026-04-24,3511.4,3533.4,3454.2,3486.9,2846900
2026-04-27,3500.1,3562.9,3486.1,3554,2704625
2026-04-28,3559.9,3579.7,3505,3515.4,1714125
2026-04-29,3492.6,3623.3,3492.6,3574.7,931525
2026-04-30,3501,3532.3,3421,3514.4,1191925
2026-05-04,3401,3550,3388.9,3507.7,1360625
2026-05-05,3505,3558.3,3464.4,3543.3,600950
2026-05-06,3568.9,3638.5,3523.4,3633,1089550
2026-05-07,3605,3743.9,3600.6,3715.2,1042475
2026-05-08,3670,3734.3,3650.1,3712.6,448700
2026-05-11,3675.4,3692.6,3609.1,3619.3,637525
2026-05-12,3592.4,3615,3543.4,3564.4,929775
2026-05-13,3580,3662.5,3487.3,3539.7,2729475
2026-05-14,3535,3535,3385.8,3474.6,1971200
2026-05-15,3487.2,3512,3423.8,3475.9,766850
2026-05-18,3408.3,3427,3285,3298.1,1894375
2026-05-19,3282,3325.5,3235.6,3293.6,1663200
2026-05-20,3300,3385,3240,3368.7,1166900
2026-05-21,3390,3399.9,3350,3388.1,2671025
2026-05-22,3388.1,3452.8,3388.1,3427.8,2492875
2026-05-25,3446,3504.4,3421.8,3477.5,3545325
2026-05-26,3481.1,3491.1,3445.6,3470.1,1253525
2026-05-27,3446.6,3502,3393.8,3414,1548925
2026-05-29,3454,3487,3366.4,3396.4,1706075
2026-06-01,3407.1,3446.1,3361.5,3371.5,1028825
2026-06-02,3371.4,3411.9,3315.4,3392.6,480725
2026-06-03,3362.9,3386.6,3330,3347.9,728000
2026-06-04,3336.8,3407.6,3322,3382.6,717500
2026-06-05,3416,3418,3367.4,3400.3,715225
2026-06-08,3340,3402,3310,3326.7,603400
2026-06-09,3346.1,3389,3338.1,3380.8,865725
2026-06-10,3352.6,3398,3332.6,3345.1,806925
2026-06-11,3294,3350,3294,3303.4,651875
2026-06-12,3340,3379,3281,3332.3,1592325
2026-06-15,3378,3488,3360,3466.3,1607025
2026-06-16,3470,3470.3,3424.3,3447.9,477575
2026-06-17,3465,3488.8,3420.9,3454.5,557025
2026-06-18,3453.6,3480,3453.6,3466.8,303450
2026-06-19,3434.2,3463.6,3419.4,3452.2,555975
2026-06-22,3490,3507,3455.2,3489.2,631925
2026-06-23,3499.9,3521.9,3445,3458.4,725025
2026-06-24,3441.5,3479,3379.8,3447.9,3858225
2026-06-25,3452.4,3600,3452.4,3566.8,5303900