time,open,high,low,close,Volume
2016-06-27T09:15:00+05:30,295.1,300.9,295.1,297.6,2434000
2016-06-27T13:15:00+05:30,297.5,297.75,295.2,296,816000
2016-06-28T09:15:00+05:30,299.3,300.85,297.8,299.25,3418000
2016-06-28T13:15:00+05:30,298.95,299.65,296.2,297.45,1468000
2016-06-29T09:15:00+05:30,299.35,303.35,297.7,301.35,4184000
2016-06-29T13:15:00+05:30,301.25,302.65,299.1,302.65,1372000
2016-06-30T09:15:00+05:30,304.6,312.25,303.8,309.4,4818000
2016-06-30T13:15:00+05:30,309.2,312.85,308.7,312.8,2168000
2016-07-01T09:15:00+05:30,313.9,315.9,312.45,312.5,2472000
2016-07-01T13:15:00+05:30,312.45,313.3,309,310,1214000
2016-07-04T09:15:00+05:30,315.25,317,313.05,313.7,2888000
2016-07-04T13:15:00+05:30,313.6,314.25,312.1,313.85,1090000
2016-07-05T09:15:00+05:30,313.5,313.5,307.4,310.3,1984000
2016-07-05T13:15:00+05:30,310.3,310.3,307.55,307.75,672000
2016-07-07T09:15:00+05:30,307.8,307.8,300.35,301.45,2748000
2016-07-07T13:15:00+05:30,301.45,303,300,300.6,1032000
2016-07-08T09:15:00+05:30,300.4,302,295.35,298.95,1714000
2016-07-08T13:15:00+05:30,299.1,299.25,297.55,298.45,648000
2016-07-11T09:15:00+05:30,301.95,303.55,298.95,300.7,2212000
2016-07-11T13:15:00+05:30,300.5,300.85,299.1,299.5,910000
2016-07-12T09:15:00+05:30,300.95,305.6,300.8,303.6,2184000
2016-07-12T13:15:00+05:30,303.6,307.6,302.1,306.8,1480000
2016-07-13T09:15:00+05:30,309.6,311.9,307.05,309.95,3438000
2016-07-13T13:15:00+05:30,310,311.3,306.25,306.9,1582000
2016-07-14T09:15:00+05:30,304.15,305.75,302,304.85,1940000
2016-07-14T13:15:00+05:30,305,305.9,303,303,1144000
2016-07-15T09:15:00+05:30,304.6,310.2,302.05,309.15,2848000
2016-07-15T13:15:00+05:30,309,309,306.35,307.5,1016000
2016-07-18T09:15:00+05:30,308.4,311,305,307.5,2016000
2016-07-18T13:15:00+05:30,307.6,308,301.25,302.8,1448000
2016-07-19T09:15:00+05:30,302.25,302.65,297.4,301,1574000
2016-07-19T13:15:00+05:30,300.7,302.8,300.1,302.4,606000
2016-07-20T09:15:00+05:30,303.55,305.4,301.1,302.55,1764000
2016-07-20T13:15:00+05:30,302.45,303.55,302.35,302.65,550000
2016-07-21T09:15:00+05:30,303.95,305.55,301.55,304.1,1918000
2016-07-21T13:15:00+05:30,303.75,303.95,300.05,300.9,916000
2016-07-22T09:15:00+05:30,300.45,302.3,298.15,301.35,2050000
2016-07-22T13:15:00+05:30,301.5,304,299,302.05,2048000
2016-07-25T09:15:00+05:30,302.85,302.85,300.2,302,3052000
2016-07-25T13:15:00+05:30,302,302.2,300.5,302,1330000
2016-07-26T09:15:00+05:30,304,315.2,302.55,311.8,8478000
2016-07-26T13:15:00+05:30,311.7,315.45,287.65,289.4,25236000
2016-07-27T09:15:00+05:30,292,295.45,287.1,287.8,5010000
2016-07-27T13:15:00+05:30,287.6,289.7,286.5,289,1406000
2016-07-28T09:15:00+05:30,291.45,292.55,289,290.35,3774000
2016-07-28T13:15:00+05:30,290.2,292.15,289.05,292,2488000
2016-07-29T09:15:00+05:30,291.95,296.25,290.6,294.5,3312000
2016-07-29T13:15:00+05:30,294.6,295.05,292.55,293.7,998000
2016-08-01T09:15:00+05:30,295,299.6,294,295,3698000
2016-08-01T13:15:00+05:30,294.6,297.25,294.1,296.65,1262000
2016-08-02T09:15:00+05:30,300.5,300.95,296.4,299.1,3108000
2016-08-02T13:15:00+05:30,299.1,304.5,296.9,301.8,6142000
2016-08-03T09:15:00+05:30,301.35,302,296.5,298.4,2784000
2016-08-03T13:15:00+05:30,298,299.9,297.5,298.9,998000
2016-08-04T09:15:00+05:30,301.85,302.55,294.05,297.8,2542000
2016-08-04T13:15:00+05:30,297.75,300,297.5,299.9,1126000
2016-08-05T09:15:00+05:30,301,306.2,300.05,304.65,3036000
2016-08-05T13:15:00+05:30,305,305.7,302.65,304.45,1088000
2016-08-08T09:15:00+05:30,306.4,308.5,304.6,306.3,2060000
2016-08-08T13:15:00+05:30,306.65,306.7,303.8,304.95,918000
2016-08-09T09:15:00+05:30,303.45,304.5,296.5,297.7,1984000
2016-08-09T13:15:00+05:30,297.5,299.85,297.25,298.95,682000
2016-08-10T09:15:00+05:30,300,300,293,296.45,2478000
2016-08-10T13:15:00+05:30,296.4,297.8,294.5,296.2,1050000
2016-08-11T09:15:00+05:30,295.05,299.8,293.5,296.3,1394000
2016-08-11T13:15:00+05:30,295.85,298.5,294.65,297.05,954000
2016-08-12T09:15:00+05:30,297.35,302,296.45,299.9,1524000
2016-08-12T13:15:00+05:30,299.5,299.8,298,298,646000
2016-08-16T09:15:00+05:30,300.35,300.5,296,297.4,1368000
2016-08-16T13:15:00+05:30,297.45,299.9,296.45,299.5,1666000
2016-08-17T09:15:00+05:30,300.1,312.9,299.7,310.8,6254000
2016-08-17T13:15:00+05:30,310.75,314.85,309.85,314.75,4934000
2016-08-18T09:15:00+05:30,315.5,316.7,310.65,314.25,3972000
2016-08-18T13:15:00+05:30,314.25,314.3,311.55,312.6,914000
2016-08-19T09:15:00+05:30,313.4,317.7,309.9,311.4,2742000
2016-08-19T13:15:00+05:30,311.1,312.95,310.5,311.85,832000
2016-08-22T09:15:00+05:30,311.95,312.05,305.05,307.85,2350000
2016-08-22T13:15:00+05:30,307.75,308.75,306.1,306.55,648000
2016-08-23T09:15:00+05:30,309.1,311,306.55,307.3,2458000
2016-08-23T13:15:00+05:30,307.1,307.6,305.4,306.9,1674000
2016-08-24T09:15:00+05:30,307.5,310.2,306.3,308.05,2376000
2016-08-24T13:15:00+05:30,308.05,308.25,306.5,306.95,810000
2016-08-25T09:15:00+05:30,309.9,311.55,307.55,308,2680000
2016-08-25T13:15:00+05:30,308,309.25,306.15,309.25,2162000
2016-08-26T09:15:00+05:30,309.7,309.7,303.75,305.15,1424000
2016-08-26T13:15:00+05:30,305.1,307.05,304.5,304.75,1274000
2016-08-29T09:15:00+05:30,305,311.7,302.95,309.55,2700000
2016-08-29T13:15:00+05:30,309.55,315.8,308.25,315.8,3072000
2016-08-30T09:15:00+05:30,317.85,325.35,316,323.75,6598000
2016-08-30T13:15:00+05:30,323.6,330.3,322.65,328.7,5334000
2016-08-31T09:15:00+05:30,329.65,334.8,328.65,331.8,4562000
2016-08-31T13:15:00+05:30,331.8,332.6,326.05,328.6,1746000
2016-09-01T09:15:00+05:30,328.5,331.25,324.6,326.95,1946000
2016-09-01T13:15:00+05:30,326.6,329.6,326.2,328.05,1480000
2016-09-02T09:15:00+05:30,337.95,340.05,331.5,332.3,5442000
2016-09-02T13:15:00+05:30,332.4,335,332,333.15,1332000
2016-09-06T09:15:00+05:30,336,337,333.55,334.15,1420000
2016-09-06T13:15:00+05:30,334.1,334.9,330.8,334,1290000
2016-09-07T09:15:00+05:30,334.95,334.95,329.85,330.3,1678000
2016-09-07T13:15:00+05:30,330.55,332,330.15,331.25,990000
2016-09-08T09:15:00+05:30,331.6,342.4,330.7,339.5,6968000
2016-09-08T13:15:00+05:30,339.5,344.2,337.85,340,4906000
2016-09-09T09:15:00+05:30,338.95,338.95,328.65,332.4,3690000
2016-09-09T13:15:00+05:30,332.3,332.45,330,331.3,1014000
2016-09-12T09:15:00+05:30,315,323.7,310.7,321.05,3106000
2016-09-12T13:15:00+05:30,321,322.25,319.6,321.7,1154000
2016-09-14T09:15:00+05:30,321.6,329.5,321.6,326.95,2634000
2016-09-14T13:15:00+05:30,326.3,328.5,325.55,328.25,886000
2016-09-15T09:15:00+05:30,328.55,329.3,320.05,323.4,1742000
2016-09-15T13:15:00+05:30,323.3,323.55,321.5,323,736000
2016-09-16T09:15:00+05:30,325.05,332.5,324.4,328.25,4694000
2016-09-16T13:15:00+05:30,328.1,340.45,327.4,338.75,8342000
2016-09-19T09:15:00+05:30,348.05,348.05,337.4,339.5,5158000
2016-09-19T13:15:00+05:30,339.3,340,336.6,337.8,1472000
2016-09-20T09:15:00+05:30,337.65,338.25,333.9,334.3,1876000
2016-09-20T13:15:00+05:30,334.65,334.9,331.65,332.7,1468000
2016-09-21T09:15:00+05:30,333,341.5,333,334.75,5588000
2016-09-21T13:15:00+05:30,334.5,336.5,332.25,333.5,1772000
2016-09-22T09:15:00+05:30,338.95,346.9,338,345.35,7364000
2016-09-22T13:15:00+05:30,345.3,350,344.4,349.75,5406000
2016-09-23T09:15:00+05:30,351.75,354.2,347.3,352.9,6394000
2016-09-23T13:15:00+05:30,352.85,354.4,349,350,2666000
2016-09-26T09:15:00+05:30,349.4,353.5,347.3,349.6,3480000
2016-09-26T13:15:00+05:30,349.6,349.6,345.45,348.3,1942000
2016-09-27T09:15:00+05:30,349.95,351.15,346.65,348.75,2828000
2016-09-27T13:15:00+05:30,348.5,350.8,346.4,348.6,1938000
2016-09-28T09:15:00+05:30,344.55,352,343.1,351.35,2762000
2016-09-28T13:15:00+05:30,351.4,357.3,350.5,351.85,3878000
2016-09-29T09:15:00+05:30,354.4,358,334.95,348.45,4566000
2016-09-29T13:15:00+05:30,348.65,352,340.85,347.65,3146000
2016-09-30T09:15:00+05:30,346,363.45,344.5,359.05,7190000
2016-09-30T13:15:00+05:30,359,367.3,359,365.45,5240000
2016-10-03T09:15:00+05:30,366.5,371.35,364.5,370.4,5024000
2016-10-03T13:15:00+05:30,370.3,383.6,368.15,379.15,7058000
2016-10-04T09:15:00+05:30,379.9,386,375.3,379.2,5730000
2016-10-04T13:15:00+05:30,378.7,380.9,377.05,378.8,1936000
2016-10-05T09:15:00+05:30,380.05,380.3,374.15,378.5,2124000
2016-10-05T13:15:00+05:30,378.25,386.5,378,380.3,5084000
2016-10-06T09:15:00+05:30,381,388.65,377.75,384.85,5750000
2016-10-06T13:15:00+05:30,384.7,384.9,380.5,382.55,2810000
2016-10-07T09:15:00+05:30,382.6,388.25,378.65,380.2,4180000
2016-10-07T13:15:00+05:30,380,385.5,380,384.55,2122000
2016-10-10T09:15:00+05:30,387.3,392.3,385.9,391.5,3016000
2016-10-10T13:15:00+05:30,391.5,392.6,387.5,388.75,1694000
2016-10-13T09:15:00+05:30,386.8,387.45,380,381.55,2838000
2016-10-13T13:15:00+05:30,381.5,384.9,378.45,384.85,1440000
2016-10-14T09:15:00+05:30,385.8,389.4,382.1,387.25,2848000
2016-10-14T13:15:00+05:30,387.3,391.5,386,390.95,2100000
2016-10-17T09:15:00+05:30,391,392.8,383.45,387.3,3648000
2016-10-17T13:15:00+05:30,387.1,389.3,385.3,388.2,1468000
2016-10-18T09:15:00+05:30,391.95,399.5,391,392.65,6108000
2016-10-18T13:15:00+05:30,392.75,395.25,392.25,393.5,1604000
2016-10-19T09:15:00+05:30,395.85,395.85,387.55,388.85,2368000
2016-10-19T13:15:00+05:30,389,392.85,388,390.1,1158000
2016-10-20T09:15:00+05:30,393.85,393.85,388.35,390.95,1808000
2016-10-20T13:15:00+05:30,391,392,390.35,391.25,868000
2016-10-21T09:15:00+05:30,394.9,395.8,388.35,394.7,2102000
2016-10-21T13:15:00+05:30,395,397.3,392.15,396.4,2224000
2016-10-24T09:15:00+05:30,395.1,398,392.25,396.45,2728000
2016-10-24T13:15:00+05:30,396.2,396.45,393.55,394.1,1098000
2016-10-25T09:15:00+05:30,393.3,402.8,391.65,400.5,5064000
2016-10-25T13:15:00+05:30,400.5,408.7,399.5,407.8,4652000
2016-10-26T09:15:00+05:30,405.5,410.95,405.35,407,4858000
2016-10-26T13:15:00+05:30,406.9,407.7,395.25,399.3,3170000
2016-10-27T09:15:00+05:30,399.1,402.9,384.55,387.6,4606000
2016-10-27T13:15:00+05:30,387.6,411.85,387.6,411,14468000
2016-10-28T09:15:00+05:30,412.5,412.5,402.45,405,6994000
2016-10-28T13:15:00+05:30,404.8,406.7,403.5,404.1,1774000
2016-11-01T09:15:00+05:30,407.4,408.5,402,405.2,3178000
2016-11-01T13:15:00+05:30,405.45,406.65,402.55,403.95,1324000
2016-11-02T09:15:00+05:30,397.9,408,397.05,405.35,4170000
2016-11-02T13:15:00+05:30,405.3,406.3,399,400.5,1974000
2016-11-03T09:15:00+05:30,403.5,405.9,394.1,394.3,5384000
2016-11-03T13:15:00+05:30,394.25,396.2,391.6,395,2026000
2016-11-04T09:15:00+05:30,395.2,398.5,388.6,396.45,3684000
2016-11-04T13:15:00+05:30,396.3,396.3,391.3,393.9,1244000
2016-11-07T09:15:00+05:30,397.15,399.4,393.5,394.85,1382000
2016-11-07T13:15:00+05:30,394.8,395.7,390.05,391.05,1038000
2016-11-08T09:15:00+05:30,391.65,394.5,387.5,389.75,1884000
2016-11-08T13:15:00+05:30,389.65,392.6,388.8,392.25,1248000
2016-11-09T09:15:00+05:30,360,379.85,360,371.7,4812000
2016-11-09T13:15:00+05:30,372,383.75,372,379.55,1668000
2016-11-10T09:15:00+05:30,385,390.2,380,381.55,2222000
2016-11-10T13:15:00+05:30,382,385.5,378.25,378.95,1074000
2016-11-11T09:15:00+05:30,372.65,375.9,353,357.1,4664000
2016-11-11T13:15:00+05:30,357.1,366,352.05,362.05,2982000
2016-11-15T09:15:00+05:30,357.45,357.45,337.55,343.15,3508000
2016-11-15T13:15:00+05:30,340.8,348.7,339.9,348.65,1722000
2016-11-16T09:15:00+05:30,351.05,358.85,341.6,354.7,3394000
2016-11-16T13:15:00+05:30,354.95,355.05,350,350.55,936000
2016-11-17T09:15:00+05:30,350,355.55,340.1,354.45,3170000
2016-11-17T13:15:00+05:30,354.55,357,349.05,355.95,1782000
2016-11-18T09:15:00+05:30,352.5,357.95,350,356.2,2012000
2016-11-18T13:15:00+05:30,356.4,356.4,352.1,354.65,922000
2016-11-21T09:15:00+05:30,354.3,354.8,343,346.4,4124000
2016-11-21T13:15:00+05:30,346.6,346.7,341,345.05,1968000
2016-11-22T09:15:00+05:30,347.75,352.85,344.35,345.45,2866000
2016-11-22T13:15:00+05:30,345.3,351,345,351,940000
2016-11-23T09:15:00+05:30,351,352,346.5,349,1728000
2016-11-23T13:15:00+05:30,349,356.9,348.8,354.7,1618000
2016-11-24T09:15:00+05:30,343.9,349.2,342.9,343.8,2368000
2016-11-24T13:15:00+05:30,343.55,352.8,341.55,352.8,2422000
2016-11-25T09:15:00+05:30,350.8,352.75,347.1,352,1348000
2016-11-25T13:15:00+05:30,352.1,352.45,349.3,349.5,958000
2016-11-28T09:15:00+05:30,344.2,353.9,344.2,351.8,1136000
2016-11-28T13:15:00+05:30,352,352.6,349.65,350.9,648000
2016-11-29T09:15:00+05:30,350.55,359.6,350.55,357.3,1982000
2016-11-29T13:15:00+05:30,357.4,359,353.9,355.7,780000
2016-11-30T09:15:00+05:30,357.95,362.9,355.75,362.5,3086000
2016-11-30T13:15:00+05:30,362.5,368.25,362.1,367.25,2666000
2016-12-01T09:15:00+05:30,366.2,369.4,362,365,2482000
2016-12-01T13:15:00+05:30,364.9,365.1,361.05,363,820000
2016-12-02T09:15:00+05:30,356.05,361.15,354.5,357.9,1948000
2016-12-02T13:15:00+05:30,358,359.95,355,356.2,1450000
2016-12-05T09:15:00+05:30,353.75,360.95,351.55,355.6,1394000
2016-12-05T13:15:00+05:30,355.55,359.25,354.7,357.7,962000
2016-12-06T09:15:00+05:30,357.45,359.8,354.65,356.7,1038000
2016-12-06T13:15:00+05:30,356.7,358,354.3,355.75,532000
2016-12-07T09:15:00+05:30,355.75,361.3,355.1,360.4,1690000
2016-12-07T13:15:00+05:30,360.5,360.5,354,359.55,1288000
2016-12-08T09:15:00+05:30,362.55,363.5,360.3,361.8,1122000
2016-12-08T13:15:00+05:30,362.2,364.4,361.6,363.85,1044000
2016-12-09T09:15:00+05:30,364.85,365.8,360,360.7,1672000
2016-12-09T13:15:00+05:30,361,364.05,360.5,362.9,596000
2016-12-12T09:15:00+05:30,361.85,362.2,356.3,358.75,972000
2016-12-12T13:15:00+05:30,358.6,365.9,358.45,365,2142000
2016-12-13T09:15:00+05:30,366,370.85,364.35,366.25,3268000
2016-12-13T13:15:00+05:30,366.1,371.9,364.8,370.45,2866000
2016-12-14T09:15:00+05:30,371.75,374.4,369.2,371.35,3142000
2016-12-14T13:15:00+05:30,371.2,372.75,368.55,369.3,1166000
2016-12-15T09:15:00+05:30,365.9,373.65,365.9,370.15,1796000
2016-12-15T13:15:00+05:30,369.55,371.5,369.05,370.7,538000
2016-12-16T09:15:00+05:30,370.95,373.05,368.05,370.05,1260000
2016-12-16T13:15:00+05:30,370.3,372,369.55,371.6,596000
2016-12-19T09:15:00+05:30,371.1,373.4,370.5,372.35,1050000
2016-12-19T13:15:00+05:30,372.4,373.1,371.65,372.3,854000
2016-12-20T09:15:00+05:30,373.15,373.65,368,368.65,2150000
2016-12-20T13:15:00+05:30,368.75,370.75,368.2,369.6,828000
2016-12-21T09:15:00+05:30,370.85,371.4,368.15,369.95,1184000
2016-12-21T13:15:00+05:30,370,370.95,367.75,368.05,584000
2016-12-22T09:15:00+05:30,367.4,369.15,365,366.95,1282000
2016-12-22T13:15:00+05:30,367,371.45,364.4,366.75,1930000
2016-12-23T09:15:00+05:30,366.3,370.6,363.9,370.2,2294000
2016-12-23T13:15:00+05:30,370.35,371.3,367.8,371,678000
2016-12-26T09:15:00+05:30,368.2,369.35,365.45,366.15,2648000
2016-12-26T13:15:00+05:30,366.15,367.85,366,366.9,1010000
2016-12-27T09:15:00+05:30,363.8,364.15,351.25,352.5,4686000
2016-12-27T13:15:00+05:30,352.4,354.75,348.85,350.85,3244000
2016-12-28T09:15:00+05:30,350.4,356.35,347,354.35,3914000
2016-12-28T13:15:00+05:30,354.35,355,348.1,354.5,2418000
2016-12-29T09:15:00+05:30,345.4,349.95,342.9,348.85,2912000
2016-12-29T13:15:00+05:30,348.85,357.45,348.8,356.5,2692000
2016-12-30T09:15:00+05:30,355.55,359.9,352.6,354.8,2108000
2016-12-30T13:15:00+05:30,354.85,355.25,350.65,351.25,1522000
2017-01-02T09:15:00+05:30,354.6,354.6,348.25,353.25,1716000
2017-01-02T13:15:00+05:30,353.2,360.45,352.5,358.05,1864000
2017-01-03T09:15:00+05:30,354.7,363.9,350.35,362.05,4696000
2017-01-03T13:15:00+05:30,362.05,366.55,360.65,366.05,2600000
2017-01-04T09:15:00+05:30,364.35,368.5,361.95,367.3,2460000
2017-01-04T13:15:00+05:30,367.25,368.35,365.25,365.8,950000
2017-01-05T09:15:00+05:30,367.8,379,367.75,376.25,5300000
2017-01-05T13:15:00+05:30,376.2,379.5,375.6,378.5,1260000
2017-01-06T09:15:00+05:30,378.8,382.7,376.5,379.9,3188000
2017-01-06T13:15:00+05:30,379.7,381.35,378.95,381,1148000
2017-01-09T09:15:00+05:30,385,385,377.15,380.6,1500000
2017-01-09T13:15:00+05:30,380.85,381.15,379,380.2,728000
2017-01-10T09:15:00+05:30,379.05,384.15,379.05,380.15,2500000
2017-01-10T13:15:00+05:30,380.1,381.95,379.9,381.85,852000
2017-01-11T09:15:00+05:30,382.45,382.85,378.15,379.5,1442000
2017-01-11T13:15:00+05:30,378.85,381.65,378.85,379.25,842000
2017-01-12T09:15:00+05:30,380.4,382.6,377.2,381.2,1638000
2017-01-12T13:15:00+05:30,381.25,388.25,380.55,387.25,3194000
2017-01-13T09:15:00+05:30,387.35,387.9,383.05,383.75,1422000
2017-01-13T13:15:00+05:30,383.9,384.2,381.7,382.85,694000
2017-01-16T09:15:00+05:30,382.1,383.5,379,381.95,1080000
2017-01-16T13:15:00+05:30,382.1,384,381.6,383.45,706000
2017-01-17T09:15:00+05:30,383.1,384.75,377.55,378.9,1880000
2017-01-17T13:15:00+05:30,379.1,379.15,375.9,378.6,1234000
2017-01-18T09:15:00+05:30,379.7,382.6,378.15,378.85,1350000
2017-01-18T13:15:00+05:30,378.7,382.8,377.1,381.85,1152000
2017-01-19T09:15:00+05:30,381.3,386.05,378.25,386,2292000
2017-01-19T13:15:00+05:30,386,389,384.5,387.1,2126000
2017-01-20T09:15:00+05:30,387.4,390.5,380,381,3096000
2017-01-20T13:15:00+05:30,381.2,381.2,377.4,378.25,1820000
2017-01-23T09:15:00+05:30,379.5,382.25,377.05,377.3,5026000
2017-01-23T13:15:00+05:30,377.35,380.85,377.35,380.65,818000
2017-01-24T09:15:00+05:30,379.7,383.25,377.95,380.35,2524000
2017-01-24T13:15:00+05:30,380.35,403.3,377.2,402.75,20520000
2017-01-25T09:15:00+05:30,402.5,403.8,394.2,395.5,5130000
2017-01-25T13:15:00+05:30,395.5,396.7,391.8,392.9,2712000
2017-01-27T09:15:00+05:30,392.65,396.25,391.4,392.85,2288000
2017-01-27T13:15:00+05:30,392.45,392.85,389,391,1364000
2017-01-30T09:15:00+05:30,390,390.75,386.15,387.8,1618000
2017-01-30T13:15:00+05:30,388.2,388.8,386.3,386.5,626000
2017-01-31T09:15:00+05:30,385.75,387.75,382.2,385.25,1696000
2017-01-31T13:15:00+05:30,385.55,386.4,382.3,382.3,742000
2017-02-01T09:15:00+05:30,384.55,385.55,378.2,384.45,1988000
2017-02-01T13:15:00+05:30,384.2,395.6,383.05,392.5,2308000
2017-02-02T09:15:00+05:30,392.9,393.5,385.25,390.05,2234000
2017-02-02T13:15:00+05:30,390,398,386.2,387.25,2588000
2017-02-03T09:15:00+05:30,388.75,391.4,386.9,387.85,1062000
2017-02-03T13:15:00+05:30,388,393.2,388,389.65,934000
2017-02-06T09:15:00+05:30,394.9,407.1,389.5,397.35,7866000
2017-02-06T13:15:00+05:30,397.45,397.55,394.5,396.5,1202000
2017-02-07T09:15:00+05:30,395.75,397.5,392.45,395.2,1922000
2017-02-07T13:15:00+05:30,395.35,395.35,389.2,392.4,1052000
2017-02-08T09:15:00+05:30,393.2,398.85,393.2,396.5,2110000
2017-02-08T13:15:00+05:30,396.8,397.9,392.9,396.85,850000
2017-02-09T09:15:00+05:30,396.95,403.45,393.9,401.3,2370000
2017-02-09T13:15:00+05:30,401.25,410.45,399.75,409.6,3898000
2017-02-10T09:15:00+05:30,412.2,419.5,411.45,414.2,5960000
2017-02-10T13:15:00+05:30,414.4,414.6,411.35,412,1640000
2017-02-13T09:15:00+05:30,412.6,415.8,407.75,410.8,2634000
2017-02-13T13:15:00+05:30,410.85,412.85,410.4,411.7,1086000
2017-02-14T09:15:00+05:30,411.45,414.6,409.6,410.95,1974000
2017-02-14T13:15:00+05:30,410.95,411.5,409.4,409.5,856000
2017-02-15T09:15:00+05:30,410.65,416,408,409.55,3298000
2017-02-15T13:15:00+05:30,409.05,411.7,408.85,409.7,998000
2017-02-16T09:15:00+05:30,411,420.7,409.55,417.65,4354000
2017-02-16T13:15:00+05:30,417.3,424.65,417.15,423,3628000
2017-02-17T09:15:00+05:30,424.9,429.5,423.1,425,3690000
2017-02-17T13:15:00+05:30,424.95,426.45,424.85,425.9,1310000
2017-02-20T09:15:00+05:30,425.3,427.75,423.5,425.65,2256000
2017-02-20T13:15:00+05:30,425.65,426.65,424.25,425.6,926000
2017-02-21T09:15:00+05:30,429.15,433.3,425.8,428,3676000
2017-02-21T13:15:00+05:30,428,430.75,427.9,428,1722000
2017-02-22T09:15:00+05:30,427.6,432.9,424.5,429.2,3830000
2017-02-22T13:15:00+05:30,429.2,429.2,426.75,427,1216000
2017-02-23T09:15:00+05:30,422.6,429.7,422.35,427.85,4088000
2017-02-23T13:15:00+05:30,427.65,429.55,425.05,425.25,2552000
2017-02-27T09:15:00+05:30,427.55,434,425.95,430.45,2898000
2017-02-27T13:15:00+05:30,430.5,430.9,428.1,428.2,644000
2017-02-28T09:15:00+05:30,430.65,432,426.4,426.7,948000
2017-02-28T13:15:00+05:30,426.55,428.7,425.35,426.15,784000
2017-03-01T09:15:00+05:30,426.6,427.75,421.15,421.7,1540000
2017-03-01T13:15:00+05:30,421.9,425.85,421.65,424.7,754000
2017-03-02T09:15:00+05:30,424,430.75,421.05,427.55,2914000
2017-03-02T13:15:00+05:30,427.45,428.55,422.3,424.4,1364000
2017-03-03T09:15:00+05:30,425.45,426.85,421.65,425.05,1844000
2017-03-03T13:15:00+05:30,424.65,429.7,424.3,428.75,928000
2017-03-06T09:15:00+05:30,429.95,431.4,424.85,425.5,1754000
2017-03-06T13:15:00+05:30,425.3,426.15,424.9,425.25,724000
2017-03-07T09:15:00+05:30,426.25,428.9,424.05,425,1482000
2017-03-07T13:15:00+05:30,425.05,427.25,422.95,423,552000
2017-03-08T09:15:00+05:30,423.15,424.7,414,419.55,2132000
2017-03-08T13:15:00+05:30,419.9,420.4,417.4,418.2,566000
2017-03-09T09:15:00+05:30,416.75,423.15,415.85,419.55,1832000
2017-03-09T13:15:00+05:30,419.2,420,417.7,418.65,548000
2017-03-10T09:15:00+05:30,421.55,428.5,419.3,427.2,2032000
2017-03-10T13:15:00+05:30,427.1,428.1,424.1,424.5,1534000
2017-03-14T09:15:00+05:30,432.05,437,428.2,436.2,3276000
2017-03-14T13:15:00+05:30,436.25,438.5,435.7,435.95,1284000
2017-03-15T09:15:00+05:30,438.05,440.8,433.75,437.7,3090000
2017-03-15T13:15:00+05:30,438,439.6,436.7,439.1,1098000
2017-03-16T09:15:00+05:30,441.75,443.65,439.75,441.35,2138000
2017-03-16T13:15:00+05:30,441.35,441.5,439.2,439.3,870000
2017-03-17T09:15:00+05:30,440.35,446.25,436.5,445.2,3844000
2017-03-17T13:15:00+05:30,445,445.3,442.35,443.3,1352000
2017-03-20T09:15:00+05:30,443.85,443.85,439.1,441.25,1528000
2017-03-20T13:15:00+05:30,441.25,442.4,440,441,582000
2017-03-21T09:15:00+05:30,441.85,441.85,437.25,438.4,1058000
2017-03-21T13:15:00+05:30,438.5,442.45,438.5,439.7,666000
2017-03-22T09:15:00+05:30,436.35,444.85,432.5,437.25,4022000
2017-03-22T13:15:00+05:30,437.25,437.35,432,433,1060000
2017-03-23T09:15:00+05:30,433.8,433.8,423,426.7,2494000
2017-03-23T13:15:00+05:30,426.85,431.35,426.7,429.45,1352000
2017-03-24T09:15:00+05:30,428.45,431.95,427.95,428.4,1112000
2017-03-24T13:15:00+05:30,428.25,430.55,427.05,427.05,842000
2017-03-27T09:15:00+05:30,427.95,432.5,427,430.6,2002000
2017-03-27T13:15:00+05:30,430.85,431.65,430.35,431.55,720000
2017-03-28T09:15:00+05:30,432,435,432,432.6,1372000
2017-03-28T13:15:00+05:30,432.6,434.7,431.55,434,838000
2017-03-29T09:15:00+05:30,434.3,438,433.7,436.35,1910000
2017-03-29T13:15:00+05:30,436.35,436.4,425.25,431.55,2914000
2017-03-30T09:15:00+05:30,431.15,435.65,429.6,433.4,2362000
2017-03-30T13:15:00+05:30,433.1,436,428.75,432.55,2408000
2017-03-31T09:15:00+05:30,433,433.9,428.2,431.5,1486000
2017-03-31T13:15:00+05:30,431.5,432.1,429.9,431.75,556000
2017-04-03T09:15:00+05:30,432,434.3,430.85,433.6,940000
2017-04-03T13:15:00+05:30,433.65,434.4,431.15,433.9,574000
2017-04-05T09:15:00+05:30,437,446.5,435.1,445.5,4006000
2017-04-05T13:15:00+05:30,445.7,449.9,444.45,448.85,3444000
2017-04-06T09:15:00+05:30,447.6,448.55,443.3,445.6,1872000
2017-04-06T13:15:00+05:30,445.6,447.65,445,446.15,574000
2017-04-07T09:15:00+05:30,444.6,462.4,443.55,461.55,6040000
2017-04-07T13:15:00+05:30,461.7,463.6,457.7,461.6,3128000
2017-04-10T09:15:00+05:30,463.9,468.65,460.15,465.7,4442000
2017-04-10T13:15:00+05:30,466,468.25,465.35,466.5,1476000
2017-04-11T09:15:00+05:30,468.15,468.15,461.85,464.35,1816000
2017-04-11T13:15:00+05:30,464.15,467.5,463.1,466,1096000
2017-04-12T09:15:00+05:30,464.95,467.2,458.85,466.7,2158000
2017-04-12T13:15:00+05:30,466.5,470.4,465.35,468,1264000
2017-04-13T09:15:00+05:30,466.95,468.25,464.45,465.6,1030000
2017-04-13T13:15:00+05:30,465.35,467.9,464.8,466.45,618000
2017-04-17T09:15:00+05:30,468.95,468.95,463.25,467.85,966000
2017-04-17T13:15:00+05:30,467.7,472.3,466.6,469,778000
2017-04-18T09:15:00+05:30,470.9,476.9,469,472,1836000
2017-04-18T13:15:00+05:30,471.55,472.5,466.2,468.1,1070000
2017-04-19T09:15:00+05:30,466.7,472.95,466.7,471,1522000
2017-04-19T13:15:00+05:30,471.4,471.75,468.6,471.5,454000
2017-04-20T09:15:00+05:30,472.95,491.95,470.5,485.8,5478000
2017-04-20T13:15:00+05:30,485.5,490.55,484.75,490.1,2002000
2017-04-21T09:15:00+05:30,492.85,503.55,484.6,486.5,5222000
2017-04-21T13:15:00+05:30,486.2,487,482.3,483.5,1370000
2017-04-24T09:15:00+05:30,484.75,488.5,480.5,485.5,1962000
2017-04-24T13:15:00+05:30,485.35,488,483.6,484.7,984000
2017-04-25T09:15:00+05:30,486.8,491.45,486,488.9,2598000
2017-04-25T13:15:00+05:30,488.7,489.7,487.7,489.3,616000
2017-04-26T09:15:00+05:30,490.6,503.35,489.9,502,4962000
2017-04-26T13:15:00+05:30,502.1,502.35,493.15,501.9,2734000
2017-04-27T09:15:00+05:30,498.05,501.8,491.65,493,2746000
2017-04-27T13:15:00+05:30,493.15,508,473.7,488,13096000
2017-04-28T09:15:00+05:30,485.85,486.95,480.1,485.4,3760000
2017-04-28T13:15:00+05:30,485.35,489.9,482,482.9,1956000
2017-05-02T09:15:00+05:30,479.45,487.35,479.45,483.8,1622000
2017-05-02T13:15:00+05:30,483.4,487.2,481.35,485.7,1088000
2017-05-03T09:15:00+05:30,497,497,488.9,491,2168000
2017-05-03T13:15:00+05:30,491.15,491.35,486,490.05,1130000
2017-05-04T09:15:00+05:30,485.7,493,485.7,488.4,1364000
2017-05-04T13:15:00+05:30,488.6,492.75,488.25,488.8,844000
2017-05-05T09:15:00+05:30,490,491.5,486.5,487.9,1854000
2017-05-05T13:15:00+05:30,487.35,490.25,486.3,487,698000
2017-05-08T09:15:00+05:30,485.5,494.35,485.5,492.25,1476000
2017-05-08T13:15:00+05:30,493.1,496.5,491.5,493,1522000
2017-05-09T09:15:00+05:30,494.7,494.9,488.6,491.9,1062000
2017-05-09T13:15:00+05:30,491.75,493.4,489.6,490.9,956000
2017-05-10T09:15:00+05:30,489.6,494.55,489.6,493.05,1404000
2017-05-10T13:15:00+05:30,493,494.35,490,490.6,898000
2017-05-11T09:15:00+05:30,490,499.5,489.55,495.75,1688000
2017-05-11T13:15:00+05:30,495.1,500.4,494.5,497.8,1654000
2017-05-12T09:15:00+05:30,500.6,513.9,495.25,510.75,5596000
2017-05-12T13:15:00+05:30,510.7,516.8,507.4,514,3682000
2017-05-15T09:15:00+05:30,516.65,523.5,516,520.4,4308000
2017-05-15T13:15:00+05:30,520.65,525.8,519.85,525,2872000
2017-05-16T09:15:00+05:30,524.3,536.8,524.3,530.45,3084000
2017-05-16T13:15:00+05:30,530.15,534.1,529.35,532.3,1432000
2017-05-17T09:15:00+05:30,531.35,534.65,527.65,530.4,1600000
2017-05-17T13:15:00+05:30,530.65,534.15,530.5,532.15,836000
2017-05-18T09:15:00+05:30,529.15,534,526.35,530.9,2260000
2017-05-18T13:15:00+05:30,530.5,531.5,525.1,529.2,1482000
2017-05-19T09:15:00+05:30,531.4,535.35,520.25,524.5,3832000
2017-05-19T13:15:00+05:30,524,526.5,523,525.35,974000
2017-05-22T09:15:00+05:30,527.6,530.3,523.7,526.15,2032000
2017-05-22T13:15:00+05:30,526.15,528,524.55,525.8,890000
2017-05-23T09:15:00+05:30,527.8,527.8,516.7,524.6,2484000
2017-05-23T13:15:00+05:30,524.6,530,522.9,523,1174000
2017-05-24T09:15:00+05:30,526.8,529.85,521.75,522.3,2926000
2017-05-24T13:15:00+05:30,522.4,526.15,521.05,525.5,2872000
2017-05-25T09:15:00+05:30,525,532.85,523.55,528.55,3168000
2017-05-25T13:15:00+05:30,528.3,537,524.95,531.55,3210000
2017-05-26T09:15:00+05:30,535.8,540.9,532,533.45,2184000
2017-05-26T13:15:00+05:30,533.4,533.8,530.55,533,848000
2017-05-29T09:15:00+05:30,532.65,535.9,525.35,531.5,1534000
2017-05-29T13:15:00+05:30,531.4,539,531.4,533.05,1188000
2017-05-30T09:15:00+05:30,532.9,537.2,529.5,534.6,1234000
2017-05-30T13:15:00+05:30,534.75,543.65,533.95,543.2,1190000
2017-05-31T09:15:00+05:30,541.85,544.8,536,540,1758000
2017-05-31T13:15:00+05:30,540.6,542.85,538,539,704000
2017-06-01T09:15:00+05:30,540,541,531.4,535.05,1398000
2017-06-01T13:15:00+05:30,535.15,537.3,533.45,534,476000
2017-06-02T09:15:00+05:30,555.55,572.4,545.05,548.55,12006000
2017-06-02T13:15:00+05:30,548.3,548.3,540.35,541.2,2686000
2017-06-05T09:15:00+05:30,543.35,546.7,536,542,2980000
2017-06-05T13:15:00+05:30,541.8,548.75,541.45,544.1,1752000
2017-06-06T09:15:00+05:30,544.75,546.05,534,536.8,2124000
2017-06-06T13:15:00+05:30,536.4,539.9,535.6,538.4,796000
2017-06-07T09:15:00+05:30,539.5,540.8,536.6,539,1510000
2017-06-07T13:15:00+05:30,539,540.15,537.4,537.8,610000
2017-06-08T09:15:00+05:30,540.95,540.95,536.4,538.4,1078000
2017-06-08T13:15:00+05:30,538.4,547.9,537.85,546.9,2428000
2017-06-09T09:15:00+05:30,548.7,555.8,541.35,552.75,4964000
2017-06-09T13:15:00+05:30,552.65,555.95,551,554.65,2096000
2017-06-12T09:15:00+05:30,552.8,558.85,550.55,554.6,3112000
2017-06-12T13:15:00+05:30,554.75,556,552.2,554.05,1220000
2017-06-13T09:15:00+05:30,555.9,562.8,555.85,560.25,2622000
2017-06-13T13:15:00+05:30,560.1,560.1,554.7,555.4,944000
2017-06-14T09:15:00+05:30,552.55,553.95,544.05,547.5,2830000
2017-06-14T13:15:00+05:30,547.45,548.8,546.65,547.5,888000
2017-06-15T09:15:00+05:30,547.15,547.5,542.45,543.85,1974000
2017-06-15T13:15:00+05:30,543.3,547.75,540.7,543.1,1674000
2017-06-16T09:15:00+05:30,544.8,551.5,542.95,549.6,2686000
2017-06-16T13:15:00+05:30,549.2,552.7,547.45,551,1496000
2017-06-19T09:15:00+05:30,553.65,556.35,550.75,554.45,2732000
2017-06-19T13:15:00+05:30,553.9,555.4,552.25,552.25,682000
2017-06-20T09:15:00+05:30,552.3,555.3,549.05,550.45,2124000
2017-06-20T13:15:00+05:30,550.5,551,548.55,549.6,624000
2017-06-21T09:15:00+05:30,549.35,551.2,547.55,547.9,980000
2017-06-21T13:15:00+05:30,547.65,549.05,545.65,548.2,1110000
2017-06-22T09:15:00+05:30,547,549.75,544.75,547.85,1838000
2017-06-22T13:15:00+05:30,547.75,547.9,541.5,543.95,838000
2017-06-23T09:15:00+05:30,543.95,544,532.3,536.5,2254000
2017-06-23T13:15:00+05:30,536.25,538.65,535.8,538.2,824000
2017-06-27T09:15:00+05:30,537.85,537.85,527.2,528.45,2428000
2017-06-27T13:15:00+05:30,528.45,536.45,525.3,535.1,1410000
2017-06-28T09:15:00+05:30,535.95,537.95,531,534.3,2724000
2017-06-28T13:15:00+05:30,534.2,537,531,536,1560000
2017-06-29T09:15:00+05:30,536.85,543.8,535.1,538,2948000
2017-06-29T13:15:00+05:30,537.9,545.6,537.9,545.6,2830000
2017-06-30T09:15:00+05:30,542.55,548.4,540.45,544.35,2048000
2017-06-30T13:15:00+05:30,544.65,547.75,541.25,547.75,956000
2017-07-03T09:15:00+05:30,549.7,557.5,546.55,551.75,5012000
2017-07-03T13:15:00+05:30,552,555,549.9,552.75,1042000
2017-07-04T09:15:00+05:30,553.45,553.6,545.2,548.95,1310000
2017-07-04T13:15:00+05:30,548.95,550.5,548.4,549.8,1116000
2017-07-05T09:15:00+05:30,547.6,550.35,544.05,547,1692000
2017-07-05T13:15:00+05:30,547.05,549.2,545.65,547.9,658000
2017-07-06T09:15:00+05:30,547.55,553.85,546.95,551.7,1552000
2017-07-06T13:15:00+05:30,551.9,554.9,551,552.1,1082000
2017-07-07T09:15:00+05:30,549.55,567.5,548.85,567,5770000
2017-07-07T13:15:00+05:30,567.05,573.8,564.3,573.8,5312000
2017-07-10T09:15:00+05:30,573,575.5,570,572.95,1854000
2017-07-10T13:15:00+05:30,573,574.7,570.05,570.4,1148000
2017-07-11T09:15:00+05:30,572.55,575,566.25,571.35,1986000
2017-07-11T13:15:00+05:30,571.1,571.95,566.6,569,694000
2017-07-12T09:15:00+05:30,569.95,571,562.5,566,1468000
2017-07-12T13:15:00+05:30,565.5,567.8,564.9,566.65,702000
2017-07-13T09:15:00+05:30,568.15,572.95,568.05,569.85,1914000
2017-07-13T13:15:00+05:30,570.3,574.95,569.4,573.65,1312000
2017-07-14T09:15:00+05:30,576,576,565.55,569.6,2096000
2017-07-14T13:15:00+05:30,569.55,571.75,568,570.7,572000
2017-07-17T09:15:00+05:30,571.2,578.25,568.5,576.1,2638000
2017-07-17T13:15:00+05:30,575.7,576.9,573,573.2,724000
2017-07-18T09:15:00+05:30,570.9,581.1,564.6,575.2,3066000
2017-07-18T13:15:00+05:30,575.2,577.25,571.25,573.95,1024000
2017-07-19T09:15:00+05:30,572.1,577,567.2,574.05,1636000
2017-07-19T13:15:00+05:30,573.75,576,572.15,574.2,426000
2017-07-20T09:15:00+05:30,573.5,576.85,571.3,573.25,1192000
2017-07-20T13:15:00+05:30,573.3,575.2,572.5,573.3,462000
2017-07-21T09:15:00+05:30,574.1,576.85,566.55,567.55,1508000
2017-07-21T13:15:00+05:30,568.15,573.55,568.15,572.3,492000
2017-07-24T09:15:00+05:30,573.55,576.95,572.9,576.35,1692000
2017-07-24T13:15:00+05:30,576.1,581.65,575.5,579.05,1466000
2017-07-25T09:15:00+05:30,578.65,580.5,573.4,574.9,2630000
2017-07-25T13:15:00+05:30,574.85,576.3,571.4,573.3,1490000
2017-07-26T09:15:00+05:30,573.55,574.7,570.75,572.2,1980000
2017-07-26T13:15:00+05:30,572.75,574,572,573.4,1296000
2017-07-27T09:15:00+05:30,574.65,577.7,571,573,3096000
2017-07-27T13:15:00+05:30,573,575.55,569,575.55,1670000
2017-07-28T09:15:00+05:30,579,582.95,568.1,581.15,2860000
2017-07-28T13:15:00+05:30,581.5,584.1,576.55,582.55,1738000
2017-07-31T09:15:00+05:30,582.05,586.5,582.05,584.75,1352000
2017-07-31T13:15:00+05:30,584.85,585.5,583.3,583.3,590000
2017-08-01T09:15:00+05:30,584.35,597.85,582.45,595.15,4478000
2017-08-01T13:15:00+05:30,595.7,601.3,594.15,598.9,2774000
2017-08-02T09:15:00+05:30,596,596.35,587.55,589.9,2418000
2017-08-02T13:15:00+05:30,589.8,594,589.1,593,690000
2017-08-03T09:15:00+05:30,591.6,597.8,590.35,591.7,1414000
2017-08-03T13:15:00+05:30,591.7,592.3,583.25,592.05,1088000
2017-08-04T09:15:00+05:30,592,604.3,590.05,599.4,5604000
2017-08-04T13:15:00+05:30,600.1,603.1,598.65,602.05,1268000
2017-08-07T09:15:00+05:30,599.15,607.05,599.15,605.35,1482000
2017-08-07T13:15:00+05:30,605.6,606.5,603.5,603.85,444000
2017-08-08T09:15:00+05:30,605,611.9,595,602.2,2690000
2017-08-08T13:15:00+05:30,602.35,602.5,596.1,597.5,622000
2017-08-09T09:15:00+05:30,593.4,600,590.55,594.4,1216000
2017-08-09T13:15:00+05:30,594.85,595.15,589.05,589.4,1160000
2017-08-10T09:15:00+05:30,589,590,571.4,580.9,3892000
2017-08-10T13:15:00+05:30,580.7,581.6,568.35,578.6,1492000
2017-08-11T09:15:00+05:30,567.35,575,562.6,567.65,2962000
2017-08-11T13:15:00+05:30,567.9,568.05,521.8,541,12384000
2017-08-14T09:15:00+05:30,543.6,553.9,536.1,543,3854000
2017-08-14T13:15:00+05:30,542.1,553.15,542.05,551.5,1554000
2017-08-16T09:15:00+05:30,554.65,576,552.6,574,4902000
2017-08-16T13:15:00+05:30,574,586.5,573.5,582.85,4892000
2017-08-17T09:15:00+05:30,584.75,584.75,571.25,575.35,2418000
2017-08-17T13:15:00+05:30,575.25,578.25,573.9,575.1,750000
2017-08-18T09:15:00+05:30,572.85,579.9,568.75,573.05,2438000
2017-08-18T13:15:00+05:30,573,580.55,572.5,579.5,1294000
2017-08-21T09:15:00+05:30,580.55,584.85,576,577.05,2130000
2017-08-21T13:15:00+05:30,577.8,581.25,570.55,572.85,1276000
2017-08-22T09:15:00+05:30,574.8,578,569.75,572.45,2742000
2017-08-22T13:15:00+05:30,572.75,577.95,569,576.5,1364000
2017-08-23T09:15:00+05:30,577.7,583.3,576.65,578.45,2348000
2017-08-23T13:15:00+05:30,578.2,583,574.35,581.5,2150000
2017-08-24T09:15:00+05:30,580.8,585.5,578.4,578.9,1108000
2017-08-24T13:15:00+05:30,578.9,593.9,577.6,591.75,3188000
2017-08-28T09:15:00+05:30,592.5,601.1,590.6,599.45,3256000
2017-08-28T13:15:00+05:30,599.45,608.2,597.6,603.4,2438000
2017-08-29T09:15:00+05:30,602,602,594,595.7,3126000
2017-08-29T13:15:00+05:30,595.35,595.95,592.7,593.65,1060000
2017-08-30T09:15:00+05:30,598.65,611.9,598.15,611.1,4274000
2017-08-30T13:15:00+05:30,611,613.4,606,609.4,2500000
2017-08-31T09:15:00+05:30,604.95,607.45,599.85,602.65,3042000
2017-08-31T13:15:00+05:30,602.65,608.4,602,606,2352000
2017-09-01T09:15:00+05:30,606.5,614.25,606.35,612.3,2820000
2017-09-01T13:15:00+05:30,612.65,613,609,609.3,1060000
2017-09-04T09:15:00+05:30,624,624,606,614.5,5066000
2017-09-04T13:15:00+05:30,614.25,617.35,611.45,612.45,1312000
2017-09-05T09:15:00+05:30,611.7,618.2,611.45,613.7,1554000
2017-09-05T13:15:00+05:30,614,616.45,611.35,614.5,964000
2017-09-06T09:15:00+05:30,610.55,622,608.75,619.7,3030000
2017-09-06T13:15:00+05:30,619.5,623.15,618.5,619.8,1722000
2017-09-07T09:15:00+05:30,620.95,639.7,617.75,635,7256000
2017-09-07T13:15:00+05:30,635,637.35,630.5,633.05,2012000
2017-09-08T09:15:00+05:30,634.25,636.6,629.55,631.45,1814000
2017-09-08T13:15:00+05:30,631.45,641,631.45,633.55,2010000
2017-09-11T09:15:00+05:30,636.6,645.85,635.25,642,3134000
2017-09-11T13:15:00+05:30,642.55,643.6,639,639.65,822000
2017-09-12T09:15:00+05:30,644.55,646.8,641.25,641.9,2110000
2017-09-12T13:15:00+05:30,642,643.65,639.7,641.9,666000
2017-09-13T09:15:00+05:30,640.7,648.25,640.7,646.3,1392000
2017-09-13T13:15:00+05:30,646.3,646.75,635.8,639.9,1490000
2017-09-14T09:15:00+05:30,640.15,644.15,637,639.4,1026000
2017-09-14T13:15:00+05:30,639.45,642.75,636.6,641.1,982000
2017-09-15T09:15:00+05:30,637.85,644.35,637.85,642,1594000
2017-09-15T13:15:00+05:30,642.05,651.9,642,651.5,3234000
2017-09-18T09:15:00+05:30,656.65,658.9,652.5,658,2984000
2017-09-18T13:15:00+05:30,658.05,663.9,658.05,662.25,2658000
2017-09-19T09:15:00+05:30,661.75,664.05,657.2,659.3,1742000
2017-09-19T13:15:00+05:30,659.35,660.85,658.5,659.1,764000
2017-09-20T09:15:00+05:30,658.6,662.8,654.3,657.2,1662000
2017-09-20T13:15:00+05:30,657.55,657.9,656,656.7,610000
2017-09-21T09:15:00+05:30,656.4,660.5,650.6,652.25,1948000
2017-09-21T13:15:00+05:30,653.1,656.45,652,655,678000
2017-09-22T09:15:00+05:30,650,651.9,631.3,636.85,2918000
2017-09-22T13:15:00+05:30,637,641.2,629.6,640.55,1536000
2017-09-25T09:15:00+05:30,634.2,645.55,621.45,635.4,2122000
2017-09-25T13:15:00+05:30,634.65,646.7,633.25,645.4,1660000
2017-09-26T09:15:00+05:30,649.05,652.25,642.2,651.25,2746000
2017-09-26T13:15:00+05:30,651.25,651.6,646.15,649.65,1210000
2017-09-27T09:15:00+05:30,652.65,657.85,648.25,654.65,3484000
2017-09-27T13:15:00+05:30,654.65,661.6,640.05,646.9,4640000
2017-09-28T09:15:00+05:30,644.15,644.15,630,637.75,3326000
2017-09-28T13:15:00+05:30,637.85,646.5,637,643.9,1748000
2017-09-29T09:15:00+05:30,647.4,658.75,646.1,656.25,2940000
2017-09-29T13:15:00+05:30,655.7,661,654.15,659.9,2576000
2017-10-03T09:15:00+05:30,665.65,672.9,655.3,657,4438000
2017-10-03T13:15:00+05:30,657.05,658.3,650.15,655.8,1350000
2017-10-04T09:15:00+05:30,658.85,658.95,653.15,656,1894000
2017-10-04T13:15:00+05:30,655.6,657,653.6,656,612000
2017-10-05T09:15:00+05:30,660.85,660.85,651.5,655.7,1130000
2017-10-05T13:15:00+05:30,655.4,658.65,654.4,655.95,714000
2017-10-06T09:15:00+05:30,656.9,665.95,654.25,662.6,2296000
2017-10-06T13:15:00+05:30,662.75,664.85,660,662.8,1292000
2017-10-09T09:15:00+05:30,662.15,671.6,661.75,668.35,3676000
2017-10-09T13:15:00+05:30,668.35,678,667.65,676.85,3894000
2017-10-10T09:15:00+05:30,678.95,687,677,684.7,6170000
2017-10-10T13:15:00+05:30,685.15,685.2,682.1,683.45,1564000
2017-10-11T09:15:00+05:30,684.75,688,680.15,684.5,2150000
2017-10-11T13:15:00+05:30,684.5,685.85,676.7,680.3,2264000
2017-10-12T09:15:00+05:30,681.8,690.4,681.8,687.25,2440000
2017-10-12T13:15:00+05:30,687.1,692,686.2,691.8,1486000
2017-10-13T09:15:00+05:30,694.3,696.5,690.1,694.5,2948000
2017-10-13T13:15:00+05:30,694.7,697.2,693.1,693.8,1934000
2017-10-16T09:15:00+05:30,694.55,697.95,692,694.65,2008000
2017-10-16T13:15:00+05:30,694.15,695.9,693.6,695,702000
2017-10-17T09:15:00+05:30,695.75,697,687.1,690.35,1840000
2017-10-17T13:15:00+05:30,690.35,691.35,688.35,691,892000
2017-10-18T09:15:00+05:30,689.55,697,689.05,693.15,1230000
2017-10-18T13:15:00+05:30,693.5,696.5,690.6,692,1308000
2017-10-23T09:15:00+05:30,685.5,691.75,684,685.75,1786000
2017-10-23T13:15:00+05:30,685.75,688.6,683.1,687.9,736000
2017-10-24T09:15:00+05:30,690.25,696.75,685.2,695,2098000
2017-10-24T13:15:00+05:30,695,695.9,693.3,695.1,1652000
2017-10-25T09:15:00+05:30,698.3,699.5,690.3,691.85,2406000
2017-10-25T13:15:00+05:30,691.85,696.2,690.85,693,1116000
2017-10-26T09:15:00+05:30,692.55,705.85,688.3,702,4384000
2017-10-26T13:15:00+05:30,702,716.05,700.3,715.95,3968000
2017-10-27T09:15:00+05:30,715.5,717.5,705.05,710.45,2080000
2017-10-27T13:15:00+05:30,710,713.45,707.1,709.25,539000
2017-10-30T09:15:00+05:30,715.5,721.6,711.45,720.6,1572000
2017-10-30T13:15:00+05:30,720.8,723.7,719.05,720.95,734000
2017-10-31T09:15:00+05:30,719.4,729.95,719.05,723.35,1540000
2017-10-31T13:15:00+05:30,723.35,727,721.1,725.2,699000
2017-11-01T09:15:00+05:30,726.85,730,713.45,718.5,5443000
2017-11-01T13:15:00+05:30,718.5,719.55,704.85,714,4922000
2017-11-02T09:15:00+05:30,709.45,717.75,705.3,713.25,2517000
2017-11-02T13:15:00+05:30,713.15,715.2,702.25,707,1174000
2017-11-03T09:15:00+05:30,705.15,706.5,690.1,697.25,1948000
2017-11-03T13:15:00+05:30,697,698.85,693.9,693.9,763000
2017-11-06T09:15:00+05:30,690.35,710,690.35,705.3,1718000
2017-11-06T13:15:00+05:30,705.25,708.6,704.15,706.65,794000
2017-11-07T09:15:00+05:30,709.9,716.9,701.8,708.75,1929000
2017-11-07T13:15:00+05:30,708.35,708.35,698.2,707.05,936000
2017-11-08T09:15:00+05:30,708,708.35,694.5,697.1,1336000
2017-11-08T13:15:00+05:30,697.1,699.6,691.65,694,775000
2017-11-09T09:15:00+05:30,694.8,700.5,680.65,690.4,1880000
2017-11-09T13:15:00+05:30,690.35,697,689.75,694.5,871000
2017-11-10T09:15:00+05:30,691.65,704.1,688.05,701.65,1491000
2017-11-10T13:15:00+05:30,701.65,711.85,700.25,710,1451000
2017-11-13T09:15:00+05:30,709.6,713.8,705.1,709.45,1259000
2017-11-13T13:15:00+05:30,709.3,711.9,694,700,1213000
2017-11-14T09:15:00+05:30,697.65,709.95,696.7,702.55,1155000
2017-11-14T13:15:00+05:30,702.3,707.35,702,705.5,555000
2017-11-15T09:15:00+05:30,702,705.05,695,698.95,1174000
2017-11-15T13:15:00+05:30,698.9,704.25,691.1,701.75,1036000
2017-11-16T09:15:00+05:30,697.05,707.8,693.1,703.1,1117000
2017-11-16T13:15:00+05:30,703.05,709.9,703,708,852000
2017-11-17T09:15:00+05:30,710.8,725,708.5,717.5,2574000
2017-11-17T13:15:00+05:30,717.75,719.5,709.1,711.75,889000
2017-11-20T09:15:00+05:30,709.75,715.5,708.05,712.05,982000
2017-11-20T13:15:00+05:30,712.15,712.85,708.3,710.25,372000
2017-11-21T09:15:00+05:30,711.85,714.75,701,710.05,1087000
2017-11-21T13:15:00+05:30,710.05,712.05,705.1,708.7,475000
2017-11-22T09:15:00+05:30,706.65,722,706.65,719.1,1912000
2017-11-22T13:15:00+05:30,719.3,719.55,716.05,717,680000
2017-11-23T09:15:00+05:30,715.9,736.7,714.9,727.8,4543000
2017-11-23T13:15:00+05:30,727.6,737.5,727.6,734,2305000
2017-11-24T09:15:00+05:30,738.8,742.7,736.15,739.15,2423000
2017-11-24T13:15:00+05:30,738.8,740.3,737.4,737.95,900000
2017-11-27T09:15:00+05:30,735.25,744.25,731.5,742.95,1600000
2017-11-27T13:15:00+05:30,742.8,746.5,741.75,746,1938000
2017-11-28T09:15:00+05:30,744,747.7,740.4,744.9,1569000
2017-11-28T13:15:00+05:30,744.9,748.5,742.1,744.85,786000
2017-11-29T09:15:00+05:30,741.05,743,734,739.75,1547000
2017-11-29T13:15:00+05:30,739.7,740,735.4,738.45,1064000
2017-11-30T09:15:00+05:30,735.35,735.35,721.9,724.45,2238000
2017-11-30T13:15:00+05:30,724.3,731.5,717.9,728.35,2729000
2017-12-01T09:15:00+05:30,729.55,733.5,727.35,729.65,1365000
2017-12-01T13:15:00+05:30,729.2,731.05,723.55,726,1091000
2017-12-04T09:15:00+05:30,721.65,726,711.9,724.25,2060000
2017-12-04T13:15:00+05:30,724.1,730.5,720,728,908000
2017-12-05T09:15:00+05:30,726.45,730.2,720.3,725.1,1208000
2017-12-05T13:15:00+05:30,724.85,744.8,724,744.25,2387000
2017-12-06T09:15:00+05:30,740.55,745.95,733,736,2412000
2017-12-06T13:15:00+05:30,736,738.45,732.1,734,809000
2017-12-07T09:15:00+05:30,735.55,754,735,749.1,2628000
2017-12-07T13:15:00+05:30,749.45,751,747,749.5,883000
2017-12-08T09:15:00+05:30,754.75,756,747.05,748.65,1315000
2017-12-08T13:15:00+05:30,748.35,749.45,743.7,748.95,655000
2017-12-11T09:15:00+05:30,747.45,752.85,745.4,751.5,1091000
2017-12-11T13:15:00+05:30,751.6,756.7,751.6,756.05,762000
2017-12-12T09:15:00+05:30,754.9,763.5,751.1,760.35,2251000
2017-12-12T13:15:00+05:30,760.2,762.25,756,757,774000
2017-12-13T09:15:00+05:30,757.3,757.3,748.5,753.9,818000
2017-12-13T13:15:00+05:30,753.75,753.75,743.35,744.95,921000
2017-12-14T09:15:00+05:30,744.3,749.85,741.2,745.95,1176000
2017-12-14T13:15:00+05:30,746,751.4,744.05,751,652000
2017-12-15T09:15:00+05:30,754.05,767.7,753.6,759.1,1882000
2017-12-15T13:15:00+05:30,759,760.5,756.5,757,568000
2017-12-18T09:15:00+05:30,748.45,769.7,744.45,765,2038000
2017-12-18T13:15:00+05:30,764.7,765.25,760.75,762.55,555000
2017-12-19T09:15:00+05:30,760.75,781.35,760.75,778.65,2659000
2017-12-19T13:15:00+05:30,778.25,790.9,778.05,784,2596000
2017-12-20T09:15:00+05:30,784.95,790,777.9,781.8,1767000
2017-12-20T13:15:00+05:30,781.7,783.15,778.05,779.4,959000
2017-12-21T09:15:00+05:30,779.85,782.3,775.35,779,811000
2017-12-21T13:15:00+05:30,778.95,781.5,777.15,780.95,569000
2017-12-22T09:15:00+05:30,779.2,786.7,773.75,777,1853000
2017-12-22T13:15:00+05:30,777.35,778.25,772.35,774.3,750000
2017-12-26T09:15:00+05:30,774,777.35,769.15,770.6,1104000
2017-12-26T13:15:00+05:30,771,775.45,768.75,769,1368000
2017-12-27T09:15:00+05:30,772,772,766.05,769.15,1440000
2017-12-27T13:15:00+05:30,769.15,778.35,765.25,766.05,1812000
2017-12-28T09:15:00+05:30,769.95,772,766.4,769.8,1879000
2017-12-28T13:15:00+05:30,769.85,771.5,764.25,765.9,1416000
2017-12-29T09:15:00+05:30,767,780,765.55,774.9,1891000
2017-12-29T13:15:00+05:30,775.7,776.75,773.7,774.5,848000
2018-01-01T09:15:00+05:30,774.4,779.45,767.5,771.1,820000
2018-01-01T13:15:00+05:30,771.1,773.25,766.05,770.75,472000
2018-01-02T09:15:00+05:30,783.05,794.25,775.25,782.85,5982000
2018-01-02T13:15:00+05:30,782.15,783.45,768.75,779.1,2198000
2018-01-03T09:15:00+05:30,781.15,782.75,772.6,774.35,1263000
2018-01-03T13:15:00+05:30,774,775,770.3,774.5,729000
2018-01-04T09:15:00+05:30,774.65,774.75,764,768.75,1380000
2018-01-04T13:15:00+05:30,768.4,770.95,764.4,770.3,1289000
2018-01-05T09:15:00+05:30,769.6,777.6,768.45,771.8,1616000
2018-01-05T13:15:00+05:30,771.95,772.35,768,770.05,641000
2018-01-08T09:15:00+05:30,773.5,773.5,765.75,771.25,1119000
2018-01-08T13:15:00+05:30,771.65,773.8,769.7,770.7,636000
2018-01-09T09:15:00+05:30,772.2,785.6,768.7,776.1,2738000
2018-01-09T13:15:00+05:30,775.65,777,771,774.1,1164000
2018-01-10T09:15:00+05:30,772.2,778.5,767.8,771.85,1236000
2018-01-10T13:15:00+05:30,771.6,772.3,768.6,771,917000
2018-01-11T09:15:00+05:30,772.3,772.45,760.1,764.45,1773000
2018-01-11T13:15:00+05:30,764.45,764.45,754.3,756.7,1322000
2018-01-12T09:15:00+05:30,757.8,758.45,743.5,745.45,2403000
2018-01-12T13:15:00+05:30,745.5,755.7,743.15,751.55,1195000
2018-01-15T09:15:00+05:30,753.35,758.9,745.5,746.4,1599000
2018-01-15T13:15:00+05:30,746.4,748.5,738.85,740.8,871000
2018-01-16T09:15:00+05:30,742.3,742.3,725.75,727.4,1502000
2018-01-16T13:15:00+05:30,727.15,730.8,718.7,723.6,1257000
2018-01-17T09:15:00+05:30,723.7,732.2,711.5,728.8,2236000
2018-01-17T13:15:00+05:30,728.7,734,727,733.45,768000
2018-01-18T09:15:00+05:30,739.1,739.15,719.5,721.6,1292000
2018-01-18T13:15:00+05:30,721.6,725.45,705.75,721.25,1778000
2018-01-19T09:15:00+05:30,721,723.55,710,715.2,910000
2018-01-19T13:15:00+05:30,715,719.95,713.35,717.95,510000
2018-01-22T09:15:00+05:30,713.45,724.7,712.3,719.4,1209000
2018-01-22T13:15:00+05:30,719.2,722.2,715.5,716.2,666000
2018-01-23T09:15:00+05:30,722,723.6,708.75,710.1,1253000
2018-01-23T13:15:00+05:30,711.1,712.8,706.4,708.55,770000
2018-01-24T09:15:00+05:30,706.1,718,706,713.05,1697000
2018-01-24T13:15:00+05:30,713.05,715.3,708,708.95,1371000
2018-01-25T09:15:00+05:30,711.45,722,710.45,711.35,2770000
2018-01-25T13:15:00+05:30,711.3,714.5,708,710.55,1957000
2018-01-29T09:15:00+05:30,708.4,723,707.95,719.55,1445000
2018-01-29T13:15:00+05:30,719.5,724.9,715.75,723.3,1290000
2018-01-30T09:15:00+05:30,726.65,731.9,696.35,711.5,8047000
2018-01-30T13:15:00+05:30,711.5,720.95,710.45,715,2827000
2018-01-31T09:15:00+05:30,712.35,712.35,685.2,690,4981000
2018-01-31T13:15:00+05:30,690.6,699.7,685.45,696,1576000
2018-02-01T09:15:00+05:30,697.1,698.4,671.4,687.4,2237000
2018-02-01T13:15:00+05:30,687.9,690,673.05,673.05,1377000
2018-02-02T09:15:00+05:30,672.95,674.85,645.6,648,2592000
2018-02-02T13:15:00+05:30,647.8,653,641.45,645,1404000
2018-02-05T09:15:00+05:30,633.55,659.5,622.8,652.15,2123000
2018-02-05T13:15:00+05:30,652.8,663.5,647.5,661,884000
2018-02-06T09:15:00+05:30,630,647,601.65,644.05,2477000
2018-02-06T13:15:00+05:30,643,666.55,641.25,650.3,1290000
2018-02-07T09:15:00+05:30,657.2,669.55,647.3,653.6,1203000
2018-02-07T13:15:00+05:30,654.25,654.25,648.15,649.9,547000
2018-02-08T09:15:00+05:30,648.25,661.35,647.25,657.85,708000
2018-02-08T13:15:00+05:30,658,672.85,652.85,669.9,1153000
2018-02-09T09:15:00+05:30,659,667,654,666.2,1026000
2018-02-09T13:15:00+05:30,665.6,673.55,661.1,663.5,850000
2018-02-12T09:15:00+05:30,663.5,674.9,662.2,666.45,787000
2018-02-12T13:15:00+05:30,666.55,667.95,661.05,661.15,531000
2018-02-14T09:15:00+05:30,665.15,669.15,656.75,661.2,716000
2018-02-14T13:15:00+05:30,661.45,662.25,651,651.05,468000
2018-02-15T09:15:00+05:30,654,662.2,649.1,654.55,1013000
2018-02-15T13:15:00+05:30,654.25,657.15,652,656,529000
2018-02-16T09:15:00+05:30,656.65,659.25,646.45,650.8,1070000
2018-02-16T13:15:00+05:30,651.25,656.5,648.25,655.6,549000
2018-02-19T09:15:00+05:30,657.75,657.75,635.8,651,1431000
2018-02-19T13:15:00+05:30,651,654.45,648,651.85,715000
2018-02-20T09:15:00+05:30,649.75,653.5,644.5,649.6,1324000
2018-02-20T13:15:00+05:30,649.6,651.5,648.65,649,775000
2018-02-21T09:15:00+05:30,651.65,653,629.2,629.7,2588000
2018-02-21T13:15:00+05:30,629.75,639.95,627.5,639,1404000
2018-02-22T09:15:00+05:30,630.2,639.25,628.7,633.8,2564000
2018-02-22T13:15:00+05:30,633.7,637.8,627.7,635.25,1953000
2018-02-23T09:15:00+05:30,637.65,660.7,635.05,660.45,2038000
2018-02-23T13:15:00+05:30,660.7,666.5,659.95,663,1677000
2018-02-26T09:15:00+05:30,662.95,675.55,661.15,674.45,1549000
2018-02-26T13:15:00+05:30,674.95,682.65,672.25,680,1153000
2018-02-27T09:15:00+05:30,683.25,685,674.75,677.3,1643000
2018-02-27T13:15:00+05:30,677.2,679.45,675.55,678,425000
2018-02-28T09:15:00+05:30,668.1,677.2,668,673.9,761000
2018-02-28T13:15:00+05:30,674.3,681.65,672.55,678.6,1007000
2018-03-01T09:15:00+05:30,676.5,683.7,675.15,677.05,1090000
2018-03-01T13:15:00+05:30,677.1,679.75,675.25,675.75,510000
2018-03-05T09:15:00+05:30,675.7,686.75,671.45,673.75,2328000
2018-03-05T13:15:00+05:30,674.1,675.35,662.6,664.1,1138000
2018-03-06T09:15:00+05:30,659.05,671.65,650.7,653.4,1410000
2018-03-06T13:15:00+05:30,653,654.8,635.3,638.1,1128000
2018-03-07T09:15:00+05:30,637.85,644.9,633.25,637.95,1355000
2018-03-07T13:15:00+05:30,638.15,640.8,633.05,633.95,564000
2018-03-08T09:15:00+05:30,636.75,640.25,623.5,635.5,2135000
2018-03-08T13:15:00+05:30,635.2,651.5,634.9,651.5,1602000
2018-03-09T09:15:00+05:30,651.3,651.3,639.55,646.9,1633000
2018-03-09T13:15:00+05:30,646.1,649.5,637.15,649.5,754000
2018-03-12T09:15:00+05:30,649.85,657.95,644.2,651.8,1158000
2018-03-12T13:15:00+05:30,651.8,654.35,647.8,651.4,693000
2018-03-13T09:15:00+05:30,651.35,660.95,651,656,1167000
2018-03-13T13:15:00+05:30,656,657.5,637.85,645.4,1382000
2018-03-14T09:15:00+05:30,642.05,649,640.95,641.5,1269000
2018-03-14T13:15:00+05:30,642.25,648.8,634,647.3,1422000
2018-03-15T09:15:00+05:30,646.35,654.9,644.95,649.5,1285000
2018-03-15T13:15:00+05:30,649.6,649.9,644.45,645,587000
2018-03-16T09:15:00+05:30,645.6,645.6,639,641.75,809000
2018-03-16T13:15:00+05:30,641.75,643.45,632.55,635.95,781000
2018-03-19T09:15:00+05:30,635.55,638.05,608,613.8,1904000
2018-03-19T13:15:00+05:30,613.95,624.55,612.25,618.3,788000
2018-03-20T09:15:00+05:30,612.45,630.35,610.15,623.25,1425000
2018-03-20T13:15:00+05:30,623.8,627.45,622,625.7,604000
2018-03-21T09:15:00+05:30,625.7,631,618.2,621.5,952000
2018-03-21T13:15:00+05:30,621.5,622,615.5,619.2,446000
2018-03-22T09:15:00+05:30,616.55,626.45,603.75,605.9,1474000
2018-03-22T13:15:00+05:30,605.5,609.7,604.15,608.45,563000
2018-03-23T09:15:00+05:30,591.1,606,589.45,604.2,1665000
2018-03-23T13:15:00+05:30,604.3,611.6,597.9,610.05,1250000
2018-03-26T09:15:00+05:30,609.95,620.7,602.6,618.65,1722000
2018-03-26T13:15:00+05:30,618.65,621.75,615.8,620.5,941000
2018-03-27T09:15:00+05:30,622.05,628.1,617.45,622.1,1674000
2018-03-27T13:15:00+05:30,622.1,622.75,615.8,619.45,1136000
2018-03-28T09:15:00+05:30,617.8,622.9,611.25,617.5,1802000
2018-03-28T13:15:00+05:30,617.6,621.25,613.65,616.5,1549000
2018-04-02T09:15:00+05:30,622.6,640.35,621.5,637.65,1270000
2018-04-02T13:15:00+05:30,637.4,666.9,637.05,661,3697000
2018-04-03T09:15:00+05:30,661,664,643.3,651.45,1648000
2018-04-03T13:15:00+05:30,651.45,653,647,651,670000
2018-04-04T09:15:00+05:30,652.1,657.8,647,652.3,1323000
2018-04-04T13:15:00+05:30,652.05,652.05,644.3,644.75,712000
2018-04-05T09:15:00+05:30,653,657.85,647.9,650.1,908000
2018-04-05T13:15:00+05:30,651,654,649.5,653,566000
2018-04-06T09:15:00+05:30,655.05,655.05,643.35,647.85,666000
2018-04-06T13:15:00+05:30,647.6,649.7,641,648.3,806000
2018-04-09T09:15:00+05:30,648,654.05,644.8,647.5,1173000
2018-04-09T13:15:00+05:30,648.1,649.45,644,649.2,711000
2018-04-10T09:15:00+05:30,649,652,638.2,641.15,831000
2018-04-10T13:15:00+05:30,641.2,642.95,639.05,642.75,489000
2018-04-11T09:15:00+05:30,634.1,645.75,630,631.35,1160000
2018-04-11T13:15:00+05:30,631.7,636.9,631.5,631.8,926000
2018-04-12T09:15:00+05:30,631,645,628.65,644.5,1626000
2018-04-12T13:15:00+05:30,645,646.95,639,639,768000
2018-04-13T09:15:00+05:30,642.25,660,638,658.2,2601000
2018-04-13T13:15:00+05:30,658.25,670.45,653.25,657.4,2813000
2018-04-16T09:15:00+05:30,655.1,673.4,655.05,671.85,2931000
2018-04-16T13:15:00+05:30,672,679.4,669.55,677.05,2138000
2018-04-17T09:15:00+05:30,679.35,691.4,678,679.25,3338000
2018-04-17T13:15:00+05:30,679.35,683,673.05,674.15,983000
2018-04-18T09:15:00+05:30,676.9,680.9,668,676,1174000
2018-04-18T13:15:00+05:30,676.4,678.65,672.05,677.5,960000
2018-04-19T09:15:00+05:30,675.35,683.5,673,675.35,897000
2018-04-19T13:15:00+05:30,675.2,678.4,671.9,678,415000
2018-04-20T09:15:00+05:30,674.3,679,664.3,665,1055000
2018-04-20T13:15:00+05:30,664.5,672.85,664.45,671.5,1008000
2018-04-23T09:15:00+05:30,666,682.25,665.6,676.8,1544000
2018-04-23T13:15:00+05:30,677.15,677.15,663.5,663.5,1378000
2018-04-24T09:15:00+05:30,666,672,661.7,666.45,1389000
2018-04-24T13:15:00+05:30,666.45,669.75,662.25,663.15,1225000
2018-04-25T09:15:00+05:30,661.1,668.55,661.1,663.45,1856000
2018-04-25T13:15:00+05:30,663.45,664.7,654.35,657.5,1070000
2018-04-26T09:15:00+05:30,663.05,665.7,655.25,659,2004000
2018-04-26T13:15:00+05:30,659,660.15,649.2,649.2,1822000
2018-04-27T09:15:00+05:30,653.95,673.5,651,667.65,1747000
2018-04-27T13:15:00+05:30,667.5,675.35,667,669.45,811000
2018-04-30T09:15:00+05:30,675.9,678.4,669.3,671.3,1043000
2018-04-30T13:15:00+05:30,671.45,673.4,667.75,673,607000
2018-05-02T09:15:00+05:30,676,678.5,647.55,651.2,2031000
2018-05-02T13:15:00+05:30,651.2,652.05,635.2,643,1269000
2018-05-03T09:15:00+05:30,654.55,654.55,630,636.5,1766000
2018-05-03T13:15:00+05:30,636.6,646.45,635.35,645.9,808000
2018-05-04T09:15:00+05:30,645.05,648.05,612.2,613,2489000
2018-05-04T13:15:00+05:30,613.3,621.15,610.65,619.7,1325000
2018-05-07T09:15:00+05:30,625,626.5,613.85,624.5,1289000
2018-05-07T13:15:00+05:30,624.5,633.5,620.85,628.55,1008000
2018-05-08T09:15:00+05:30,630.7,639.4,623.45,627.5,1711000
2018-05-08T13:15:00+05:30,627.5,629.8,625.2,629.5,408000
2018-05-09T09:15:00+05:30,628.55,631.25,621.95,625.5,768000
2018-05-09T13:15:00+05:30,625.5,628.7,624.2,625.1,386000
2018-05-10T09:15:00+05:30,627,630.05,616.75,621.5,1176000
2018-05-10T13:15:00+05:30,621.5,623.75,618,622,460000
2018-05-11T09:15:00+05:30,625.6,631.35,622.1,629.55,984000
2018-05-11T13:15:00+05:30,629.9,630.5,624.5,624.5,413000
2018-05-14T09:15:00+05:30,629.9,632.85,620.25,620.5,873000
2018-05-14T13:15:00+05:30,620.35,623.8,617,621,444000
2018-05-15T09:15:00+05:30,621,628.75,617.75,621.7,752000
2018-05-15T13:15:00+05:30,622.05,624.3,615,622.95,946000
2018-05-16T09:15:00+05:30,620.5,630,618,625.5,1948000
2018-05-16T13:15:00+05:30,625.95,627.9,579.85,607.5,16365000
2018-05-17T09:15:00+05:30,588.6,604.65,582,587.05,8720000
2018-05-17T13:15:00+05:30,587.8,589.2,580.7,583,2497000
2018-05-18T09:15:00+05:30,583.05,583.05,558.05,568.4,4700000
2018-05-18T13:15:00+05:30,568.25,575,566,571.8,1633000
2018-05-21T09:15:00+05:30,570.75,574.35,554.05,557.3,2219000
2018-05-21T13:15:00+05:30,556.85,565.5,555,565.5,901000
2018-05-22T09:15:00+05:30,564.35,574.9,561,569.4,999000
2018-05-22T13:15:00+05:30,569.2,569.9,563.3,564.3,449000
2018-05-23T09:15:00+05:30,565.05,576.6,563.5,573.8,1793000
2018-05-23T13:15:00+05:30,573.65,575,563.1,566.75,986000
2018-05-24T09:15:00+05:30,566.9,569.9,556.8,558.55,1504000
2018-05-24T13:15:00+05:30,558.5,560.1,539.1,550,2310000
2018-05-25T09:15:00+05:30,543.9,555.95,538.05,554.55,2246000
2018-05-25T13:15:00+05:30,555,569.85,552.65,565.4,1730000
2018-05-28T09:15:00+05:30,568.25,587.9,563.35,585.8,2485000
2018-05-28T13:15:00+05:30,585.8,591,582.1,583.45,1305000
2018-05-29T09:15:00+05:30,583.85,598.7,579.4,591.3,2613000
2018-05-29T13:15:00+05:30,591,595.5,588.65,591.9,1337000
2018-05-30T09:15:00+05:30,590.9,594.45,579.5,593,2941000
2018-05-30T13:15:00+05:30,593.2,608.1,592.5,604,3015000
2018-05-31T09:15:00+05:30,602.3,605.35,591.4,592.2,2731000
2018-05-31T13:15:00+05:30,592.05,593.15,581.2,583.8,1702000
2018-06-01T09:15:00+05:30,586,592.7,580.75,587.3,2105000
2018-06-01T13:15:00+05:30,586.85,593,575.8,593,3933000
2018-06-04T09:15:00+05:30,592.95,594.75,569,572.25,2395000
2018-06-04T13:15:00+05:30,571.7,572.6,559.55,565,2315000
2018-06-05T09:15:00+05:30,566,573.05,554.3,560.75,2299000
2018-06-05T13:15:00+05:30,560.35,562.15,553.15,560.5,865000
2018-06-06T09:15:00+05:30,562,574,555,568.45,1504000
2018-06-06T13:15:00+05:30,568.7,569.55,561,568.55,873000
2018-06-07T09:15:00+05:30,569.9,577.7,569.9,575.75,1897000
2018-06-07T13:15:00+05:30,575.6,579.8,574.45,576.8,1135000
2018-06-08T09:15:00+05:30,575.45,580,569.6,576.8,1325000
2018-06-08T13:15:00+05:30,576.6,585,575.9,581.5,987000
2018-06-11T09:15:00+05:30,585.5,590,581.05,585,1262000
2018-06-11T13:15:00+05:30,584.7,584.85,573.1,583.8,1059000
2018-06-12T09:15:00+05:30,584,585.65,575.55,579.75,1088000
2018-06-12T13:15:00+05:30,580,583.7,578.9,581.95,604000
2018-06-13T09:15:00+05:30,581.4,585.75,578.15,580,773000
2018-06-13T13:15:00+05:30,579.7,582.5,574.8,577,712000
2018-06-14T09:15:00+05:30,574.05,578,568.05,576,1532000
2018-06-14T13:15:00+05:30,576,584.7,575,582.95,635000
2018-06-15T09:15:00+05:30,580,588.55,573.3,573.85,1468000
2018-06-15T13:15:00+05:30,573.9,578.6,573.75,578,954000
2018-06-18T09:15:00+05:30,587.65,595,581.15,592.45,2640000
2018-06-18T13:15:00+05:30,592.65,596.95,589.2,591.5,1316000
2018-06-19T09:15:00+05:30,588.7,591,577.4,579,1814000
2018-06-19T13:15:00+05:30,579,585,578.6,584.05,699000
2018-06-20T09:15:00+05:30,583.9,590,577.95,585.5,1746000
2018-06-20T13:15:00+05:30,585.75,586.4,582.4,584,620000
2018-06-21T09:15:00+05:30,583.15,589.3,580.65,584.5,900000
2018-06-21T13:15:00+05:30,584.1,584.1,573.95,580,1089000
2018-06-22T09:15:00+05:30,577.55,584.85,576.95,583.8,817000
2018-06-22T13:15:00+05:30,583.7,584.1,580.1,584.1,559000
2018-06-25T09:15:00+05:30,583,599.55,579.9,597,2170000
2018-06-25T13:15:00+05:30,597.75,604.8,593,594.85,3067000
2018-06-26T09:15:00+05:30,589.5,592.95,581.3,589.85,4222000
2018-06-26T13:15:00+05:30,589.2,597.4,580.55,580.55,2124000
2018-06-27T09:15:00+05:30,581.9,584,575.2,580.3,2539000
2018-06-27T13:15:00+05:30,580.6,583.05,560.65,561.1,1391000
2018-06-28T09:15:00+05:30,557.35,569,550.65,553,2696000
2018-06-28T13:15:00+05:30,553,557.6,550.4,554.6,1598000
2018-06-29T09:15:00+05:30,556.5,560,546.9,550,1686000
2018-06-29T13:15:00+05:30,550.35,555.95,548.55,555.95,726000
2018-07-02T09:15:00+05:30,555.2,560,547,547,977000
2018-07-02T13:15:00+05:30,547.65,569.5,547.65,555.85,2421000
2018-07-03T09:15:00+05:30,556,561.8,549.65,561,1389000
2018-07-03T13:15:00+05:30,561,562.8,556.8,559.25,532000
2018-07-04T09:15:00+05:30,556.9,569,556.9,567,1118000
2018-07-04T13:15:00+05:30,565.9,584.5,564.4,579.45,1615000
2018-07-05T09:15:00+05:30,582.05,582.05,566.7,573.5,1293000
2018-07-05T13:15:00+05:30,574,574.45,563.35,572.25,930000
2018-07-06T09:15:00+05:30,567.6,584.75,567.6,583.2,1874000
2018-07-06T13:15:00+05:30,583.45,586.8,571,572,1028000
2018-07-09T09:15:00+05:30,577.05,591.95,577.05,589.75,1925000
2018-07-09T13:15:00+05:30,589.35,591.8,587,589.2,916000
2018-07-10T09:15:00+05:30,590,594.9,585.3,586.5,1984000
2018-07-10T13:15:00+05:30,586.75,587.5,581.05,586.55,855000
2018-07-11T09:15:00+05:30,584.9,587.45,577,580.2,1379000
2018-07-11T13:15:00+05:30,580.25,581.65,578,579.5,394000
2018-07-12T09:15:00+05:30,582.05,592.9,581.8,587.8,1262000
2018-07-12T13:15:00+05:30,587.5,587.9,573,575.95,849000
2018-07-13T09:15:00+05:30,578.35,579.95,568.1,572.1,859000
2018-07-13T13:15:00+05:30,572.5,584.8,572.15,582.1,971000
2018-07-16T09:15:00+05:30,579.15,587.35,574.2,584.55,1348000
2018-07-16T13:15:00+05:30,584.7,585.05,564,565,1241000
2018-07-17T09:15:00+05:30,565.15,578.15,565,571.8,1227000
2018-07-17T13:15:00+05:30,571.6,580.65,570.05,573.85,830000
2018-07-18T09:15:00+05:30,577.75,578.75,560,568.15,1227000
2018-07-18T13:15:00+05:30,567.7,570.55,562.95,569,618000
2018-07-19T09:15:00+05:30,569.75,575.4,561.95,566.6,878000
2018-07-19T13:15:00+05:30,566.85,567.2,561,563.05,569000
2018-07-20T09:15:00+05:30,562.95,569.65,559.6,562.8,1303000
2018-07-20T13:15:00+05:30,562.8,566.8,561.5,563.2,957000
2018-07-23T09:15:00+05:30,562.9,564.65,524.2,536.75,5094000
2018-07-23T13:15:00+05:30,536.75,542.7,533.9,540.7,2407000
2018-07-24T09:15:00+05:30,535.05,549.4,529.35,547.5,4517000
2018-07-24T13:15:00+05:30,547.5,554.4,545.75,550.9,1835000
2018-07-25T09:15:00+05:30,549.75,550.95,535,537.25,3584000
2018-07-25T13:15:00+05:30,537.25,542.5,535.35,537,1786000
2018-07-26T09:15:00+05:30,528.4,531.8,522.15,522.5,2846000
2018-07-26T13:15:00+05:30,522.5,523.15,506,519.6,3714000
2018-07-27T09:15:00+05:30,523.1,528.5,520.05,523.75,1534000
2018-07-27T13:15:00+05:30,523.8,526.25,521.8,526.25,822000
2018-07-30T09:15:00+05:30,525.15,528.75,510.8,515.1,2044000
2018-07-30T13:15:00+05:30,515.05,517.5,513,517.5,1115000
2018-07-31T09:15:00+05:30,511.8,520.3,508,515.25,2422000
2018-07-31T13:15:00+05:30,515.65,520,515,518.2,1006000
2018-08-01T09:15:00+05:30,517.65,523.5,517.65,522.2,2151000
2018-08-01T13:15:00+05:30,522.2,526,511.1,513,4278000
2018-08-02T09:15:00+05:30,513.4,520.85,510.05,517.95,1980000
2018-08-02T13:15:00+05:30,518,520.05,512.6,514,1037000
2018-08-03T09:15:00+05:30,516.9,523.65,516.4,519.6,1586000
2018-08-03T13:15:00+05:30,519.8,524,519.6,522.9,731000
2018-08-06T09:15:00+05:30,524.5,526.9,517.1,521.45,2139000
2018-08-06T13:15:00+05:30,521.7,535.45,521.3,535,4232000
2018-08-07T09:15:00+05:30,540,551.55,537.15,546.2,5695000
2018-08-07T13:15:00+05:30,546.3,562,517.7,547.5,22780000
2018-08-08T09:15:00+05:30,542.65,543.25,528.4,533.9,4994000
2018-08-08T13:15:00+05:30,533.95,536.8,531,532.5,1529000
2018-08-09T09:15:00+05:30,534.05,538,528.45,532.85,1868000
2018-08-09T13:15:00+05:30,532.85,539.9,532.2,539.05,1033000
2018-08-10T09:15:00+05:30,535.1,538.5,530,534.1,1269000
2018-08-10T13:15:00+05:30,534.2,535.1,529.15,530,848000
2018-08-13T09:15:00+05:30,524.3,526.9,517.45,522.4,1454000
2018-08-13T13:15:00+05:30,522.5,522.95,519.65,519.65,570000
2018-08-14T09:15:00+05:30,517.65,524.4,515.25,518.45,1781000
2018-08-14T13:15:00+05:30,518.2,522,518.2,521.45,866000
2018-08-16T09:15:00+05:30,518.1,524.8,516.4,522.4,1525000
2018-08-16T13:15:00+05:30,522.2,522.9,518.25,522,673000
2018-08-17T09:15:00+05:30,520.7,522.7,514.5,519.1,1164000
2018-08-17T13:15:00+05:30,518.95,519.3,517,519,589000
2018-08-20T09:15:00+05:30,518.4,523.8,517.7,521.4,2228000
2018-08-20T13:15:00+05:30,521,543.95,520.95,543.25,9615000
2018-08-21T09:15:00+05:30,544.65,552.1,541.85,545,4793000
2018-08-21T13:15:00+05:30,544.75,544.75,537.75,540.55,1479000
2018-08-23T09:15:00+05:30,541.85,546.8,531.45,542.3,2607000
2018-08-23T13:15:00+05:30,542.5,550,541.7,546,1506000
2018-08-24T09:15:00+05:30,547.05,554,541.1,546.6,2504000
2018-08-24T13:15:00+05:30,546.5,552.75,546.5,550.3,1670000
2018-08-27T09:15:00+05:30,553,568.7,551.65,567.35,3756000
2018-08-27T13:15:00+05:30,567.1,568.3,559.05,561,2189000
2018-08-28T09:15:00+05:30,563.2,572,563,570,3140000
2018-08-28T13:15:00+05:30,570.05,572.9,567.45,568,1716000
2018-08-29T09:15:00+05:30,568.25,576.4,566.15,569.6,2429000
2018-08-29T13:15:00+05:30,569.75,570.05,555.7,560.55,2109000
2018-08-30T09:15:00+05:30,556.45,562.8,556,558,1973000
2018-08-30T13:15:00+05:30,557.6,568,557.25,566.45,1432000
2018-08-31T09:15:00+05:30,565.05,569.45,557.15,559.3,1659000
2018-08-31T13:15:00+05:30,559.05,570.55,558.85,568.5,988000
2018-09-03T09:15:00+05:30,571.95,580.6,565.65,569.6,2072000
2018-09-03T13:15:00+05:30,570.15,572,561.5,565.7,918000
2018-09-04T09:15:00+05:30,560.35,565.5,554.5,562,1906000
2018-09-04T13:15:00+05:30,562,565.8,549.2,552.45,1396000
2018-09-05T09:15:00+05:30,552,558.5,542.3,546.8,1664000
2018-09-05T13:15:00+05:30,547.1,559.2,545.25,554.35,1221000
2018-09-06T09:15:00+05:30,552.5,568.35,551.8,566.45,1756000
2018-09-06T13:15:00+05:30,566.85,569.2,562.45,564.8,960000
2018-09-07T09:15:00+05:30,568.9,587.95,568.9,587.5,4543000
2018-09-07T13:15:00+05:30,587.3,591.75,583.95,589,2076000
2018-09-10T09:15:00+05:30,587.6,590.65,577.8,582.75,1912000
2018-09-10T13:15:00+05:30,582.7,586.5,579.9,581.8,687000
2018-09-11T09:15:00+05:30,583.35,588.5,577.35,578.1,1026000
2018-09-11T13:15:00+05:30,578,579.85,563.5,570.05,1107000
2018-09-12T09:15:00+05:30,570.05,573.7,562.5,567.9,1326000
2018-09-12T13:15:00+05:30,568.45,578.5,567.4,574.3,844000
2018-09-14T09:15:00+05:30,576.25,586.45,576.25,583.8,1214000
2018-09-14T13:15:00+05:30,584.4,589,583.05,586.7,735000
2018-09-17T09:15:00+05:30,585.75,592.95,580.5,588.1,1470000
2018-09-17T13:15:00+05:30,588.1,591.3,586.6,589.8,587000
2018-09-18T09:15:00+05:30,588.55,599.75,587.4,589.6,2030000
2018-09-18T13:15:00+05:30,589.6,590.95,582.3,588.55,1334000
2018-09-19T09:15:00+05:30,592,593.75,584.5,586.1,1449000
2018-09-19T13:15:00+05:30,586.1,592.9,585.1,590.9,1056000
2018-09-21T09:15:00+05:30,594,595.2,556.75,576.5,2204000
2018-09-21T13:15:00+05:30,569.15,586,556.75,579.65,1631000
2018-09-24T09:15:00+05:30,576.75,584,564.95,578.4,2258000
2018-09-24T13:15:00+05:30,576.5,577.9,552.8,573,2742000
2018-09-25T09:15:00+05:30,571.9,587.2,566.1,585.65,2473000
2018-09-25T13:15:00+05:30,585.5,592,580.6,589,1594000
2018-09-26T09:15:00+05:30,593.2,593.2,574.3,577.55,3188000
2018-09-26T13:15:00+05:30,577.55,584,576.85,582.95,1025000
2018-09-27T09:15:00+05:30,567.25,577.2,566,567.5,2002000
2018-09-27T13:15:00+05:30,566.85,574.85,565,573.85,1683000
2018-09-28T09:15:00+05:30,575.9,575.95,539.1,539.55,2595000
2018-09-28T13:15:00+05:30,540.2,548.15,522.3,541,2074000
2018-10-01T09:15:00+05:30,540,540,512,534,2078000
2018-10-01T13:15:00+05:30,533.1,549.3,525.3,537.5,1712000
2018-10-03T09:15:00+05:30,547.55,554.9,535,545.75,2681000
2018-10-03T13:15:00+05:30,545.5,549.25,532.45,539.7,1396000
2018-10-04T09:15:00+05:30,530.25,533,507.9,510.3,1925000
2018-10-04T13:15:00+05:30,511.45,528.3,509.25,521.55,1589000
2018-10-05T09:15:00+05:30,519.05,522.7,497.05,499.6,1998000
2018-10-05T13:15:00+05:30,500.15,509,493.25,495,1237000
2018-10-08T09:15:00+05:30,497.3,505,477.55,495,3301000
2018-10-08T13:15:00+05:30,494.9,505,490.15,491,1381000
2018-10-09T09:15:00+05:30,499.85,502.6,484.65,489.4,2181000
2018-10-09T13:15:00+05:30,488.9,495.85,485.7,487.15,1022000
2018-10-10T09:15:00+05:30,505,528.25,498.8,520.8,2628000
2018-10-10T13:15:00+05:30,521,523.3,511.2,516.7,1283000
2018-10-11T09:15:00+05:30,498.8,512,488.25,509.75,2282000
2018-10-11T13:15:00+05:30,511,511,497,498.5,1062000
2018-10-12T09:15:00+05:30,509.95,529.7,503.6,528.6,2182000
2018-10-12T13:15:00+05:30,528.95,533,523,526,1413000
2018-10-15T09:15:00+05:30,529.95,529.95,511.2,515.6,1455000
2018-10-15T13:15:00+05:30,515.85,526.15,515,524.05,523000
2018-10-16T09:15:00+05:30,524,539,523,530.3,1130000
2018-10-16T13:15:00+05:30,530.3,547.65,529,545.25,1493000
2018-10-17T09:15:00+05:30,550,550,526.45,529.65,2407000
2018-10-17T13:15:00+05:30,529.4,543.4,526,528,1776000
2018-10-19T09:15:00+05:30,524.5,530.2,507.55,510.35,1856000
2018-10-19T13:15:00+05:30,510.15,515.4,496.75,514.75,1622000
2018-10-22T09:15:00+05:30,518.45,526.9,512.45,523.5,1888000
2018-10-22T13:15:00+05:30,523,523.5,512,512.55,1316000
2018-10-23T09:15:00+05:30,505.05,534.5,492.7,531.9,8169000
2018-10-23T13:15:00+05:30,531.6,540.65,524.3,540,14122000
2018-10-24T09:15:00+05:30,542.1,543.35,514.6,530.4,7431000
2018-10-24T13:15:00+05:30,530,534.7,520.7,533.5,2732000
2018-10-25T09:15:00+05:30,517.85,517.85,506.8,514.9,2607000
2018-10-25T13:15:00+05:30,514.9,528.9,514.1,517,2100000
2018-10-26T09:15:00+05:30,518.35,527.9,510.2,523.65,1567000
2018-10-26T13:15:00+05:30,523.4,525.45,520,524.8,894000
2018-10-29T09:15:00+05:30,521.85,531.15,521,528.95,1088000
2018-10-29T13:15:00+05:30,528.5,549.45,528,545.2,2033000
2018-10-30T09:15:00+05:30,541.9,544.7,532.4,542,2080000
2018-10-30T13:15:00+05:30,542.55,542.95,534.55,535.75,902000
2018-10-31T09:15:00+05:30,536.1,544.85,532.05,541.5,1536000
2018-10-31T13:15:00+05:30,541.3,547,538,539.1,1542000
2018-11-01T09:15:00+05:30,537,546.85,532.85,544.1,2347000
2018-11-01T13:15:00+05:30,543.95,551.3,540.15,549.4,2019000
2018-11-02T09:15:00+05:30,553.5,567.15,548.8,565,4662000
2018-11-02T13:15:00+05:30,565.15,567,553.9,557.2,1850000
2018-11-05T09:15:00+05:30,558.7,561.75,552.65,558.2,1100000
2018-11-05T13:15:00+05:30,558.3,564.65,556.4,562.45,548000
2018-11-06T09:15:00+05:30,564.5,565.55,555.05,557,983000
2018-11-06T13:15:00+05:30,557,558.6,549.85,552.95,800000
2018-11-09T09:15:00+05:30,552,562,549.9,557.85,822000
2018-11-09T13:15:00+05:30,557.9,560.15,556.45,558.95,395000
2018-11-12T09:15:00+05:30,557.5,561.15,546.25,546.6,1131000
2018-11-12T13:15:00+05:30,547.55,548.9,539.7,541.5,771000
2018-11-13T09:15:00+05:30,539.95,551.45,536.15,544.6,1535000
2018-11-13T13:15:00+05:30,544.65,551.95,544.65,546.5,681000
2018-11-14T09:15:00+05:30,546.95,560.05,546.95,556.05,1540000
2018-11-14T13:15:00+05:30,556.9,557.95,552,554.4,567000
2018-11-15T09:15:00+05:30,552.2,558.9,549.2,557.1,1012000
2018-11-15T13:15:00+05:30,557.1,563,546.15,551,1035000
2018-11-16T09:15:00+05:30,548.85,556.65,546.8,549.8,1145000
2018-11-16T13:15:00+05:30,549.8,555.3,547.8,551.35,423000
2018-11-19T09:15:00+05:30,549.75,556.55,547.8,554.4,944000
2018-11-19T13:15:00+05:30,554.55,558.2,553,556.65,697000
2018-11-20T09:15:00+05:30,553.35,553.35,542.1,542.1,1099000
2018-11-20T13:15:00+05:30,542,542.25,532.55,535.15,958000
2018-11-21T09:15:00+05:30,532.6,545.95,532.6,541.55,1420000
2018-11-21T13:15:00+05:30,541.2,545.7,540.75,542.7,487000
2018-11-22T09:15:00+05:30,540.55,541.9,525.95,528,1841000
2018-11-22T13:15:00+05:30,528.05,529.9,526.2,526.45,614000
2018-11-26T09:15:00+05:30,527,533.85,523.15,529.35,2236000
2018-11-26T13:15:00+05:30,530,539.15,529.45,537.3,1119000
2018-11-27T09:15:00+05:30,534.45,542.6,531.5,540.5,3168000
2018-11-27T13:15:00+05:30,540.5,545.7,539.8,543.15,1341000
2018-11-28T09:15:00+05:30,543.9,546.4,536.2,537.5,3671000
2018-11-28T13:15:00+05:30,537.5,539.25,531.8,532.65,1287000
2018-11-29T09:15:00+05:30,536.05,540.2,530.05,540.2,2045000
2018-11-29T13:15:00+05:30,540.7,552.65,540.4,551.3,1545000
2018-11-30T09:15:00+05:30,550.45,554.85,545.3,553.7,1247000
2018-11-30T13:15:00+05:30,553,559.75,551.6,557.9,1396000
2018-12-03T09:15:00+05:30,556.65,560,547.4,550,2527000
2018-12-03T13:15:00+05:30,549.8,554.65,549.4,552.45,1016000
2018-12-04T09:15:00+05:30,549.85,558.8,547.3,555.6,1619000
2018-12-04T13:15:00+05:30,555.5,559.7,553.5,556.05,1020000
2018-12-05T09:15:00+05:30,553.4,559.65,551.1,557.9,1433000
2018-12-05T13:15:00+05:30,557.8,558.8,554.2,555.1,1083000
2018-12-06T09:15:00+05:30,552.85,554,530.15,539.05,2514000
2018-12-06T13:15:00+05:30,539.05,539.05,532,533.65,641000
2018-12-07T09:15:00+05:30,534.55,545.75,534.55,542.6,1151000
2018-12-07T13:15:00+05:30,542.4,545.4,541.9,544.05,631000
2018-12-10T09:15:00+05:30,538.4,557.4,534.7,554.55,1658000
2018-12-10T13:15:00+05:30,554.75,555.35,545.35,545.35,807000
2018-12-11T09:15:00+05:30,540.25,552.65,538,552.05,1138000
2018-12-11T13:15:00+05:30,551.8,556.55,549,551.55,687000
2018-12-12T09:15:00+05:30,556,571.2,555.7,566.45,7826000
2018-12-12T13:15:00+05:30,566.5,576.9,565.8,576.9,3789000
2018-12-13T09:15:00+05:30,577.55,580,565.55,577.15,2526000
2018-12-13T13:15:00+05:30,577.5,578.95,566.75,567.8,1824000
2018-12-14T09:15:00+05:30,571,577.3,566.3,576.25,1688000
2018-12-14T13:15:00+05:30,576,576.6,566.6,571.8,1190000
2018-12-17T09:15:00+05:30,572,578.7,572,577.05,1346000
2018-12-17T13:15:00+05:30,576.95,581.5,576.25,576.25,1112000
2018-12-18T09:15:00+05:30,572.85,578.85,572,578.5,1121000
2018-12-18T13:15:00+05:30,577.75,578.4,574.7,577.9,858000
2018-12-19T09:15:00+05:30,581.6,586.4,575.15,581.05,3371000
2018-12-19T13:15:00+05:30,581.05,583.7,577.65,577.8,1284000
2018-12-20T09:15:00+05:30,573.05,586,570.7,584.05,2771000
2018-12-20T13:15:00+05:30,584.25,584.8,577.75,580.7,1184000
2018-12-21T09:15:00+05:30,580.95,587.4,570.9,578.3,3413000
2018-12-21T13:15:00+05:30,578.45,580.05,571.5,572.25,1931000
2018-12-24T09:15:00+05:30,573.5,574.9,559.35,566,2118000
2018-12-24T13:15:00+05:30,565.75,566.75,556.05,557.15,1420000
2018-12-26T09:15:00+05:30,554.05,566.4,554,565.25,2025000
2018-12-26T13:15:00+05:30,565.35,567.35,558.8,561.65,1283000
2018-12-27T09:15:00+05:30,569,570.8,556,557.15,2105000
2018-12-27T13:15:00+05:30,557.35,558,549.05,553,2277000
2018-12-28T09:15:00+05:30,555.8,558.75,551.15,557.65,919000
2018-12-28T13:15:00+05:30,557.8,571.55,557,564.75,2230000
2018-12-31T09:15:00+05:30,565.2,575,565,573.3,2100000
2018-12-31T13:15:00+05:30,573.25,574.45,569.55,570.85,1042000
2019-01-01T09:15:00+05:30,571.7,571.7,562.75,565.2,615000
2019-01-01T13:15:00+05:30,564.85,568,560.55,566.4,492000
2019-01-02T09:15:00+05:30,563,575,544,546.05,4735000
2019-01-02T13:15:00+05:30,546,546.55,529.45,532.4,2893000
2019-01-03T09:15:00+05:30,532.6,544,532.55,541.65,2528000
2019-01-03T13:15:00+05:30,541.65,543.15,533.55,537.5,998000
2019-01-04T09:15:00+05:30,539,545.5,536.3,544.5,1137000
2019-01-04T13:15:00+05:30,544.35,544.35,536,540.1,1164000
2019-01-07T09:15:00+05:30,543,544.3,536.85,539.5,1044000
2019-01-07T13:15:00+05:30,539.85,540.4,533.1,534,791000
2019-01-08T09:15:00+05:30,534,540,524.15,532.65,2302000
2019-01-08T13:15:00+05:30,532.05,537,531.2,534.85,1008000
2019-01-09T09:15:00+05:30,535.85,543.75,531.55,539.1,1493000
2019-01-09T13:15:00+05:30,538.85,540.4,533.7,538.4,961000
2019-01-10T09:15:00+05:30,535.85,544.65,535.85,544.6,965000
2019-01-10T13:15:00+05:30,544.25,544.95,538.3,539,622000
2019-01-11T09:15:00+05:30,540.05,542.85,536.15,539.5,989000
2019-01-11T13:15:00+05:30,539.15,541,534,539.45,795000
2019-01-14T09:15:00+05:30,535.15,539.45,531,533.15,920000
2019-01-14T13:15:00+05:30,532.8,537.4,531.95,533.35,896000
2019-01-15T09:15:00+05:30,536,544.2,533.8,542.7,1225000
2019-01-15T13:15:00+05:30,542.5,548.3,542.4,546.4,1599000
2019-01-16T09:15:00+05:30,543.85,549.35,542.85,547.45,1428000
2019-01-16T13:15:00+05:30,547.05,549.25,545.6,547.95,697000
2019-01-17T09:15:00+05:30,549.9,550.45,540.7,543.1,999000
2019-01-17T13:15:00+05:30,543.1,546.7,542.5,542.6,589000
2019-01-18T09:15:00+05:30,545.2,546.6,533.6,534.5,1033000
2019-01-18T13:15:00+05:30,534.5,537.85,531.4,531.4,621000
2019-01-21T09:15:00+05:30,533.95,538.9,530.85,537.2,634000
2019-01-21T13:15:00+05:30,537.1,539.95,536.6,536.6,469000
2019-01-22T09:15:00+05:30,534.2,551.8,520.3,544.35,9238000
2019-01-22T13:15:00+05:30,544.65,559.5,543,556.6,10531000
2019-01-23T09:15:00+05:30,553.35,553.35,530.45,531.3,5783000
2019-01-23T13:15:00+05:30,531.35,533.8,522,522.3,3845000
2019-01-24T09:15:00+05:30,523.75,531.95,517.2,521.4,2483000
2019-01-24T13:15:00+05:30,521.5,523.2,514,514,1064000
2019-01-25T09:15:00+05:30,520.25,520.25,507.2,507.75,2972000
2019-01-25T13:15:00+05:30,508,509.1,493.25,496,2581000
2019-01-28T09:15:00+05:30,494.75,496.1,474.35,476.45,3878000
2019-01-28T13:15:00+05:30,476.65,482,470.2,481.6,3143000
2019-01-29T09:15:00+05:30,481,498.4,479.6,492.95,2778000
2019-01-29T13:15:00+05:30,492.5,498.8,491.55,498.8,979000
2019-01-30T09:15:00+05:30,498.3,499.7,488.35,491.5,2641000
2019-01-30T13:15:00+05:30,491.5,494.75,487.3,489.6,1447000
2019-01-31T09:15:00+05:30,489.5,495.7,486.25,490.2,1489000
2019-01-31T13:15:00+05:30,490,505,490,499.5,2100000
2019-02-01T09:15:00+05:30,500.95,529.8,500.95,525.35,2838000
2019-02-01T13:15:00+05:30,525.55,528.75,510.65,514.45,1923000
2019-02-04T09:15:00+05:30,508.75,511,484.35,497.95,2756000
2019-02-04T13:15:00+05:30,497.75,505.9,491.65,494,980000
2019-02-05T09:15:00+05:30,494.95,501.5,489.55,493.4,1227000
2019-02-05T13:15:00+05:30,493.75,497.85,489.8,497.85,663000
2019-02-06T09:15:00+05:30,499.75,499.9,483.3,489.55,1564000
2019-02-06T13:15:00+05:30,489.55,490.95,485.9,489.9,999000
2019-02-07T09:15:00+05:30,490.05,513.95,490.05,509.45,2587000
2019-02-07T13:15:00+05:30,509.45,517.5,501.95,504.5,1479000
2019-02-08T09:15:00+05:30,500,503,492.8,494.4,1172000
2019-02-08T13:15:00+05:30,494.2,495.6,490.3,490.65,674000
2019-02-11T09:15:00+05:30,489.15,489.95,478.5,485,1228000
2019-02-11T13:15:00+05:30,485.6,491.85,483.45,488.25,753000
2019-02-12T09:15:00+05:30,487.05,498.5,484.15,496.25,1164000
2019-02-12T13:15:00+05:30,496.1,496.1,490,491.05,605000
2019-02-13T09:15:00+05:30,492,494.45,481.7,484.7,1292000
2019-02-13T13:15:00+05:30,484.9,487.95,478,478.95,965000
2019-02-14T09:15:00+05:30,480.15,493,478.1,491.25,1434000
2019-02-14T13:15:00+05:30,490.75,495.75,488.65,493.1,811000
2019-02-15T09:15:00+05:30,488.05,489.85,473.5,475.6,1455000
2019-02-15T13:15:00+05:30,475.65,482.7,472.85,474.9,1889000
2019-02-18T09:15:00+05:30,473.6,478.4,466.75,471.1,1423000
2019-02-18T13:15:00+05:30,471,471.7,466.85,470.25,635000
2019-02-19T09:15:00+05:30,470,481.5,470,479.5,1600000
2019-02-19T13:15:00+05:30,479.95,480.95,472.5,474,585000
2019-02-20T09:15:00+05:30,479.8,480.7,463.1,465.7,2346000
2019-02-20T13:15:00+05:30,465.85,468,463.85,465.25,1134000
2019-02-21T09:15:00+05:30,465,469.75,454.8,460.5,3035000
2019-02-21T13:15:00+05:30,460.85,465.75,460.6,464.5,1501000
2019-02-22T09:15:00+05:30,464.05,473.05,464.05,470,2402000
2019-02-22T13:15:00+05:30,469.85,476.4,469.4,472.1,1342000
2019-02-25T09:15:00+05:30,475,477.8,466.7,468.3,1931000
2019-02-25T13:15:00+05:30,468.5,470,462.4,465.5,1911000
2019-02-26T09:15:00+05:30,461.45,462.5,449,459.65,4429000
2019-02-26T13:15:00+05:30,459.35,461,455,458.5,1644000
2019-02-27T09:15:00+05:30,461.5,470.7,454.5,459.25,3337000
2019-02-27T13:15:00+05:30,459.1,461.65,456.25,457.8,1498000
2019-02-28T09:15:00+05:30,457.4,462.2,453.6,454.7,2732000
2019-02-28T13:15:00+05:30,455.35,457.8,451.35,455,1466000
2019-03-01T09:15:00+05:30,458.15,465.7,457.2,465.5,2087000
2019-03-01T13:15:00+05:30,465.55,471,463.3,469.9,1636000
2019-03-05T09:15:00+05:30,473.1,484.5,469.05,482.5,2405000
2019-03-05T13:15:00+05:30,482.7,494.95,482,494.95,1935000
2019-03-06T09:15:00+05:30,495.35,499.3,487.45,489.6,1963000
2019-03-06T13:15:00+05:30,490,492.5,488.9,489.55,556000
2019-03-07T09:15:00+05:30,491.15,491.15,479.8,484.35,1447000
2019-03-07T13:15:00+05:30,484.8,486.2,481.9,483.3,675000
2019-03-08T09:15:00+05:30,482.75,488.9,480.9,486.3,1338000
2019-03-08T13:15:00+05:30,486.5,488.2,483.95,485.7,763000
2019-03-11T09:15:00+05:30,487.9,511.3,486.75,508.65,2889000
2019-03-11T13:15:00+05:30,509.2,509.6,503.1,503.1,919000
2019-03-12T09:15:00+05:30,506.2,510.1,493.6,500.45,1793000
2019-03-12T13:15:00+05:30,500.45,501.4,494.9,497.4,947000
2019-03-13T09:15:00+05:30,495.4,502.5,491.25,495.9,1354000
2019-03-13T13:15:00+05:30,495.6,500.85,493.4,494,636000
2019-03-14T09:15:00+05:30,499.4,499.7,485.4,488,1702000
2019-03-14T13:15:00+05:30,488.1,493.5,486,487.5,805000
2019-03-15T09:15:00+05:30,486.5,491.85,482.6,486.8,1078000
2019-03-15T13:15:00+05:30,487,503,486.9,488.6,2945000
2019-03-18T09:15:00+05:30,494.7,494.7,481.1,483.5,1993000
2019-03-18T13:15:00+05:30,483.45,484.4,479.9,482.9,861000
2019-03-19T09:15:00+05:30,480,480,465.1,468.95,2823000
2019-03-19T13:15:00+05:30,468.7,471.85,468.5,469,1305000
2019-03-20T09:15:00+05:30,466.05,473.95,466,471.35,1398000
2019-03-20T13:15:00+05:30,471.3,474.45,469.6,470.55,878000
2019-03-22T09:15:00+05:30,467.5,476.35,463.15,466.35,1349000
2019-03-22T13:15:00+05:30,466.35,467.25,457.8,460.15,1408000
2019-03-25T09:15:00+05:30,457.05,466.35,454,458.65,2592000
2019-03-25T13:15:00+05:30,458.55,460.55,457.35,459,884000
2019-03-26T09:15:00+05:30,460.65,462.8,459.25,461,2446000
2019-03-26T13:15:00+05:30,461,464.1,459.85,462.4,2058000
2019-03-27T09:15:00+05:30,462.4,465.65,460,463.1,1852000
2019-03-27T13:15:00+05:30,463.15,463.65,457.6,460.25,1424000
2019-03-28T09:15:00+05:30,457,463.9,457,460.05,2236000
2019-03-28T13:15:00+05:30,459.95,467.65,459.4,465.4,1475000
2019-03-29T09:15:00+05:30,468.6,476.4,466.7,474.55,2338000
2019-03-29T13:15:00+05:30,474.95,477,470.05,470.25,873000
2019-04-01T09:15:00+05:30,473.55,484.6,471.6,481,2049000
2019-04-01T13:15:00+05:30,481.45,481.95,475.1,477.4,865000
2019-04-02T09:15:00+05:30,482.5,484,474.05,481.45,2217000
2019-04-02T13:15:00+05:30,481.55,483.75,478.05,481,1209000
2019-04-03T09:15:00+05:30,482.2,490,480.5,489.05,1638000
2019-04-03T13:15:00+05:30,489,489.55,479.65,481.4,1017000
2019-04-04T09:15:00+05:30,487.35,490.55,481,486,1363000
2019-04-04T13:15:00+05:30,485.5,490.4,481.15,488.1,872000
2019-04-05T09:15:00+05:30,488.4,492.5,486,486.95,890000
2019-04-05T13:15:00+05:30,487,488.85,486.35,487.8,529000
2019-04-08T09:15:00+05:30,492,492,485.15,485.9,712000
2019-04-08T13:15:00+05:30,486.2,486.4,480.1,482.8,635000
2019-04-09T09:15:00+05:30,484.75,484.75,477,483.5,1288000
2019-04-09T13:15:00+05:30,483.65,487.2,481.9,484.15,677000
2019-04-10T09:15:00+05:30,483.7,489.85,483.35,489,917000
2019-04-10T13:15:00+05:30,489.3,489.3,483.7,484.25,1073000
2019-04-11T09:15:00+05:30,487.7,489.9,484.45,488,972000
2019-04-11T13:15:00+05:30,487.8,489.1,485.1,487.5,487000
2019-04-12T09:15:00+05:30,488.7,491.5,486.65,487.6,536000
2019-04-12T13:15:00+05:30,487.8,504,487.8,502.7,3512000
2019-04-15T09:15:00+05:30,504.7,510.4,500.85,507,2853000
2019-04-15T13:15:00+05:30,507.15,507.7,505,506.6,1006000
2019-04-16T09:15:00+05:30,507.45,519.8,506.5,517.35,3667000
2019-04-16T13:15:00+05:30,517.85,520,514.45,520,1187000
2019-04-18T09:15:00+05:30,520.5,523,512.05,515,2296000
2019-04-18T13:15:00+05:30,515,517.7,514.25,516.55,989000
2019-04-22T09:15:00+05:30,513.15,519.8,503.6,516.8,1951000
2019-04-22T13:15:00+05:30,516.85,517.45,506.65,508,1232000
2019-04-23T09:15:00+05:30,509.25,521.1,508.6,516.15,2609000
2019-04-23T13:15:00+05:30,516,516.5,509.8,514.15,1337000
2019-04-24T09:15:00+05:30,512.1,519,507.5,512.45,2774000
2019-04-24T13:15:00+05:30,511.8,517.7,511.35,517.2,1351000
2019-04-25T09:15:00+05:30,514.25,518,510,510.9,1607000
2019-04-25T13:15:00+05:30,511.15,512.25,507.45,509.85,1099000
2019-04-26T09:15:00+05:30,511.6,512,496.65,498.3,1693000
2019-04-26T13:15:00+05:30,498.05,500.05,494.4,498,1168000
2019-04-30T09:15:00+05:30,491.6,502.75,486.05,486.7,1782000
2019-04-30T13:15:00+05:30,486.8,489.55,480.55,480.95,1539000
2019-05-02T09:15:00+05:30,465.05,471,447.55,465.35,8818000
2019-05-02T13:15:00+05:30,464.6,470.3,464.5,467.3,2218000
2019-05-03T09:15:00+05:30,469.75,478,461.1,476.8,1701000
2019-05-03T13:15:00+05:30,477,477.95,473.75,473.85,757000
2019-05-06T09:15:00+05:30,470,475.45,469,472.15,863000
2019-05-06T13:15:00+05:30,472.35,472.65,469.3,470.8,522000
2019-05-07T09:15:00+05:30,474.5,483.6,471.95,481.25,1529000
2019-05-07T13:15:00+05:30,481.1,482.2,474.2,475,1019000
2019-05-08T09:15:00+05:30,473.9,487.35,473.1,481,2299000
2019-05-08T13:15:00+05:30,481.15,482.9,475.4,479.5,1099000
2019-05-09T09:15:00+05:30,478,479.7,471.7,472.2,1507000
2019-05-09T13:15:00+05:30,472.75,477.45,472.15,475.5,656000
2019-05-10T09:15:00+05:30,477.9,478.75,473,473.65,613000
2019-05-10T13:15:00+05:30,474.25,476.55,472.8,474.5,466000
2019-05-13T09:15:00+05:30,473,475.5,463.95,466.15,941000
2019-05-13T13:15:00+05:30,466.25,468,463,464.45,633000
2019-05-14T09:15:00+05:30,461.25,463.5,455.25,461.15,1200000
2019-05-14T13:15:00+05:30,461.05,466.65,459.7,463.7,949000
2019-05-15T09:15:00+05:30,462.85,468.1,462.55,465.9,1262000
2019-05-15T13:15:00+05:30,466,469.5,461.8,462.75,804000
2019-05-16T09:15:00+05:30,467.65,468,458.75,460.5,579000
2019-05-16T13:15:00+05:30,461.25,465,460.65,464.15,446000
2019-05-17T09:15:00+05:30,464.2,471.95,463.15,463.7,838000
2019-05-17T13:15:00+05:30,463.5,473.2,460.45,473.2,1169000
2019-05-20T09:15:00+05:30,477.3,493,476.6,489.85,2573000
2019-05-20T13:15:00+05:30,489.9,498.1,488.5,496.9,988000
2019-05-21T09:15:00+05:30,497.5,507,492.45,494.6,2359000
2019-05-21T13:15:00+05:30,494.35,495.15,488.2,491.6,967000
2019-05-22T09:15:00+05:30,491.05,492,481.55,485.1,1228000
2019-05-22T13:15:00+05:30,485.35,489.1,476.4,485.2,2027000
2019-05-23T09:15:00+05:30,495.9,495.9,482.65,488.45,1262000
2019-05-23T13:15:00+05:30,488.45,488.9,478.45,483,928000
2019-05-24T09:15:00+05:30,484.15,488.5,481.5,485.5,1049000
2019-05-24T13:15:00+05:30,485.75,494.35,484.1,490,1261000
2019-05-27T09:15:00+05:30,490,501.85,490,499.45,2004000
2019-05-27T13:15:00+05:30,499.05,499.05,494,495,863000
2019-05-28T09:15:00+05:30,495.6,505.9,494.65,504.5,3023000
2019-05-28T13:15:00+05:30,504.6,505.25,497.5,497.6,1580000
2019-05-29T09:15:00+05:30,494.55,494.8,487.2,490,2182000
2019-05-29T13:15:00+05:30,490,490.4,485.55,486.75,694000
2019-05-30T09:15:00+05:30,481.4,485.2,479.9,481.05,765000
2019-05-30T13:15:00+05:30,481.05,486.7,481.05,482.6,960000
2019-05-31T09:15:00+05:30,484,484.9,475.25,476,891000
2019-05-31T13:15:00+05:30,476.15,480.15,473.5,478.5,494000
2019-06-03T09:15:00+05:30,478.65,501.2,475.8,499.1,2647000
2019-06-03T13:15:00+05:30,499.05,502.2,494,502.1,1288000
2019-06-04T09:15:00+05:30,500,510.05,492.45,495,2708000
2019-06-04T13:15:00+05:30,495,497.1,490.2,493.8,961000
2019-06-06T09:15:00+05:30,497.2,498,486.55,488,933000
2019-06-06T13:15:00+05:30,488,489.15,483.4,489.15,434000
2019-06-07T09:15:00+05:30,488.95,491.95,485.1,488.25,551000
2019-06-07T13:15:00+05:30,487.6,488.75,479.05,482,823000
2019-06-10T09:15:00+05:30,483,486.25,475.05,477,705000
2019-06-10T13:15:00+05:30,476.7,479.7,476.05,478,460000
2019-06-11T09:15:00+05:30,478.65,481.5,474,478.45,839000
2019-06-11T13:15:00+05:30,478.3,479,476.05,477.45,449000
2019-06-12T09:15:00+05:30,475.55,477.65,467.7,471.15,1042000
2019-06-12T13:15:00+05:30,470.95,475,470.9,472.5,562000
2019-06-13T09:15:00+05:30,472.5,473.05,466.25,471,743000
2019-06-13T13:15:00+05:30,470.3,474.7,470.1,472,382000
2019-06-14T09:15:00+05:30,469.9,470.3,464.45,465.95,636000
2019-06-14T13:15:00+05:30,465.75,466,460.15,461.6,590000
2019-06-17T09:15:00+05:30,461.45,465,457.3,458.55,796000
2019-06-17T13:15:00+05:30,458.35,459.4,452.7,456.6,877000
2019-06-18T09:15:00+05:30,456.35,458.95,453,458.05,916000
2019-06-18T13:15:00+05:30,457.9,458.45,451,453.4,833000
2019-06-19T09:15:00+05:30,456.05,457,438.35,438.8,2966000
2019-06-19T13:15:00+05:30,438.95,440.1,433.8,438.1,1481000
2019-06-20T09:15:00+05:30,439.95,450,437.9,447.1,1737000
2019-06-20T13:15:00+05:30,447.3,459.9,447.15,458,1618000
2019-06-21T09:15:00+05:30,453.4,453.7,442.3,445.9,1830000
2019-06-21T13:15:00+05:30,446.5,450.35,442.2,447.4,759000
2019-06-24T09:15:00+05:30,441,444.95,424.35,436.4,4712000
2019-06-24T13:15:00+05:30,436.05,446.45,433.3,439.1,2771000
2019-06-25T09:15:00+05:30,439,442.6,432,436.05,4102000
2019-06-25T13:15:00+05:30,436,439,434.5,437,1499000
2019-06-26T09:15:00+05:30,433.8,440.65,428.25,429.8,2765000
2019-06-26T13:15:00+05:30,429.8,432.8,429.25,432,913000
2019-06-27T09:15:00+05:30,430.1,436,428.95,431.45,2399100
2019-06-27T13:15:00+05:30,431.25,431.85,426,428.5,1446500
2019-06-28T09:15:00+05:30,430.3,433.9,427.65,432.6,905300
2019-06-28T13:15:00+05:30,432.25,432.6,425,426.5,814000
2019-07-01T09:15:00+05:30,429,439.5,427.5,437.45,1908500
2019-07-01T13:15:00+05:30,437.2,437.6,434.2,434.8,661100
2019-07-02T09:15:00+05:30,432.8,432.9,423.25,428.5,3204300
2019-07-02T13:15:00+05:30,428.5,429.85,427.2,428.25,960300
2019-07-03T09:15:00+05:30,425.6,434.65,420.9,433.7,1001000
2019-07-03T13:15:00+05:30,433.8,435.05,432.05,433.85,697400
2019-07-04T09:15:00+05:30,435.15,438.3,429.75,437.15,1336500
2019-07-04T13:15:00+05:30,437.15,437.3,430.25,432.3,653400
2019-07-05T09:15:00+05:30,431.3,437.5,428.85,430,1606000
2019-07-05T13:15:00+05:30,429.5,433.25,420.35,422,1347500
2019-07-08T09:15:00+05:30,422.75,422.75,405.25,408.95,1751200
2019-07-08T13:15:00+05:30,408.95,410.05,404.05,408.6,1105500
2019-07-09T09:15:00+05:30,404.3,417.8,404.3,413.55,1293600
2019-07-09T13:15:00+05:30,413.55,424.15,411.7,421.1,1522400
2019-07-10T09:15:00+05:30,419.5,422.9,409.05,411.1,1566400
2019-07-10T13:15:00+05:30,411.35,417.15,409.5,414.15,983400
2019-07-11T09:15:00+05:30,415.2,428.75,414,428.5,1794100
2019-07-11T13:15:00+05:30,428.8,432.3,427.9,428.15,1168200
2019-07-12T09:15:00+05:30,425.1,434.55,422.5,431.65,2240700
2019-07-12T13:15:00+05:30,431.5,432.5,427.65,429.75,820600
2019-07-15T09:15:00+05:30,430.35,434.1,423.65,430.35,1327700
2019-07-15T13:15:00+05:30,430.2,432,427.5,428.1,467500
2019-07-16T09:15:00+05:30,424.1,427.35,418.75,423,1126400
2019-07-16T13:15:00+05:30,422.5,424.25,422.3,423.8,585200
2019-07-17T09:15:00+05:30,424.1,428.45,423.05,424.5,1197900
2019-07-17T13:15:00+05:30,424.25,424.6,420.9,422,1243000
2019-07-18T09:15:00+05:30,422.3,423.4,412.65,413.25,1482800
2019-07-18T13:15:00+05:30,413.45,414.65,410,410.95,717200
2019-07-19T09:15:00+05:30,413.25,414.15,397.8,398.35,2618000
2019-07-19T13:15:00+05:30,398.75,399.5,391.5,398,1335400
2019-07-22T09:15:00+05:30,392.4,397.4,378.55,381.1,4286700
2019-07-22T13:15:00+05:30,381.2,384.2,378.6,381.4,2052600
2019-07-23T09:15:00+05:30,387.3,388.9,362.4,373.65,11007700
2019-07-23T13:15:00+05:30,373.65,377.7,369.2,370.9,3417700
2019-07-24T09:15:00+05:30,368.55,373.5,361.85,365,2688400
2019-07-24T13:15:00+05:30,365,369.3,357.85,359.6,1933800
2019-07-25T09:15:00+05:30,355.7,366.4,355.7,362.8,2541000
2019-07-25T13:15:00+05:30,362.8,366.65,362.8,365.8,1367300
2019-07-26T09:15:00+05:30,364.35,379.9,364.35,379.15,2092200
2019-07-26T13:15:00+05:30,378.8,381.25,375.95,377,1247400
2019-07-29T09:15:00+05:30,372.1,372.1,357.25,360.1,2905100
2019-07-29T13:15:00+05:30,360.15,362.1,355.1,355.1,1335400
2019-07-30T09:15:00+05:30,354.7,362.3,351.2,352.5,2828100
2019-07-30T13:15:00+05:30,352.25,352.6,342.75,343.6,1599400
2019-07-31T09:15:00+05:30,343.65,365.4,341.5,362.7,3479300
2019-07-31T13:15:00+05:30,363,367.35,359.8,363.7,2141700
2019-08-01T09:15:00+05:30,358.6,365.05,355.6,358,2231900
2019-08-01T13:15:00+05:30,358,358.1,350.1,354.8,1852400
2019-08-02T09:15:00+05:30,348,370,347.15,368.2,3762000
2019-08-02T13:15:00+05:30,368.05,373.4,366.5,366.5,1959100
2019-08-05T09:15:00+05:30,361,372.3,353.95,371,2242900
2019-08-05T13:15:00+05:30,371.5,378.65,366.9,378,1261700
2019-08-06T09:15:00+05:30,376.95,385.1,365.9,375.5,3455100
2019-08-06T13:15:00+05:30,375.8,379.75,373.35,376.7,1117600
2019-08-07T09:15:00+05:30,377.8,382.1,374.5,376.1,1370600
2019-08-07T13:15:00+05:30,376.1,376.1,362.3,362.8,1877700
2019-08-08T09:15:00+05:30,368,371.85,360.7,365.1,1511400
2019-08-08T13:15:00+05:30,365.05,385.5,365.05,383,1687400
2019-08-09T09:15:00+05:30,382.6,392.6,378.9,387.5,2640000
2019-08-09T13:15:00+05:30,386.5,391.15,381.4,389.9,1576300
2019-08-13T09:15:00+05:30,387,387.5,372.15,373.95,1883200
2019-08-13T13:15:00+05:30,373.8,374.8,365.1,368.55,1218800
2019-08-14T09:15:00+05:30,367.4,378.8,367.35,374.05,1406900
2019-08-14T13:15:00+05:30,373.05,378.8,371.65,373.6,1006500
2019-08-16T09:15:00+05:30,371.75,377.5,362.15,375.7,1999800
2019-08-16T13:15:00+05:30,376.05,380.4,374.9,377.5,866800
2019-08-19T09:15:00+05:30,380.7,382,372.5,376.2,1284800
2019-08-19T13:15:00+05:30,376.15,376.15,370.5,372.05,667700
2019-08-20T09:15:00+05:30,374.15,376.25,365.5,366.35,1505900
2019-08-20T13:15:00+05:30,365.7,373.8,365.7,370.9,1526800
2019-08-21T09:15:00+05:30,371.05,375.6,366.6,370.3,1885400
2019-08-21T13:15:00+05:30,370.45,370.55,366.05,368.2,921800
2019-08-22T09:15:00+05:30,366.55,368.45,356.5,361.85,1996500
2019-08-22T13:15:00+05:30,362.25,363.6,352.5,358,1525700
2019-08-23T09:15:00+05:30,352,365.9,351.75,360.5,1998700
2019-08-23T13:15:00+05:30,361.15,367.15,359.6,365.4,1282600
2019-08-26T09:15:00+05:30,374.8,374.8,355.4,361.8,3041500
2019-08-26T13:15:00+05:30,361.65,367.05,360.9,366.55,1927200
2019-08-27T09:15:00+05:30,369.85,376.8,367.15,369.15,3086600
2019-08-27T13:15:00+05:30,369.15,373.6,368,372.85,2292400
2019-08-28T09:15:00+05:30,370.05,372.45,360.65,362.55,2921600
2019-08-28T13:15:00+05:30,362.8,364,356.6,360.2,1914000
2019-08-29T09:15:00+05:30,356.6,358.3,348.5,353.5,2921600
2019-08-29T13:15:00+05:30,353.05,355.85,351.2,353.1,1029600
2019-08-30T09:15:00+05:30,354.05,360.2,346.8,347.55,1476200
2019-08-30T13:15:00+05:30,347.85,354.65,344.15,353.6,1563100
2019-09-03T09:15:00+05:30,347.65,364,346.15,360.15,3238400
2019-09-03T13:15:00+05:30,359.5,363.8,356.05,358.45,1639000
2019-09-04T09:15:00+05:30,357.9,362.1,350,360.55,2577300
2019-09-04T13:15:00+05:30,360.95,363.85,358.1,360.8,1465200
2019-09-05T09:15:00+05:30,360.95,374.3,359.25,373.55,2985400
2019-09-05T13:15:00+05:30,373.25,373.25,364.5,368.4,1321100
2019-09-06T09:15:00+05:30,367.6,380.45,363.15,379.5,2644400
2019-09-06T13:15:00+05:30,379.95,381.65,375.8,378.2,1755600
2019-09-09T09:15:00+05:30,372.7,379.95,371.75,377.25,1997600
2019-09-09T13:15:00+05:30,377.2,387.7,376.7,385.3,2076800
2019-09-11T09:15:00+05:30,385.95,402.85,384.5,402.8,4845500
2019-09-11T13:15:00+05:30,402.7,404.2,399.15,402,2491500
2019-09-12T09:15:00+05:30,401.15,401.75,391.6,392.7,2466200
2019-09-12T13:15:00+05:30,392.95,393.4,386.7,388.35,1508100
2019-09-13T09:15:00+05:30,388.35,393,381.55,387,2862200
2019-09-13T13:15:00+05:30,387,391.7,385.15,388.25,1281500
2019-09-16T09:15:00+05:30,382.9,389,377.75,384.3,2715900
2019-09-16T13:15:00+05:30,384.5,387.5,383.7,385.45,740300
2019-09-17T09:15:00+05:30,384.3,389.2,376.8,377.5,2051500
2019-09-17T13:15:00+05:30,377.5,378.8,368.4,370.3,2205500
2019-09-18T09:15:00+05:30,372.5,375.7,367.1,374.05,2143900
2019-09-18T13:15:00+05:30,374.4,374.45,371,372.9,921800
2019-09-19T09:15:00+05:30,370.05,376.4,368.1,371.6,1600500
2019-09-19T13:15:00+05:30,371.55,375.25,369.9,375.25,1421200
2019-09-20T09:15:00+05:30,372.95,419.8,368.4,415.05,6468000
2019-09-20T13:15:00+05:30,415.3,434.65,412,425.9,3553000
2019-09-23T09:15:00+05:30,428.2,444.8,417.65,437.45,3778500
2019-09-23T13:15:00+05:30,437.1,437.5,421,434,1465200
2019-09-24T09:15:00+05:30,427.2,431.5,420.05,422.75,3265900
2019-09-24T13:15:00+05:30,422.75,425,414.75,421.95,1930500
2019-09-25T09:15:00+05:30,415.25,415.25,394.1,395.75,3228500
2019-09-25T13:15:00+05:30,395.65,401.25,388.35,397,1784200
2019-09-26T09:15:00+05:30,394.75,410,390.95,406.2,4298800
2019-09-26T13:15:00+05:30,406.2,409.6,404.05,405,1789700
2019-09-27T09:15:00+05:30,402.3,411.75,398,409.6,1717100
2019-09-27T13:15:00+05:30,409.95,414.5,404,404,731500
2019-09-30T09:15:00+05:30,407.45,411.5,394.4,403.85,1706100
2019-09-30T13:15:00+05:30,404,409.75,403.4,409.2,1194600
2019-10-01T09:15:00+05:30,409.85,413.4,400,410.2,1727000
2019-10-01T13:15:00+05:30,410,410,398.55,406.35,1120900
2019-10-03T09:15:00+05:30,400.1,403.9,390.55,393.3,2410100
2019-10-03T13:15:00+05:30,393.35,398.35,390.85,397.85,969100
2019-10-04T09:15:00+05:30,393.2,404.75,391.35,393.95,1663200
2019-10-04T13:15:00+05:30,395.75,397.9,391.15,393.15,653400
2019-10-07T09:15:00+05:30,387,389.95,375.1,378.05,2645500
2019-10-07T13:15:00+05:30,378.45,388.7,377.35,385.1,1293600
2019-10-09T09:15:00+05:30,384,388.6,382.55,386.5,1238600
2019-10-09T13:15:00+05:30,386.5,396.95,385.4,390.3,1896400
2019-10-10T09:15:00+05:30,389.4,390.25,377.3,380.8,1547700
2019-10-10T13:15:00+05:30,380.5,382.8,379.5,381.25,493900
2019-10-11T09:15:00+05:30,383.9,387,376.2,381.75,1306800
2019-10-11T13:15:00+05:30,381.35,390.25,380.5,387.85,1480600
2019-10-14T09:15:00+05:30,384.4,388.8,381,385.25,1324400
2019-10-14T13:15:00+05:30,385.65,392.6,385.05,391.55,1056000
2019-10-15T09:15:00+05:30,391,407.05,387.35,402.95,3286800
2019-10-15T13:15:00+05:30,403,407.65,402.5,403.65,1316700
2019-10-16T09:15:00+05:30,406.6,407.1,398.55,404.5,1757800
2019-10-16T13:15:00+05:30,404.4,406.65,399.25,402.7,1655500
2019-10-17T09:15:00+05:30,399,408.85,394.25,403.45,3650900
2019-10-17T13:15:00+05:30,403.6,453.15,400.2,442,10888900
2019-10-18T09:15:00+05:30,432,451.95,425.15,442,8636100
2019-10-18T13:15:00+05:30,442.3,445.75,438.15,442.95,2797300
2019-10-22T09:15:00+05:30,442,453,438.65,446.5,2349600
2019-10-22T13:15:00+05:30,446.15,449.35,444.15,446,1282600
2019-10-23T09:15:00+05:30,444.15,464.15,440.05,460.3,3146000
2019-10-23T13:15:00+05:30,460.35,461.65,456.8,459.2,1067000
2019-10-24T09:15:00+05:30,458.4,463.55,449,450.95,2211000
2019-10-24T13:15:00+05:30,450.95,458.4,449.2,457.25,1317800
2019-10-25T09:15:00+05:30,453.1,464.95,452,457.1,2939200
2019-10-25T13:15:00+05:30,456.3,464,454.25,460.5,1614800
2019-10-27T18:00:00+05:30,467.95,469.7,459.5,460,287100
2019-10-29T09:15:00+05:30,460,476.7,460,476.6,4352700
2019-10-29T13:15:00+05:30,476.25,482.25,475.65,480,2924900
2019-10-30T09:15:00+05:30,478.3,493.9,473.2,493.2,4515500
2019-10-30T13:15:00+05:30,493.85,500.8,493.25,494,2227500
2019-10-31T09:15:00+05:30,484.1,485,469.4,471.4,2754400
2019-10-31T13:15:00+05:30,471.7,479,471.55,472,1383800
2019-11-01T09:15:00+05:30,470.35,475.45,462.5,464.85,1655500
2019-11-01T13:15:00+05:30,465,468,446.95,454.9,4122800
2019-11-04T09:15:00+05:30,453,462.15,448.7,450.45,1635700
2019-11-04T13:15:00+05:30,450.3,453.55,448,450.85,722700
2019-11-05T09:15:00+05:30,451.45,460.5,449.6,451.85,1707200
2019-11-05T13:15:00+05:30,452.45,454.4,446.05,447.85,997700
2019-11-06T09:15:00+05:30,444.9,455.5,444.9,452.7,1276000
2019-11-06T13:15:00+05:30,452.6,457.4,448.5,448.5,558800
2019-11-07T09:15:00+05:30,453.2,454.1,443.25,447.05,1082400
2019-11-07T13:15:00+05:30,447.4,450.5,443,445,919600
2019-11-08T09:15:00+05:30,444,451.8,440.9,446,1486100
2019-11-08T13:15:00+05:30,446,447.3,440.1,440.1,843700
2019-11-11T09:15:00+05:30,441,445.5,434.15,436.65,1302400
2019-11-11T13:15:00+05:30,436.95,444.55,433.8,442.2,1149500
2019-11-13T09:15:00+05:30,442.05,448.3,440.05,444.8,1096700
2019-11-13T13:15:00+05:30,445.35,451.55,444.75,449.15,1434400
2019-11-14T09:15:00+05:30,450.6,452.1,439.2,442.25,1619200
2019-11-14T13:15:00+05:30,442.35,442.95,440,441.85,539000
2019-11-15T09:15:00+05:30,444.8,451.65,442.35,447.25,1476200
2019-11-15T13:15:00+05:30,447.15,448.2,443.15,444.35,463100
2019-11-18T09:15:00+05:30,445.1,447.55,438.5,447.1,1728100
2019-11-18T13:15:00+05:30,447.25,451.15,445,446.8,1206700
2019-11-19T09:15:00+05:30,445,450.9,439,439.85,1071400
2019-11-19T13:15:00+05:30,439.85,444.7,439.55,444.15,574200
2019-11-20T09:15:00+05:30,442.85,446.8,440.35,441.9,875600
2019-11-20T13:15:00+05:30,441.7,445.95,438.8,444.85,707300
2019-11-21T09:15:00+05:30,443.2,455.05,443.05,452.9,2024000
2019-11-21T13:15:00+05:30,452.4,453.25,445.15,447,1218800
2019-11-22T09:15:00+05:30,445.75,450.15,440.45,442.75,1634600
2019-11-22T13:15:00+05:30,442.8,445.75,441.2,442.35,980100
2019-11-25T09:15:00+05:30,445,453.6,440.6,453.35,3967700
2019-11-25T13:15:00+05:30,453.35,459.05,449.7,457.95,2951300
2019-11-26T09:15:00+05:30,459.95,465.35,452.85,458.3,2487100
2019-11-26T13:15:00+05:30,458.4,458.7,451.9,455.55,850300
2019-11-27T09:15:00+05:30,457.55,468,454.85,466.6,3223000
2019-11-27T13:15:00+05:30,466.9,476.85,466.5,476.4,2571800
2019-11-28T09:15:00+05:30,467.8,471.4,458,466.8,2959000
2019-11-28T13:15:00+05:30,466.9,474,466.8,471.25,1613700
2019-11-29T09:15:00+05:30,469.85,473.2,461.75,467.55,1435500
2019-11-29T13:15:00+05:30,467.05,471.55,460.85,469.05,843700
2019-12-02T09:15:00+05:30,468,470.4,450.95,453.8,2704900
2019-12-02T13:15:00+05:30,453.85,457.7,452.9,453.75,932800
2019-12-03T09:15:00+05:30,452,457.35,449.75,452.2,987800
2019-12-03T13:15:00+05:30,451.9,452.9,442.75,446.4,1197900
2019-12-04T09:15:00+05:30,443.3,447.4,438.75,442,1019700
2019-12-04T13:15:00+05:30,441.5,448,438,447.3,744700
2019-12-05T09:15:00+05:30,449.5,452.5,443.75,446.55,1065900
2019-12-05T13:15:00+05:30,446.45,450,443.35,445,831600
2019-12-06T09:15:00+05:30,446.5,448,435.55,440.25,795300
2019-12-06T13:15:00+05:30,440.15,440.7,433.85,439.4,706200
2019-12-09T09:15:00+05:30,445,451.15,436.7,437.45,1844700
2019-12-09T13:15:00+05:30,437.3,437.75,432.5,434.5,1548800
2019-12-10T09:15:00+05:30,435.75,437.2,430.05,433.55,1434400
2019-12-10T13:15:00+05:30,433.2,433.75,429.55,431.6,654500
2019-12-11T09:15:00+05:30,431.6,433.1,427,429.6,867900
2019-12-11T13:15:00+05:30,429.4,437.2,428.95,435.85,445500
2019-12-12T09:15:00+05:30,436.7,443.65,434.7,440.1,1386000
2019-12-12T13:15:00+05:30,440.35,444.45,439.7,442.8,629200
2019-12-13T09:15:00+05:30,443.1,457.65,443.1,452.5,2548700
2019-12-13T13:15:00+05:30,452.65,454.9,451.1,453.5,1089000
2019-12-16T09:15:00+05:30,454.25,454.25,444.75,447.1,1564200
2019-12-16T13:15:00+05:30,447.5,448.65,445.25,446.75,433400
2019-12-17T09:15:00+05:30,445,453.7,445,449.1,1485000
2019-12-17T13:15:00+05:30,449.5,450.5,447.3,449,1147300
2019-12-18T09:15:00+05:30,447.55,448,440.6,442.1,1212200
2019-12-18T13:15:00+05:30,442.05,446.1,440.65,445.3,685300
2019-12-19T09:15:00+05:30,446,460,445.25,457.45,6355800
2019-12-19T13:15:00+05:30,457.45,464.5,456,458,2820400
2019-12-20T09:15:00+05:30,457.8,463.2,454.2,459.05,2010800
2019-12-20T13:15:00+05:30,459,463.1,459,461,1376100
2019-12-23T09:15:00+05:30,461.45,472.65,459.8,469.55,2286900
2019-12-23T13:15:00+05:30,469.65,470.25,463.7,466.4,1531200
2019-12-24T09:15:00+05:30,466.15,468.95,463.25,466.6,2561900
2019-12-24T13:15:00+05:30,466.6,467.05,460.35,464,1383800
2019-12-26T09:15:00+05:30,455.05,459.3,453.45,455.1,1645650
2019-12-26T13:15:00+05:30,455.4,457.05,452.5,453.8,777600
2019-12-27T09:15:00+05:30,458.7,458.7,451,453.05,1021950
2019-12-27T13:15:00+05:30,453.15,457.3,453.15,456,599400
2019-12-30T09:15:00+05:30,457.5,465.6,457.05,462.6,1505250
2019-12-30T13:15:00+05:30,462.55,469,462.25,468.95,973350
2019-12-31T09:15:00+05:30,470,470.9,460.4,462.75,1779300
2019-12-31T13:15:00+05:30,463.35,463.95,459.25,460.5,766800
2020-01-01T09:15:00+05:30,461.1,462.95,455,460,795150
2020-01-01T13:15:00+05:30,460,461.8,459.65,459.7,537300
2020-01-02T09:15:00+05:30,460.15,460.15,452.45,455.15,1350000
2020-01-02T13:15:00+05:30,455.15,457.85,446.9,451.7,2668950
2020-01-03T09:15:00+05:30,449,450.95,440,446.45,2196450
2020-01-03T13:15:00+05:30,446.45,448.6,444.05,446.8,858600
2020-01-06T09:15:00+05:30,442.8,443,432.25,441.05,1809000
2020-01-06T13:15:00+05:30,440.9,443.05,435.35,438.05,1151550
2020-01-07T09:15:00+05:30,439.35,446.35,436.25,438.2,1217700
2020-01-07T13:15:00+05:30,438.25,441.45,434.7,440.35,877500
2020-01-08T09:15:00+05:30,438.85,438.85,432.15,437.4,1669950
2020-01-08T13:15:00+05:30,437.65,440.4,436.15,439,684450
2020-01-09T09:15:00+05:30,441.8,453.9,441.8,453.45,2164050
2020-01-09T13:15:00+05:30,453.3,459.7,450.3,458.7,1189350
2020-01-10T09:15:00+05:30,458,462.4,453.85,461.9,1364850
2020-01-10T13:15:00+05:30,461.35,466.35,460.4,463.5,1092150
2020-01-13T09:15:00+05:30,465.95,467.65,459.4,463.4,1256850
2020-01-13T13:15:00+05:30,463.2,464.5,461.65,463.6,454950
2020-01-14T09:15:00+05:30,462.55,469.35,461.85,466.25,703350
2020-01-14T13:15:00+05:30,466.25,470,463.8,469,556200
2020-01-15T09:15:00+05:30,466.35,474.4,465.35,474.25,1246050
2020-01-15T13:15:00+05:30,474.15,487.9,471.6,487,1732050
2020-01-16T09:15:00+05:30,486,490.5,483.75,488.55,1960200
2020-01-16T13:15:00+05:30,489,490.55,485.5,488.9,826200
2020-01-17T09:15:00+05:30,489,496.85,488,491.15,3082050
2020-01-17T13:15:00+05:30,491.35,491.35,483,485.15,1737450
2020-01-20T09:15:00+05:30,484.85,484.85,474.75,477,1332450
2020-01-20T13:15:00+05:30,477.2,478.15,469.8,470,1348650
2020-01-21T09:15:00+05:30,469.35,470.7,458.65,461.7,2099250
2020-01-21T13:15:00+05:30,461.7,464.95,460.9,461.85,569700
2020-01-22T09:15:00+05:30,461.95,468.25,454.45,466.85,1750950
2020-01-22T13:15:00+05:30,466.85,469.2,464.95,466,1345950
2020-01-23T09:15:00+05:30,465.95,470.45,460,466.75,1503900
2020-01-23T13:15:00+05:30,467.1,467.6,463.95,463.95,689850
2020-01-24T09:15:00+05:30,464.6,474.75,463.2,471.75,1939950
2020-01-24T13:15:00+05:30,471.5,473.1,468,468.4,3011850
2020-01-27T09:15:00+05:30,468.8,477.4,465.85,471.85,1945350
2020-01-27T13:15:00+05:30,471.55,472.25,463.5,466,1024650
2020-01-28T09:15:00+05:30,467.55,474.6,462.6,469.6,1922400
2020-01-28T13:15:00+05:30,469.2,469.2,451.8,463.5,2025000
2020-01-29T09:15:00+05:30,465.1,469.7,461.85,463.6,1252800
2020-01-29T13:15:00+05:30,463.75,471.15,462.6,469.9,1320300
2020-01-30T09:15:00+05:30,465.1,467.6,458,460,1386450
2020-01-30T13:15:00+05:30,458.75,465.45,458.65,460.35,1641600
2020-01-31T09:15:00+05:30,462.55,463.75,454.55,457,961200
2020-01-31T13:15:00+05:30,457,462.75,456,458,581850
2020-02-01T09:15:00+05:30,455,464.5,453.8,462,730350
2020-02-01T13:15:00+05:30,462.05,465,447.45,452,1544400
2020-02-03T09:15:00+05:30,445.9,463.7,443.55,463.25,3484350
2020-02-03T13:15:00+05:30,462.4,464.85,455.25,461.7,1350000
2020-02-04T09:15:00+05:30,465.4,469.85,456.9,458.25,2138400
2020-02-04T13:15:00+05:30,458.35,460.5,443.15,447.9,2351700
2020-02-05T09:15:00+05:30,451.55,477.5,451.3,464,6972750
2020-02-05T13:15:00+05:30,463.6,464,453.55,457.1,2393550
2020-02-06T09:15:00+05:30,458.45,476.7,458,475.55,3229200
2020-02-06T13:15:00+05:30,475.55,476.2,468.7,472.1,1428300
2020-02-07T09:15:00+05:30,475.05,475.7,464.05,466.45,1707750
2020-02-07T13:15:00+05:30,466.85,467.65,463,464.35,716850
2020-02-10T09:15:00+05:30,463.5,465,451.85,452.9,1597050
2020-02-10T13:15:00+05:30,452.3,455.85,451.65,452.3,629100
2020-02-11T09:15:00+05:30,454.35,459.95,452.6,454.45,2025000
2020-02-11T13:15:00+05:30,455,456.55,447.6,449.3,969300
2020-02-12T09:15:00+05:30,451,452.95,442.05,446.15,1354050
2020-02-12T13:15:00+05:30,446.2,448.5,444,447.1,772200
2020-02-13T09:15:00+05:30,448.5,449.85,441.35,446.85,1139400
2020-02-13T13:15:00+05:30,446.5,448.4,444,444,438750
2020-02-14T09:15:00+05:30,445.55,447.25,441.4,442.55,838350
2020-02-14T13:15:00+05:30,442.2,442.35,437.05,437.75,699300
2020-02-17T09:15:00+05:30,439.4,439.4,433,434.8,1178550
2020-02-17T13:15:00+05:30,434.9,435.15,427.65,431.4,1788750
2020-02-18T09:15:00+05:30,423.05,436.45,423.05,431.2,2366550
2020-02-18T13:15:00+05:30,431.35,439.95,429.4,439.95,1301400
2020-02-19T09:15:00+05:30,441.85,444.95,433.6,440.05,2178900
2020-02-19T13:15:00+05:30,439.95,442.65,438.4,442.2,935550
2020-02-20T09:15:00+05:30,443.6,448.5,437.95,447.5,1641600
2020-02-20T13:15:00+05:30,447.25,447.25,443.25,444.2,932850
2020-02-24T09:15:00+05:30,443.65,446.95,438.3,443.2,3168450
2020-02-24T13:15:00+05:30,442.85,443.1,433.95,435.25,962550
2020-02-25T09:15:00+05:30,422,434.15,408.15,431.65,9240750
2020-02-25T13:15:00+05:30,431.8,439.65,429,435,2751300
2020-02-26T09:15:00+05:30,425.85,432.95,423.85,430.45,2272050
2020-02-26T13:15:00+05:30,430.45,434.85,428.6,432,1313550
2020-02-27T09:15:00+05:30,416.65,427.35,415,426.8,2110050
2020-02-27T13:15:00+05:30,427.2,431.9,424.8,428.25,1779300
2020-02-28T09:15:00+05:30,424,425,409.85,424,2056050
2020-02-28T13:15:00+05:30,424.5,426,415.8,419.9,1231200
2020-03-02T09:15:00+05:30,424.8,433.5,414.4,415.6,3869100
2020-03-02T13:15:00+05:30,416.3,421.5,403.05,408.1,1632150
2020-03-03T09:15:00+05:30,413.9,420.75,408.1,408.2,2346300
2020-03-03T13:15:00+05:30,408.45,423.8,404.6,423.8,2029050
2020-03-04T09:15:00+05:30,422.5,422.7,405.25,406.75,1825200
2020-03-04T13:15:00+05:30,406.25,407.7,397.85,404.05,2182950
2020-03-05T09:15:00+05:30,415.9,415.95,400,412.5,1101600
2020-03-05T13:15:00+05:30,412.65,415.05,408,410,796500
2020-03-06T09:15:00+05:30,399.6,411.45,391.05,411,1563300
2020-03-06T13:15:00+05:30,411.5,412.8,408.25,409.45,783000
2020-03-09T09:15:00+05:30,397.25,404,387.9,389.55,1576800
2020-03-09T13:15:00+05:30,389.05,397.5,383.95,395,1227150
2020-03-11T09:15:00+05:30,394.75,406.25,389.55,404.55,1366200
2020-03-11T13:15:00+05:30,405.5,406.05,398.25,399,735750
2020-03-12T09:15:00+05:30,380,386.9,365,370.4,1845450
2020-03-12T13:15:00+05:30,371,374.15,360.45,371.15,1019250
2020-03-13T09:15:00+05:30,360,387.45,337,381.05,1408050
2020-03-13T13:15:00+05:30,381.1,395.1,375.75,392.1,1113750
2020-03-16T09:15:00+05:30,374.6,382.85,362,367.75,855900
2020-03-16T13:15:00+05:30,367.2,369.6,359.4,367.35,560250
2020-03-17T09:15:00+05:30,371.5,397,361.65,393.65,2330100
2020-03-17T13:15:00+05:30,394.1,394.45,378,378.55,1471500
2020-03-18T09:15:00+05:30,383,384.6,359.15,362.05,1364850
2020-03-18T13:15:00+05:30,361.55,368.35,352.8,367.3,1267650
2020-03-19T09:15:00+05:30,345.65,379.5,339.4,374.9,2470500
2020-03-19T13:15:00+05:30,373.75,386.15,358.4,364.65,1892700
2020-03-20T09:15:00+05:30,365,372.2,353.75,367.55,1883250
2020-03-20T13:15:00+05:30,368.3,383.1,361.75,379,1471500
2020-03-23T09:15:00+05:30,379.95,380,306.15,320.85,1595700
2020-03-23T13:15:00+05:30,320.8,337.6,315.9,323.4,859950
2020-03-24T09:15:00+05:30,329.9,343.95,310.3,327.2,1841400
2020-03-24T13:15:00+05:30,327.5,354.5,324.35,337.45,1271700
2020-03-25T09:15:00+05:30,335,343.5,326.6,340,1318950
2020-03-25T13:15:00+05:30,341,351.6,327.1,327.1,1020600
2020-03-26T09:15:00+05:30,310,321,302,315.95,753300
2020-03-26T13:15:00+05:30,315.4,321,304.5,316.3,446850
2020-03-27T09:15:00+05:30,322,323,297.8,300.95,1208250
2020-03-27T13:15:00+05:30,298.65,310.25,292,303,1819800
2020-03-30T09:15:00+05:30,290,298.25,287,287.5,1671300
2020-03-30T13:15:00+05:30,288.8,293.95,284.75,293.95,1048950
2020-03-31T09:15:00+05:30,295.5,297.85,284.8,292,677700
2020-03-31T13:15:00+05:30,292.55,298.5,289.95,293.95,658800
2020-04-01T09:15:00+05:30,291.95,293.5,272.35,273.8,2955150
2020-04-01T13:15:00+05:30,274.2,276.65,271.3,274.05,747900
2020-04-03T09:15:00+05:30,272.55,272.55,251.95,257.65,2133000
2020-04-03T13:15:00+05:30,257.9,260.5,250.45,251.95,1132650
2020-04-07T09:15:00+05:30,255.8,258.85,238.9,255.35,4486050
2020-04-07T13:15:00+05:30,255.75,278,253.55,278,2995650
2020-04-08T09:15:00+05:30,262.65,285.55,261.75,273.6,3006450
2020-04-08T13:15:00+05:30,274.1,285.3,273.55,282.9,2305800
2020-04-09T09:15:00+05:30,288,308.7,283.6,298.8,4120200
2020-04-09T13:15:00+05:30,298,303.35,292.1,301,1069200
2020-04-13T09:15:00+05:30,297.2,300,286.25,289.45,1656450
2020-04-13T13:15:00+05:30,289.25,291.3,285.7,287.65,654750
2020-04-15T09:15:00+05:30,287,299.4,285,285.55,3701700
2020-04-15T13:15:00+05:30,285.55,286,272,274.75,1606500
2020-04-16T09:15:00+05:30,268.15,273.45,265.1,272.65,4533300
2020-04-16T13:15:00+05:30,272.95,280.3,271.2,279.45,1494450
2020-04-17T09:15:00+05:30,289.7,298.8,284.3,295.6,4110750
2020-04-17T13:15:00+05:30,295.1,305.25,292.05,301,2323350
2020-04-20T09:15:00+05:30,320.8,320.8,300.7,306.5,3842100
2020-04-20T13:15:00+05:30,306.5,308.5,303,305,784350
2020-04-21T09:15:00+05:30,298.55,305.15,292.2,304.25,2272050
2020-04-21T13:15:00+05:30,304.45,312.75,303.4,306.9,2211300
2020-04-22T09:15:00+05:30,306.05,311.5,294.2,306,4935600
2020-04-22T13:15:00+05:30,306,306.1,298.1,304.75,1723950
2020-04-23T09:15:00+05:30,303.7,307.3,299.65,302.8,1741500
2020-04-23T13:15:00+05:30,302.6,303.4,298.8,298.8,1078650
2020-04-24T09:15:00+05:30,297.55,297.55,289.25,295,2107350
2020-04-24T13:15:00+05:30,295.1,302.85,291.1,295.5,2546100
2020-04-27T09:15:00+05:30,300,306,295.45,299.6,2185650
2020-04-27T13:15:00+05:30,299.7,301.3,298.45,299.2,1004400
2020-04-28T09:15:00+05:30,302.95,304.9,291.5,294.75,2552850
2020-04-28T13:15:00+05:30,294.3,300.3,293.4,294.6,2285550
2020-04-29T09:15:00+05:30,297.2,309.3,293.4,307.3,2554200
2020-04-29T13:15:00+05:30,307.3,309.6,305.6,309.3,1081350
2020-04-30T09:15:00+05:30,310.25,320.8,310.25,313.65,3674700
2020-04-30T13:15:00+05:30,313.45,332.75,313.45,324,3885300
2020-05-04T09:15:00+05:30,304,310.85,300.1,304.6,1933200
2020-05-04T13:15:00+05:30,304.7,305.55,299.5,302.75,1075950
2020-05-05T09:15:00+05:30,309.1,315.45,305.8,308.6,1544400
2020-05-05T13:15:00+05:30,308,309.2,298.05,301.8,994950
2020-05-06T09:15:00+05:30,297.95,317.05,295.55,312.25,2997000
2020-05-06T13:15:00+05:30,311.75,321.85,311.25,317.9,2350350
2020-05-07T09:15:00+05:30,313.35,320.95,310.5,319.55,2135700
2020-05-07T13:15:00+05:30,319.2,319.8,311,312.05,1108350
2020-05-08T09:15:00+05:30,315.5,319,308.25,309.25,1852200
2020-05-08T13:15:00+05:30,309,310.4,304.55,309.5,614250
2020-05-11T09:15:00+05:30,310.5,330.9,308.35,330.4,2473200
2020-05-11T13:15:00+05:30,330.5,338.45,326.35,329,2532600
2020-05-12T09:15:00+05:30,325,326.9,317.55,323.45,1456650
2020-05-12T13:15:00+05:30,322.75,333.95,322.05,328.55,1503900
2020-05-13T09:15:00+05:30,338.8,355,334.45,338.85,2994300
2020-05-13T13:15:00+05:30,339,341.9,336.75,338.35,880200
2020-05-14T09:15:00+05:30,335,344.95,331.9,341.7,1756350
2020-05-14T13:15:00+05:30,341.7,341.7,333.35,338.05,1046250
2020-05-15T09:15:00+05:30,338.35,342.35,331.7,339.8,1709100
2020-05-15T13:15:00+05:30,339.35,340.3,332.8,332.8,814050
2020-05-18T09:15:00+05:30,335.65,335.75,304.6,305.25,2980800
2020-05-18T13:15:00+05:30,305.5,307.4,298.4,299.95,1274400
2020-05-19T09:15:00+05:30,304.9,311.35,299.15,303.6,2204550
2020-05-19T13:15:00+05:30,303.4,304.65,301,301.95,765450
2020-05-20T09:15:00+05:30,302.8,307.2,299.65,306.55,1568700
2020-05-20T13:15:00+05:30,306.45,309.45,304.8,308.95,880200
2020-05-21T09:15:00+05:30,310.8,324.7,310.8,324.15,4166100
2020-05-21T13:15:00+05:30,324.2,326.25,313.1,315,2072250
2020-05-22T09:15:00+05:30,311.65,317,305.9,306.9,2320650
2020-05-22T13:15:00+05:30,306.95,315.75,306.5,313.9,1372950
2020-05-26T09:15:00+05:30,313.9,317.55,309,314.5,2393550
2020-05-26T13:15:00+05:30,314.75,323.45,313.35,320.95,1759050
2020-05-27T09:15:00+05:30,321.45,321.45,307.5,320,2887650
2020-05-27T13:15:00+05:30,320,325.3,318,321.1,1452600
2020-05-28T09:15:00+05:30,315.5,327.65,312.85,324.35,2898450
2020-05-28T13:15:00+05:30,324.65,330.5,322.5,327.05,3724650
2020-05-29T09:15:00+05:30,326,342.4,319,332.85,6393600
2020-05-29T13:15:00+05:30,333.1,336.5,330,332.8,1505250
2020-06-01T09:15:00+05:30,335.35,350.8,335.35,349.3,3154950
2020-06-01T13:15:00+05:30,349,353.35,346.6,349.4,1520100
2020-06-02T09:15:00+05:30,350.25,364.95,346.8,356.4,4487400
2020-06-02T13:15:00+05:30,356.65,361.95,353.7,359,1633500
2020-06-03T09:15:00+05:30,364.8,365.85,355.5,357.35,1883250
2020-06-03T13:15:00+05:30,357.05,358.8,352.5,353.9,939600
2020-06-04T09:15:00+05:30,351,361.3,348.6,350.15,1831950
2020-06-04T13:15:00+05:30,350.15,356.45,349.65,355.35,869400
2020-06-05T09:15:00+05:30,356.2,361.3,353,359.3,1571400
2020-06-05T13:15:00+05:30,360,360.75,357,357,1019250
2020-06-08T09:15:00+05:30,361,367.25,352.85,355.2,2610900
2020-06-08T13:15:00+05:30,354.8,357.05,349.4,351.05,938250
2020-06-09T09:15:00+05:30,353.1,355.15,346.15,349.8,1463400
2020-06-09T13:15:00+05:30,350.35,351.2,346,349.45,747900
2020-06-10T09:15:00+05:30,351.15,361,342.35,343.5,2681100
2020-06-10T13:15:00+05:30,343.8,346.35,340.75,344,1142100
2020-06-11T09:15:00+05:30,344.75,348.1,336.5,338,1514700
2020-06-11T13:15:00+05:30,338.45,338.45,329,330.2,3136050
2020-06-12T09:15:00+05:30,318,333.75,312.3,332.7,3592350
2020-06-12T13:15:00+05:30,332.05,347.6,331.75,343.1,2070900
2020-06-15T09:15:00+05:30,342.6,343.7,335.65,338.6,1510650
2020-06-15T13:15:00+05:30,339.2,348.95,338.5,340.5,1298700
2020-06-16T09:15:00+05:30,342.8,357.9,342.8,349.55,2968650
2020-06-16T13:15:00+05:30,349.9,353.2,346.4,348.2,1755000
2020-06-17T09:15:00+05:30,348.4,356,347,355.6,1988550
2020-06-17T13:15:00+05:30,355.25,358.2,352.55,354.95,1458000
2020-06-18T09:15:00+05:30,357.15,361.6,354.65,355.45,2295000
2020-06-18T13:15:00+05:30,355.8,362.2,355.05,360.2,892350
2020-06-19T09:15:00+05:30,359.85,370.55,359.85,367.9,3036150
2020-06-19T13:15:00+05:30,367.35,371.05,366.3,366.6,970650
2020-06-22T09:15:00+05:30,366.95,385,366,382.25,2971350
2020-06-22T13:15:00+05:30,382.05,384.6,380.3,383,1391850
2020-06-23T09:15:00+05:30,384.1,385.35,377.4,379.8,2478600
2020-06-23T13:15:00+05:30,379.95,384.45,377.95,382.85,1417500
2020-06-24T09:15:00+05:30,384,391.45,381.25,383.35,2160000
2020-06-24T13:15:00+05:30,383.35,384.95,378.15,382.95,1309500
2020-06-25T09:15:00+05:30,374.9,381.2,372.35,378.7,1465800
2020-06-25T13:15:00+05:30,378.7,386.8,376,378.45,2410800
2020-06-26T09:15:00+05:30,373.3,382.15,373.3,377.35,1698200
2020-06-26T13:15:00+05:30,377.5,380.25,375.5,377.5,730800
2020-06-29T09:15:00+05:30,367,378.6,367,375.9,1085000
2020-06-29T13:15:00+05:30,375.8,376,371.1,371.55,973000
2020-06-30T09:15:00+05:30,375,382.15,374.25,377.85,1464400
2020-06-30T13:15:00+05:30,377.8,378.5,374,375.05,768600
2020-07-01T09:15:00+05:30,376.2,378.7,372.8,377.5,695800
2020-07-01T13:15:00+05:30,377.55,382.3,375.15,381,1428000
2020-07-02T09:15:00+05:30,382,385.5,377,384.85,2105600
2020-07-02T13:15:00+05:30,384.85,385.3,381.7,384.1,835800
2020-07-03T09:15:00+05:30,384.5,396.6,382.5,392.65,2858800
2020-07-03T13:15:00+05:30,392.45,394.8,388.1,394.25,1332800
2020-07-06T09:15:00+05:30,395.2,403.5,393.5,402.05,2324000
2020-07-06T13:15:00+05:30,402.2,405,401.05,403.3,1370600
2020-07-07T09:15:00+05:30,405.05,405.05,393.95,397.2,1645000
2020-07-07T13:15:00+05:30,396.55,397.1,393.15,393.45,931000
2020-07-08T09:15:00+05:30,396.7,396.7,380.95,382.35,2625000
2020-07-08T13:15:00+05:30,382.35,386.9,381.7,383.4,1164800
2020-07-09T09:15:00+05:30,384.5,388.35,380.4,385.75,2081800
2020-07-09T13:15:00+05:30,385.6,390.05,384.75,387.6,891800
2020-07-10T09:15:00+05:30,385.2,396.5,382.3,384.15,3192000
2020-07-10T13:15:00+05:30,383.85,386.7,383.15,385.05,880600
2020-07-13T09:15:00+05:30,387,390.25,383.2,389.1,1117200
2020-07-13T13:15:00+05:30,389.4,389.7,386.75,388.8,310800
2020-07-14T09:15:00+05:30,388.5,388.5,375.25,378.5,1629600
2020-07-14T13:15:00+05:30,378,382,377.4,379.7,616000
2020-07-15T09:15:00+05:30,381.8,389.7,381.8,389.5,982800
2020-07-15T13:15:00+05:30,389.65,395.8,386.75,388.9,1681400
2020-07-16T09:15:00+05:30,390.35,391.85,380.95,389.3,1832600
2020-07-16T13:15:00+05:30,389,391.65,387.25,387.7,792400
2020-07-17T09:15:00+05:30,390.7,398.4,386.3,387.8,2345000
2020-07-17T13:15:00+05:30,387.65,390.25,386.2,389.15,1118600
2020-07-20T09:15:00+05:30,390.6,397.25,388.75,396.15,1094800
2020-07-20T13:15:00+05:30,396,399.65,393.5,397.05,715400
2020-07-21T09:15:00+05:30,400.05,409.35,400.05,406.25,3500000
2020-07-21T13:15:00+05:30,406.25,406.25,400.3,402.1,1771000
2020-07-22T09:15:00+05:30,403.95,403.95,391.65,391.95,1429400
2020-07-22T13:15:00+05:30,391.8,393.9,385.55,393.55,1570800
2020-07-23T09:15:00+05:30,387.6,401.65,387.6,400.9,1603000
2020-07-23T13:15:00+05:30,401.1,406.45,399.4,406.4,1079400
2020-07-24T09:15:00+05:30,404,404.05,393.05,396.95,1276800
2020-07-24T13:15:00+05:30,396.45,398.7,394.7,395.65,844200
2020-07-27T09:15:00+05:30,394.65,396.55,388.5,394.8,1857800
2020-07-27T13:15:00+05:30,394.6,397.8,393.55,395.65,978600
2020-07-28T09:15:00+05:30,395.25,408.8,395.25,406.2,2406600
2020-07-28T13:15:00+05:30,406.2,409,403.75,404.8,1500800
2020-07-29T09:15:00+05:30,405.65,413.15,401.95,406.15,2205000
2020-07-29T13:15:00+05:30,406.15,408.45,395.8,400,1078000
2020-07-30T09:15:00+05:30,394.8,397.05,384.85,393.3,4555600
2020-07-30T13:15:00+05:30,393.15,400.6,391.55,396.7,1415400
2020-07-31T09:15:00+05:30,398.95,400.85,388.55,391.4,1544200
2020-07-31T13:15:00+05:30,391.45,391.45,380.75,381.8,1794800
2020-08-03T09:15:00+05:30,387,396,383,386.95,3362800
2020-08-03T13:15:00+05:30,387,390.85,387,389.5,1353800
2020-08-04T09:15:00+05:30,393,402.05,386.05,401.65,2679600
2020-08-04T13:15:00+05:30,401.9,401.9,395.8,397.25,865200
2020-08-05T09:15:00+05:30,398.55,410.4,398.55,407.2,2538200
2020-08-05T13:15:00+05:30,407.2,410.45,405.3,410.2,973000
2020-08-06T09:15:00+05:30,413.8,415.65,401.1,408.45,3067400
2020-08-06T13:15:00+05:30,408.8,417.8,408.3,417.1,1936200
2020-08-07T09:15:00+05:30,415.65,427,411.55,420.15,8996400
2020-08-07T13:15:00+05:30,420.1,422.6,416.6,419.55,1856400
2020-08-10T09:15:00+05:30,421.85,424.2,415.05,415.05,3159800
2020-08-10T13:15:00+05:30,415.3,418.05,413.15,417,1117200
2020-08-11T09:15:00+05:30,417,420.55,412.4,415.4,2035600
2020-08-11T13:15:00+05:30,415.3,417.5,413.45,415.7,1072400
2020-08-12T09:15:00+05:30,413.45,421,407.6,416.25,4918200
2020-08-12T13:15:00+05:30,416.3,420.35,415.3,418.5,1869000
2020-08-13T09:15:00+05:30,419.95,429.2,416.55,427.15,3717000
2020-08-13T13:15:00+05:30,427.35,435.45,424.3,429.7,4893000
2020-08-14T09:15:00+05:30,430.7,432.55,420,424.1,3039400
2020-08-14T13:15:00+05:30,424.95,424.95,413.5,415.95,1703800
2020-08-17T09:15:00+05:30,423.25,429.5,413.65,427.2,3288600
2020-08-17T13:15:00+05:30,426.65,428,424.4,426.6,875000
2020-08-18T09:15:00+05:30,427.4,434.05,423.05,431.75,2367400
2020-08-18T13:15:00+05:30,431.75,435.95,431.3,435,1162000
2020-08-19T09:15:00+05:30,435.85,441.75,433,435.5,1850800
2020-08-19T13:15:00+05:30,435.5,436.2,431.75,433,736400
2020-08-20T09:15:00+05:30,432.5,443,426.05,441.95,2269400
2020-08-20T13:15:00+05:30,442.35,449.3,441.2,449,2668400
2020-08-21T09:15:00+05:30,451,452.55,444.95,451.55,2079000
2020-08-21T13:15:00+05:30,451.6,459.55,450.3,451.5,2318400
2020-08-24T09:15:00+05:30,449.85,454.9,448.25,452.15,3969000
2020-08-24T13:15:00+05:30,452.15,452.95,447.85,448.2,1422400
2020-08-25T09:15:00+05:30,450.5,460.9,445.9,446.2,3206000
2020-08-25T13:15:00+05:30,446,447.3,441.55,446.05,2004800
2020-08-26T09:15:00+05:30,463.95,476,457.1,458.7,7652400
2020-08-26T13:15:00+05:30,459.1,469.55,459.1,465.25,2332400
2020-08-27T09:15:00+05:30,465,465,447.65,450.8,3403400
2020-08-27T13:15:00+05:30,450.95,454.15,449.25,452.4,1818600
2020-08-28T09:15:00+05:30,452.65,457.6,448.25,449.4,2217600
2020-08-28T13:15:00+05:30,449.4,451,447.8,449.55,1019200
2020-08-31T09:15:00+05:30,450.5,453.6,431,431.5,2800000
2020-08-31T13:15:00+05:30,431.35,434.35,429.1,432,1068200
2020-09-01T09:15:00+05:30,434.2,440.5,427.35,438.85,3218600
2020-09-01T13:15:00+05:30,439.6,441.95,435.15,441.95,835800
2020-09-02T09:15:00+05:30,437.85,440,426.45,430.7,4349800
2020-09-02T13:15:00+05:30,430.5,439.7,430.3,437.2,1596000
2020-09-03T09:15:00+05:30,438.5,443.8,434.5,438,2370200
2020-09-03T13:15:00+05:30,438.1,438.75,433.55,434.9,596400
2020-09-04T09:15:00+05:30,428.3,439.25,423,438.25,2738400
2020-09-04T13:15:00+05:30,438.9,441.3,430.5,434.5,1139600
2020-09-07T09:15:00+05:30,434.25,439.35,430.15,438.5,1757000
2020-09-07T13:15:00+05:30,438.8,440.6,436.8,437.4,1006600
2020-09-08T09:15:00+05:30,438.05,441.25,434.45,438.7,926800
2020-09-08T13:15:00+05:30,438.6,440.35,430.1,431.15,980000
2020-09-09T09:15:00+05:30,428.1,435.45,427.25,430.15,1358000
2020-09-09T13:15:00+05:30,429.55,439.1,429.55,436.8,792400
2020-09-10T09:15:00+05:30,440.3,442.7,429.65,433.9,1678600
2020-09-10T13:15:00+05:30,433.75,439.95,430.2,437.9,1496600
2020-09-11T09:15:00+05:30,437,443,436.1,440.05,2332400
2020-09-11T13:15:00+05:30,440.4,446.5,439.4,445.3,1030400
2020-09-14T09:15:00+05:30,447.95,455.65,446.55,454.15,2328200
2020-09-14T13:15:00+05:30,453.7,459.65,452.05,456.8,1738800
2020-09-15T09:15:00+05:30,457.55,460.5,448.15,456.85,1412600
2020-09-15T13:15:00+05:30,456.75,457.8,455.05,455.4,673400
2020-09-16T09:15:00+05:30,456.95,472.05,453.95,468.9,4155200
2020-09-16T13:15:00+05:30,468.4,471.25,461.6,463.8,1317400
2020-09-17T09:15:00+05:30,457,465.7,455.6,457.2,1472800
2020-09-17T13:15:00+05:30,457.2,460,455.6,458.8,957600
2020-09-18T09:15:00+05:30,463,468.5,460.25,464.65,1488200
2020-09-18T13:15:00+05:30,464.65,465.55,456.25,456.3,1033200
2020-09-21T09:15:00+05:30,459.05,459.05,451.3,455,2450000
2020-09-21T13:15:00+05:30,455,458.7,446.85,447,2262400
2020-09-22T09:15:00+05:30,447,450.95,433.3,442.9,3868200
2020-09-22T13:15:00+05:30,442.5,447.2,437.3,447.2,1640800
2020-09-23T09:15:00+05:30,447.5,449.95,437.2,438.9,2899400
2020-09-23T13:15:00+05:30,439.25,444.15,433.7,439.05,1694000
2020-09-24T09:15:00+05:30,437.2,438.45,424.95,431.6,2143400
2020-09-24T13:15:00+05:30,431.5,437.3,428.3,432.25,1584800
2020-09-25T09:15:00+05:30,428.4,443.3,428.4,441,1834000
2020-09-25T13:15:00+05:30,440.9,450.75,439.1,446.55,1125600
2020-09-28T09:15:00+05:30,451,469.25,450.2,468.85,4454800
2020-09-28T13:15:00+05:30,468.7,474.45,466.55,474.45,2380000
2020-09-29T09:15:00+05:30,475.7,481,469.15,474.1,3789800
2020-09-29T13:15:00+05:30,473.7,476.45,470.5,472.35,1352400
2020-09-30T09:15:00+05:30,468.7,479.8,467.55,470.35,3110800
2020-09-30T13:15:00+05:30,470.15,471.85,467,471.75,2441600
2020-10-01T09:15:00+05:30,476.3,491.35,473,487.2,5982200
2020-10-01T13:15:00+05:30,487.2,487.3,479.75,482.95,1341200
2020-10-05T09:15:00+05:30,484.35,484.6,467.9,468.7,3241000
2020-10-05T13:15:00+05:30,468.7,475.25,466.15,472.8,1734600
2020-10-06T09:15:00+05:30,475.95,483,473.5,479.25,1821400
2020-10-06T13:15:00+05:30,479.3,481.5,471.75,472,1633800
2020-10-07T09:15:00+05:30,470.8,478.3,468.2,475.75,1520400
2020-10-07T13:15:00+05:30,475.5,485,475.35,483.6,1663200
2020-10-08T09:15:00+05:30,485.3,486.45,475.45,481.75,1715000
2020-10-08T13:15:00+05:30,481.3,482.65,473.6,474.45,1514800
2020-10-09T09:15:00+05:30,475.8,479.95,469.95,473.2,1268400
2020-10-09T13:15:00+05:30,473.05,474.8,471.4,473.8,736400
2020-10-12T09:15:00+05:30,476.75,478.2,463.55,470.65,1843800
2020-10-12T13:15:00+05:30,469.9,472.4,468.3,470.55,889000
2020-10-13T09:15:00+05:30,473.3,473.8,459.4,460.3,2669800
2020-10-13T13:15:00+05:30,460.8,462.05,459,460.4,907200
2020-10-14T09:15:00+05:30,463,465,455.75,461.5,2247000
2020-10-14T13:15:00+05:30,461.85,464.25,460.05,461.75,1069600
2020-10-15T09:15:00+05:30,461,469.1,459.95,467,1880200
2020-10-15T13:15:00+05:30,466.25,467.95,457,457.65,1184400
2020-10-16T09:15:00+05:30,457,466.8,457,464.45,1404200
2020-10-16T13:15:00+05:30,464.3,467.2,463.3,465.55,579600
2020-10-19T09:15:00+05:30,466.95,467.55,451.25,453.75,1419600
2020-10-19T13:15:00+05:30,454.1,457.45,452.45,457.2,604800
2020-10-20T09:15:00+05:30,455.3,460.75,452.65,452.75,1209600
2020-10-20T13:15:00+05:30,452.9,454.75,450.8,454.3,855400
2020-10-21T09:15:00+05:30,454,458.55,453.1,453.1,919800
2020-10-21T13:15:00+05:30,453.4,453.4,443.75,447.55,1583400
2020-10-22T09:15:00+05:30,445.15,453.3,442.8,444.45,2237200
2020-10-22T13:15:00+05:30,444,445.25,439.3,444.55,1029000
2020-10-23T09:15:00+05:30,448,449.95,442.2,445.85,2098600
2020-10-23T13:15:00+05:30,446.3,451.35,444.4,445.1,1374800
2020-10-26T09:15:00+05:30,448.95,448.95,425.3,431.5,3570000
2020-10-26T13:15:00+05:30,431.5,432.5,427,427,1278200
2020-10-27T09:15:00+05:30,428.5,439.15,421.2,435.55,2773400
2020-10-27T13:15:00+05:30,435.6,436.75,431.4,434.4,1314600
2020-10-28T09:15:00+05:30,431.4,438.8,428.65,431.05,2717400
2020-10-28T13:15:00+05:30,431.05,434.35,424.85,424.9,1195600
2020-10-29T09:15:00+05:30,423.1,428.45,421.4,423.7,1884400
2020-10-29T13:15:00+05:30,423.25,424.8,421.1,423.05,1141000
2020-10-30T09:15:00+05:30,428.05,461.9,428,454.85,15145200
2020-10-30T13:15:00+05:30,454.5,462.45,447,452.7,6273400
2020-11-02T09:15:00+05:30,456.6,458.25,447.15,453.8,3803800
2020-11-02T13:15:00+05:30,454.3,459.4,453.25,457.6,1134000
2020-11-03T09:15:00+05:30,456.85,469.65,456.85,462.15,2494800
2020-11-03T13:15:00+05:30,462.05,466,461.65,463.5,665000
2020-11-04T09:15:00+05:30,464.7,469.95,462.35,466.7,1376200
2020-11-04T13:15:00+05:30,466.2,472.05,464,471.85,1120000
2020-11-05T09:15:00+05:30,472.05,480.4,468.3,478.8,2046800
2020-11-05T13:15:00+05:30,478.75,481.95,477.1,479.75,1142400
2020-11-06T09:15:00+05:30,476.5,481.95,474.5,478.4,1073800
2020-11-06T13:15:00+05:30,478.7,483.25,478.35,481,736400
2020-11-09T09:15:00+05:30,483,484,475.85,479.9,1272600
2020-11-09T13:15:00+05:30,481,481.9,479.65,481.5,541800
2020-11-10T09:15:00+05:30,489.25,489.25,476.35,483.1,1195600
2020-11-10T13:15:00+05:30,483.1,483.1,477.15,480.75,586600
2020-11-11T09:15:00+05:30,479.8,492.5,478.45,479.5,3224200
2020-11-11T13:15:00+05:30,479.1,480.6,475.7,478,1064000
2020-11-12T09:15:00+05:30,477,485.15,476.65,480.3,2189600
2020-11-12T13:15:00+05:30,480.3,484.45,475.85,483.8,1416800
2020-11-13T09:15:00+05:30,482.9,486.1,480.2,481,1932000
2020-11-13T13:15:00+05:30,481,481.05,478.55,478.55,824600
2020-11-14T18:00:00+05:30,480,482.65,478.95,480,163800
2020-11-17T09:15:00+05:30,480,482.45,470.3,477.2,1684200
2020-11-17T13:15:00+05:30,477.25,479.4,475.5,477.15,847000
2020-11-18T09:15:00+05:30,474.8,487.7,473.8,481.25,2182600
2020-11-18T13:15:00+05:30,481.1,484.85,476.7,481.8,1948800
2020-11-19T09:15:00+05:30,481.35,491.5,478,481.5,3691800
2020-11-19T13:15:00+05:30,481.65,484,473.35,474.05,1005200
2020-11-20T09:15:00+05:30,465.45,479.4,465.45,476.5,2154600
2020-11-20T13:15:00+05:30,476.6,482.4,476.45,478,974400
2020-11-23T09:15:00+05:30,476.7,478.7,472,476.3,2919000
2020-11-23T13:15:00+05:30,476.3,478.95,475.6,476.5,1090600
2020-11-24T09:15:00+05:30,476.5,482,468.35,470.6,3690400
2020-11-24T13:15:00+05:30,470.35,473.45,470.35,471.25,2230200
2020-11-25T09:15:00+05:30,473.8,479.2,469.15,475.55,3032400
2020-11-25T13:15:00+05:30,475.55,476.75,472.85,475.3,779800
2020-11-26T09:15:00+05:30,477,480,473.5,477.1,1436400
2020-11-26T13:15:00+05:30,477.05,479,475.8,476.4,893200
2020-11-27T09:15:00+05:30,477.45,507.75,477.05,501.2,8736000
2020-11-27T13:15:00+05:30,501.2,504.75,499.65,501.45,1817200
2020-12-01T09:15:00+05:30,506.7,506.7,493.7,498.65,2591400
2020-12-01T13:15:00+05:30,499,508.3,496.5,501.5,2384200
2020-12-02T09:15:00+05:30,504.95,509.75,491.8,491.85,3094000
2020-12-02T13:15:00+05:30,491.85,493.35,486.5,491.45,1832600
2020-12-03T09:15:00+05:30,495.35,500.8,488.9,499.9,2230200
2020-12-03T13:15:00+05:30,499.35,503,497.55,502.55,1752800
2020-12-04T09:15:00+05:30,503.5,505.75,494.15,497.45,1720600
2020-12-04T13:15:00+05:30,497.6,502.1,496.75,498.85,551600
2020-12-07T09:15:00+05:30,501.95,512,498,510,2828000
2020-12-07T13:15:00+05:30,509.9,518.75,506.65,512.15,4321800
2020-12-08T09:15:00+05:30,512.15,519.9,506.05,509.7,3494400
2020-12-08T13:15:00+05:30,510.05,511,507.3,507.7,617400
2020-12-09T09:15:00+05:30,512.2,514.25,506.9,508.2,1751400
2020-12-09T13:15:00+05:30,508.2,508.9,499.35,501.75,2144800
2020-12-10T09:15:00+05:30,499.7,504.35,495.25,502.4,1597400
2020-12-10T13:15:00+05:30,502.2,502.45,497.75,499.2,572600
2020-12-11T09:15:00+05:30,505.5,514.85,490.25,493.45,7774200
2020-12-11T13:15:00+05:30,493.45,493.8,481.1,484.25,3066000
2020-12-14T09:15:00+05:30,489,489,478.8,487.65,2821000
2020-12-14T13:15:00+05:30,488,489.95,487.25,488,1002400
2020-12-15T09:15:00+05:30,486.7,493.45,484.15,484.6,1825600
2020-12-15T13:15:00+05:30,485.5,487.65,484.75,486.5,760200
2020-12-16T09:15:00+05:30,489.8,495.4,486.65,494.05,1780800
2020-12-16T13:15:00+05:30,494.35,496.7,492.8,494.85,1048600
2020-12-17T09:15:00+05:30,497.7,501.7,493.6,499.6,2156000
2020-12-17T13:15:00+05:30,499.65,500.6,489,489.75,1194200
2020-12-18T09:15:00+05:30,492.7,493.5,484,491.85,1594600
2020-12-18T13:15:00+05:30,491.5,495.4,489.1,490.45,880600
2020-12-21T09:15:00+05:30,487.3,488.65,482.15,484.4,2359000
2020-12-21T13:15:00+05:30,484.5,485.95,453.75,464,2990400
2020-12-22T09:15:00+05:30,465,471.3,446.85,462,2381400
2020-12-22T13:15:00+05:30,462.45,468.75,462.3,468.3,828800
2020-12-23T09:15:00+05:30,465.9,482.1,465.9,479.3,1710800
2020-12-23T13:15:00+05:30,478.5,485.3,478.5,482.05,693000
2020-12-24T09:15:00+05:30,488,492.85,477.7,480.35,1496600
2020-12-24T13:15:00+05:30,480,481,478.15,478.9,560000
2020-12-28T09:15:00+05:30,479.3,488.55,479.3,488,1275400
2020-12-28T13:15:00+05:30,487.4,487.5,480.85,485,1227800
2020-12-29T09:15:00+05:30,488.75,491.2,481.85,490.5,2560600
2020-12-29T13:15:00+05:30,490.5,490.65,483.95,486,1173200
2020-12-30T09:15:00+05:30,485.9,489.35,479.25,483.7,1097600
2020-12-30T13:15:00+05:30,483.7,488.25,482.55,485.55,764400
2020-12-31T09:15:00+05:30,488.55,496.5,487.3,489.6,2427600
2020-12-31T13:15:00+05:30,490.1,490.1,485.2,487.75,998200
2021-01-01T09:15:00+05:30,488.95,493.15,488.1,492,726600
2021-01-01T13:15:00+05:30,491.8,494.2,490.95,494.2,487200
2021-01-04T09:15:00+05:30,496.75,501.65,488.5,493.4,2318400
2021-01-04T13:15:00+05:30,493.1,498.6,491.55,497.25,1218000
2021-01-05T09:15:00+05:30,495,497.85,491.3,492.8,764400
2021-01-05T13:15:00+05:30,492,494.85,489.25,494.5,631400
2021-01-06T09:15:00+05:30,498.3,498.3,491.4,492.25,757400
2021-01-06T13:15:00+05:30,492,492.95,483.25,488.7,1099000
2021-01-07T09:15:00+05:30,494.35,508.7,492.3,500.15,4712400
2021-01-07T13:15:00+05:30,500,505.5,498,503.6,1772400
2021-01-08T09:15:00+05:30,506.1,517.4,502,515.95,3785600
2021-01-08T13:15:00+05:30,515.6,520,512.45,516,2098600
2021-01-11T09:15:00+05:30,515.5,529.65,509,520.4,4201400
2021-01-11T13:15:00+05:30,521,527.4,520.4,523.3,1884400
2021-01-12T09:15:00+05:30,522.55,534.55,520.3,526.7,4341400
2021-01-12T13:15:00+05:30,526.7,527.15,519.1,520.75,1472800
2021-01-13T09:15:00+05:30,521,527.95,515.65,518.15,2510200
2021-01-13T13:15:00+05:30,518,518.25,509.25,512.6,1082200
2021-01-14T09:15:00+05:30,527.9,527.9,506.25,510.05,1306200
2021-01-14T13:15:00+05:30,510.45,515.5,509.5,513.85,791000
2021-01-15T09:15:00+05:30,507.9,517.2,504.6,507.4,1024800
2021-01-15T13:15:00+05:30,507.4,509.45,500,508,866600
2021-01-18T09:15:00+05:30,504,505.45,490.05,497,1428000
2021-01-18T13:15:00+05:30,496.15,503.2,493.9,498.35,1157800
2021-01-19T09:15:00+05:30,502.1,515.5,499.3,514.1,1930600
2021-01-19T13:15:00+05:30,514.5,516.5,511.65,513.95,851200
2021-01-20T09:15:00+05:30,515.8,522.3,512.1,513.1,1656200
2021-01-20T13:15:00+05:30,512.55,513.9,509.5,509.5,873600
2021-01-21T09:15:00+05:30,514.45,519.5,511.45,517.1,1405600
2021-01-21T13:15:00+05:30,516.35,516.95,505.15,513.5,982800
2021-01-22T09:15:00+05:30,513,537,513,525.7,9826600
2021-01-22T13:15:00+05:30,525.6,528.75,518.95,523.45,1885800
2021-01-25T09:15:00+05:30,533.25,541.95,517.05,538.05,5147800
2021-01-25T13:15:00+05:30,538.4,546.7,536.05,540.75,4358200
2021-01-27T09:15:00+05:30,542.25,554.3,534.3,548.45,4944800
2021-01-27T13:15:00+05:30,548.45,550,528.1,531.4,1586200
2021-01-28T09:15:00+05:30,526.9,535.65,521.75,530.2,2634800
2021-01-28T13:15:00+05:30,530.65,533.45,523.5,529.85,1412600
2021-01-29T09:15:00+05:30,554,590,550,584.2,21950600
2021-01-29T13:15:00+05:30,584,585.4,558,559.2,7932400
2021-02-01T09:15:00+05:30,557.95,575.9,553.85,569.1,5177200
2021-02-01T13:15:00+05:30,568.5,588,568.5,577.1,3085600
2021-02-02T09:15:00+05:30,585,624.7,584.15,617.95,9149000
2021-02-02T13:15:00+05:30,617.6,622.2,611.75,621.75,2217600
2021-02-03T09:15:00+05:30,626.35,637.05,613.1,636.4,2976400
2021-02-03T13:15:00+05:30,636.95,649.1,635.7,643.75,2973600
2021-02-04T09:15:00+05:30,638.05,658.8,638.05,649,4316200
2021-02-04T13:15:00+05:30,649,655.4,645.7,653.35,1304800
2021-02-05T09:15:00+05:30,651.75,653.3,631.15,632.75,2234400
2021-02-05T13:15:00+05:30,632.4,633.4,624.35,630.7,1622600
2021-02-08T09:15:00+05:30,632.85,647.8,631.8,644.95,1582000
2021-02-08T13:15:00+05:30,644.95,646.05,638,644.2,770000
2021-02-09T09:15:00+05:30,646.3,654.55,642.5,650.3,1678600
2021-02-09T13:15:00+05:30,650.6,660.5,648.4,650,2653000
2021-02-10T09:15:00+05:30,650.6,651.8,639.2,645.75,1645000
2021-02-10T13:15:00+05:30,646,654.6,643.1,654,880600
2021-02-11T09:15:00+05:30,650.5,656.4,643.85,643.85,1163400
2021-02-11T13:15:00+05:30,644.4,645.55,638.3,640.2,809200
2021-02-12T09:15:00+05:30,637.1,652,636.6,640.05,2483600
2021-02-12T13:15:00+05:30,640.4,645.65,634,645.6,816200
2021-02-15T09:15:00+05:30,640,644.85,635.45,638.15,826000
2021-02-15T13:15:00+05:30,637.3,638.2,631.75,634.2,672000
2021-02-16T09:15:00+05:30,635.15,644,626.25,629,1391600
2021-02-16T13:15:00+05:30,628.35,633,626.5,632.4,599200
2021-02-17T09:15:00+05:30,633.15,633.55,622.75,623.85,1236200
2021-02-17T13:15:00+05:30,623.7,625.15,618.9,620.65,809200
2021-02-18T09:15:00+05:30,622.35,624.25,613.1,616.55,1345400
2021-02-18T13:15:00+05:30,616.5,616.8,612.65,614.2,366800
2021-02-19T09:15:00+05:30,612.65,619.9,602.55,613.2,1605800
2021-02-19T13:15:00+05:30,614.7,614.7,600.65,606.45,1019200
2021-02-22T09:15:00+05:30,603.05,604.45,585.25,586,2195200
2021-02-22T13:15:00+05:30,586,592.8,581.45,581.5,1248800
2021-02-23T09:15:00+05:30,587.9,603,585.95,600,2938600
2021-02-23T13:15:00+05:30,600,602,596.55,599.2,1297800
2021-02-24T09:15:00+05:30,602.5,604.75,598.35,599.8,1451800
2021-02-24T13:15:00+05:30,604.5,605,595.1,601.3,548800
2021-02-25T09:15:00+05:30,601.85,611.8,601.85,603.65,1835400
2021-02-25T13:15:00+05:30,603.65,604.55,597.6,602.4,855400
2021-02-26T09:15:00+05:30,596.8,599.5,589.25,593.7,1510600
2021-02-26T13:15:00+05:30,593.7,599.55,591.65,595.95,1502200
2021-03-01T09:15:00+05:30,605.95,622.45,596.3,611,3466400
2021-03-01T13:15:00+05:30,611.4,623.5,609.8,620.5,1954400
2021-03-02T09:15:00+05:30,621.1,634.95,610.9,632,2716000
2021-03-02T13:15:00+05:30,632,637.15,630.65,634.85,964600
2021-03-03T09:15:00+05:30,637.25,639.15,625.3,628.05,2237200
2021-03-03T13:15:00+05:30,627.75,630.9,625.25,627.95,691600
2021-03-04T09:15:00+05:30,625.45,635.9,622.45,627.55,2490600
2021-03-04T13:15:00+05:30,627,629.25,617.35,620.15,894600
2021-03-05T09:15:00+05:30,616.55,629.9,616.55,622.75,1297800
2021-03-05T13:15:00+05:30,622.8,629.05,617.9,620.7,1453200
2021-03-08T09:15:00+05:30,624,626.05,614,616.2,3035200
2021-03-08T13:15:00+05:30,615.8,615.8,602,605.45,2808400
2021-03-09T09:15:00+05:30,609.95,611.5,598.9,600.9,1759800
2021-03-09T13:15:00+05:30,600.95,602.75,597.15,599.85,807800
2021-03-10T09:15:00+05:30,606,618.9,603.2,605.6,2146200
2021-03-10T13:15:00+05:30,605.6,608.25,602.35,607.5,840000
2021-03-12T09:15:00+05:30,608.75,610.95,597.35,598.95,813400
2021-03-12T13:15:00+05:30,598.4,598.5,584,587,1992200
2021-03-15T09:15:00+05:30,589.9,592.8,582,585.4,1239000
2021-03-15T13:15:00+05:30,585.6,594,585,593.5,840000
2021-03-16T09:15:00+05:30,596.95,599.25,588,591.5,1164800
2021-03-16T13:15:00+05:30,591.2,597.45,590.55,594.05,518000
2021-03-17T09:15:00+05:30,593.35,594.7,576.8,578.35,949200
2021-03-17T13:15:00+05:30,578.4,580.9,574.2,579.95,690200
2021-03-18T09:15:00+05:30,583.2,587,575.45,578.6,805000
2021-03-18T13:15:00+05:30,577.25,577.25,565.25,572,781200
2021-03-19T09:15:00+05:30,566.95,574.9,562.55,569.5,1051400
2021-03-19T13:15:00+05:30,570.45,588,570.45,583.05,1204000
2021-03-22T09:15:00+05:30,583.4,589.6,576.35,578.3,1890000
2021-03-22T13:15:00+05:30,577.6,582.55,577.25,581.05,527800
2021-03-23T09:15:00+05:30,583.55,585.45,575.55,580.8,1426600
2021-03-23T13:15:00+05:30,581.45,583.45,577,578,747600
2021-03-24T09:15:00+05:30,578.95,579,565.55,567.4,1345400
2021-03-24T13:15:00+05:30,567.4,568,561.85,564,1423800
2021-03-25T09:15:00+05:30,564.95,565,542.5,550.85,1943200
2021-03-25T13:15:00+05:30,551.7,559.1,550.95,556.3,1059800
2021-03-26T09:15:00+05:30,560.5,574.55,558.55,572.2,1160600
2021-03-26T13:15:00+05:30,571.75,576.95,571.3,572,592200
2021-03-30T09:15:00+05:30,577.55,581.35,561.45,564.5,1507800
2021-03-30T13:15:00+05:30,564.7,572,562.9,570.5,1671600
2021-03-31T09:15:00+05:30,570.1,589.75,570.1,584.2,2280600
2021-03-31T13:15:00+05:30,585.15,590.4,583,585,1113000
2021-04-01T09:15:00+05:30,589,591.5,581.2,587.8,1204000
2021-04-01T13:15:00+05:30,587.9,592.5,586.9,590.65,659400
2021-04-05T09:15:00+05:30,585.35,592,573,573.7,1838200
2021-04-05T13:15:00+05:30,573.4,585.2,571.45,583.05,756000
2021-04-06T09:15:00+05:30,588,589.45,571.4,574.8,1584800
2021-04-06T13:15:00+05:30,574.5,575.65,570,572,691600
2021-04-07T09:15:00+05:30,574.85,580.65,572.9,576.85,1143800
2021-04-07T13:15:00+05:30,577,577.45,569.05,572.05,928200
2021-04-08T09:15:00+05:30,573,575,570.5,571.45,765800
2021-04-08T13:15:00+05:30,571.8,572.8,566.5,567.05,529200
2021-04-09T09:15:00+05:30,564,572.65,562,569.9,994000
2021-04-09T13:15:00+05:30,569.35,570,563.3,568.05,609000
2021-04-12T09:15:00+05:30,563,563,532.3,545.4,1401400
2021-04-12T13:15:00+05:30,545,549.3,538.75,539,567000
2021-04-13T09:15:00+05:30,544.35,551.45,536.8,545.45,782600
2021-04-13T13:15:00+05:30,544.9,551.9,544.85,550.65,644000
2021-04-15T09:15:00+05:30,548.95,554.3,534.15,540.6,1072400
2021-04-15T13:15:00+05:30,541.35,544.15,539.05,543,359800
2021-04-16T09:15:00+05:30,542.55,559.95,541.65,557.7,1598800
2021-04-16T13:15:00+05:30,557.7,561.45,551.2,551.5,722400
2021-04-19T09:15:00+05:30,535.2,538.65,529,537.9,1003800
2021-04-19T13:15:00+05:30,538.05,540.7,536.9,538.95,474600
2021-04-20T09:15:00+05:30,540.5,548.75,539.35,540.3,798000
2021-04-20T13:15:00+05:30,540.5,541.6,534.6,538.45,646800
2021-04-22T09:15:00+05:30,532.5,537.55,525,530.3,1013600
2021-04-22T13:15:00+05:30,530,537.95,528.25,534.05,604800
2021-04-23T09:15:00+05:30,534.05,539.85,530,531.7,889000
2021-04-23T13:15:00+05:30,531.45,536.5,530.35,534,805000
2021-04-26T09:15:00+05:30,537,543.65,533.15,541.25,1551200
2021-04-26T13:15:00+05:30,541.25,555.55,541.05,554.3,1876000
2021-04-27T09:15:00+05:30,550.25,557.5,546.5,556.15,1747200
2021-04-27T13:15:00+05:30,556.15,572.15,554.65,571,2259600
2021-04-28T09:15:00+05:30,608,659.7,598.1,635.35,14221200
2021-04-28T13:15:00+05:30,635.8,649.25,635.55,648.05,2501800
2021-04-29T09:15:00+05:30,652.1,655.6,636,636.55,4606000
2021-04-29T13:15:00+05:30,637.3,639.45,635.1,637.75,1184400
2021-04-30T09:15:00+05:30,627.6,643.2,625.6,636.3,2245600
2021-04-30T13:15:00+05:30,636.4,638.2,632,633.05,772800
2021-05-03T09:15:00+05:30,625,639.3,617.15,621.8,2902200
2021-05-03T13:15:00+05:30,621.7,622.8,617,620.55,1086400
2021-05-04T09:15:00+05:30,623.65,625.6,615.5,616.2,1176000
2021-05-04T13:15:00+05:30,615.4,618.25,609.05,609.8,834400
2021-05-05T09:15:00+05:30,612,619.75,605.85,614,908600
2021-05-05T13:15:00+05:30,614.7,615.6,606.9,608.3,511000
2021-05-06T09:15:00+05:30,610.95,633,610,629.45,3379600
2021-05-06T13:15:00+05:30,629.8,633.1,626.15,627.25,1639400
2021-05-07T09:15:00+05:30,632.35,633.25,614.2,616.5,1425200
2021-05-07T13:15:00+05:30,616.5,621.4,616.5,619.25,429800
2021-05-10T09:15:00+05:30,623.25,625,611.15,614.15,1149400
2021-05-10T13:15:00+05:30,614,617.4,613,616.65,564200
2021-05-11T09:15:00+05:30,611.05,630.25,607.75,623.25,2004800
2021-05-11T13:15:00+05:30,623.25,631.4,622.3,628.25,1225000
2021-05-12T09:15:00+05:30,626.85,628.4,613.75,616.65,1302000
2021-05-12T13:15:00+05:30,616.7,617.85,612.05,616,649600
2021-05-14T09:15:00+05:30,616.3,619.45,603.25,608.35,933800
2021-05-14T13:15:00+05:30,607.7,608.55,601,602,450800
2021-05-17T09:15:00+05:30,604.5,632.9,597.8,628.9,3257800
2021-05-17T13:15:00+05:30,628.5,631,619.9,621,1380400
2021-05-18T09:15:00+05:30,621.5,644,620.25,642.8,3673600
2021-05-18T13:15:00+05:30,642.9,648.8,637.5,643.8,1908200
2021-05-19T09:15:00+05:30,641.85,651.65,639.05,643.7,2115400
2021-05-19T13:15:00+05:30,643.55,643.9,635,636.35,1124200
2021-05-20T09:15:00+05:30,635.95,645.8,627.9,630.4,938000
2021-05-20T13:15:00+05:30,630.65,633,628,628.45,455000
2021-05-21T09:15:00+05:30,636.9,637.7,627.8,629.15,799400
2021-05-21T13:15:00+05:30,628.25,631.05,625.85,628.2,667800
2021-05-24T09:15:00+05:30,631.15,637.5,621.9,623.7,2637600
2021-05-24T13:15:00+05:30,623.55,624.45,619.6,623,3134600
2021-05-25T09:15:00+05:30,623,641.5,623,633.7,4799200
2021-05-25T13:15:00+05:30,633.7,636.95,629.8,633.7,3182200
2021-05-26T09:15:00+05:30,633.5,650.8,631.5,647.2,4107600
2021-05-26T13:15:00+05:30,647.2,658.3,642,649.6,3147200
2021-05-27T09:15:00+05:30,655.5,668.45,648.55,651.7,4284000
2021-05-27T13:15:00+05:30,651.45,657,648.25,654.2,1579200
2021-05-28T09:15:00+05:30,655,655.55,622.15,625.45,6055000
2021-05-28T13:15:00+05:30,625.45,625.9,617.95,620.65,1876000
2021-05-31T09:15:00+05:30,622.85,630.9,617.1,618.9,2679600
2021-05-31T13:15:00+05:30,619,619,614.65,617.95,1223600
2021-06-01T09:15:00+05:30,619.9,628.5,614.5,616,2513000
2021-06-01T13:15:00+05:30,615.7,617.5,612.25,614.25,1542800
2021-06-02T09:15:00+05:30,610.5,621.7,609.8,615.3,1710800
2021-06-02T13:15:00+05:30,615.45,620.6,613.45,620.1,1174600
2021-06-03T09:15:00+05:30,621.95,627.15,617,624.4,1745800
2021-06-03T13:15:00+05:30,624.4,631.9,622.25,625.05,2436000
2021-06-04T09:15:00+05:30,626.1,633.85,623.7,624.95,2182600
2021-06-04T13:15:00+05:30,625.05,627.95,624.8,627.95,891800
2021-06-07T09:15:00+05:30,650,665.7,633.55,644.4,9851800
2021-06-07T13:15:00+05:30,644.65,653.55,643.1,650.95,1857800
2021-06-08T09:15:00+05:30,652.8,655.5,637.6,648.3,2353400
2021-06-08T13:15:00+05:30,648.45,651.2,643.3,647.4,803600
2021-06-09T09:15:00+05:30,649,652.35,637,637.25,1309000
2021-06-09T13:15:00+05:30,636.9,643.5,631.95,636,2783200
2021-06-10T09:15:00+05:30,637.95,643.95,634.7,639.65,1169000
2021-06-10T13:15:00+05:30,640.05,642.05,638,640.2,497000
2021-06-11T09:15:00+05:30,641.95,645.25,634.2,639,1015000
2021-06-11T13:15:00+05:30,639,640.6,636,639.9,464800
2021-06-14T09:15:00+05:30,637.05,640.2,618.8,626.9,2209200
2021-06-14T13:15:00+05:30,626.5,633.1,626.5,631.6,404600
2021-06-15T09:15:00+05:30,633.1,636.4,629.55,631.2,1138200
2021-06-15T13:15:00+05:30,631.2,633.4,629.55,631.25,537600
2021-06-16T09:15:00+05:30,631.7,633.8,622.05,626.5,1094800
2021-06-16T13:15:00+05:30,627.3,628.7,622,622.8,478800
2021-06-17T09:15:00+05:30,620,623.95,613.65,619.3,1247400
2021-06-17T13:15:00+05:30,619,619.35,605.55,611,1194200
2021-06-18T09:15:00+05:30,611,614.35,592.6,605.25,2217600
2021-06-18T13:15:00+05:30,605.2,614,602.9,613.8,1012200
2021-06-21T09:15:00+05:30,605.1,622.65,599.45,622.65,2648800
2021-06-21T13:15:00+05:30,622.65,623,615.85,617.25,1044400
2021-06-22T09:15:00+05:30,618.55,627.4,616,619.5,3560200
2021-06-22T13:15:00+05:30,619.45,620.8,615.25,615.25,1374800
2021-06-23T09:15:00+05:30,618,627.4,616.75,620,2226000
2021-06-23T13:15:00+05:30,620,625.25,618.35,620.6,740600
2021-06-24T09:15:00+05:30,624.8,624.8,613.65,618.3,2265200
2021-06-24T13:15:00+05:30,618.3,620.5,613.15,617.5,2209200
2021-06-25T09:15:00+05:30,617.85,629.4,617.85,626.35,1650600
2021-06-25T13:15:00+05:30,626.25,626.8,621.2,623.65,532000
2021-06-28T09:15:00+05:30,624.1,632.9,621.6,623.55,952000
2021-06-28T13:15:00+05:30,625.05,626.2,622.55,626,312200
2021-06-29T09:15:00+05:30,624,626.05,616,616.7,830200
2021-06-29T13:15:00+05:30,616.5,617.25,613.65,616.55,491400
2021-06-30T09:15:00+05:30,616.2,621.95,614.6,621.2,648200
2021-06-30T13:15:00+05:30,621.2,623.9,619.2,623.25,1842400
2021-07-01T09:15:00+05:30,624,639,622,635.1,3718400
2021-07-01T13:15:00+05:30,634.55,637.2,623.1,625.6,2637600
2021-07-02T09:15:00+05:30,625.25,629.3,608.95,614.1,3500000
2021-07-02T13:15:00+05:30,613.3,613.75,610.6,613.75,742000
2021-07-05T09:15:00+05:30,616.05,617.7,611.55,614.9,1828400
2021-07-05T13:15:00+05:30,615.2,617.5,613.55,614.65,961800
2021-07-06T09:15:00+05:30,615.95,620,612.65,613.1,1531600
2021-07-06T13:15:00+05:30,613.5,614,607.65,609.05,1188600
2021-07-07T09:15:00+05:30,610.45,613.4,605.15,605.55,1444800
2021-07-07T13:15:00+05:30,605.5,608.7,605.1,608.1,757400
2021-07-08T09:15:00+05:30,607,614,602.05,602.15,1897000
2021-07-08T13:15:00+05:30,602.25,602.95,598.2,601.55,732200
2021-07-09T09:15:00+05:30,600.3,602.3,595.3,597.6,1640800
2021-07-09T13:15:00+05:30,597.2,604,597.05,603.3,774200
2021-07-12T09:15:00+05:30,603.75,608.75,602.8,605.4,1346800
2021-07-12T13:15:00+05:30,604.95,605.65,600.35,603.5,858200
2021-07-13T09:15:00+05:30,604.1,612.75,602,611.75,2962400
2021-07-13T13:15:00+05:30,612.3,612.55,609.65,612.55,708400
2021-07-14T09:15:00+05:30,613,614.5,608.15,612.65,957600
2021-07-14T13:15:00+05:30,612.7,614.65,611.25,614.25,756000
2021-07-15T09:15:00+05:30,617.5,617.5,606.85,609.75,1020600
2021-07-15T13:15:00+05:30,609.7,611.7,608,609.7,450800
2021-07-16T09:15:00+05:30,611.4,614.9,607.2,613.8,1381800
2021-07-16T13:15:00+05:30,613.8,615,611.35,613.3,721000
2021-07-19T09:15:00+05:30,607,608,592.25,599.7,3486000
2021-07-19T13:15:00+05:30,599.7,602.95,597.4,602,971600
2021-07-20T09:15:00+05:30,600.9,601.25,584.1,586.6,2633400
2021-07-20T13:15:00+05:30,586.65,587.1,582.05,582.6,939400
2021-07-22T09:15:00+05:30,582.7,588.45,577.15,583.8,1967000
2021-07-22T13:15:00+05:30,583.8,585,578.8,580.2,1107400
2021-07-23T09:15:00+05:30,583.6,583.6,575.2,581.3,1296400
2021-07-23T13:15:00+05:30,581.85,583.4,580.55,581.5,617400
2021-07-26T09:15:00+05:30,583.6,587.95,580.05,584.75,1353800
2021-07-26T13:15:00+05:30,584.75,586.15,583.7,584.6,592200
2021-07-27T09:15:00+05:30,585.15,594.85,579.7,581,3235400
2021-07-27T13:15:00+05:30,581,584.05,579.7,580.6,1230600
2021-07-28T09:15:00+05:30,580.55,581,571.35,577,1769600
2021-07-28T13:15:00+05:30,577,578.2,575.3,575.9,1437800
2021-07-29T09:15:00+05:30,577.6,581.9,563.55,571.2,3060400
2021-07-29T13:15:00+05:30,570.6,571.1,560,564,3204600
2021-07-30T09:15:00+05:30,567.35,607.3,567.35,593.55,11555600
2021-07-30T13:15:00+05:30,593.55,593.55,580,584.6,1772400
2021-08-02T09:15:00+05:30,586.95,587.7,572.65,573.25,2616600
2021-08-02T13:15:00+05:30,573.25,577.7,573.1,575.15,1233400
2021-08-03T09:15:00+05:30,575.05,576.35,568.75,571.1,1027600
2021-08-03T13:15:00+05:30,571.7,575,570.65,574.25,1072400
2021-08-04T09:15:00+05:30,573.35,581,570.05,571,1975400
2021-08-04T13:15:00+05:30,570.5,571.9,567,568.2,730800
2021-08-05T09:15:00+05:30,569.15,570,564.15,567.3,589400
2021-08-05T13:15:00+05:30,567.5,569.35,565.5,569,365400
2021-08-06T09:15:00+05:30,570.7,578.25,568.5,574,1864800
2021-08-06T13:15:00+05:30,573.75,579.8,570.7,573.45,1306200
2021-08-09T09:15:00+05:30,570.8,576.8,567.05,567.95,1264200
2021-08-09T13:15:00+05:30,568,569,563.45,568.15,904400
2021-08-10T09:15:00+05:30,566.4,572,560.8,561.2,1288000
2021-08-10T13:15:00+05:30,561,561.55,552.75,558.35,1296400
2021-08-11T09:15:00+05:30,559.45,560.45,546.15,554.4,1659000
2021-08-11T13:15:00+05:30,554.1,564.2,554.1,563.7,1318800
2021-08-12T09:15:00+05:30,561.3,566.4,554.95,555.55,1324400
2021-08-12T13:15:00+05:30,555.35,555.85,552.5,554.65,798000
2021-08-13T09:15:00+05:30,554.9,557.35,549.4,552.65,1464400
2021-08-13T13:15:00+05:30,552.55,558.45,550,550,1640800
2021-08-16T09:15:00+05:30,550.2,552.85,502.95,534.85,4216800
2021-08-16T13:15:00+05:30,535.05,540.4,535.05,537.6,2080400
2021-08-17T09:15:00+05:30,535.75,541.45,526.7,527,1565200
2021-08-17T13:15:00+05:30,526.95,534.4,526.95,529.85,1520400
2021-08-18T09:15:00+05:30,530.85,530.85,522.15,523.75,1306200
2021-08-18T13:15:00+05:30,524.1,527.15,523.85,524,704200
2021-08-20T09:15:00+05:30,523.15,523.15,510.45,512.5,1598800
2021-08-20T13:15:00+05:30,512,513.3,509.85,512.2,938000
2021-08-23T09:15:00+05:30,513,515.65,503.2,505.7,2268000
2021-08-23T13:15:00+05:30,505.65,507.5,499.65,501.6,1132600
2021-08-24T09:15:00+05:30,503.4,505.9,495.5,503.15,3039400
2021-08-24T13:15:00+05:30,503.15,509.3,503.15,506.95,1359400
2021-08-25T09:15:00+05:30,510.4,523.95,508.85,520,2440200
2021-08-25T13:15:00+05:30,519.6,522.7,517,518.1,1132600
2021-08-26T09:15:00+05:30,520,522.5,511.45,512.4,1958600
2021-08-26T13:15:00+05:30,512.4,514.75,507.65,512,1561000
2021-08-27T09:15:00+05:30,512.15,514.9,508,510.55,897400
2021-08-27T13:15:00+05:30,510.75,515.05,508.5,513,851200
2021-08-30T09:15:00+05:30,515,524,508.85,522.3,1871800
2021-08-30T13:15:00+05:30,522.35,522.55,519.95,520.45,1321600
2021-08-31T09:15:00+05:30,532.95,536,518.2,525.4,4247600
2021-08-31T13:15:00+05:30,525.45,526,523,525.8,1376200
2021-09-01T09:15:00+05:30,522.45,533.7,522.45,531.15,2153200
2021-09-01T13:15:00+05:30,530.6,535.7,527.5,529.8,2329600
2021-09-02T09:15:00+05:30,527.15,533.65,526,532.8,1097600
2021-09-02T13:15:00+05:30,533.3,534,530.2,531.35,967400
2021-09-03T09:15:00+05:30,528.6,546.95,527.45,539.25,3094000
2021-09-03T13:15:00+05:30,539.5,541.65,538.8,540.5,772800
2021-09-06T09:15:00+05:30,546.15,550.6,540.05,548.35,2263800
2021-09-06T13:15:00+05:30,548.4,548.4,544,546.6,492800
2021-09-07T09:15:00+05:30,550.15,552.75,542.05,552.35,1486800
2021-09-07T13:15:00+05:30,552.8,558.5,551.25,553.5,1570800
2021-09-08T09:15:00+05:30,560,560,544.15,544.85,2009000
2021-09-08T13:15:00+05:30,544.5,547.7,544,547.2,561400
2021-09-09T09:15:00+05:30,542.35,548.6,539.55,542.2,1111600
2021-09-09T13:15:00+05:30,542.5,545.85,541.9,543,565600
2021-09-13T09:15:00+05:30,542.2,547.9,539,543.95,975800
2021-09-13T13:15:00+05:30,543.7,546,543.45,546,548800
2021-09-14T09:15:00+05:30,545.75,552,545,548.45,1465800
2021-09-14T13:15:00+05:30,548.9,551.45,548.9,550.5,463400
2021-09-15T09:15:00+05:30,550,554.9,545.9,546.15,1178800
2021-09-15T13:15:00+05:30,546,549.2,545.45,547.3,802200
2021-09-16T09:15:00+05:30,549.35,554,546.05,548.6,971600
2021-09-16T13:15:00+05:30,548.95,549.1,543.3,544.2,1012200
2021-09-17T09:15:00+05:30,548.3,561.75,541.5,546.2,4856600
2021-09-17T13:15:00+05:30,546.3,548.7,542.85,546.55,914200
2021-09-20T09:15:00+05:30,541.5,549.1,533.2,545.1,1355200
2021-09-20T13:15:00+05:30,546,548.15,540.05,541.05,1075200
2021-09-21T09:15:00+05:30,543.6,545.85,520,530.3,2178400
2021-09-21T13:15:00+05:30,530.6,534.8,528.9,534,840000
2021-09-22T09:15:00+05:30,535.35,540.55,530,535.3,1495200
2021-09-22T13:15:00+05:30,536.3,539.2,536,537.25,838600
2021-09-23T09:15:00+05:30,541.25,543.25,536.65,541.7,1107400
2021-09-23T13:15:00+05:30,541.75,543.2,539.1,540.15,520800
2021-09-24T09:15:00+05:30,540.95,543,534.4,535.6,1244600
2021-09-24T13:15:00+05:30,535.15,539.2,534.7,536.2,555800
2021-09-27T09:15:00+05:30,538.1,553.95,538.1,550.65,3179400
2021-09-27T13:15:00+05:30,550.7,556.85,549.65,555,1475600
2021-09-28T09:15:00+05:30,557.25,558.95,544,549.65,2618000
2021-09-28T13:15:00+05:30,549.45,557.55,548.7,556.7,1632400
2021-09-29T09:15:00+05:30,551.05,556.55,544,556.55,1313200
2021-09-29T13:15:00+05:30,557.1,557.65,551.1,551.1,869400
2021-09-30T09:15:00+05:30,552,559.7,548.75,554.3,2566200
2021-09-30T13:15:00+05:30,554.25,555.25,551.35,552.3,1171800
2021-10-01T09:15:00+05:30,549.05,558.8,545.2,557.4,2017400
2021-10-01T13:15:00+05:30,557,572.3,555.25,570.55,6123600
2021-10-04T09:15:00+05:30,574,576.2,564,568.45,3771600
2021-10-04T13:15:00+05:30,568.45,568.65,560.75,563.35,1246000
2021-10-05T09:15:00+05:30,559.25,571.2,557,565.4,3126200
2021-10-05T13:15:00+05:30,566,566.95,563.55,564.5,912800
2021-10-06T09:15:00+05:30,564.15,568.15,551.1,551.5,2356200
2021-10-06T13:15:00+05:30,551.4,552.15,541,541.2,1520400
2021-10-07T09:15:00+05:30,547.9,564.3,546,559.5,3372600
2021-10-07T13:15:00+05:30,559.65,565.75,555.5,560.95,2133600
2021-10-08T09:15:00+05:30,566.3,569.4,557,557.65,1653400
2021-10-08T13:15:00+05:30,557.1,561.9,556.85,560.3,729400
2021-10-11T09:15:00+05:30,559.45,568.4,559.45,566.1,1495200
2021-10-11T13:15:00+05:30,565.75,567,559.1,561.85,791000
2021-10-12T09:15:00+05:30,561.9,582.65,561.1,572.6,5959800
2021-10-12T13:15:00+05:30,572.2,576.25,570.95,574.55,1380400
2021-10-13T09:15:00+05:30,580.8,588.25,575.9,579.3,3435600
2021-10-13T13:15:00+05:30,579.1,582,578.4,579.8,952000
2021-10-14T09:15:00+05:30,581.55,584.85,573.75,576.7,2548000
2021-10-14T13:15:00+05:30,576.85,589.55,575.55,583.1,2893800
2021-10-18T09:15:00+05:30,584.5,589.5,575,588.5,2223200
2021-10-18T13:15:00+05:30,588.5,593.5,585.9,587.95,1961400
2021-10-19T09:15:00+05:30,592,600.9,578.4,588.65,3354400
2021-10-19T13:15:00+05:30,588.15,588.7,579.6,583.85,1521800
2021-10-20T09:15:00+05:30,583.25,592,571.55,584.2,1895600
2021-10-20T13:15:00+05:30,584.6,587.15,575.8,581.55,786800
2021-10-21T09:15:00+05:30,583.85,588.4,572.5,579.15,1402800
2021-10-21T13:15:00+05:30,578.55,591,568,586.95,2441600
2021-10-22T09:15:00+05:30,615,633.15,600,618.6,17694600
2021-10-22T13:15:00+05:30,619,627.8,617.8,620.2,2591400
2021-10-25T09:15:00+05:30,623.65,623.65,592.7,600.75,3883600
2021-10-25T13:15:00+05:30,600.85,604.45,597.2,598.65,1302000
2021-10-26T09:15:00+05:30,597.35,612.7,597.35,606.4,2919000
2021-10-26T13:15:00+05:30,606.4,629,606.4,626.5,2525600
2021-10-27T09:15:00+05:30,631.8,631.8,622.2,624.8,2360400
2021-10-27T13:15:00+05:30,624.8,629.5,622.15,629.5,1356600
2021-10-28T09:15:00+05:30,629,648,626.7,643.25,4615800
2021-10-28T13:15:00+05:30,643,655.65,640.05,652,5047000
2021-10-29T09:15:00+05:30,652,682.3,640.65,667,7604800
2021-10-29T13:15:00+05:30,667,671.35,659.4,664,1442000
2021-11-01T09:15:00+05:30,665.25,680.1,656.7,664.95,3950800
2021-11-01T13:15:00+05:30,665.1,678.9,662.95,675,1979600
2021-11-02T09:15:00+05:30,679.35,705.9,679.35,702,6945400
2021-11-02T13:15:00+05:30,702.45,704.95,695.7,698,1757000
2021-11-03T09:15:00+05:30,709.9,714.45,695.5,704.3,4074000
2021-11-03T13:15:00+05:30,704.2,708.15,702.85,707.5,1400000
2021-11-04T18:00:00+05:30,710.95,712.45,706.2,708.05,448000
2021-11-08T09:15:00+05:30,706.5,719.95,706,713.45,2213400
2021-11-08T13:15:00+05:30,713.45,714.95,711.3,713.8,1318800
2021-11-09T09:15:00+05:30,753,793.9,729.8,733.1,29716400
2021-11-09T13:15:00+05:30,732.85,739.9,725.75,729.55,4548600
2021-11-10T09:15:00+05:30,729.7,747.8,721.5,745.6,4279800
2021-11-10T13:15:00+05:30,745.8,757.8,744.65,754.9,2695000
2021-11-11T09:15:00+05:30,747,764.35,744.1,749.95,4072600
2021-11-11T13:15:00+05:30,749.5,752.65,745.25,750.65,1769600
2021-11-12T09:15:00+05:30,751.95,753.8,721.2,727.65,4009600
2021-11-12T13:15:00+05:30,727.45,734.95,724.35,734.5,1552600
2021-11-15T09:15:00+05:30,734.5,743.95,732.65,733.05,1799000
2021-11-15T13:15:00+05:30,733.65,739.95,733.65,739.2,1054200
2021-11-16T09:15:00+05:30,741,751.45,737.85,747.8,2353400
2021-11-16T13:15:00+05:30,747.95,747.95,739.25,741.65,1160600
2021-11-17T09:15:00+05:30,740,749.75,738.2,740.25,1439200
2021-11-17T13:15:00+05:30,740.25,744.3,739.1,741,758800
2021-11-18T09:15:00+05:30,740.55,741.4,722.1,724.85,1995000
2021-11-18T13:15:00+05:30,724.85,732.25,723.05,725.1,912800
2021-11-22T09:15:00+05:30,727.5,731.75,713.5,716.15,2233000
2021-11-22T13:15:00+05:30,715.8,715.8,706.4,710.15,1153600
2021-11-23T09:15:00+05:30,701,721.25,697.35,716.05,2203600
2021-11-23T13:15:00+05:30,716.6,719.65,712.55,714.95,1365000
2021-11-24T09:15:00+05:30,729.9,730.35,703.9,712.15,3022600
2021-11-24T13:15:00+05:30,712.15,712.15,699.6,701.35,1934800
2021-11-25T09:15:00+05:30,701.5,712.5,701.5,705.5,3043600
2021-11-25T13:15:00+05:30,705.8,707.2,703.4,706.45,960400
2021-11-26T09:15:00+05:30,698,698.7,681.9,691.7,2412200
2021-11-26T13:15:00+05:30,691.4,691.75,677.3,679.1,932400
2021-11-29T09:15:00+05:30,675.9,690.3,656.8,687.45,2489200
2021-11-29T13:15:00+05:30,687,693.5,681.3,684.9,725200
2021-11-30T09:15:00+05:30,684.95,694.1,676.6,685.8,1671600
2021-11-30T13:15:00+05:30,686.15,689.6,677,679.35,3431400
2021-12-01T09:15:00+05:30,684.05,699.75,681.45,682.05,3567200
2021-12-01T13:15:00+05:30,681.3,684.1,677.85,681.9,1202600
2021-12-02T09:15:00+05:30,677.5,683.7,670.05,680.55,1390200
2021-12-02T13:15:00+05:30,681.25,682.65,678.6,681.4,876400
2021-12-03T09:15:00+05:30,682.9,686.75,675.6,675.6,1475600
2021-12-03T13:15:00+05:30,675.55,677.95,672,672.25,637000
2021-12-06T09:15:00+05:30,672,676,664.5,671.75,809200
2021-12-06T13:15:00+05:30,671.95,673.45,658.65,663.8,1113000
2021-12-07T09:15:00+05:30,670.9,672.25,664.8,668.9,687400
2021-12-07T13:15:00+05:30,669.65,670.8,666.85,669.75,312200
2021-12-08T09:15:00+05:30,672.05,676,664.85,674.1,849800
2021-12-08T13:15:00+05:30,674.6,685.95,674,682.75,1485400
2021-12-09T09:15:00+05:30,685.9,686,675.3,679.7,1040200
2021-12-09T13:15:00+05:30,679.6,687.15,677.1,686.5,970200
2021-12-10T09:15:00+05:30,685.25,690.9,679.25,680.75,1471400
2021-12-10T13:15:00+05:30,680.85,684.45,679.35,682.05,551600
2021-12-13T09:15:00+05:30,684.8,692,677.1,677.15,911400
2021-12-13T13:15:00+05:30,676.15,681.2,676.15,677.25,662200
2021-12-14T09:15:00+05:30,678.9,678.9,661.65,664.45,1436400
2021-12-14T13:15:00+05:30,663.8,665.45,660.75,665.45,649600
2021-12-15T09:15:00+05:30,667.05,711.75,665.75,700.7,15877400
2021-12-15T13:15:00+05:30,700,701.8,669.3,672.55,13476400
2021-12-16T09:15:00+05:30,678.35,679.6,633.2,637.75,8400000
2021-12-16T13:15:00+05:30,637.75,643.4,635.6,636.35,2161600
2021-12-17T09:15:00+05:30,636.45,636.45,613,619.75,3789800
2021-12-17T13:15:00+05:30,619.65,625.55,615,615.05,1419600
2021-12-20T09:15:00+05:30,608.95,616.5,591.1,592,3581200
2021-12-20T13:15:00+05:30,591.95,608.85,591.95,608.7,1272600
2021-12-21T09:15:00+05:30,611.5,618.9,607.65,613.4,1797600
2021-12-21T13:15:00+05:30,612.55,617.15,609.45,614.65,810600
2021-12-22T09:15:00+05:30,617.5,624.1,614.65,616.7,1334200
2021-12-22T13:15:00+05:30,615.65,618.25,613.3,617.7,600600
2021-12-23T09:15:00+05:30,622.95,624,616.4,619.4,1106000
2021-12-23T13:15:00+05:30,619.4,623,617.6,621.25,544600
2021-12-24T09:15:00+05:30,620.9,620.9,606.55,609.25,1397200
2021-12-24T13:15:00+05:30,609.45,614.4,609.05,610.6,585200
2021-12-27T09:15:00+05:30,606.05,609,601,607.05,1883000
2021-12-27T13:15:00+05:30,607.05,609.25,606.05,608.5,1152200
2021-12-28T09:15:00+05:30,611.75,616.2,608.85,613.35,3861200
2021-12-28T13:15:00+05:30,613.35,614.4,608.15,612.5,2107000
2021-12-29T09:15:00+05:30,606.7,621.55,602.4,618.8,2402400
2021-12-29T13:15:00+05:30,618.8,624.55,616.7,622.6,1514800
2021-12-30T09:15:00+05:30,625,625.4,614,614.5,1575000
2021-12-30T13:15:00+05:30,614.5,616.9,612.1,616.7,673400
2021-12-31T09:15:00+05:30,615.6,626,615.15,625.3,1244600
2021-12-31T13:15:00+05:30,625.45,630.9,623.25,627.3,1180200
2022-01-03T09:15:00+05:30,626.3,630.85,614.9,625.2,1688400
2022-01-03T13:15:00+05:30,625.65,627.75,624.6,625.9,652400
2022-01-04T09:15:00+05:30,628.5,631.65,624,628,996800
2022-01-04T13:15:00+05:30,628,629.95,624.85,629.2,460600
2022-01-05T09:15:00+05:30,626.25,635.5,626.25,633.45,1092000
2022-01-05T13:15:00+05:30,633.2,639.45,631.4,633.7,981400
2022-01-06T09:15:00+05:30,633.35,640.7,626.2,640.7,1421000
2022-01-06T13:15:00+05:30,640.7,646.9,640,643.6,1190000
2022-01-07T09:15:00+05:30,648.3,649.55,632.75,637.75,1233400
2022-01-07T13:15:00+05:30,637.6,639.5,636.5,638,396200
2022-01-10T09:15:00+05:30,642.35,651.4,640.3,649.85,1374800
2022-01-10T13:15:00+05:30,649.7,650.7,644.9,646.85,574000
2022-01-11T09:15:00+05:30,642.95,651.6,642.95,648.5,919800
2022-01-11T13:15:00+05:30,648.55,649.3,641.35,644.6,606200
2022-01-12T09:15:00+05:30,646.6,654.3,642.15,653.05,1041600
2022-01-12T13:15:00+05:30,653.3,654.55,649.65,650.1,866600
2022-01-13T09:15:00+05:30,652.85,657,639.1,652.5,2304400
2022-01-13T13:15:00+05:30,652.5,658,651,652.1,1233400
2022-01-14T09:15:00+05:30,648.75,657.7,647.9,651.5,1108800
2022-01-14T13:15:00+05:30,651.55,656.3,650.55,650.55,347200
2022-01-17T09:15:00+05:30,647.65,665.95,647.65,659.25,1262800
2022-01-17T13:15:00+05:30,658.8,661.5,657.5,659.4,702800
2022-01-18T09:15:00+05:30,659.8,660.55,643.65,650.5,1005200
2022-01-18T13:15:00+05:30,650.65,650.95,638.1,638.3,842800
2022-01-19T09:15:00+05:30,635.45,648,631.7,640.4,879200
2022-01-19T13:15:00+05:30,640.1,643.75,636.2,640.5,513800
2022-01-20T09:15:00+05:30,638.85,645.6,637.4,637.4,525000
2022-01-20T13:15:00+05:30,637.05,637.05,629.45,632.25,701400
2022-01-21T09:15:00+05:30,629.75,653.4,629.75,649.8,4621400
2022-01-21T13:15:00+05:30,650,652.5,628,632.05,2021600
2022-01-24T09:15:00+05:30,631.45,631.55,615.8,621.95,2112600
2022-01-24T13:15:00+05:30,621.8,621.9,609.1,610.3,2721600
2022-01-25T09:15:00+05:30,600.85,621.7,594.25,612.45,2738400
2022-01-25T13:15:00+05:30,612.45,621.7,612.45,618.95,2100000
2022-01-27T09:15:00+05:30,613,622,595.95,612.5,3507000
2022-01-27T13:15:00+05:30,613,638,611.75,634,6102600
2022-01-28T09:15:00+05:30,637.8,638,582.2,606.4,9287600
2022-01-28T13:15:00+05:30,606.75,608.3,595.35,599.25,1667400
2022-01-31T09:15:00+05:30,605,610,592.3,605,1558200
2022-01-31T13:15:00+05:30,604.85,607.4,602.2,602.6,893200
2022-02-01T09:15:00+05:30,602.95,618.2,601.3,607.2,2475200
2022-02-01T13:15:00+05:30,607,627.6,606.2,627,2450000
2022-02-02T09:15:00+05:30,625,637.25,620.6,627.9,1874600
2022-02-02T13:15:00+05:30,627.8,629,620.1,628,651000
2022-02-03T09:15:00+05:30,625.05,658.85,625,653.45,4712400
2022-02-03T13:15:00+05:30,654.1,654.7,646.8,646.8,1722000
2022-02-04T09:15:00+05:30,648.8,649.1,639.25,644.5,2102800
2022-02-04T13:15:00+05:30,644.5,648.5,643.85,646.05,406000
2022-02-07T09:15:00+05:30,644.3,646.45,625.8,627.9,2032800
2022-02-07T13:15:00+05:30,627.85,634.95,623.1,634.1,1443400
2022-02-08T09:15:00+05:30,670,670,630.3,638.8,10917200
2022-02-08T13:15:00+05:30,639.4,651.8,638.25,646,2032800
2022-02-09T09:15:00+05:30,649.2,658.9,644.75,653,3467800
2022-02-09T13:15:00+05:30,653.05,664.9,652,663.55,2770600
2022-02-10T09:15:00+05:30,671.3,673.3,661.1,663.45,6875400
2022-02-10T13:15:00+05:30,662.8,667.9,660.85,661.3,2508800
2022-02-11T09:15:00+05:30,655,674.3,645,659.95,8372000
2022-02-11T13:15:00+05:30,659.9,665.9,653.2,665.05,3788400
2022-02-14T09:15:00+05:30,654,666.9,649.05,653.85,3486000
2022-02-14T13:15:00+05:30,654,655.2,638.75,639.3,1671600
2022-02-15T09:15:00+05:30,637,661.4,630.1,659.55,3679200
2022-02-15T13:15:00+05:30,660.05,666.85,656.3,665.6,2027200
2022-02-16T09:15:00+05:30,667.25,675.9,658.1,660.6,2800000
2022-02-16T13:15:00+05:30,660.25,668.75,660.25,664.1,1458800
2022-02-17T09:15:00+05:30,666.6,679.25,666.6,677.5,3453800
2022-02-17T13:15:00+05:30,677.25,677.9,671.45,672.05,1446200
2022-02-18T09:15:00+05:30,670.25,681.95,670.2,673.5,2380000
2022-02-18T13:15:00+05:30,673.5,674.9,662.4,664.4,1687000
2022-02-21T09:15:00+05:30,664.45,670.85,660.75,664.75,2542400
2022-02-21T13:15:00+05:30,665.1,665.3,656.65,658.5,929600
2022-02-22T09:15:00+05:30,644.15,660,644.15,654.7,3187800
2022-02-22T13:15:00+05:30,654.65,665.75,653.4,665,2115400
2022-02-23T09:15:00+05:30,668.4,669.15,648.65,654.6,2737000
2022-02-23T13:15:00+05:30,654.2,656.5,649.1,651.2,2186800
2022-02-24T09:15:00+05:30,641.7,641.8,621.3,628.55,2912000
2022-02-24T13:15:00+05:30,629.15,629.3,615.65,618.25,2844800
2022-02-25T09:15:00+05:30,625.75,638.4,625.05,634.05,2049600
2022-02-25T13:15:00+05:30,634.25,635.05,624.3,628,891800
2022-02-28T09:15:00+05:30,622.6,624.7,606.35,617.6,2375800
2022-02-28T13:15:00+05:30,617.75,620.05,613.8,616.65,887600
2022-03-02T09:15:00+05:30,610,610.05,596.2,599.2,2977800
2022-03-02T13:15:00+05:30,599.3,600.75,596.45,598.95,1568000
2022-03-03T09:15:00+05:30,612,612,591.95,594.5,2270800
2022-03-03T13:15:00+05:30,594,594.7,580.75,585.1,1764000
2022-03-04T09:15:00+05:30,578.95,578.95,560.1,568.3,2531200
2022-03-04T13:15:00+05:30,568.8,573.8,552.4,554.7,2154600
2022-03-07T09:15:00+05:30,538.2,538.2,512.8,531.4,3612000
2022-03-07T13:15:00+05:30,531,533.4,524,531.5,1183000
2022-03-08T09:15:00+05:30,523.95,532.4,518,521.65,2279200
2022-03-08T13:15:00+05:30,521.65,534.9,517.25,534.7,1558200
2022-03-09T09:15:00+05:30,533.95,551.25,531.55,549.4,2459800
2022-03-09T13:15:00+05:30,549.45,554.9,545.95,552.45,1421000
2022-03-10T09:15:00+05:30,570.15,574.55,560.2,563.45,2721600
2022-03-10T13:15:00+05:30,563.25,565.4,556.95,561.35,1012200
2022-03-11T09:15:00+05:30,556,574.4,554.3,570.75,1696800
2022-03-11T13:15:00+05:30,570.4,576.55,565.65,576.5,1453200
2022-03-14T09:15:00+05:30,573.85,580.1,569.3,578,2353400
2022-03-14T13:15:00+05:30,577.25,588.4,576.8,585.6,915600
2022-03-15T09:15:00+05:30,588.7,595.95,584.9,588.05,1598800
2022-03-15T13:15:00+05:30,587,591.4,580.5,589.95,1258600
2022-03-16T09:15:00+05:30,597.95,607.75,595,601.6,1997800
2022-03-16T13:15:00+05:30,601.2,608.7,601.15,606.3,901600
2022-03-17T09:15:00+05:30,614.35,616.9,608.9,614.2,1407000
2022-03-17T13:15:00+05:30,614.7,615.05,607.6,610.2,869400
2022-03-21T09:15:00+05:30,615.05,615.65,605.8,606.4,1058400
2022-03-21T13:15:00+05:30,606.25,610.05,601.9,604.95,1654800
2022-03-22T09:15:00+05:30,604.15,607.4,596.45,605.35,1418200
2022-03-22T13:15:00+05:30,605.2,612.45,604,610,1145200
2022-03-23T09:15:00+05:30,612.8,614.35,606,609.9,648200
2022-03-23T13:15:00+05:30,609.2,611,606.3,610.9,383600
2022-03-24T09:15:00+05:30,608.55,613.9,606,607.05,1107400
2022-03-24T13:15:00+05:30,606.9,608.95,604.2,606.75,1185800
2022-03-25T09:15:00+05:30,613.5,613.5,603.45,605.15,1072400
2022-03-25T13:15:00+05:30,605.15,606.1,600.2,604,1411200
2022-03-28T09:15:00+05:30,605.25,612.3,602.05,609.85,2454200
2022-03-28T13:15:00+05:30,609.8,610.9,607.05,609.85,1117200
2022-03-29T09:15:00+05:30,611.7,618.8,610.5,616.2,2829400
2022-03-29T13:15:00+05:30,616.2,619.2,612.15,617.85,2805600
2022-03-30T09:15:00+05:30,620.65,628,618.15,624.3,2801400
2022-03-30T13:15:00+05:30,624.3,626.2,621.6,623.55,1719200
2022-03-31T09:15:00+05:30,626.9,629.65,620,628.65,1090600
2022-03-31T13:15:00+05:30,628.75,630.7,626.55,627.75,809200
2022-04-01T09:15:00+05:30,624.15,632.4,622.2,631,1099000
2022-04-01T13:15:00+05:30,630.4,633.45,630.3,632,515200
2022-04-04T09:15:00+05:30,634.9,636.45,628.4,631.2,1401400
2022-04-04T13:15:00+05:30,631.25,636,631.25,635.45,750400
2022-04-05T09:15:00+05:30,636.75,644.7,634.65,640.8,1083600
2022-04-05T13:15:00+05:30,640.3,642.1,636.35,639.35,459200
2022-04-06T09:15:00+05:30,644.9,646.85,628.45,645,1785000
2022-04-06T13:15:00+05:30,645,649.55,642.7,645.1,861000
2022-04-07T09:15:00+05:30,647.65,650.45,641.2,645.6,572600
2022-04-07T13:15:00+05:30,644.75,645.6,638.2,641.05,516600
2022-04-08T09:15:00+05:30,644.8,655.5,642.85,647.45,2143400
2022-04-08T13:15:00+05:30,648,653.5,646.9,653.5,716800
2022-04-11T09:15:00+05:30,650.85,658.8,646,650.7,1692600
2022-04-11T13:15:00+05:30,650.75,653,647.25,650.2,350000
2022-04-12T09:15:00+05:30,647.9,651.35,635.55,637.35,2118200
2022-04-12T13:15:00+05:30,637.2,650.25,636.8,647.45,725200
2022-04-13T09:15:00+05:30,652.75,657.3,647.55,650.6,800800
2022-04-13T13:15:00+05:30,650.35,651.9,645.5,647.15,441000
2022-04-18T09:15:00+05:30,638.75,657.3,638.75,646.1,1292200
2022-04-18T13:15:00+05:30,645.95,666.55,645.1,658.7,2119600
2022-04-19T09:15:00+05:30,657.6,660.2,649.05,650,781200
2022-04-19T13:15:00+05:30,650.75,654.6,634.8,634.8,792400
2022-04-20T09:15:00+05:30,642.85,658.5,637.8,653.9,1443400
2022-04-20T13:15:00+05:30,653.7,653.75,645.55,652.65,497000
2022-04-21T09:15:00+05:30,655.4,664.4,652.65,657.9,999600
2022-04-21T13:15:00+05:30,658.45,660.6,654.75,658.45,611800
2022-04-22T09:15:00+05:30,649,657.65,628.95,657.25,2590000
2022-04-22T13:15:00+05:30,658.5,661.25,640.1,646.2,2207800
2022-04-25T09:15:00+05:30,646.05,654,638.55,647.55,3035200
2022-04-25T13:15:00+05:30,648.85,652.5,645.2,650,1068200
2022-04-26T09:15:00+05:30,655.55,683,655.55,678.75,7658000
2022-04-26T13:15:00+05:30,678.25,685.85,677.8,685,2886800
2022-04-27T09:15:00+05:30,678.05,687.35,673,680.35,2612400
2022-04-27T13:15:00+05:30,680.35,690.55,678.6,686.1,2128000
2022-04-28T09:15:00+05:30,694.3,697.85,681.35,686.45,1579200
2022-04-28T13:15:00+05:30,686.5,687.65,682.6,683.95,1150800
2022-04-29T09:15:00+05:30,683,688.8,658.25,664,2322600
2022-04-29T13:15:00+05:30,663.95,669.95,654.3,659.15,1562400
2022-05-02T09:15:00+05:30,660,661.6,646,647.65,1730400
2022-05-02T13:15:00+05:30,648,653.55,647.6,650,459200
2022-05-04T09:15:00+05:30,656.45,656.45,641,643,1283800
2022-05-04T13:15:00+05:30,642.85,643,626.4,626.5,1766800
2022-05-05T09:15:00+05:30,634.75,649.75,631.05,631.35,2122400
2022-05-05T13:15:00+05:30,630.8,636.7,626,630.55,1978200
2022-05-06T09:15:00+05:30,604.35,638,604.35,631.7,4869200
2022-05-06T13:15:00+05:30,631.75,634.4,627.1,633,1293600
2022-05-09T09:15:00+05:30,623.85,627.5,619.05,620.15,1213800
2022-05-09T13:15:00+05:30,620.2,622,607.8,618.05,1699600
2022-05-10T09:15:00+05:30,618.85,628.35,612.9,617.55,1310400
2022-05-10T13:15:00+05:30,618.05,620.4,613.65,615,865200
2022-05-11T09:15:00+05:30,620.15,622.75,610.1,610.95,1608600
2022-05-11T13:15:00+05:30,610.8,625,608.6,621.6,1358000
2022-05-12T09:15:00+05:30,613.4,615.75,588.15,602.8,3865400
2022-05-12T13:15:00+05:30,602.85,605.6,597.2,604.25,989800
2022-05-13T09:15:00+05:30,609,642.75,609,641.6,3003000
2022-05-13T13:15:00+05:30,641,641.75,631,634,1297800
2022-05-16T09:15:00+05:30,632.85,652.35,632.85,645.85,1752800
2022-05-16T13:15:00+05:30,645.65,654.45,645,653.25,1395800
2022-05-17T09:15:00+05:30,655,678.25,653.7,678.25,4090800
2022-05-17T13:15:00+05:30,678.7,680.55,672,677.8,1607200
2022-05-18T09:15:00+05:30,675.15,691.65,672.85,684,2529800
2022-05-18T13:15:00+05:30,683.2,685.55,680,681.55,1296400
2022-05-19T09:15:00+05:30,672.7,690.4,670.2,678.05,3745000
2022-05-19T13:15:00+05:30,678.05,682.75,673.65,682,1451800
2022-05-20T09:15:00+05:30,689,696.9,683.5,689.25,2970800
2022-05-20T13:15:00+05:30,689.25,690.25,679.6,687.7,1415400
2022-05-23T09:15:00+05:30,692.9,712.45,689.95,701.6,3616200
2022-05-23T13:15:00+05:30,702.55,704.45,691.05,693.15,1752800
2022-05-24T09:15:00+05:30,693.15,708,691.6,701.5,3056200
2022-05-24T13:15:00+05:30,701.5,711.8,700.95,706.6,1626800
2022-05-25T09:15:00+05:30,709.4,712.2,697.9,703,1775200
2022-05-25T13:15:00+05:30,703,706.45,700.1,703.5,2685200
2022-05-26T09:15:00+05:30,715.8,715.8,696.2,706,3418800
2022-05-26T13:15:00+05:30,705.6,713.85,702,710.3,1633800
2022-05-27T09:15:00+05:30,720.1,723.6,711.3,717.8,1556800
2022-05-27T13:15:00+05:30,717.65,732.7,717.3,726.2,1888600
2022-05-30T09:15:00+05:30,733.95,744.7,731,738.75,1535800
2022-05-30T13:15:00+05:30,738.5,742.55,738.3,740.9,785400
2022-05-31T09:15:00+05:30,740.15,750.7,739.05,742.6,2272200
2022-05-31T13:15:00+05:30,742.9,743.6,733.05,736.6,1660400
2022-06-01T09:15:00+05:30,735.65,741.75,728,733.8,2044000
2022-06-01T13:15:00+05:30,732.55,739.95,727.1,736.1,2324000
2022-06-02T09:15:00+05:30,730.95,740.7,730.85,735.3,1435000
2022-06-02T13:15:00+05:30,735.3,739.45,734.3,738.25,470400
2022-06-03T09:15:00+05:30,741.1,743.5,734.5,734.5,989800
2022-06-03T13:15:00+05:30,734.5,735.5,729.15,731.7,1148000
2022-06-06T09:15:00+05:30,731.95,740,724.35,726.5,1741600
2022-06-06T13:15:00+05:30,726.3,729.9,724.6,729,634200
2022-06-07T09:15:00+05:30,724.55,735.4,718.1,731.2,1555400
2022-06-07T13:15:00+05:30,731.4,744.85,730.4,738.4,2538200
2022-06-08T09:15:00+05:30,741.1,745,731.8,742.2,4277000
2022-06-08T13:15:00+05:30,742.25,751.45,738.85,746.85,1975400
2022-06-09T09:15:00+05:30,745.25,758.6,742.1,755,3189200
2022-06-09T13:15:00+05:30,755,761.25,754,760.55,1314600
2022-06-10T09:15:00+05:30,755.1,762.35,754.05,759.5,1430800
2022-06-10T13:15:00+05:30,759.6,766,758.05,764.25,884800
2022-06-13T09:15:00+05:30,766,766,748.2,750.55,1887200
2022-06-13T13:15:00+05:30,750.7,752.85,746.6,750.35,849800
2022-06-14T09:15:00+05:30,745.15,757.25,741,756.45,1307600
2022-06-14T13:15:00+05:30,757,758.6,741.35,748,1379000
2022-06-15T09:15:00+05:30,749.05,756.35,746.8,755.15,931000
2022-06-15T13:15:00+05:30,754.8,755.5,749.6,750.25,663600
2022-06-16T09:15:00+05:30,756.95,762.5,742,742.9,2402400
2022-06-16T13:15:00+05:30,743.9,744.95,733.8,739.9,2051000
2022-06-17T09:15:00+05:30,738.45,744.5,726.6,736.95,2625000
2022-06-17T13:15:00+05:30,736.3,739.95,730.1,737,1731800
2022-06-20T09:15:00+05:30,722.85,742.55,722.85,730.85,2472400
2022-06-20T13:15:00+05:30,730.4,730.95,719.4,727.55,2310000
2022-06-21T09:15:00+05:30,720.65,744.7,720.65,740.65,1625400
2022-06-21T13:15:00+05:30,740.5,746.8,738.05,743.65,1083600
2022-06-22T09:15:00+05:30,738.05,744.6,733.45,734.95,1471400
2022-06-22T13:15:00+05:30,735,738.3,731.5,736.85,737800
2022-06-23T09:15:00+05:30,740,771,740,754.3,5173000
2022-06-23T13:15:00+05:30,754.4,767.25,752.7,766.5,1185800
2022-06-24T09:15:00+05:30,775.6,797.65,766.45,790.8,4453400
2022-06-24T13:15:00+05:30,790.75,793.55,783.75,789,1632400
2022-06-27T09:15:00+05:30,802.5,803.6,789.5,797.85,3760400
2022-06-27T13:15:00+05:30,797.85,798.4,792,793,2422000
2022-06-28T09:15:00+05:30,791.25,812.9,788.05,803.5,5166000
2022-06-28T13:15:00+05:30,804.2,817,804.2,815.95,2552200
2022-06-29T09:15:00+05:30,809.9,819.65,804.75,814.35,3528000
2022-06-29T13:15:00+05:30,814.35,827.65,813.3,824.55,4034800
2022-06-30T09:15:00+05:30,815,824.45,809.85,815.5,4601800
2022-06-30T13:15:00+05:30,816.25,823.5,814.5,815,3404800
2022-07-01T09:15:00+05:30,811.25,820.8,807.65,819.3,2289000
2022-07-01T13:15:00+05:30,819.5,821.85,815.25,819.8,3612000
2022-07-04T09:15:00+05:30,818.05,826.9,803.65,810,3997000
2022-07-04T13:15:00+05:30,809.95,822.2,809.65,820,1922200
2022-07-05T09:15:00+05:30,820.75,825.95,810.5,812.3,2025800
2022-07-05T13:15:00+05:30,812.05,816.9,809,810,1695400
2022-07-06T09:15:00+05:30,810.95,829.35,810.95,824.5,3040800
2022-07-06T13:15:00+05:30,824.45,830,822.7,825.95,1306200
2022-07-07T09:15:00+05:30,830.35,837.5,821.15,824.2,1706600
2022-07-07T13:15:00+05:30,824.5,828.45,821,826.25,1115800
2022-07-08T09:15:00+05:30,832.95,834.5,822.95,831.1,1407000
2022-07-08T13:15:00+05:30,830,838.95,829.9,836.3,1043000
2022-07-11T09:15:00+05:30,831.05,845.8,831.05,841.95,1594600
2022-07-11T13:15:00+05:30,842,854.8,840.5,852,1643600
2022-07-12T09:15:00+05:30,853.95,854.9,845.2,848.45,1720600
2022-07-12T13:15:00+05:30,848.7,851.6,845.55,845.9,597800
2022-07-13T09:15:00+05:30,851.1,864,850.6,858.85,2443000
2022-07-13T13:15:00+05:30,858.85,860.2,851.7,857.05,1013600
2022-07-14T09:15:00+05:30,859.9,860.95,841.3,842.55,1796200
2022-07-14T13:15:00+05:30,842,844.25,831.2,837.5,1646400
2022-07-15T09:15:00+05:30,838.05,859.1,838,856.35,2286200
2022-07-15T13:15:00+05:30,856.1,873.55,855,871.6,2395400
2022-07-18T09:15:00+05:30,876,878,869.35,874.85,2353400
2022-07-18T13:15:00+05:30,875.15,877.4,874.5,875.15,695800
2022-07-19T09:15:00+05:30,872,886,868.85,875.3,2468200
2022-07-19T13:15:00+05:30,875.1,879.6,873,877.45,669200
2022-07-20T09:15:00+05:30,880.1,887,872.55,872.55,1670200
2022-07-20T13:15:00+05:30,872.2,879.65,871.5,875.6,812000
2022-07-21T09:15:00+05:30,871.05,886.05,871.05,878.1,1492400
2022-07-21T13:15:00+05:30,879,880.2,875.3,879.85,849800
2022-07-22T09:15:00+05:30,883.25,897.65,880.15,885,4107600
2022-07-22T13:15:00+05:30,884.7,887.35,881.6,883.55,950600
2022-07-25T09:15:00+05:30,885.7,890.45,872.55,874.55,3556000
2022-07-25T13:15:00+05:30,875.1,877.2,868.3,868.35,1097600
2022-07-26T09:15:00+05:30,880.2,880.2,860.75,863.85,2532600
2022-07-26T13:15:00+05:30,863.85,871.1,862,865.65,1796200
2022-07-27T09:15:00+05:30,860.6,869.4,841.8,845.3,3873800
2022-07-27T13:15:00+05:30,846.2,850.4,838.3,848.05,2027200
2022-07-28T09:15:00+05:30,848.5,862.95,839.95,861.5,2877000
2022-07-28T13:15:00+05:30,861.5,865.2,855.55,862.95,2174200
2022-07-29T09:15:00+05:30,892.1,946.6,892.1,908.25,12332600
2022-07-29T13:15:00+05:30,908.1,914.45,905.6,908.15,2594200
2022-08-01T09:15:00+05:30,911.35,945,907.1,924.1,4982600
2022-08-01T13:15:00+05:30,924.05,934.85,921.5,927.7,1733200
2022-08-02T09:15:00+05:30,928.85,940,917.1,932.15,2613800
2022-08-02T13:15:00+05:30,932.05,939.9,931.7,935.55,890400
2022-08-03T09:15:00+05:30,938,942,919.5,922.3,2084600
2022-08-03T13:15:00+05:30,922.3,931.6,918.25,927.05,1117200
2022-08-04T09:15:00+05:30,938.65,943.9,921.6,931,2317000
2022-08-04T13:15:00+05:30,931.7,935,928,932.95,663600
2022-08-05T09:15:00+05:30,937.7,943.5,934.25,941.15,1838200
2022-08-05T13:15:00+05:30,940.85,948.15,940.6,943.05,1839600
2022-08-08T09:15:00+05:30,940.1,949.1,940.1,943.3,1274000
2022-08-08T13:15:00+05:30,943.7,958.3,943.45,954.2,1670200
2022-08-10T09:15:00+05:30,953.9,961,949.15,957.2,1664600
2022-08-10T13:15:00+05:30,957.25,965.7,954.5,963.6,1176000
2022-08-11T09:15:00+05:30,967.55,969.7,959.05,963.1,1113000
2022-08-11T13:15:00+05:30,961.9,961.9,953.15,955.15,606200
2022-08-12T09:15:00+05:30,958.85,959.95,951.5,953.35,578200
2022-08-12T13:15:00+05:30,953.45,956.05,952.05,953.85,457800
2022-08-16T09:15:00+05:30,954.45,979.6,952.95,976.95,1867600
2022-08-16T13:15:00+05:30,976.75,982.4,976.35,981.45,1173200
2022-08-17T09:15:00+05:30,978.85,984.4,974.2,975.15,1213800
2022-08-17T13:15:00+05:30,974.45,977.45,970.2,972.55,715400
2022-08-18T09:15:00+05:30,973.95,989.25,972,981.5,2707600
2022-08-18T13:15:00+05:30,981.55,981.9,972.25,974.7,1094800
2022-08-19T09:15:00+05:30,974.55,989.95,964.45,973.6,2724400
2022-08-19T13:15:00+05:30,973.45,973.5,956.65,958.5,1492400
2022-08-22T09:15:00+05:30,958.5,960.9,940.1,943.15,2895200
2022-08-22T13:15:00+05:30,943.15,944.1,935,939.85,1594600
2022-08-23T09:15:00+05:30,939.85,955.95,925.3,950.9,3817800
2022-08-23T13:15:00+05:30,950.9,961.9,950.65,961.9,2574600
2022-08-24T09:15:00+05:30,963.45,966.95,952.6,953.1,1537200
2022-08-24T13:15:00+05:30,953.3,964.25,952.15,962.15,1537200
2022-08-25T09:15:00+05:30,967.9,971.6,952.5,953.75,1610000
2022-08-25T13:15:00+05:30,952.65,953,943.45,946.35,1715000
2022-08-26T09:15:00+05:30,955,964.55,952.7,956.55,1705200
2022-08-26T13:15:00+05:30,957,961,956.2,959,634200
2022-08-29T09:15:00+05:30,949.15,952.35,938.8,950.8,1545600
2022-08-29T13:15:00+05:30,951.5,960,951,959.9,887600
2022-08-30T09:15:00+05:30,963.95,985,963.95,982.9,3211600
2022-08-30T13:15:00+05:30,982.75,992,982.25,988.15,1827000
2022-09-01T09:15:00+05:30,986.1,1020,978.45,1007.15,5047000
2022-09-01T13:15:00+05:30,1007.45,1018.5,1001,1016.55,2139200
2022-09-02T09:15:00+05:30,1025,1033.5,1018,1026.9,2839200
2022-09-02T13:15:00+05:30,1027,1029.85,1022.3,1025.25,992600
2022-09-05T09:15:00+05:30,1026.65,1040.7,1022.85,1039,1604400
2022-09-05T13:15:00+05:30,1039.6,1040,1034.15,1039.95,828800
2022-09-06T09:15:00+05:30,1042.95,1057.25,1042,1051.8,2669800
2022-09-06T13:15:00+05:30,1051.2,1055.6,1048.85,1053.65,1015000
2022-09-07T09:15:00+05:30,1044.1,1059.9,1037.2,1043.2,2217600
2022-09-07T13:15:00+05:30,1043.8,1045,1037.5,1040.3,672000
2022-09-08T09:15:00+05:30,1045.1,1057.55,1040.5,1042.2,1573600
2022-09-08T13:15:00+05:30,1042.05,1049,1038.8,1045,984200
2022-09-09T09:15:00+05:30,1054.15,1054.8,1041.4,1046.55,1310400
2022-09-09T13:15:00+05:30,1047.25,1057.55,1044,1054.45,1101800
2022-09-12T09:15:00+05:30,1058.35,1067.75,1053.7,1055.15,1656200
2022-09-12T13:15:00+05:30,1054.75,1056.15,1050.1,1050.1,931000
2022-09-13T09:15:00+05:30,1056.1,1059.1,1041.35,1042,1324400
2022-09-13T13:15:00+05:30,1041.9,1043.8,1035.3,1041,1103200
2022-09-14T09:15:00+05:30,1033.55,1047.85,1028.8,1042.45,1089200
2022-09-14T13:15:00+05:30,1042,1044.35,1038.5,1038.95,452200
2022-09-15T09:15:00+05:30,1045,1061.85,1040.75,1047.6,2781800
2022-09-15T13:15:00+05:30,1047.85,1048.95,1032.6,1045,1248800
2022-09-16T09:15:00+05:30,1040.75,1043,1023.4,1023.4,1848000
2022-09-16T13:15:00+05:30,1023.85,1030.75,1013.6,1027.05,1881600
2022-09-19T09:15:00+05:30,1028,1040.9,1019,1029.35,1916600
2022-09-19T13:15:00+05:30,1029.65,1036.15,1026.25,1033.55,1194200
2022-09-20T09:15:00+05:30,1040.45,1088.05,1040.4,1075.1,6041000
2022-09-20T13:15:00+05:30,1075,1083.75,1070.25,1081,2101400
2022-09-21T09:15:00+05:30,1077.05,1093.6,1069.65,1076.65,4278400
2022-09-21T13:15:00+05:30,1076.7,1077,1069.05,1071.75,952000
2022-09-22T09:15:00+05:30,1061,1088.5,1061,1066.9,2844800
2022-09-22T13:15:00+05:30,1067.55,1086,1066,1075.1,2818200
2022-09-23T09:15:00+05:30,1072.8,1072.8,1028.25,1036.8,3432800
2022-09-23T13:15:00+05:30,1037.15,1043.9,1032.3,1039,1612800
2022-09-26T09:15:00+05:30,1039.9,1039.9,996.6,1022.45,3522400
2022-09-26T13:15:00+05:30,1023.4,1031.4,1020.25,1025.05,1586200
2022-09-27T09:15:00+05:30,1025.5,1036.2,1019.05,1035.95,2860200
2022-09-27T13:15:00+05:30,1035.95,1042.25,1029.35,1036.45,1587600
2022-09-28T09:15:00+05:30,1026.05,1039.65,1022.35,1028.85,1894200
2022-09-28T13:15:00+05:30,1028.65,1032.15,1018.95,1020,1436400
2022-09-29T09:15:00+05:30,1032.2,1041.2,1017.3,1018.65,2476600
2022-09-29T13:15:00+05:30,1018.65,1019.7,1014,1017.7,1674400
2022-09-30T09:15:00+05:30,1012.45,1029.3,988.25,1025.1,3753400
2022-09-30T13:15:00+05:30,1025.65,1037.35,1025.65,1033.35,1457400
2022-10-03T09:15:00+05:30,1033.15,1036.75,1003.15,1008.85,3078600
2022-10-03T13:15:00+05:30,1009.2,1009.2,987,997,2373000
2022-10-04T09:15:00+05:30,1016.45,1031.5,1008.95,1025.8,2163000
2022-10-04T13:15:00+05:30,1026,1039.9,1026,1039,1226400
2022-10-06T09:15:00+05:30,1040.4,1072.3,1040.4,1070.65,3045000
2022-10-06T13:15:00+05:30,1070.9,1078.7,1066,1078,1824200
2022-10-07T09:15:00+05:30,1080,1082.7,1069.8,1081.7,1950200
2022-10-07T13:15:00+05:30,1080.5,1083.5,1078.1,1080,877800
2022-10-10T09:15:00+05:30,1067.95,1075.8,1065.4,1070,1512000
2022-10-10T13:15:00+05:30,1070,1073.75,1057.2,1072.05,1285200
2022-10-11T09:15:00+05:30,1064.15,1067.95,1053,1058.15,1373400
2022-10-11T13:15:00+05:30,1057.85,1062,1051.55,1053.7,1022000
2022-10-12T09:15:00+05:30,1053.7,1076.85,1049.05,1074.5,1778000
2022-10-12T13:15:00+05:30,1074.35,1091.35,1071.05,1088.5,1888600
2022-10-13T09:15:00+05:30,1086.8,1095,1070.4,1072.2,2520000
2022-10-13T13:15:00+05:30,1071.8,1083.25,1069.2,1081.15,977200
2022-10-14T09:15:00+05:30,1092.15,1106.9,1074.2,1076.25,3368400
2022-10-14T13:15:00+05:30,1075.8,1083.8,1074.1,1077.5,967400
2022-10-17T09:15:00+05:30,1087.5,1087.5,1061.25,1077.9,2126600
2022-10-17T13:15:00+05:30,1077.75,1083.7,1076.45,1079.3,763000
2022-10-18T09:15:00+05:30,1093,1119.3,1092,1117.5,4677400
2022-10-18T13:15:00+05:30,1117.55,1133,1117.4,1132,2196600
2022-10-19T09:15:00+05:30,1134.2,1152.6,1128.7,1148.5,3383800
2022-10-19T13:15:00+05:30,1147.8,1174.95,1147.7,1167.5,3735200
2022-10-20T09:15:00+05:30,1160,1165,1136.45,1141.3,4076800
2022-10-20T13:15:00+05:30,1141.65,1146,1135,1144,1457400
2022-10-21T09:15:00+05:30,1142.9,1154.95,1140.3,1143.5,2738400
2022-10-21T13:15:00+05:30,1143.5,1143.5,1132.6,1140.3,1272600
2022-10-24T18:15:00+05:30,1144.4,1149.5,1140.35,1147.45,203000
2022-10-25T09:15:00+05:30,1147.45,1158.6,1142.35,1148.65,2758000
2022-10-25T13:15:00+05:30,1148.65,1157.2,1148.65,1152.3,1348200
2022-10-27T09:15:00+05:30,1158.8,1162.55,1122.65,1122.65,3592400
2022-10-27T13:15:00+05:30,1123.5,1130.55,1120.5,1128.85,1551200
2022-10-28T09:15:00+05:30,1129.1,1136.9,1113.05,1113.2,2069200
2022-10-28T13:15:00+05:30,1113,1127.65,1110.3,1126,833000
2022-10-31T09:15:00+05:30,1135.45,1157.75,1132.5,1151.1,1992900
2022-10-31T13:15:00+05:30,1150.7,1154.5,1147.65,1149.6,641200
2022-11-01T09:15:00+05:30,1155.6,1157,1131.1,1134.4,1357300
2022-11-01T13:15:00+05:30,1134.3,1147.4,1134.2,1141.65,642600
2022-11-02T09:15:00+05:30,1135.85,1143.25,1118.8,1127.1,1373400
2022-11-02T13:15:00+05:30,1127.25,1127.25,1117.6,1122.3,704200
2022-11-03T09:15:00+05:30,1114.7,1147.95,1114.7,1134,1509200
2022-11-03T13:15:00+05:30,1133.9,1142.2,1130.35,1142,485800
2022-11-04T09:15:00+05:30,1142.95,1143.9,1115.2,1119.75,1572200
2022-11-04T13:15:00+05:30,1119.2,1121.65,1115.45,1119.5,764400
2022-11-07T09:15:00+05:30,1120,1125,1081,1090.05,3556700
2022-11-07T13:15:00+05:30,1089.4,1112,1088,1110.15,1141700
2022-11-09T09:15:00+05:30,1118.05,1164.25,1116.95,1154.75,4918200
2022-11-09T13:15:00+05:30,1154.4,1156.2,1143.35,1146,1700300
2022-11-10T09:15:00+05:30,1143.95,1146.4,1118.05,1120.45,1982400
2022-11-10T13:15:00+05:30,1120.15,1122,1104,1115.85,1449700
2022-11-11T09:15:00+05:30,1135.6,1145,1101.95,1102.9,2909200
2022-11-11T13:15:00+05:30,1102.3,1109.65,1098.1,1099.4,1091300
2022-11-14T09:15:00+05:30,1089.05,1119.95,1088.9,1095.65,1382500
2022-11-14T13:15:00+05:30,1094.55,1102.55,1092,1101.1,533400
2022-11-15T09:15:00+05:30,1104.5,1129.4,1098.15,1106.7,2237200
2022-11-15T13:15:00+05:30,1106.7,1109.7,1101.2,1107.6,622300
2022-11-16T09:15:00+05:30,1108.7,1132,1108.65,1113.7,2572500
2022-11-16T13:15:00+05:30,1113.4,1118.1,1108.1,1114,781900
2022-11-17T09:15:00+05:30,1116.9,1125,1102.2,1104.85,1166200
2022-11-17T13:15:00+05:30,1104.5,1109.6,1102.45,1103.05,568400
2022-11-18T09:15:00+05:30,1114.4,1118,1085.5,1087.7,1853600
2022-11-18T13:15:00+05:30,1087.8,1088.3,1064,1077.45,1863400
2022-11-21T09:15:00+05:30,1065,1078.65,1050.3,1053.1,2865100
2022-11-21T13:15:00+05:30,1053.1,1055.35,1049.15,1051.5,1303400
2022-11-22T09:15:00+05:30,1062.9,1062.9,1041.4,1045.75,2252600
2022-11-22T13:15:00+05:30,1044.4,1050,1044.1,1049.75,1360100
2022-11-23T09:15:00+05:30,1050.05,1054.75,1047,1053.65,1391600
2022-11-23T13:15:00+05:30,1053.75,1056.5,1051,1051,611800
2022-11-24T09:15:00+05:30,1056.75,1061.25,1046.15,1048.55,1040900
2022-11-24T13:15:00+05:30,1048.3,1057,1045,1053.65,900200
2022-11-25T09:15:00+05:30,1053.45,1058.65,1039.15,1041.7,1327200
2022-11-25T13:15:00+05:30,1041.85,1045.7,1038.25,1038.25,828100
2022-11-28T09:15:00+05:30,1036.1,1062.8,1031.35,1057.3,1816500
2022-11-28T13:15:00+05:30,1057,1065,1057,1061,1071700
2022-11-29T09:15:00+05:30,1058.2,1060.15,1043.1,1046.9,1345400
2022-11-29T13:15:00+05:30,1046.7,1048.65,1041.55,1046,750400
2022-11-30T09:15:00+05:30,1047.35,1068,1046.6,1048.7,2476600
2022-11-30T13:15:00+05:30,1048.6,1058.1,1036.25,1046,12053300
2022-12-01T09:15:00+05:30,1055,1064.3,1046,1051.8,2156700
2022-12-01T13:15:00+05:30,1052.65,1059,1048.25,1053.5,1264200
2022-12-02T09:15:00+05:30,1056.7,1057.65,1031.5,1049.8,1433600
2022-12-02T13:15:00+05:30,1049.9,1052,1045.6,1049,580300
2022-12-05T09:15:00+05:30,1040.05,1050.85,1015.2,1020.65,2985500
2022-12-05T13:15:00+05:30,1020.75,1026.15,1019.3,1022,977200
2022-12-06T09:15:00+05:30,1015.65,1032.2,1014.15,1032.15,1412600
2022-12-06T13:15:00+05:30,1032,1045.8,1029,1044.9,1934100
2022-12-07T09:15:00+05:30,1041.15,1048.45,1032.3,1032.5,1506400
2022-12-07T13:15:00+05:30,1032.55,1033.15,1023.7,1031,836500
2022-12-08T09:15:00+05:30,1031.2,1037.8,1026.6,1032.25,590100
2022-12-08T13:15:00+05:30,1032.25,1033.65,1028,1032.1,597100
2022-12-09T09:15:00+05:30,1037.5,1045.95,1027.05,1030.45,1418200
2022-12-09T13:15:00+05:30,1030.65,1037.75,1026,1036.5,599200
2022-12-12T09:15:00+05:30,1033.7,1049.3,1033.7,1036,1020600
2022-12-12T13:15:00+05:30,1035.8,1043.3,1034.2,1041,601300
2022-12-13T09:15:00+05:30,1044.3,1049.4,1035.6,1037.35,792400
2022-12-13T13:15:00+05:30,1036.6,1040.35,1033.85,1036.05,441700
2022-12-14T09:15:00+05:30,1045,1047.7,1037.05,1040.45,844900
2022-12-14T13:15:00+05:30,1040.5,1040.5,1032.1,1034.05,658000
2022-12-15T09:15:00+05:30,1031,1057.5,1025.9,1048.65,2359000
2022-12-15T13:15:00+05:30,1048.75,1052.35,1038.05,1038.85,905800
2022-12-16T09:15:00+05:30,1025.95,1049,1023.7,1046.85,1473500
2022-12-16T13:15:00+05:30,1046.5,1047,1036.05,1038.5,834400
2022-12-19T09:15:00+05:30,1038.35,1061.6,1032.05,1056.6,2590700
2022-12-19T13:15:00+05:30,1057.1,1061.85,1056.75,1060,869400
2022-12-20T09:15:00+05:30,1059.15,1071.2,1045.85,1048.3,1727600
2022-12-20T13:15:00+05:30,1048.75,1059.75,1046.3,1054.1,715400
2022-12-21T09:15:00+05:30,1060.8,1063.55,1045.15,1047.8,1021300
2022-12-21T13:15:00+05:30,1048.1,1048.1,1027,1030.2,1159200
2022-12-22T09:15:00+05:30,1033.5,1042.5,1020.05,1037.8,1760500
2022-12-22T13:15:00+05:30,1037.8,1041.6,1033.9,1037.2,438900
2022-12-23T09:15:00+05:30,1028.05,1032.05,1007.05,1012.4,2122400
2022-12-23T13:15:00+05:30,1012.35,1014.15,1004.15,1012,878500
2022-12-26T09:15:00+05:30,1003.65,1024.9,1002.5,1016,2553600
2022-12-26T13:15:00+05:30,1016.95,1019.7,1016,1017.95,1645700
2022-12-27T09:15:00+05:30,1017.95,1041,1017.95,1037.5,3287200
2022-12-27T13:15:00+05:30,1037.5,1047.05,1037.5,1046.45,924000
2022-12-28T09:15:00+05:30,1046.9,1078,1038.75,1074.45,2335900
2022-12-28T13:15:00+05:30,1074.45,1082.7,1074.15,1079.8,1022700
2022-12-29T09:15:00+05:30,1075.95,1086.3,1068.7,1070,2002000
2022-12-29T13:15:00+05:30,1070,1092.95,1070,1090,2468900
2022-12-30T09:15:00+05:30,1094.95,1095.95,1077.4,1087.65,1294300
2022-12-30T13:15:00+05:30,1087.5,1089.7,1078.7,1080.4,704900
2023-01-02T09:15:00+05:30,1071.15,1086.45,1067.05,1072.5,1204000
2023-01-02T13:15:00+05:30,1073.3,1073.3,1056.45,1068.35,1502900
2023-01-03T09:15:00+05:30,1073.5,1073.75,1034.75,1039.75,2573900
2023-01-03T13:15:00+05:30,1038.9,1050.35,1032.1,1045.3,1897000
2023-01-04T09:15:00+05:30,1043.35,1049.9,1025.5,1026.95,1514800
2023-01-04T13:15:00+05:30,1026.15,1027.25,1016.55,1020.85,1228500
2023-01-05T09:15:00+05:30,1026.95,1031.5,1017.2,1023.35,976500
2023-01-05T13:15:00+05:30,1022.05,1034.95,1017.35,1034.7,858200
2023-01-06T09:15:00+05:30,1034.25,1038.8,1019.2,1021.1,886200
2023-01-06T13:15:00+05:30,1021.5,1030.15,1020.85,1026.35,496300
2023-01-09T09:15:00+05:30,1033.85,1036.8,1024.5,1026.85,791000
2023-01-09T13:15:00+05:30,1027.2,1027.2,1018.65,1025.2,535500
2023-01-10T09:15:00+05:30,1027.5,1033,1015.7,1020.05,1187900
2023-01-10T13:15:00+05:30,1019.7,1022.75,1014,1021.1,641200
2023-01-11T09:15:00+05:30,1024.9,1027.5,1012.15,1018.55,744800
2023-01-11T13:15:00+05:30,1018.65,1021,1016.45,1018,359800
2023-01-12T09:15:00+05:30,1020,1023.45,1007,1007.15,766500
2023-01-12T13:15:00+05:30,1008.25,1010.4,1004.85,1009.8,505400
2023-01-13T09:15:00+05:30,1008.85,1010.8,991.15,1005.3,1683500
2023-01-13T13:15:00+05:30,1006,1013,1004.4,1005.4,821800
2023-01-16T09:15:00+05:30,1005.3,1011.9,982.1,990.45,1596700
2023-01-16T13:15:00+05:30,991,991.85,986.35,991.85,422800
2023-01-17T09:15:00+05:30,1004.45,1004.5,979,979,1499400
2023-01-17T13:15:00+05:30,980,991.85,979.45,990.15,1273300
2023-01-18T09:15:00+05:30,993.95,1009.45,993.95,1007.85,2005500
2023-01-18T13:15:00+05:30,1007.9,1011.35,1004,1004.05,1079400
2023-01-19T09:15:00+05:30,999.6,1021.45,998.75,1015,1612100
2023-01-19T13:15:00+05:30,1015,1018.3,1012.5,1013.9,492100
2023-01-20T09:15:00+05:30,1013.9,1015.35,985.7,990.65,2316300
2023-01-20T13:15:00+05:30,990.9,992.55,970.7,971.95,1642200
2023-01-23T09:15:00+05:30,965.75,984.3,965.75,975.85,2923900
2023-01-23T13:15:00+05:30,975.85,985.2,975.85,983,1199100
2023-01-24T09:15:00+05:30,983,986.3,971.25,984.45,1695400
2023-01-24T13:15:00+05:30,984.45,994,981.35,983.05,1122100
2023-01-25T09:15:00+05:30,1002.25,1036.55,994,1034,7217000
2023-01-25T13:15:00+05:30,1034.6,1042.65,1032.85,1040,2106300
2023-01-27T09:15:00+05:30,1032.95,1075,1032.95,1050.45,3302600
2023-01-27T13:15:00+05:30,1050.1,1053.7,1034.5,1053.7,1171100
2023-01-30T09:15:00+05:30,1043.25,1056.05,1020.35,1022.35,1951600
2023-01-30T13:15:00+05:30,1020.5,1035.8,1019.85,1034.4,848400
2023-01-31T09:15:00+05:30,1039.95,1044.75,1021.25,1036.65,1115100
2023-01-31T13:15:00+05:30,1037.4,1043.95,1036.4,1040.3,601300
2023-02-01T09:15:00+05:30,1043.95,1057.35,1026.7,1043.55,1629600
2023-02-01T13:15:00+05:30,1044.6,1044.6,1000.85,1016.5,1944600
2023-02-02T09:15:00+05:30,1039.75,1039.75,993.25,1000.2,1236200
2023-02-02T13:15:00+05:30,1000.55,1008.95,995.25,1005.8,610400
2023-02-03T09:15:00+05:30,1013.95,1026.45,1001.55,1024.1,1023400
2023-02-03T13:15:00+05:30,1024.2,1039.8,1021.5,1038.1,707700
2023-02-06T09:15:00+05:30,1039,1058.85,1027.7,1054.3,1451800
2023-02-06T13:15:00+05:30,1054.8,1066.65,1054.15,1059.8,1277500
2023-02-07T09:15:00+05:30,1056.1,1078.55,1043.8,1044.3,2325400
2023-02-07T13:15:00+05:30,1044.8,1055.6,1042.3,1053.95,545300
2023-02-08T09:15:00+05:30,1053.9,1057.4,1041,1042.1,747600
2023-02-08T13:15:00+05:30,1042,1051.8,1042,1042.7,436100
2023-02-09T09:15:00+05:30,1038.2,1056.3,1034.75,1046.45,900200
2023-02-09T13:15:00+05:30,1047.1,1054,1045.35,1052.15,341600
2023-02-10T09:15:00+05:30,1049.65,1088,1049,1078,2475200
2023-02-10T13:15:00+05:30,1077.4,1084.8,1076.2,1078.5,866600
2023-02-13T09:15:00+05:30,1080.55,1087.5,1067.15,1072.4,1260000
2023-02-13T13:15:00+05:30,1074,1075.5,1069.05,1070.8,420000
2023-02-14T09:15:00+05:30,1065.2,1088.5,1057.05,1087.15,1824200
2023-02-14T13:15:00+05:30,1086.75,1087.55,1077.25,1079.95,471800
2023-02-15T09:15:00+05:30,1084.85,1119.65,1084.85,1115.25,4272100
2023-02-15T13:15:00+05:30,1114.65,1125.9,1103.95,1108,2414300
2023-02-16T09:15:00+05:30,1111.8,1132.4,1111.5,1128.3,2937900
2023-02-16T13:15:00+05:30,1128.65,1130.05,1121.5,1124,1057700
2023-02-17T09:15:00+05:30,1114.3,1120.25,1092.1,1095.15,2391200
2023-02-17T13:15:00+05:30,1095.15,1106,1094.4,1102,935200
2023-02-20T09:15:00+05:30,1108.85,1134.45,1102.6,1133.5,3500700
2023-02-20T13:15:00+05:30,1133.5,1135.3,1127.5,1131,1269800
2023-02-21T09:15:00+05:30,1132.05,1138.8,1115.05,1120.9,3375400
2023-02-21T13:15:00+05:30,1121.35,1127.2,1118.25,1124.6,948500
2023-02-22T09:15:00+05:30,1124.6,1126.3,1107.65,1110.2,1473500
2023-02-22T13:15:00+05:30,1110.4,1117.55,1107.05,1111.1,765100
2023-02-23T09:15:00+05:30,1116.3,1129.9,1114.25,1116,1966300
2023-02-23T13:15:00+05:30,1115.3,1125.85,1115.2,1122,1108100
2023-02-24T09:15:00+05:30,1127.65,1129.9,1108.15,1112,1040900
2023-02-24T13:15:00+05:30,1112.1,1114.6,1109,1111,287700
2023-02-27T09:15:00+05:30,1106,1106,1062,1066,1796900
2023-02-27T13:15:00+05:30,1068,1088.85,1062.2,1088.8,1016400
2023-02-28T09:15:00+05:30,1093.65,1095.95,1077.35,1085,1158500
2023-02-28T13:15:00+05:30,1084.1,1085.75,1076.4,1079.6,566300
2023-03-01T09:15:00+05:30,1079.8,1087.25,1061.55,1062.5,1824200
2023-03-01T13:15:00+05:30,1063.25,1071.95,1060.1,1060.1,1033900
2023-03-02T09:15:00+05:30,1059.95,1073.75,1047.15,1068.3,1454600
2023-03-02T13:15:00+05:30,1068.25,1072.3,1066.65,1067.7,539000
2023-03-03T09:15:00+05:30,1071.75,1078.6,1065,1067.25,626500
2023-03-03T13:15:00+05:30,1067,1076.5,1067,1073,596400
2023-03-06T09:15:00+05:30,1078.5,1103.3,1077.35,1100.05,1141700
2023-03-06T13:15:00+05:30,1099.7,1101.85,1096.15,1098.35,536200
2023-03-08T09:15:00+05:30,1095.7,1099.25,1087.45,1090.15,546000
2023-03-08T13:15:00+05:30,1090,1112.45,1089.65,1108.6,831600
2023-03-09T09:15:00+05:30,1109.65,1112.95,1092.95,1094.05,638400
2023-03-09T13:15:00+05:30,1094.05,1095.95,1086.15,1089.65,448000
2023-03-10T09:15:00+05:30,1085,1088.8,1074.1,1078,882700
2023-03-10T13:15:00+05:30,1077.05,1077.35,1070.35,1075,625800
2023-03-13T09:15:00+05:30,1065.15,1078,1055.9,1058.9,749000
2023-03-13T13:15:00+05:30,1058.7,1059.75,1046.55,1050.05,658000
2023-03-14T09:15:00+05:30,1048.5,1057,1038,1049.45,898100
2023-03-14T13:15:00+05:30,1049.45,1051.45,1043.65,1046.6,337400
2023-03-15T09:15:00+05:30,1053.35,1059.65,1042.85,1045.35,793100
2023-03-15T13:15:00+05:30,1044.5,1049.3,1035,1035.7,358400
2023-03-16T09:15:00+05:30,1025.35,1046.55,1025.35,1045.55,637700
2023-03-16T13:15:00+05:30,1044.75,1054.8,1043.55,1052.95,577500
2023-03-17T09:15:00+05:30,1055.2,1062.4,1040.9,1044.45,639100
2023-03-17T13:15:00+05:30,1045.05,1056.3,1041.45,1043.4,898800
2023-03-20T09:15:00+05:30,1037,1042.4,1023.6,1040.9,1060500
2023-03-20T13:15:00+05:30,1040.15,1043.45,1034.45,1043.45,359100
2023-03-21T09:15:00+05:30,1051.95,1055.6,1044.8,1053.4,1137500
2023-03-21T13:15:00+05:30,1053,1055.55,1048.95,1053,460600
2023-03-22T09:15:00+05:30,1063.5,1077.8,1056.35,1059.4,1212400
2023-03-22T13:15:00+05:30,1058.9,1059.7,1053.7,1057.5,412300
2023-03-23T09:15:00+05:30,1057.1,1071.6,1042.95,1044.25,1421000
2023-03-23T13:15:00+05:30,1044.25,1048.3,1041.9,1046,480900
2023-03-24T09:15:00+05:30,1054.2,1063.7,1041.6,1048.7,2030000
2023-03-24T13:15:00+05:30,1048.7,1051.85,1042.35,1044,924700
2023-03-27T09:15:00+05:30,1048.15,1058,1032.85,1051.85,2373000
2023-03-27T13:15:00+05:30,1051.85,1056.6,1046.5,1049,1143100
2023-03-28T09:15:00+05:30,1049.4,1052.25,1033.25,1037.85,1803900
2023-03-28T13:15:00+05:30,1037.95,1039.2,1033,1036.5,581700
2023-03-29T09:15:00+05:30,1047.95,1071,1042.3,1069.5,1416100
2023-03-29T13:15:00+05:30,1068.5,1085.05,1068.5,1081.75,1331400
2023-03-31T09:15:00+05:30,1085,1091.95,1071.5,1078,942200
2023-03-31T13:15:00+05:30,1079.2,1082.75,1077.45,1078.05,490000
2023-04-03T09:15:00+05:30,1090.1,1103.75,1081.8,1083.8,1682100
2023-04-03T13:15:00+05:30,1083.45,1088.8,1081,1087.85,448000
2023-04-05T09:15:00+05:30,1092.75,1100,1084.6,1095,872900
2023-04-05T13:15:00+05:30,1094.5,1095,1089.6,1093.25,406000
2023-04-06T09:15:00+05:30,1092.05,1098.5,1081.7,1098.5,602000
2023-04-06T13:15:00+05:30,1097.4,1101.35,1092.25,1099.3,374500
2023-04-10T09:15:00+05:30,1099.3,1108.8,1099.3,1103,790300
2023-04-10T13:15:00+05:30,1102.9,1109.05,1098.6,1105.15,639100
2023-04-11T09:15:00+05:30,1108,1121,1107,1116,709800
2023-04-11T13:15:00+05:30,1116,1138.8,1116,1137.95,1164100
2023-04-12T09:15:00+05:30,1137.15,1144.95,1127.35,1135.55,1188600
2023-04-12T13:15:00+05:30,1134.8,1143.75,1134.1,1136.15,864500
2023-04-13T09:15:00+05:30,1137,1154.4,1135.55,1153.55,1799000
2023-04-13T13:15:00+05:30,1153.7,1167.65,1153.1,1160.6,1019200
2023-04-17T09:15:00+05:30,1160.45,1169.5,1153.05,1165.55,1607900
2023-04-17T13:15:00+05:30,1165.55,1166.85,1159.5,1165.3,670600
2023-04-18T09:15:00+05:30,1165.55,1169.5,1152.85,1156.35,975800
2023-04-18T13:15:00+05:30,1156.3,1156.3,1145.7,1146.95,789600
2023-04-19T09:15:00+05:30,1147.1,1187.3,1141.95,1175.1,3800300
2023-04-19T13:15:00+05:30,1175.8,1176.2,1165.6,1170.35,1171100
2023-04-20T09:15:00+05:30,1159,1165.85,1138.35,1140,2321900
2023-04-20T13:15:00+05:30,1140.75,1141.55,1126.45,1127,2076200
2023-04-21T09:15:00+05:30,1127.95,1131.95,1087.75,1091.8,2874200
2023-04-21T13:15:00+05:30,1091.5,1098.5,1087.2,1097.2,1337000
2023-04-24T09:15:00+05:30,1097.2,1117.2,1090.1,1096,2645300
2023-04-24T13:15:00+05:30,1095.5,1103.1,1095.5,1101.95,1007300
2023-04-25T09:15:00+05:30,1101.95,1117.85,1101.95,1110.35,2437400
2023-04-25T13:15:00+05:30,1110.2,1112.4,1105.55,1110.4,867300
2023-04-26T09:15:00+05:30,1112.8,1128.25,1105.15,1124.3,1861300
2023-04-26T13:15:00+05:30,1124.3,1128.85,1119.35,1124.5,721000
2023-04-27T09:15:00+05:30,1132.85,1142,1129.2,1134.4,1565900
2023-04-27T13:15:00+05:30,1134.4,1141.35,1133.6,1138.3,1220100
2023-04-28T09:15:00+05:30,1143.65,1147.2,1133.7,1136.45,811300
2023-04-28T13:15:00+05:30,1136.8,1147.85,1135.15,1143.2,527100
2023-05-02T09:15:00+05:30,1146.6,1171.65,1142,1165.95,1618400
2023-05-02T13:15:00+05:30,1165.1,1172,1159.05,1163.05,1270500
2023-05-03T09:15:00+05:30,1157,1167.95,1145.4,1152.2,1039500
2023-05-03T13:15:00+05:30,1152.75,1159.5,1151.5,1157,431200
2023-05-04T09:15:00+05:30,1156.3,1173.45,1146.05,1170.25,1038100
2023-05-04T13:15:00+05:30,1170.95,1184.85,1167,1182,730100
2023-05-05T09:15:00+05:30,1190.2,1229.25,1188.5,1213.9,8489600
2023-05-05T13:15:00+05:30,1214.35,1224.25,1214,1216.3,1428700
2023-05-08T09:15:00+05:30,1221.15,1238.55,1220,1228.2,2446500
2023-05-08T13:15:00+05:30,1228.35,1229.6,1226.55,1227.7,532700
2023-05-09T09:15:00+05:30,1231.15,1237.05,1221.8,1224.65,1052800
2023-05-09T13:15:00+05:30,1224.95,1230,1216.45,1227.95,947800
2023-05-10T09:15:00+05:30,1230.65,1236.5,1224,1231,819700
2023-05-10T13:15:00+05:30,1230.5,1243.5,1229,1239.95,673400
2023-05-11T09:15:00+05:30,1243,1243.35,1230.45,1238,619500
2023-05-11T13:15:00+05:30,1238.8,1241.9,1238.1,1239.15,469700
2023-05-12T09:15:00+05:30,1235.4,1248.15,1233.8,1235.8,688100
2023-05-12T13:15:00+05:30,1235.55,1241.45,1234.85,1235,511000
2023-05-15T09:15:00+05:30,1234.7,1241.9,1228.35,1235.8,458500
2023-05-15T13:15:00+05:30,1235.4,1239.4,1234.1,1236.3,480900
2023-05-16T09:15:00+05:30,1234.65,1252.15,1234.65,1243.45,918400
2023-05-16T13:15:00+05:30,1244.75,1249.85,1237.05,1241.6,681100
2023-05-17T09:15:00+05:30,1241.6,1249.35,1226.5,1243.65,1367800
2023-05-17T13:15:00+05:30,1242.7,1253,1238.2,1249.95,693000
2023-05-18T09:15:00+05:30,1238.95,1251.45,1233.25,1235.65,1428700
2023-05-18T13:15:00+05:30,1235.65,1238.15,1230.25,1235.05,913500
2023-05-19T09:15:00+05:30,1234.85,1240,1216.5,1234.65,1341200
2023-05-19T13:15:00+05:30,1234.95,1238.55,1232.6,1233,629300
2023-05-22T09:15:00+05:30,1233,1241.15,1222.45,1227,2227400
2023-05-22T13:15:00+05:30,1227.7,1238,1226.85,1237.5,939400
2023-05-23T09:15:00+05:30,1234.7,1253.55,1229.2,1248.85,1969800
2023-05-23T13:15:00+05:30,1248.85,1256.8,1244.9,1255.3,1549800
2023-05-24T09:15:00+05:30,1253.85,1261,1243.75,1255.4,2111200
2023-05-24T13:15:00+05:30,1255.55,1267.9,1253.55,1265.75,1366400
2023-05-25T09:15:00+05:30,1270.25,1284,1266,1276.55,2580200
2023-05-25T13:15:00+05:30,1276.7,1282,1275.5,1277.25,1238300
2023-05-26T09:15:00+05:30,1252.05,1290.5,1252.05,1280.1,1381800
2023-05-26T13:15:00+05:30,1280.1,1291,1279.95,1288.35,676200
2023-05-29T09:15:00+05:30,1289.55,1297.75,1278.35,1292,923300
2023-05-29T13:15:00+05:30,1292.9,1297.4,1291.7,1296,441700
2023-05-30T09:15:00+05:30,1289.05,1302.85,1287.05,1288.25,581000
2023-05-30T13:15:00+05:30,1288,1288.55,1281.5,1285,459200
2023-05-31T09:15:00+05:30,1276.15,1291.9,1275.55,1284.6,713300
2023-05-31T13:15:00+05:30,1283.8,1293.5,1276,1276,2095100
2023-06-01T09:15:00+05:30,1286.8,1293.2,1269.25,1289.85,1036700
2023-06-01T13:15:00+05:30,1290.1,1292.9,1271.35,1274,1082200
2023-06-02T09:15:00+05:30,1283.55,1299.85,1276.7,1290.05,2345000
2023-06-02T13:15:00+05:30,1290.2,1298.2,1284.45,1296.35,1136800
2023-06-05T09:15:00+05:30,1303.85,1304,1286.3,1291.05,756700
2023-06-05T13:15:00+05:30,1291.55,1295,1286.4,1294.5,494900
2023-06-06T09:15:00+05:30,1293.75,1314.35,1288.85,1308.95,1215200
2023-06-06T13:15:00+05:30,1309.1,1320.25,1308.3,1318.1,1296400
2023-06-07T09:15:00+05:30,1323.2,1332,1313.8,1323.15,1117200
2023-06-07T13:15:00+05:30,1323,1332.45,1321.55,1331.2,786800
2023-06-08T09:15:00+05:30,1331.25,1335,1308.6,1319.35,1178800
2023-06-08T13:15:00+05:30,1320.45,1326.45,1318.3,1323.6,439600
2023-06-09T09:15:00+05:30,1327.6,1339.95,1324.1,1336,961800
2023-06-09T13:15:00+05:30,1336.25,1338.55,1327.95,1330.35,476700
2023-06-12T09:15:00+05:30,1346.55,1379,1333.4,1343.5,4087300
2023-06-12T13:15:00+05:30,1343.85,1346.8,1340,1342.15,909300
2023-06-13T09:15:00+05:30,1339.95,1349.6,1337.2,1346.65,660100
2023-06-13T13:15:00+05:30,1346.7,1348.05,1342,1343.15,429100
2023-06-14T09:15:00+05:30,1339.2,1347,1332.05,1342,622300
2023-06-14T13:15:00+05:30,1341.2,1347.1,1337.25,1344.05,387800
2023-06-15T09:15:00+05:30,1344.35,1353.85,1340.75,1345,534100
2023-06-15T13:15:00+05:30,1343.55,1346.85,1330.85,1338.05,966700
2023-06-16T09:15:00+05:30,1339.95,1343.9,1325.6,1338.85,1043000
2023-06-16T13:15:00+05:30,1338.2,1355.8,1337.2,1352.75,1008700
2023-06-19T09:15:00+05:30,1351.35,1359.15,1341.7,1341.7,587300
2023-06-19T13:15:00+05:30,1341.5,1342.95,1334.85,1342.1,443800
2023-06-20T09:15:00+05:30,1338.4,1346.95,1325,1344,749700
2023-06-20T13:15:00+05:30,1343.9,1349.45,1340.1,1346.75,597800
2023-06-21T09:15:00+05:30,1345.1,1356.45,1337.3,1343.1,618100
2023-06-21T13:15:00+05:30,1343.5,1350.9,1339.15,1347.4,338100
2023-06-22T09:15:00+05:30,1340.15,1349.25,1325.5,1329.25,1236200
2023-06-22T13:15:00+05:30,1329.45,1335.5,1324.55,1325.85,882700
2023-06-23T09:15:00+05:30,1324.3,1324.95,1302.65,1304,2284100
2023-06-23T13:15:00+05:30,1304,1308.65,1300.6,1302.95,1066100
2023-06-26T09:15:00+05:30,1302.95,1314.3,1290.75,1292.75,2516500
2023-06-26T13:15:00+05:30,1293,1298.7,1291.8,1292.55,1230600
2023-06-27T09:15:00+05:30,1292.7,1303.7,1290.8,1291.2,1757700
2023-06-27T13:15:00+05:30,1292.2,1307,1291.4,1306.5,969500
2023-06-28T09:15:00+05:30,1318.35,1318.4,1303.9,1310.5,1878100
2023-06-28T13:15:00+05:30,1310.1,1329.5,1308.7,1327.3,1766100
2023-06-30T09:15:00+05:30,1344.65,1346.45,1320,1341.95,907200
2023-06-30T13:15:00+05:30,1342.45,1342.9,1331,1333.7,563500
2023-07-03T09:15:00+05:30,1336.4,1342,1319.95,1325.6,1021300
2023-07-03T13:15:00+05:30,1324.95,1328.5,1321.7,1327.3,370300
2023-07-04T09:15:00+05:30,1337.95,1337.95,1310.7,1311.35,794500
2023-07-04T13:15:00+05:30,1311,1318.85,1305.95,1311,658000
2023-07-05T09:15:00+05:30,1311.1,1318,1301.3,1313.9,1444800
2023-07-05T13:15:00+05:30,1313.75,1330.9,1309.5,1328,1345400
2023-07-06T09:15:00+05:30,1328,1330.8,1311.75,1316.9,810600
2023-07-06T13:15:00+05:30,1315.55,1326.5,1315.55,1323.4,504700
2023-07-07T09:15:00+05:30,1323.95,1348.45,1317.1,1321.35,2202200
2023-07-07T13:15:00+05:30,1322,1332.95,1320.05,1330,718200
2023-07-10T09:15:00+05:30,1331,1337.45,1311.4,1313.15,911400
2023-07-10T13:15:00+05:30,1313.95,1317.5,1311.8,1315.25,330400
2023-07-11T09:15:00+05:30,1319,1362.1,1317.95,1354.7,2282000
2023-07-11T13:15:00+05:30,1354.45,1355.4,1341.05,1355,793100
2023-07-12T09:15:00+05:30,1354.9,1359,1342.15,1345,585200
2023-07-12T13:15:00+05:30,1344.2,1346.95,1337.1,1344.5,518700
2023-07-13T09:15:00+05:30,1347.95,1352.9,1339.2,1349.3,731500
2023-07-13T13:15:00+05:30,1350,1352,1330.1,1338,916300
2023-07-14T09:15:00+05:30,1345.2,1345.9,1328.05,1331.95,522900
2023-07-14T13:15:00+05:30,1332.1,1358.8,1331.3,1358.8,939400
2023-07-17T09:15:00+05:30,1340.2,1366.9,1340.2,1354,1064700
2023-07-17T13:15:00+05:30,1353.95,1353.95,1346.2,1348.5,421400
2023-07-18T09:15:00+05:30,1345.25,1371.05,1341,1349.45,2063600
2023-07-18T13:15:00+05:30,1349.45,1351.65,1344,1350,556500
2023-07-19T09:15:00+05:30,1353,1355.05,1328.9,1347.1,1112300
2023-07-19T13:15:00+05:30,1347.15,1347.15,1335.9,1343,406700
2023-07-20T09:15:00+05:30,1342.9,1350.8,1333.5,1345,922600
2023-07-20T13:15:00+05:30,1345.25,1352.75,1343,1351.45,618800
2023-07-21T09:15:00+05:30,1342.3,1347.55,1335.8,1340.65,892500
2023-07-21T13:15:00+05:30,1340.7,1348,1340.7,1342,548100
2023-07-24T09:15:00+05:30,1343.5,1368,1340.85,1366.7,2076900
2023-07-24T13:15:00+05:30,1366.7,1376.9,1297.1,1308.05,6200600
2023-07-25T09:15:00+05:30,1329,1388.4,1317,1383,6298600
2023-07-25T13:15:00+05:30,1383,1389.45,1372.15,1384.15,2189600
2023-07-26T09:15:00+05:30,1388.1,1400.7,1373,1373.9,2598400
2023-07-26T13:15:00+05:30,1373.9,1378.2,1367.3,1372.75,1091300
2023-07-27T09:15:00+05:30,1382.45,1382.45,1362.6,1364.7,2097200
2023-07-27T13:15:00+05:30,1365.1,1371,1356.4,1368.8,1113700
2023-07-28T09:15:00+05:30,1368.45,1372.05,1357.65,1363.35,553000
2023-07-28T13:15:00+05:30,1362.15,1372,1360.4,1369.45,307300
2023-07-31T09:15:00+05:30,1363,1382.7,1358.95,1382.5,574700
2023-07-31T13:15:00+05:30,1382.55,1387.1,1379.05,1383.7,557200
2023-08-01T09:15:00+05:30,1387.5,1387.5,1369.55,1372,639100
2023-08-01T13:15:00+05:30,1373.2,1380.85,1372.55,1378.95,219100
2023-08-02T09:15:00+05:30,1380.8,1402,1374,1376,2422000
2023-08-02T13:15:00+05:30,1375.5,1386.45,1368.4,1383.45,865200
2023-08-03T09:15:00+05:30,1394,1394.5,1362.8,1364.05,1425200
2023-08-03T13:15:00+05:30,1362.8,1371.35,1358.2,1369.2,541100
2023-08-04T09:15:00+05:30,1370.9,1387,1362.65,1371.15,528500
2023-08-04T13:15:00+05:30,1370.95,1371,1355.7,1362.45,508900
2023-08-07T09:15:00+05:30,1363.9,1363.9,1340.65,1346.5,1070300
2023-08-07T13:15:00+05:30,1347.05,1348.95,1342.1,1347.15,318500
2023-08-08T09:15:00+05:30,1348.95,1350,1326.2,1335.35,1052800
2023-08-08T13:15:00+05:30,1336.2,1343.8,1331.2,1343,597800
2023-08-09T09:15:00+05:30,1336.05,1349,1325.15,1348.5,719600
2023-08-09T13:15:00+05:30,1348.65,1356,1343.95,1348.3,802900
2023-08-10T09:15:00+05:30,1350.2,1363.5,1339.4,1362,811300
2023-08-10T13:15:00+05:30,1362.1,1362.6,1353.75,1358.05,350700
2023-08-11T09:15:00+05:30,1358.75,1368.9,1349.9,1361.75,801500
2023-08-11T13:15:00+05:30,1361.85,1363.2,1352.85,1357.45,324800
2023-08-14T09:15:00+05:30,1349,1351.4,1326.85,1344.95,760200
2023-08-14T13:15:00+05:30,1345,1354.3,1344.95,1348.6,520100
2023-08-16T09:15:00+05:30,1340.3,1345,1328.2,1344.5,550900
2023-08-16T13:15:00+05:30,1344.9,1349.8,1336,1343.55,875000
2023-08-17T09:15:00+05:30,1333.2,1344.95,1329.7,1335.3,710500
2023-08-17T13:15:00+05:30,1335.9,1344.95,1335,1342.4,437500
2023-08-18T09:15:00+05:30,1342.2,1343.55,1334.45,1338.65,543200
2023-08-18T13:15:00+05:30,1338.55,1347.5,1338.55,1344.15,618800
2023-08-21T09:15:00+05:30,1339.35,1363.55,1330,1358.05,1333500
2023-08-21T13:15:00+05:30,1358.45,1360.2,1350.7,1351.3,812700
2023-08-22T09:15:00+05:30,1354.7,1358.15,1340,1353.7,842800
2023-08-22T13:15:00+05:30,1353.75,1361.3,1352.45,1356.7,648900
2023-08-23T09:15:00+05:30,1357,1369.95,1354.6,1359.1,1103900
2023-08-23T13:15:00+05:30,1358.7,1363.9,1358.05,1359.6,426300
2023-08-24T09:15:00+05:30,1370,1383.8,1358.1,1378,1470700
2023-08-24T13:15:00+05:30,1377.1,1382.2,1362.6,1364.65,703500
2023-08-25T09:15:00+05:30,1359,1359.85,1345,1351.25,1064700
2023-08-25T13:15:00+05:30,1351.25,1354.5,1321.75,1339.1,1716400
2023-08-28T09:15:00+05:30,1345,1350.15,1336.85,1343.85,1549800
2023-08-28T13:15:00+05:30,1344.15,1351.25,1344.15,1350.95,650300
2023-08-29T09:15:00+05:30,1350.95,1389.75,1343.05,1379.85,2604000
2023-08-29T13:15:00+05:30,1379.85,1387.45,1376.65,1386,1416800
2023-08-30T09:15:00+05:30,1387.95,1418.95,1383.25,1416.5,2824500
2023-08-30T13:15:00+05:30,1416.5,1417.7,1413,1414.55,1233400
2023-08-31T09:15:00+05:30,1427.85,1442.15,1423.25,1435.25,2732100
2023-08-31T13:15:00+05:30,1435.6,1439.4,1420.15,1430.45,1734600
2023-09-01T09:15:00+05:30,1427.95,1446.9,1420.85,1443.45,1329300
2023-09-01T13:15:00+05:30,1443.05,1460,1441.45,1453,1331400
2023-09-04T09:15:00+05:30,1460.45,1467.9,1444.05,1454.5,1349600
2023-09-04T13:15:00+05:30,1454.65,1463.85,1454.65,1460.6,676900
2023-09-05T09:15:00+05:30,1467.85,1473.5,1456,1461.55,606900
2023-09-05T13:15:00+05:30,1461.5,1464.35,1457.05,1463,316400
2023-09-06T09:15:00+05:30,1461.85,1483.7,1461.85,1471,1255100
2023-09-06T13:15:00+05:30,1470.1,1478.75,1464.85,1473.05,650300
2023-09-07T09:15:00+05:30,1473.35,1483.75,1472,1480,624400
2023-09-07T13:15:00+05:30,1479.95,1481,1475.35,1475.8,326900
2023-09-08T09:15:00+05:30,1488,1488,1474.8,1482,483700
2023-09-08T13:15:00+05:30,1482,1488,1481.4,1485,410900
2023-09-11T09:15:00+05:30,1470.35,1494,1467.5,1492.6,513100
2023-09-11T13:15:00+05:30,1492.2,1497.5,1489.55,1493.45,552300
2023-09-12T09:15:00+05:30,1488.55,1499.45,1463.45,1471.15,1388800
2023-09-12T13:15:00+05:30,1471.15,1476.85,1466.5,1469,674100
2023-09-13T09:15:00+05:30,1463.3,1470,1444,1458,1470000
2023-09-13T13:15:00+05:30,1459.4,1463.55,1454,1459.45,503300
2023-09-14T09:15:00+05:30,1459.5,1468.55,1455.5,1459.15,557900
2023-09-14T13:15:00+05:30,1457.75,1472.2,1457.05,1471.5,491400
2023-09-15T09:15:00+05:30,1475,1496,1470.55,1494.85,1363600
2023-09-15T13:15:00+05:30,1494.4,1512,1492.8,1507,1820000
2023-09-18T09:15:00+05:30,1509.95,1522.5,1493.55,1519.95,1376200
2023-09-18T13:15:00+05:30,1519.95,1528.55,1517.15,1524.95,1056300
2023-09-20T09:15:00+05:30,1524.9,1533.85,1512.9,1522.85,814800
2023-09-20T13:15:00+05:30,1522,1524.25,1515.05,1517,347900
2023-09-21T09:15:00+05:30,1512.7,1513.1,1497.1,1500,651000
2023-09-21T13:15:00+05:30,1500.7,1501,1491.05,1495.55,364700
2023-09-22T09:15:00+05:30,1493.6,1498.45,1485.6,1493.05,694400
2023-09-22T13:15:00+05:30,1493.05,1501.85,1493,1497.3,321300
2023-09-25T09:15:00+05:30,1503.75,1521.3,1489.55,1508.1,2391200
2023-09-25T13:15:00+05:30,1509.4,1515.75,1501.4,1512.75,1073100
2023-09-26T09:15:00+05:30,1511,1537.65,1511,1526.3,2292500
2023-09-26T13:15:00+05:30,1527.45,1533.95,1526,1528,1112300
2023-09-27T09:15:00+05:30,1528,1528,1513.9,1526.3,1327200
2023-09-27T13:15:00+05:30,1526.3,1531.5,1524.05,1525,1540000
2023-09-28T09:15:00+05:30,1528,1550,1527.9,1533.05,3205300
2023-09-28T13:15:00+05:30,1532.3,1534,1517.55,1521.65,3012100
2023-09-29T09:15:00+05:30,1523.55,1541.1,1510,1533.25,1223600
2023-09-29T13:15:00+05:30,1533.7,1534.2,1520.35,1525.85,513100
2023-10-03T09:15:00+05:30,1538.65,1542.6,1527.9,1530.8,1267000
2023-10-03T13:15:00+05:30,1531.1,1537.9,1529,1537.85,378700
2023-10-04T09:15:00+05:30,1530.35,1530.35,1497.5,1499.75,1171800
2023-10-04T13:15:00+05:30,1499.75,1504.1,1495.3,1500,553000
2023-10-05T09:15:00+05:30,1506.4,1514.3,1495.75,1496.6,598500
2023-10-05T13:15:00+05:30,1498.5,1507.65,1498.5,1505.9,350700
2023-10-06T09:15:00+05:30,1497,1519.85,1488.85,1510.9,585200
2023-10-06T13:15:00+05:30,1510.9,1513.35,1505,1510.2,308700
2023-10-09T09:15:00+05:30,1512,1528,1501.2,1519.45,949200
2023-10-09T13:15:00+05:30,1519.25,1532,1516,1521.4,770000
2023-10-10T09:15:00+05:30,1521.4,1553.65,1521.4,1537.35,2407300
2023-10-10T13:15:00+05:30,1538.9,1541.45,1531.3,1535.4,788200
2023-10-11T09:15:00+05:30,1567,1573.2,1545.05,1557,1866900
2023-10-11T13:15:00+05:30,1556.65,1559.5,1553.65,1556.6,625800
2023-10-12T09:15:00+05:30,1565,1589.75,1556.4,1586.4,2030000
2023-10-12T13:15:00+05:30,1587.35,1598.85,1586.6,1597.15,1073800
2023-10-13T09:15:00+05:30,1591.65,1598.75,1584,1595.1,877100
2023-10-13T13:15:00+05:30,1595.55,1605.95,1595.55,1599.7,848400
2023-10-16T09:15:00+05:30,1599.7,1613.5,1592.65,1595.85,1158500
2023-10-16T13:15:00+05:30,1595.75,1602.1,1594.7,1600.45,385000
2023-10-17T09:15:00+05:30,1612.6,1612.6,1598.55,1607.2,732900
2023-10-17T13:15:00+05:30,1605.9,1612,1603.2,1606.45,383600
2023-10-18T09:15:00+05:30,1600.25,1603.45,1586,1589.9,930300
2023-10-18T13:15:00+05:30,1589.85,1601,1589.85,1596.7,445200
2023-10-19T09:15:00+05:30,1596.7,1609.7,1588.85,1609.15,1439900
2023-10-19T13:15:00+05:30,1609,1610.95,1600,1601.9,501900
2023-10-20T09:15:00+05:30,1598.65,1606.55,1590,1592,1399300
2023-10-20T13:15:00+05:30,1592,1600.3,1592,1596.25,672000
2023-10-23T09:15:00+05:30,1596.25,1605.55,1588.35,1597.85,1943200
2023-10-23T13:15:00+05:30,1597.85,1599.1,1583.1,1584.95,1653400
2023-10-25T09:15:00+05:30,1584.95,1604.1,1573,1573.4,2445100
2023-10-25T13:15:00+05:30,1573.4,1581,1568.5,1573.05,1190000
2023-10-26T09:15:00+05:30,1571.85,1571.85,1553.05,1563.6,1840300
2023-10-26T13:15:00+05:30,1563.6,1580.5,1559.8,1579.05,1319500
2023-10-27T09:15:00+05:30,1581,1596.55,1580.05,1588.25,610050
2023-10-27T13:15:00+05:30,1588,1606.8,1587.05,1600.95,660100
2023-10-30T09:15:00+05:30,1594.9,1600,1566.2,1589.65,995050
2023-10-30T13:15:00+05:30,1590,1609.35,1590,1606,919450
2023-10-31T09:15:00+05:30,1619.9,1649.65,1579.2,1591.85,2865800
2023-10-31T13:15:00+05:30,1591.1,1595.15,1583.8,1590.2,567350
2023-11-01T09:15:00+05:30,1589.7,1594.45,1572.05,1573.1,698250
2023-11-01T13:15:00+05:30,1572.8,1579.3,1562,1563.25,695100
2023-11-02T09:15:00+05:30,1566.6,1577.5,1558,1568.05,690200
2023-11-02T13:15:00+05:30,1568.5,1577.85,1566.3,1576.15,403900
2023-11-03T09:15:00+05:30,1580.3,1602,1577.2,1600,739550
2023-11-03T13:15:00+05:30,1600.3,1602.8,1594.45,1599.55,339850
2023-11-06T09:15:00+05:30,1608.65,1613.65,1605,1607.4,427350
2023-11-06T13:15:00+05:30,1607,1618.9,1606.3,1618.85,418250
2023-11-07T09:15:00+05:30,1625,1625,1609.8,1611.9,492100
2023-11-07T13:15:00+05:30,1612,1620,1610.1,1615.3,347550
2023-11-08T09:15:00+05:30,1618,1643.85,1615.05,1640.75,824950
2023-11-08T13:15:00+05:30,1641.95,1647.85,1639.5,1645.2,430500
2023-11-09T09:15:00+05:30,1649.95,1651.25,1632.25,1635.55,614950
2023-11-09T13:15:00+05:30,1635.6,1643.6,1633.5,1638.7,312550
2023-11-10T09:15:00+05:30,1634.9,1641,1627,1637.75,407750
2023-11-10T13:15:00+05:30,1638.25,1638.4,1631.05,1636.1,311500
2023-11-12T18:15:00+05:30,1645.9,1648,1636,1643,124250
2023-11-13T09:15:00+05:30,1617.9,1648.5,1617.9,1641.4,284550
2023-11-13T13:15:00+05:30,1641.3,1645.2,1640.95,1644.65,180250
2023-11-15T09:15:00+05:30,1646.65,1670.4,1645.3,1668.2,1012200
2023-11-15T13:15:00+05:30,1668.2,1670.4,1664.4,1665.95,363300
2023-11-16T09:15:00+05:30,1671.25,1679.75,1665.9,1679,408450
2023-11-16T13:15:00+05:30,1679.45,1682,1675.45,1679,370650
2023-11-17T09:15:00+05:30,1689.85,1724.6,1682,1724.6,1344350
2023-11-17T13:15:00+05:30,1724.05,1752.65,1722,1747.1,1823850
2023-11-20T09:15:00+05:30,1753,1755.75,1707.95,1710.55,1315300
2023-11-20T13:15:00+05:30,1711.6,1719.95,1705.55,1715.8,430150
2023-11-21T09:15:00+05:30,1727.6,1734.05,1717.15,1717.5,607950
2023-11-21T13:15:00+05:30,1717.7,1730.95,1717.7,1727.9,362600
2023-11-22T09:15:00+05:30,1733.05,1743.55,1724.15,1729.75,950600
2023-11-22T13:15:00+05:30,1729.45,1737.65,1727.55,1735.65,405650
2023-11-23T09:15:00+05:30,1745.2,1781.85,1745.1,1770.55,1895250
2023-11-23T13:15:00+05:30,1770.8,1780.55,1768.8,1780,535150
2023-11-24T09:15:00+05:30,1780,1815.05,1778.9,1792.5,2291800
2023-11-24T13:15:00+05:30,1792,1802.4,1792,1794.3,707000
2023-11-28T09:15:00+05:30,1793.2,1806.5,1790.65,1794.3,2295300
2023-11-28T13:15:00+05:30,1795,1820,1794.7,1818.75,1182650
2023-11-29T09:15:00+05:30,1816.35,1868.35,1816.35,1858.05,2486050
2023-11-29T13:15:00+05:30,1858.5,1863.9,1854,1854,1025150
2023-11-30T09:15:00+05:30,1856.1,1864.75,1846.95,1856,2596650
2023-11-30T13:15:00+05:30,1856.3,1870,1851.5,1865,1748600
2023-12-01T09:15:00+05:30,1870.05,1924.6,1866,1910.25,1489600
2023-12-01T13:15:00+05:30,1910,1914,1889.2,1897.8,1102500
2023-12-04T09:15:00+05:30,1940.4,1944.85,1881.2,1892.6,1292550
2023-12-04T13:15:00+05:30,1892.75,1903.2,1890.45,1899.1,366450
2023-12-05T09:15:00+05:30,1908.9,1914.2,1888.1,1911.3,752150
2023-12-05T13:15:00+05:30,1910.95,1915.95,1900.8,1905,573300
2023-12-06T09:15:00+05:30,1895.1,1898.6,1876.25,1884.85,745150
2023-12-06T13:15:00+05:30,1883.35,1895.15,1880.1,1895.1,330400
2023-12-07T09:15:00+05:30,1895.1,1918.5,1889.45,1917.8,682850
2023-12-07T13:15:00+05:30,1917.5,1928.95,1914.1,1925.5,467600
2023-12-08T09:15:00+05:30,1932.8,1932.8,1888.25,1895.8,799050
2023-12-08T13:15:00+05:30,1895.7,1907.35,1887.85,1904,249550
2023-12-11T09:15:00+05:30,1907.8,1919.5,1901.2,1916.45,460600
2023-12-11T13:15:00+05:30,1915.8,1934.4,1913.95,1932,468650
2023-12-12T09:15:00+05:30,1933,1948.85,1924.5,1939,877100
2023-12-12T13:15:00+05:30,1939.35,1940.9,1922.05,1930.8,466900
2023-12-13T09:15:00+05:30,1936.85,1982.4,1929.55,1976,1846950
2023-12-13T13:15:00+05:30,1975.25,2018.55,1975.25,2016,1801800
2023-12-14T09:15:00+05:30,2023.65,2027.9,1999,2014,1007650
2023-12-14T13:15:00+05:30,2014.8,2050.2,2011,2041.5,983150
2023-12-15T09:15:00+05:30,2039.15,2048.2,2013.45,2015.55,708400
2023-12-15T13:15:00+05:30,2015.9,2027.05,2007,2025,491400
2023-12-18T09:15:00+05:30,2026.45,2040,2007.15,2008.75,570850
2023-12-18T13:15:00+05:30,2008.6,2009.3,2002.4,2006.8,668500
2023-12-19T09:15:00+05:30,2004.85,2008.1,1965.15,1966.75,955850
2023-12-19T13:15:00+05:30,1966.45,1986.05,1964.8,1983.15,879200
2023-12-20T09:15:00+05:30,1990.4,2000.95,1979.15,1982,759500
2023-12-20T13:15:00+05:30,1982,1982.9,1945,1951,1008350
2023-12-21T09:15:00+05:30,1951,1975.1,1928.75,1958.7,1080800
2023-12-21T13:15:00+05:30,1958.65,1964,1948.95,1953.7,406000
2023-12-22T09:15:00+05:30,1942.85,1992,1940.05,1961.45,2216550
2023-12-22T13:15:00+05:30,1961.45,1973.3,1948.95,1968.5,770350
2023-12-26T09:15:00+05:30,1972.95,2006.9,1971.85,1994.95,2037350
2023-12-26T13:15:00+05:30,1994.95,2000,1987.65,1997.4,712600
2023-12-27T09:15:00+05:30,2002.5,2023.35,1987.3,2004,1394050
2023-12-27T13:15:00+05:30,2004.65,2014.9,2004.65,2010,742700
2023-12-28T09:15:00+05:30,2025.95,2037.95,2011.45,2011.8,1171800
2023-12-28T13:15:00+05:30,2012.5,2027.95,2007.65,2021.6,891100
2023-12-29T09:15:00+05:30,2027.6,2042.9,2015.25,2024.5,944650
2023-12-29T13:15:00+05:30,2023.2,2049,2018.5,2046.15,563500
2024-01-01T09:15:00+05:30,2050.05,2056.85,2034.15,2037,555100
2024-01-01T13:15:00+05:30,2037.95,2040,2025.25,2027,278250
2024-01-02T09:15:00+05:30,2040,2048.95,1965.3,1985.05,1470700
2024-01-02T13:15:00+05:30,1984.25,1986.5,1973.6,1981.75,483000
2024-01-03T09:15:00+05:30,1980.15,1999.95,1967.85,1988.5,610750
2024-01-03T13:15:00+05:30,1989,2028,1987.1,2011,888300
2024-01-04T09:15:00+05:30,2018.1,2022.4,1993,1999.1,553700
2024-01-04T13:15:00+05:30,1998.95,1999.75,1990,1997.85,345100
2024-01-05T09:15:00+05:30,2001.4,2021.25,1993.3,1997.6,853300
2024-01-05T13:15:00+05:30,1997.8,1997.9,1980.1,1986.8,417550
2024-01-08T09:15:00+05:30,1994.65,2051.5,1985.05,2049.3,1989400
2024-01-08T13:15:00+05:30,2049,2072.65,2041.45,2048.25,1293600
2024-01-09T09:15:00+05:30,2045,2055.9,2009.3,2028.1,1256150
2024-01-09T13:15:00+05:30,2027.8,2031.55,2013.6,2022.55,431200
2024-01-10T09:15:00+05:30,2014.9,2020,1998.65,2015.65,541450
2024-01-10T13:15:00+05:30,2014.8,2031.5,2011.95,2028.25,387800
2024-01-11T09:15:00+05:30,2035.7,2103.45,2030.7,2095,2054500
2024-01-11T13:15:00+05:30,2095.5,2099,2085,2091.2,521500
2024-01-12T09:15:00+05:30,2099.85,2106.85,2065,2079,813400
2024-01-12T13:15:00+05:30,2079.8,2095.6,2075,2093.35,308000
2024-01-15T09:15:00+05:30,2095,2103,2023.3,2028.9,1160250
2024-01-15T13:15:00+05:30,2028.9,2033.95,2015.6,2033.95,535500
2024-01-16T09:15:00+05:30,2038.4,2045.85,2017.7,2034,788200
2024-01-16T13:15:00+05:30,2034.2,2038.85,2029,2033.1,323050
2024-01-17T09:15:00+05:30,2018.25,2046.6,2015.2,2039.5,676200
2024-01-17T13:15:00+05:30,2039,2040.4,2008.55,2022.8,712600
2024-01-18T09:15:00+05:30,2014.65,2031.25,1982.8,2017.95,1016400
2024-01-18T13:15:00+05:30,2018.1,2024.9,2011.3,2019.55,467250
2024-01-19T09:15:00+05:30,2032.2,2042.35,2016.6,2038.3,846650
2024-01-19T13:15:00+05:30,2038.3,2049.55,2024.1,2043.8,476000
2024-01-20T09:15:00+05:30,2042.1,2058.4,2002.95,2010.7,353850
2024-01-20T13:15:00+05:30,2013.9,2023.75,2001.45,2010.75,297500
2024-01-23T09:15:00+05:30,2010.75,2045,1994,1994,1686650
2024-01-23T13:15:00+05:30,1994,2009.8,1980.85,1995.65,991550
2024-01-24T09:15:00+05:30,1995.65,2008,1966.55,1997.6,1773800
2024-01-24T13:15:00+05:30,1997.6,2016,1992.2,2009,900900
2024-01-25T09:15:00+05:30,2058.9,2061.45,1945.1,1955.7,3533950
2024-01-25T13:15:00+05:30,1955.35,1963.7,1938,1962.1,1153600
2024-01-29T09:15:00+05:30,1954.05,1990.95,1944.15,1971.85,1526350
2024-01-29T13:15:00+05:30,1970.45,1989,1966.9,1974.75,663950
2024-01-30T09:15:00+05:30,1977.7,2003.85,1976.5,1997.9,589750
2024-01-30T13:15:00+05:30,1995.75,2011.9,1968.75,1975.9,668500
2024-01-31T09:15:00+05:30,1976.65,1997.05,1965.05,1993.9,774200
2024-01-31T13:15:00+05:30,1994.3,2014,1991.9,2009.65,543900
2024-02-01T09:15:00+05:30,2015.05,2033.95,1995.15,2015.5,726600
2024-02-01T13:15:00+05:30,2014.3,2016.95,2001.25,2014,374850
2024-02-02T09:15:00+05:30,2020.45,2057.45,2013.15,2048.35,931700
2024-02-02T13:15:00+05:30,2047.9,2056.1,2041,2051.45,368200
2024-02-05T09:15:00+05:30,2057.1,2090.5,2030,2033.15,950600
2024-02-05T13:15:00+05:30,2033.7,2034.95,2015.25,2031.75,382550
2024-02-06T09:15:00+05:30,2034,2075,2032,2060.25,477050
2024-02-06T13:15:00+05:30,2060.6,2064.85,2047.4,2060,329000
2024-02-07T09:15:00+05:30,2067.95,2076.75,2046.1,2074.35,366450
2024-02-07T13:15:00+05:30,2073.45,2085,2072.7,2075.6,324800
2024-02-08T09:15:00+05:30,2071.35,2078.5,2035.8,2050.85,424200
2024-02-08T13:15:00+05:30,2051.5,2054.2,2033.9,2046,176750
2024-02-09T09:15:00+05:30,2045.2,2045.2,2010,2033,422450
2024-02-09T13:15:00+05:30,2033.15,2048.9,2021.9,2048,204750
2024-02-12T09:15:00+05:30,2057.85,2060,2025.25,2040.95,424900
2024-02-12T13:15:00+05:30,2042.45,2054,2035.75,2047.2,192150
2024-02-13T09:15:00+05:30,2037.9,2068.45,2027.95,2041.6,489300
2024-02-13T13:15:00+05:30,2042,2057.05,2040.15,2050.85,193200
2024-02-14T09:15:00+05:30,2040.05,2073.4,2030,2053.05,470750
2024-02-14T13:15:00+05:30,2053.05,2106.4,2053.05,2106.4,649250
2024-02-15T09:15:00+05:30,2096.15,2120,2061.1,2078.65,833350
2024-02-15T13:15:00+05:30,2078.5,2099,2078.5,2093.4,371000
2024-02-16T09:15:00+05:30,2100,2188,2097.75,2184.2,2786350
2024-02-16T13:15:00+05:30,2174.1,2180.45,2142.15,2147,873600
2024-02-19T09:15:00+05:30,2149.1,2167,2098,2131,1277500
2024-02-19T13:15:00+05:30,2132,2135.85,2124.25,2126.6,339500
2024-02-20T09:15:00+05:30,2116.9,2136.1,2099,2123.45,710500
2024-02-20T13:15:00+05:30,2123.45,2124.7,2108.7,2121.85,204050
2024-02-21T09:15:00+05:30,2098.4,2138.8,2098.4,2114.2,336350
2024-02-21T13:15:00+05:30,2115,2121.65,2086.2,2096,424200
2024-02-22T09:15:00+05:30,2100.45,2125.35,2088.15,2104.2,299950
2024-02-22T13:15:00+05:30,2104.2,2133.5,2104.2,2133.5,485800
2024-02-23T09:15:00+05:30,2133.5,2143.1,2117.5,2134.35,485100
2024-02-23T13:15:00+05:30,2134.35,2135.55,2110,2110.35,297850
2024-02-26T09:15:00+05:30,2115.65,2158,2092,2152.9,1125950
2024-02-26T13:15:00+05:30,2153.6,2165.8,2149.85,2158.95,679000
2024-02-27T09:15:00+05:30,2160.4,2167.25,2132.75,2149.4,1087800
2024-02-27T13:15:00+05:30,2150.85,2150.85,2128.15,2139.35,537600
2024-02-28T09:15:00+05:30,2139.35,2139.35,2073.25,2085.95,1179500
2024-02-28T13:15:00+05:30,2085.95,2103.7,2084.6,2088,546000
2024-02-29T09:15:00+05:30,2094.2,2128.85,2089.05,2104,1597050
2024-02-29T13:15:00+05:30,2104,2154.35,2097.8,2145.55,2102100
2024-03-01T09:15:00+05:30,2154.45,2179.5,2127,2133.85,1104600
2024-03-01T13:15:00+05:30,2133.3,2271.5,2133.3,2268.5,3825500
2024-03-02T09:15:00+05:30,2264.7,2277.6,2246.6,2257.05,359800
2024-03-04T09:15:00+05:30,2257.4,2268.7,2234,2260.8,976500
2024-03-04T13:15:00+05:30,2260.55,2262,2221.95,2238.45,740600
2024-03-05T09:15:00+05:30,2221.95,2278.3,2221.95,2270,1282400
2024-03-05T13:15:00+05:30,2270,2283.95,2268.25,2275,601300
2024-03-06T09:15:00+05:30,2276.3,2290,2237.6,2248.7,1430100
2024-03-06T13:15:00+05:30,2247,2285.55,2243.3,2282.2,496650
2024-03-07T09:15:00+05:30,2288.75,2312.25,2265.2,2295.45,915600
2024-03-07T13:15:00+05:30,2295.6,2300.7,2261.05,2263.1,626500
2024-03-11T09:15:00+05:30,2263.25,2302.2,2257.5,2269.9,688450
2024-03-11T13:15:00+05:30,2269,2276.95,2255,2260.8,397600
2024-03-12T09:15:00+05:30,2309,2309,2232.1,2247.15,558250
2024-03-12T13:15:00+05:30,2249,2259.8,2236.45,2247.45,331450
2024-03-13T09:15:00+05:30,2240.75,2254,2163.85,2170.95,1111950
2024-03-13T13:15:00+05:30,2170.55,2174,2128.6,2138,759500
2024-03-14T09:15:00+05:30,2121.65,2172.65,2110.45,2151.6,725200
2024-03-14T13:15:00+05:30,2153.5,2203.4,2121.1,2151,1063650
2024-03-15T09:15:00+05:30,2156.05,2156.3,2066.6,2081,1250900
2024-03-15T13:15:00+05:30,2079.45,2092,2058.05,2064.85,761250
2024-03-18T09:15:00+05:30,2063.05,2067.9,2018,2018.2,947100
2024-03-18T13:15:00+05:30,2018.15,2036.9,2012.7,2035.1,618100
2024-03-19T09:15:00+05:30,2038.4,2054.75,2016,2053.8,856800
2024-03-19T13:15:00+05:30,2053.8,2063.95,2041.5,2053.7,530250
2024-03-20T09:15:00+05:30,2060,2109.8,2012.05,2053.8,2202550
2024-03-20T13:15:00+05:30,2053,2053.2,2033.45,2042.4,461650
2024-03-21T09:15:00+05:30,2070.5,2083,2030,2048,975450
2024-03-21T13:15:00+05:30,2045.95,2068.25,2043,2065.75,541100
2024-03-22T09:15:00+05:30,2076.7,2090.85,2041.95,2088.15,1239700
2024-03-22T13:15:00+05:30,2088.15,2092,2055.05,2058.1,542150
2024-03-26T09:15:00+05:30,2058.1,2091,2037,2091,1621550
2024-03-26T13:15:00+05:30,2091,2095,2080.5,2092,509250
2024-03-27T09:15:00+05:30,2085.15,2136.95,2085.15,2121.65,1178800
2024-03-27T13:15:00+05:30,2121.65,2134.1,2111.1,2123.05,552300
2024-03-28T09:15:00+05:30,2148,2169.75,2119.9,2169.55,1347150
2024-03-28T13:15:00+05:30,2168.95,2175,2159.25,2173.8,1644300
2024-04-01T09:15:00+05:30,2179,2203.95,2160.65,2162,764400
2024-04-01T13:15:00+05:30,2162.15,2171.95,2145,2160.9,474600
2024-04-02T09:15:00+05:30,2165,2176.95,2126.05,2170.25,1372700
2024-04-02T13:15:00+05:30,2169.95,2179,2161.55,2161.55,395850
2024-04-03T09:15:00+05:30,2155.5,2161.85,2138.55,2141.85,514150
2024-04-03T13:15:00+05:30,2141.55,2142.85,2115,2115.95,834750
2024-04-04T09:15:00+05:30,2117,2134.85,2079.15,2087.55,803600
2024-04-04T13:15:00+05:30,2087.55,2101.85,2081.3,2098.3,432600
2024-04-05T09:15:00+05:30,2090.3,2095.8,2069.3,2073.75,492100
2024-04-05T13:15:00+05:30,2073.9,2082,2070.5,2080.6,249200
2024-04-08T09:15:00+05:30,2093.9,2137.8,2079.9,2136.5,934500
2024-04-08T13:15:00+05:30,2137,2142,2123,2139.4,757400
2024-04-09T09:15:00+05:30,2142.6,2147.7,2119.95,2128.05,553000
2024-04-09T13:15:00+05:30,2127.7,2128.1,2104.15,2110.35,473200
2024-04-10T09:15:00+05:30,2109.85,2146.8,2095,2105.9,858200
2024-04-10T13:15:00+05:30,2106.55,2111,2100.4,2104.5,276500
2024-04-12T09:15:00+05:30,2090,2112.9,2071.1,2072.45,666400
2024-04-12T13:15:00+05:30,2072.1,2079.3,2042.6,2046.35,777350
2024-04-15T09:15:00+05:30,2046.35,2048,1991.2,2030.95,1021300
2024-04-15T13:15:00+05:30,2030.9,2035,2000.15,2001.05,621250
2024-04-16T09:15:00+05:30,1971.1,2006.7,1968.15,1969.45,925400
2024-04-16T13:15:00+05:30,1967.9,1988.25,1964.95,1978.6,675150
2024-04-18T09:15:00+05:30,1988.3,1993.3,1949,1972.7,1941800
2024-04-18T13:15:00+05:30,1972.6,1975.25,1933.2,1948.15,846650
2024-04-19T09:15:00+05:30,1921.55,1931.75,1884.5,1887.55,1668100
2024-04-19T13:15:00+05:30,1887,1906.95,1872.75,1894.15,880250
2024-04-22T09:15:00+05:30,1910.8,1928.35,1895.1,1926,1335950
2024-04-22T13:15:00+05:30,1926.4,1949.85,1924.85,1948.95,744800
2024-04-23T09:15:00+05:30,1951,1951,1921,1938.4,1235150
2024-04-23T13:15:00+05:30,1938.4,1972,1938,1959.65,885850
2024-04-24T09:15:00+05:30,1959.65,1968.3,1945.05,1956,1027950
2024-04-24T13:15:00+05:30,1956,1971.45,1954.7,1965,1080100
2024-04-25T09:15:00+05:30,1972.75,2017,1966.35,2010,2135000
2024-04-25T13:15:00+05:30,2009.95,2033,2003.05,2028.2,1681750
2024-04-26T09:15:00+05:30,2029.95,2051.9,2012.6,2047,743050
2024-04-26T13:15:00+05:30,2046.4,2057.1,2032.6,2036.1,449400
2024-04-29T09:15:00+05:30,2046.65,2053.95,2028.45,2048.35,525350
2024-04-29T13:15:00+05:30,2048.75,2055.95,2043.05,2047.3,427000
2024-04-30T09:15:00+05:30,2059.85,2117.95,2055.65,2086.35,1463000
2024-04-30T13:15:00+05:30,2086.5,2094.8,2071.55,2084.2,430500
2024-05-02T09:15:00+05:30,2109.7,2138,2082.1,2097.6,1800050
2024-05-02T13:15:00+05:30,2097.6,2104,2086.85,2098.95,816900
2024-05-03T09:15:00+05:30,2102.7,2105,2060.3,2064.85,667450
2024-05-03T13:15:00+05:30,2062.35,2074.65,2050.15,2074.65,329000
2024-05-06T09:15:00+05:30,2085.5,2085.7,2044.25,2072.9,622300
2024-05-06T13:15:00+05:30,2072.35,2076.95,2058.85,2070.6,233100
2024-05-07T09:15:00+05:30,2065.45,2069.1,1991.7,1995,947100
2024-05-07T13:15:00+05:30,1994.7,2006.8,1984.4,1987.9,424550
2024-05-08T09:15:00+05:30,1979.4,1984.25,1932,1977.5,1411200
2024-05-08T13:15:00+05:30,1977.35,2039.8,1965.15,2032.95,1628200
2024-05-09T09:15:00+05:30,2035,2136.45,2035,2087.8,7366800
2024-05-09T13:15:00+05:30,2087.5,2098.85,2070.4,2078,1183000
2024-05-10T09:15:00+05:30,2089.9,2097.95,2033,2063,2013200
2024-05-10T13:15:00+05:30,2063.8,2085.95,2060,2062.25,595000
2024-05-13T09:15:00+05:30,2068.05,2091.75,1983.05,2059.5,1981350
2024-05-13T13:15:00+05:30,2061.25,2079.9,2044.7,2064.85,757400
2024-05-14T09:15:00+05:30,2079.9,2136.4,2071,2128.9,1968400
2024-05-14T13:15:00+05:30,2127.7,2152,2122.6,2146,865900
2024-05-15T09:15:00+05:30,2150.25,2159.95,2092.5,2099.75,1226400
2024-05-15T13:15:00+05:30,2098.15,2117.4,2092,2105.1,471450
2024-05-16T09:15:00+05:30,2130.8,2140.45,2095.3,2115.6,805700
2024-05-16T13:15:00+05:30,2114.5,2138.95,2102.05,2132.8,528500
2024-05-17T09:15:00+05:30,2144.2,2178.4,2135.05,2173.95,1276100
2024-05-17T13:15:00+05:30,2174.85,2195.05,2168.8,2188.6,763700
2024-05-18T09:15:00+05:30,2197.95,2201.95,2184,2190,218050
2024-05-21T09:15:00+05:30,2194.1,2196.05,2143.6,2165,857500
2024-05-21T13:15:00+05:30,2164.95,2166.6,2151.35,2155.1,289100
2024-05-22T09:15:00+05:30,2155.1,2171,2123.65,2128.25,726600
2024-05-22T13:15:00+05:30,2127.95,2147,2125.85,2144.35,400400
2024-05-23T09:15:00+05:30,2144.95,2172.95,2135.15,2167.25,510300
2024-05-23T13:15:00+05:30,2167.25,2187.6,2164.7,2180.8,478450
2024-05-24T09:15:00+05:30,2175.95,2241.05,2156,2227.5,1410500
2024-05-24T13:15:00+05:30,2228,2256.5,2226.25,2242,1060500
2024-05-27T09:15:00+05:30,2256.35,2265.65,2211.5,2257.7,1796200
2024-05-27T13:15:00+05:30,2257.7,2258.55,2243.9,2248.2,881300
2024-05-28T09:15:00+05:30,2248.2,2271.15,2228,2252.4,2586850
2024-05-28T13:15:00+05:30,2252.4,2258,2243.5,2249.75,755300
2024-05-29T09:15:00+05:30,2249.75,2251,2221.6,2251,1229550
2024-05-29T13:15:00+05:30,2251,2261.3,2248,2258.55,489650
2024-05-30T09:15:00+05:30,2257.8,2277.45,2243.8,2268.5,1542800
2024-05-30T13:15:00+05:30,2268.5,2270.6,2238.5,2251.95,924000
2024-05-31T09:15:00+05:30,2276.9,2276.9,2180.05,2191.55,1821400
2024-05-31T13:15:00+05:30,2192,2209.8,2165.95,2208.3,1125950
2024-06-03T09:15:00+05:30,2268,2273.85,2217.6,2254.8,1531950
2024-06-03T13:15:00+05:30,2254.75,2267.95,2250,2264.9,536200
2024-06-04T09:15:00+05:30,2245,2261.95,2074.25,2194,1839600
2024-06-04T13:15:00+05:30,2194.95,2242.65,2185.25,2227,792050
2024-06-05T09:15:00+05:30,2226.45,2361.75,2207.7,2324.45,2380000
2024-06-05T13:15:00+05:30,2324.3,2381.35,2321.05,2350,1176350
2024-06-06T09:15:00+05:30,2366.35,2411.6,2345.2,2383.15,1967350
2024-06-06T13:15:00+05:30,2384.85,2418.55,2384.85,2398.6,1001350
2024-06-07T09:15:00+05:30,2400.65,2434.65,2392.85,2412,821800
2024-06-07T13:15:00+05:30,2412.95,2414.75,2403,2406,643300
2024-06-10T09:15:00+05:30,2423,2446.05,2414,2434.5,1373050
2024-06-10T13:15:00+05:30,2434.4,2445,2427.5,2440,957600
2024-06-11T09:15:00+05:30,2445.05,2447.2,2423.2,2438.1,535850
2024-06-11T13:15:00+05:30,2439.7,2457,2439.55,2442.5,505750
2024-06-12T09:15:00+05:30,2444,2450.65,2418,2427.45,882000
2024-06-12T13:15:00+05:30,2427.6,2432.45,2419.3,2420.05,376250
2024-06-13T09:15:00+05:30,2428.3,2461.55,2423,2460,700000
2024-06-13T13:15:00+05:30,2460.85,2468,2441.5,2447.1,464100
2024-06-14T09:15:00+05:30,2457,2522.25,2442.1,2512.85,1386700
2024-06-14T13:15:00+05:30,2513.65,2520.4,2492.7,2494.1,716450
2024-06-18T09:15:00+05:30,2505,2505,2457.25,2476.9,1109500
2024-06-18T13:15:00+05:30,2474.95,2483.65,2460.15,2476.2,883050
2024-06-19T09:15:00+05:30,2468.05,2480.8,2448,2454.95,1074850
2024-06-19T13:15:00+05:30,2456.5,2456.9,2436.15,2442.6,426650
2024-06-20T09:15:00+05:30,2429.15,2453.3,2393.3,2403,878150
2024-06-20T13:15:00+05:30,2404.9,2436,2397,2435.05,696150
2024-06-21T09:15:00+05:30,2434,2466.65,2424.7,2441.4,840350
2024-06-21T13:15:00+05:30,2441,2451.25,2422.95,2422.95,532700
2024-06-24T09:15:00+05:30,2422.95,2456.75,2422.05,2448,1516550
2024-06-24T13:15:00+05:30,2448,2448.35,2439.05,2439.45,570850
2024-06-25T09:15:00+05:30,2439.3,2479.85,2414.35,2433.65,2427600
2024-06-25T13:15:00+05:30,2433.65,2445.25,2407.15,2415.85,908950
2024-06-26T09:15:00+05:30,2410,2410,2356.3,2371.45,1380750
2024-06-26T13:15:00+05:30,2371.45,2387.05,2362.2,2385.75,972650
2024-06-27T09:15:00+05:30,2387.45,2415.05,2375.05,2380.9,1678600
2024-06-27T13:15:00+05:30,2380.9,2384.6,2351.3,2363.2,2315600
2024-06-28T09:15:00+05:30,2368.9,2375.1,2343.65,2354,637700
2024-06-28T13:15:00+05:30,2354,2384.95,2354,2371.95,506100
2024-07-01T09:15:00+05:30,2369.2,2398,2353.1,2387.6,710850
2024-07-01T13:15:00+05:30,2387.4,2387.5,2363.4,2369.8,273350
2024-07-02T09:15:00+05:30,2345,2378.4,2320,2334.3,1399650
2024-07-02T13:15:00+05:30,2332.2,2356.2,2330.3,2346,300650
2024-07-03T09:15:00+05:30,2335.15,2379,2316.9,2322.5,1047200
2024-07-03T13:15:00+05:30,2323,2327.5,2308.5,2324.6,702800
2024-07-04T09:15:00+05:30,2360,2373.95,2328.5,2364.7,1376550
2024-07-04T13:15:00+05:30,2363.25,2405.95,2363.25,2380.75,1109850
2024-07-05T09:15:00+05:30,2387.7,2432.4,2383.05,2423,2449300
2024-07-05T13:15:00+05:30,2423,2445.5,2419.1,2432.15,1492050
2024-07-08T09:15:00+05:30,2442,2448.1,2394,2420.7,911400
2024-07-08T13:15:00+05:30,2420.7,2422.85,2395.4,2408.65,477400
2024-07-09T09:15:00+05:30,2412.95,2445.35,2401.9,2435.45,987000
2024-07-09T13:15:00+05:30,2435,2450.35,2425.45,2439,718200
2024-07-10T09:15:00+05:30,2446.4,2479.95,2408.3,2449.95,1463000
2024-07-10T13:15:00+05:30,2449.5,2464.65,2431.2,2442.5,507850
2024-07-11T09:15:00+05:30,2442.35,2494.4,2442.35,2469.15,1201200
2024-07-11T13:15:00+05:30,2468.25,2483,2459.05,2478.4,581000
2024-07-12T09:15:00+05:30,2475.6,2489.65,2427.65,2445,687050
2024-07-12T13:15:00+05:30,2446,2462.9,2441.2,2444.95,623350
2024-07-15T09:15:00+05:30,2451.65,2457.95,2429.95,2455.25,379400
2024-07-15T13:15:00+05:30,2454.7,2462,2442.3,2460,237300
2024-07-16T09:15:00+05:30,2457.15,2473.35,2445.65,2469.95,352100
2024-07-16T13:15:00+05:30,2470.05,2481.4,2458.55,2464.4,350700
2024-07-18T09:15:00+05:30,2459.8,2465.8,2388.25,2396.65,968450
2024-07-18T13:15:00+05:30,2397,2422.05,2392.7,2421.8,596400
2024-07-19T09:15:00+05:30,2417.7,2418.4,2372.35,2386.6,754950
2024-07-19T13:15:00+05:30,2386.55,2405.55,2375.85,2402.4,614600
2024-07-22T09:15:00+05:30,2402.4,2443.45,2368.4,2401.1,1516200
2024-07-22T13:15:00+05:30,2401.1,2429.9,2401.1,2421.2,854700
2024-07-23T09:15:00+05:30,2443.8,2465.55,2342.4,2437,1965950
2024-07-23T13:15:00+05:30,2437,2489.35,2419,2472.8,1419250
2024-07-24T09:15:00+05:30,2472.85,2479.8,2443.95,2445.7,96250
2024-07-24T13:15:00+05:30,2447.75,2447.75,2446.15,2446.15,6650
2024-07-25T09:15:00+05:30,2426.25,2476.25,2426.25,2466.1,1276450
2024-07-25T13:15:00+05:30,2465,2471.2,2458.6,2459.55,803600
2024-07-26T09:15:00+05:30,2455.5,2545,2455.45,2522.35,1641850
2024-07-26T13:15:00+05:30,2521.4,2530.75,2509,2527,767200
2024-07-29T09:15:00+05:30,2532,2555,2483,2498.35,979300
2024-07-29T13:15:00+05:30,2496.1,2507.9,2496.1,2504.7,260400
2024-07-30T09:15:00+05:30,2491.8,2528.85,2489.15,2512.1,757050
2024-07-30T13:15:00+05:30,2512,2522.45,2505.8,2513.5,274050
2024-07-31T09:15:00+05:30,2505.25,2574.9,2505.25,2560.9,1724800
2024-07-31T13:15:00+05:30,2560.9,2568.6,2543.15,2555,508900
2024-08-01T09:15:00+05:30,2552.95,2612.5,2532,2603.3,3008600
2024-08-01T13:15:00+05:30,2603.3,2606.9,2575.5,2585.85,1388100
2024-08-02T09:15:00+05:30,2575.45,2590.75,2532.8,2572.5,1075900
2024-08-02T13:15:00+05:30,2572.5,2594.2,2562.5,2575,656600
2024-08-05T09:15:00+05:30,2545.2,2563.45,2469.55,2480.7,1904000
2024-08-05T13:15:00+05:30,2480.95,2519.9,2465,2491.7,609700
2024-08-06T09:15:00+05:30,2511,2536.15,2495.1,2521.8,769300
2024-08-06T13:15:00+05:30,2521.8,2531.85,2433.7,2483.65,2829400
2024-08-07T09:15:00+05:30,2534.65,2629.05,2534.65,2580.65,3118150
2024-08-07T13:15:00+05:30,2580.95,2593.95,2573.8,2590,862750
2024-08-08T09:15:00+05:30,2604.95,2604.95,2517,2537.4,1133300
2024-08-08T13:15:00+05:30,2537,2549.1,2531.05,2541.55,287350
2024-08-09T09:15:00+05:30,2575.3,2595.95,2547.3,2590.1,834050
2024-08-09T13:15:00+05:30,2590.05,2601.2,2586.4,2590,499800
2024-08-12T09:15:00+05:30,2575.6,2584.5,2546.1,2572.8,630700
2024-08-12T13:15:00+05:30,2573.1,2587,2568.5,2573.25,481250
2024-08-13T09:15:00+05:30,2563.1,2650,2553,2631.35,1809500
2024-08-13T13:15:00+05:30,2632,2656.75,2630.2,2640.65,954450
2024-08-14T09:15:00+05:30,2650.05,2656.3,2602.05,2606,1194550
2024-08-14T13:15:00+05:30,2606.3,2614.5,2602,2605.5,570150
2024-08-16T09:15:00+05:30,2617.85,2621.9,2574,2599.3,846650
2024-08-16T13:15:00+05:30,2599.85,2615.7,2597.05,2614.95,538300
2024-08-19T09:15:00+05:30,2616.95,2629,2593.1,2615.65,586250
2024-08-19T13:15:00+05:30,2616.7,2620.35,2610,2618,190750
2024-08-20T09:15:00+05:30,2610.05,2650,2610,2638.3,537600
2024-08-20T13:15:00+05:30,2638.6,2649.35,2637.15,2640.15,333200
2024-08-21T09:15:00+05:30,2631,2634.6,2604.2,2628.6,381150
2024-08-21T13:15:00+05:30,2628.9,2640.4,2626.7,2635.2,288050
2024-08-22T09:15:00+05:30,2653.75,2722.15,2635.05,2698.75,1224650
2024-08-22T13:15:00+05:30,2699,2713.3,2693.5,2704,467250
2024-08-23T09:15:00+05:30,2755,2819.85,2750,2799.05,3422650
2024-08-23T13:15:00+05:30,2798.1,2800.95,2766.9,2770.5,857150
2024-08-26T09:15:00+05:30,2785.25,2791.55,2746.1,2759.15,1863050
2024-08-26T13:15:00+05:30,2758.2,2785.75,2758.2,2779.35,818300
2024-08-27T09:15:00+05:30,2791.75,2791.75,2751.15,2751.45,1351350
2024-08-27T13:15:00+05:30,2751.45,2761.3,2727.15,2746.75,962150
2024-08-28T09:15:00+05:30,2749.6,2760,2718.95,2740,1128050
2024-08-28T13:15:00+05:30,2740,2744.65,2729.85,2737.1,514150
2024-08-29T09:15:00+05:30,2754.6,2779.4,2738.05,2749.5,1605450
2024-08-29T13:15:00+05:30,2749.4,2781.4,2741,2781.4,964950
2024-08-30T09:15:00+05:30,2783.85,2802.6,2773.35,2784.75,1235150
2024-08-30T13:15:00+05:30,2784.75,2831.95,2777,2828.1,1370600
2024-09-02T09:15:00+05:30,2850,2874.95,2797,2804.35,1703450
2024-09-02T13:15:00+05:30,2804.4,2811.95,2799.1,2806.9,553000
2024-09-03T09:15:00+05:30,2816.95,2816.95,2792.8,2806.3,864850
2024-09-03T13:15:00+05:30,2806.3,2809.85,2796.05,2799.2,417900
2024-09-04T09:15:00+05:30,2798.05,2800,2749.95,2770.9,584850
2024-09-04T13:15:00+05:30,2770.9,2795.9,2770.9,2790,353500
2024-09-05T09:15:00+05:30,2795,2817.8,2774.8,2797,606200
2024-09-05T13:15:00+05:30,2797.85,2800.75,2763,2763,466550
2024-09-06T09:15:00+05:30,2763,2789.25,2738,2762.45,1156750
2024-09-06T13:15:00+05:30,2762,2767.25,2746,2759.4,366100
2024-09-09T09:15:00+05:30,2757,2760.6,2724.15,2744.95,635600
2024-09-09T13:15:00+05:30,2745.85,2774.9,2744.75,2769.65,350000
2024-09-10T09:15:00+05:30,2763.9,2792.95,2728,2770,467250
2024-09-10T13:15:00+05:30,2770.3,2776.3,2754,2761.05,308000
2024-09-11T09:15:00+05:30,2752.6,2790,2732.35,2782.05,591850
2024-09-11T13:15:00+05:30,2782.1,2783.75,2751,2768.9,397600
2024-09-12T09:15:00+05:30,2791.8,2818.65,2775.3,2809.95,1044750
2024-09-12T13:15:00+05:30,2809.95,2834.65,2804.3,2826.55,721350
2024-09-13T09:15:00+05:30,2827.8,2849,2823.8,2838.8,814800
2024-09-13T13:15:00+05:30,2838.35,2842.9,2829.1,2832.25,287350
2024-09-16T09:15:00+05:30,2832.25,2841.25,2813.3,2817.15,537950
2024-09-16T13:15:00+05:30,2815.9,2852.6,2814.1,2849.65,444150
2024-09-17T09:15:00+05:30,2847.05,2854.95,2792.05,2815.3,992600
2024-09-17T13:15:00+05:30,2814.5,2831,2812.5,2828.5,506450
2024-09-18T09:15:00+05:30,2823.5,2842,2797.1,2797.1,703850
2024-09-18T13:15:00+05:30,2797,2797.85,2778.35,2785,334950
2024-09-19T09:15:00+05:30,2785,2818.5,2751,2753.8,818650
2024-09-19T13:15:00+05:30,2751,2783.35,2736.1,2778,560700
2024-09-20T09:15:00+05:30,2770,2816.75,2755.95,2804.35,1054900
2024-09-20T13:15:00+05:30,2804.35,2828,2797,2823.45,738850
2024-09-23T09:15:00+05:30,2831.1,2881.1,2812.65,2847.7,1933050
2024-09-23T13:15:00+05:30,2847.7,2853,2838,2845.05,673750
2024-09-24T09:15:00+05:30,2837,2883.45,2832.3,2858,2149350
2024-09-24T13:15:00+05:30,2858.25,2870,2854.15,2862.75,810250
2024-09-25T09:15:00+05:30,2874.55,2891.85,2841.85,2843.4,2447200
2024-09-25T13:15:00+05:30,2843.3,2869.15,2842.1,2860,1276100
2024-09-26T09:15:00+05:30,2884.65,2891.65,2853.95,2878,1208550
2024-09-26T13:15:00+05:30,2878,2925.4,2877.45,2913,1581300
2024-09-27T09:15:00+05:30,2896.45,2928.5,2891,2919.3,626150
2024-09-27T13:15:00+05:30,2920.4,2976.35,2912.75,2958.85,1300950
2024-09-30T09:15:00+05:30,2951.7,2951.75,2859.3,2862.8,1670900
2024-09-30T13:15:00+05:30,2863,2875.5,2824.9,2868,1458100
2024-10-01T09:15:00+05:30,2889.2,2889.2,2833.45,2841.65,887250
2024-10-01T13:15:00+05:30,2844.95,2884.2,2844.95,2866.95,1174950
2024-10-03T09:15:00+05:30,2784.3,2823.5,2757.3,2757.3,1759800
2024-10-03T13:15:00+05:30,2759.2,2759.55,2740.5,2750,557200
2024-10-04T09:15:00+05:30,2755,2769,2704.55,2709.2,1137500
2024-10-04T13:15:00+05:30,2711.55,2712.8,2679,2705.15,1002050
2024-10-07T09:15:00+05:30,2718.65,2726.4,2643.05,2653.65,1102500
2024-10-07T13:15:00+05:30,2656.1,2669.6,2635.95,2647,603400
2024-10-08T09:15:00+05:30,2649.1,2745,2642.7,2743.4,1435000
2024-10-08T13:15:00+05:30,2740,2757.9,2727.5,2753.55,853650
2024-10-09T09:15:00+05:30,2755.15,2813.2,2736.95,2803.65,1195600
2024-10-09T13:15:00+05:30,2800.65,2808.6,2780,2784.4,531300
2024-10-10T09:15:00+05:30,2783.05,2839.7,2775.05,2805.55,1193150
2024-10-10T13:15:00+05:30,2805.4,2816.65,2797.2,2802.1,355950
2024-10-11T09:15:00+05:30,2793.35,2807.4,2780.05,2805.3,353500
2024-10-11T13:15:00+05:30,2806,2814.25,2795.35,2808.9,343350
2024-10-14T09:15:00+05:30,2806,2838.95,2801.8,2815,716450
2024-10-14T13:15:00+05:30,2814,2852.4,2814,2841,612500
2024-10-15T09:15:00+05:30,2842.55,2854.85,2812.55,2832.55,593950
2024-10-15T13:15:00+05:30,2832.15,2851,2831.4,2836,409500
2024-10-16T09:15:00+05:30,2830.7,2837.1,2776.8,2784.35,905100
2024-10-16T13:15:00+05:30,2785.85,2795,2763.55,2776.95,497350
2024-10-17T09:15:00+05:30,2745.7,2757.8,2606.25,2711.3,4437300
2024-10-17T13:15:00+05:30,2712.45,2712.45,2680,2687.95,946750
2024-10-18T09:15:00+05:30,2676.35,2765,2640.8,2726.65,1314250
2024-10-18T13:15:00+05:30,2727.55,2740.95,2722.55,2731,304150
2024-10-21T09:15:00+05:30,2727.05,2766,2676.25,2737.3,1299550
2024-10-21T13:15:00+05:30,2738.5,2761,2734.65,2753.7,538300
2024-10-22T09:15:00+05:30,2758.4,2758.4,2692,2697.1,807800
2024-10-22T13:15:00+05:30,2696,2707,2663.2,2671.05,565950
2024-10-23T09:15:00+05:30,2671.05,2779.9,2657.4,2760.8,3774750
2024-10-23T13:15:00+05:30,2760,2760,2488.9,2587.15,7504350
2024-10-24T09:15:00+05:30,2631,2652.45,2488,2496.65,4938500
2024-10-24T13:15:00+05:30,2494.5,2506,2482.5,2488.25,1177050
2024-10-25T09:15:00+05:30,2490.95,2496.3,2380.3,2395.05,2153200
2024-10-25T13:15:00+05:30,2394.15,2456.8,2389.7,2443.9,921550
2024-10-28T09:15:00+05:30,2441,2476,2414.2,2466.85,1432900
2024-10-28T13:15:00+05:30,2466.75,2482.95,2458.55,2463.3,1023050
2024-10-29T09:15:00+05:30,2458.55,2472.25,2415,2432.75,1988700
2024-10-29T13:15:00+05:30,2432.75,2456.1,2422.75,2451.15,1100400
2024-10-30T09:15:00+05:30,2451.15,2498,2432.75,2482,1720950
2024-10-30T13:15:00+05:30,2482,2482,2455,2459.85,1230950
2024-10-31T09:15:00+05:30,2458.6,2503.45,2458.6,2486,2017750
2024-10-31T13:15:00+05:30,2487.85,2510,2476.85,2498.95,974750
2024-11-01T18:00:00+05:30,2520,2575,2503.6,2516,283500
2024-11-04T09:15:00+05:30,2522,2525,2410.65,2422.25,1082900
2024-11-04T13:15:00+05:30,2421.45,2441.65,2414.2,2424.05,453600
2024-11-05T09:15:00+05:30,2425.1,2464.95,2410.1,2436.7,690200
2024-11-05T13:15:00+05:30,2438,2477,2432.9,2474,455000
2024-11-06T09:15:00+05:30,2489.75,2520,2473.25,2494,1005550
2024-11-06T13:15:00+05:30,2495.35,2507.75,2483.25,2501.95,598150
2024-11-07T09:15:00+05:30,2487.1,2511.7,2455.65,2485.45,577850
2024-11-07T13:15:00+05:30,2484.8,2494.5,2472.45,2479.95,526050
2024-11-08T09:15:00+05:30,2473.1,2499,2455.7,2487.2,511700
2024-11-08T13:15:00+05:30,2485.75,2490.7,2469.05,2474.85,251650
2024-11-11T09:15:00+05:30,2461.25,2504.25,2446.6,2479.85,525000
2024-11-11T13:15:00+05:30,2478.95,2480.25,2461.05,2472.15,256200
2024-11-12T09:15:00+05:30,2480.5,2492.25,2453.85,2472,446250
2024-11-12T13:15:00+05:30,2469.75,2475.05,2440,2440,477750
2024-11-13T09:15:00+05:30,2420.5,2436.3,2373.6,2385.6,1259300
2024-11-13T13:15:00+05:30,2382.85,2399.3,2366.05,2395.3,421050
2024-11-14T09:15:00+05:30,2390.85,2421,2366,2407.8,529900
2024-11-14T13:15:00+05:30,2408.15,2413.35,2395.1,2405.05,205800
2024-11-18T09:15:00+05:30,2396,2444.5,2396,2431.4,675150
2024-11-18T13:15:00+05:30,2431.4,2436,2411.55,2415.15,323400
2024-11-19T09:15:00+05:30,2415.15,2473.4,2415.15,2462.95,732550
2024-11-19T13:15:00+05:30,2463.65,2473.6,2424.15,2426.95,506450
2024-11-21T09:15:00+05:30,2449.9,2449.9,2393.8,2403.75,723800
2024-11-21T13:15:00+05:30,2403.75,2415,2384.85,2396.1,366100
2024-11-22T09:15:00+05:30,2395.1,2417,2364.95,2412.25,1018850
2024-11-22T13:15:00+05:30,2412.5,2429.9,2408,2417.85,363300
2024-11-25T09:15:00+05:30,2444,2488.8,2444,2476.7,2159850
2024-11-25T13:15:00+05:30,2476.7,2480.85,2451,2465.9,1197350
2024-11-26T09:15:00+05:30,2450.2,2461.15,2409.95,2433,2632700
2024-11-26T13:15:00+05:30,2433,2435.25,2421,2422.6,837900
2024-11-27T09:15:00+05:30,2422.6,2439.75,2407.6,2433.45,1636250
2024-11-27T13:15:00+05:30,2433.45,2437.9,2422.55,2432.05,948150
2024-11-28T09:15:00+05:30,2459,2473.9,2426.5,2429.7,1685600
2024-11-28T13:15:00+05:30,2429.7,2442,2418.6,2428.95,1175300
2024-11-29T09:15:00+05:30,2408.45,2458.25,2408.45,2445.25,588000
2024-11-29T13:15:00+05:30,2445.25,2459,2441.7,2451.6,450800
2024-12-02T09:15:00+05:30,2459.4,2496.6,2459.35,2485.3,1678950
2024-12-02T13:15:00+05:30,2485.95,2505,2481.15,2501.5,562450
2024-12-03T09:15:00+05:30,2505.5,2580,2505.5,2535,1751400
2024-12-03T13:15:00+05:30,2535.55,2570,2532.2,2560,745150
2024-12-04T09:15:00+05:30,2567.9,2571.25,2509.9,2529.35,951300
2024-12-04T13:15:00+05:30,2529.4,2536.7,2521.1,2525.3,312900
2024-12-05T09:15:00+05:30,2525.3,2530,2477.5,2511.35,682500
2024-12-05T13:15:00+05:30,2513.1,2527.6,2503,2521.55,415800
2024-12-06T09:15:00+05:30,2514.6,2545.6,2506.8,2530.75,1030750
2024-12-06T13:15:00+05:30,2531.65,2536.15,2525,2529.5,253050
2024-12-09T09:15:00+05:30,2525.3,2543.1,2515.55,2519.4,340200
2024-12-09T13:15:00+05:30,2519.8,2519.8,2493.4,2504.9,295400
2024-12-10T09:15:00+05:30,2509.7,2527,2496,2510.8,331450
2024-12-10T13:15:00+05:30,2512,2527.15,2511.65,2522.7,314650
2024-12-11T09:15:00+05:30,2525.1,2539,2521.95,2529.4,409500
2024-12-11T13:15:00+05:30,2529.05,2546.7,2524,2542,335300
2024-12-12T09:15:00+05:30,2539,2543.6,2503.1,2519.85,394450
2024-12-12T13:15:00+05:30,2520,2531.6,2516.65,2530,277200
2024-12-13T09:15:00+05:30,2511.45,2526,2466.85,2517.35,967050
2024-12-13T13:15:00+05:30,2517.5,2534.55,2511.6,2532.05,305900
2024-12-16T09:15:00+05:30,2528.4,2541.75,2514.15,2520.35,365050
2024-12-16T13:15:00+05:30,2519.15,2539.15,2519.15,2536.25,268450
2024-12-17T09:15:00+05:30,2523.25,2528.7,2470.2,2486.95,793450
2024-12-17T13:15:00+05:30,2486.15,2486.8,2445,2446,753900
2024-12-18T09:15:00+05:30,2444.95,2486.5,2438.2,2478.7,892850
2024-12-18T13:15:00+05:30,2478.65,2489.85,2473.25,2481.15,462700
2024-12-19T09:15:00+05:30,2402.55,2472.65,2402.55,2454.4,597450
2024-12-19T13:15:00+05:30,2453.9,2467,2443.5,2453.7,520800
2024-12-20T09:15:00+05:30,2462,2468.5,2417.8,2421.65,1136100
2024-12-20T13:15:00+05:30,2421.25,2432.4,2381,2389.15,987700
2024-12-23T09:15:00+05:30,2389.15,2423,2382.55,2394.75,2262050
2024-12-23T13:15:00+05:30,2394.75,2403,2382.2,2382.2,941500
2024-12-24T09:15:00+05:30,2382.2,2432.9,2373.4,2421.85,1721650
2024-12-24T13:15:00+05:30,2421.85,2436.55,2406.9,2426.15,657650
2024-12-26T09:15:00+05:30,2446.65,2468.25,2435.9,2460.35,1652700
2024-12-26T13:15:00+05:30,2460.35,2465,2441.1,2463,1054200
2024-12-27T09:15:00+05:30,2450.05,2508,2444.3,2448.05,828100
2024-12-27T13:15:00+05:30,2447.2,2464,2435.5,2441.1,372750
2024-12-30T09:15:00+05:30,2449.15,2449.15,2387,2401.05,857150
2024-12-30T13:15:00+05:30,2401.05,2402.7,2362.05,2388,1338750
2024-12-31T09:15:00+05:30,2369.8,2389.3,2360.75,2383.3,583100
2024-12-31T13:15:00+05:30,2384,2392.65,2380.85,2389.25,256200
2025-01-01T09:15:00+05:30,2380.05,2403,2364.55,2396.4,330750
2025-01-01T13:15:00+05:30,2397,2432.8,2390,2417,611450
2025-01-02T09:15:00+05:30,2420,2511.8,2418.6,2507.2,1608950
2025-01-02T13:15:00+05:30,2507.55,2523.8,2425.9,2523.8,2162300
2025-01-03T09:15:00+05:30,2531.75,2531.75,2482.05,2493.9,800450
2025-01-03T13:15:00+05:30,2494.05,2504,2491.1,2493.85,309400
2025-01-06T09:15:00+05:30,2470.3,2508.3,2441.95,2446.7,700700
2025-01-06T13:15:00+05:30,2446,2448.05,2412.95,2416.85,420700
2025-01-07T09:15:00+05:30,2420,2456.1,2396.05,2396.8,688800
2025-01-07T13:15:00+05:30,2396.3,2412,2378.5,2385,435750
2025-01-08T09:15:00+05:30,2395.4,2401.6,2356.95,2360.6,611450
2025-01-08T13:15:00+05:30,2359.15,2394.65,2355.7,2371.7,494550
2025-01-09T09:15:00+05:30,2408.9,2408.9,2322.75,2332.45,974400
2025-01-09T13:15:00+05:30,2332.4,2344.3,2328.6,2343.55,447300
2025-01-10T09:15:00+05:30,2317.95,2341.75,2291.85,2306.8,665350
2025-01-10T13:15:00+05:30,2306.7,2310.5,2283.5,2297.2,460950
2025-01-13T09:15:00+05:30,2294.3,2297.25,2207.5,2212.65,1262450
2025-01-13T13:15:00+05:30,2214.1,2214.1,2181.15,2189,643650
2025-01-14T09:15:00+05:30,2217.15,2273.75,2200,2241.75,919100
2025-01-14T13:15:00+05:30,2241.75,2252,2235.85,2242.7,482300
2025-01-15T09:15:00+05:30,2275.8,2275.8,2238.6,2250.5,1031800
2025-01-15T13:15:00+05:30,2249.65,2266.4,2235,2259,978600
2025-01-16T09:15:00+05:30,2270.25,2316,2270.25,2280.5,1048250
2025-01-16T13:15:00+05:30,2280.15,2294.9,2278.05,2290.75,380450
2025-01-17T09:15:00+05:30,2277.1,2315.2,2263,2306.85,643300
2025-01-17T13:15:00+05:30,2307.35,2312,2298.6,2306,271950
2025-01-20T09:15:00+05:30,2309.95,2315,2252.3,2310.55,968800
2025-01-20T13:15:00+05:30,2313.25,2314.85,2296.35,2297.95,281400
2025-01-21T09:15:00+05:30,2309.9,2333.15,2299.7,2314,938000
2025-01-21T13:15:00+05:30,2313.1,2320.3,2285,2292.5,357000
2025-01-22T09:15:00+05:30,2292.4,2310.9,2260.8,2275.3,556850
2025-01-22T13:15:00+05:30,2275.25,2282.35,2247.3,2273.95,423150
2025-01-23T09:15:00+05:30,2263.1,2305,2252,2301.7,489300
2025-01-23T13:15:00+05:30,2300.6,2306.95,2296,2296.7,233450
2025-01-24T09:15:00+05:30,2292.15,2307.9,2263.7,2274.15,456050
2025-01-24T13:15:00+05:30,2274.4,2278.95,2257.75,2272.25,355250
2025-01-27T09:15:00+05:30,2272.25,2272.25,2229.55,2240.5,2478350
2025-01-27T13:15:00+05:30,2240.5,2246.15,2219,2237.75,914550
2025-01-28T09:15:00+05:30,2247.4,2310.75,2214.6,2260.2,3847900
2025-01-28T13:15:00+05:30,2260.05,2373.1,2257.65,2343.5,3148250
2025-01-29T09:15:00+05:30,2365.95,2541.25,2365.3,2497.7,3150700
2025-01-29T13:15:00+05:30,2497.7,2504.55,2453.55,2463,995750
2025-01-30T09:15:00+05:30,2467.55,2513.15,2452,2470.5,2160550
2025-01-30T13:15:00+05:30,2470.5,2479.4,2453.75,2464,1441650
2025-01-31T09:15:00+05:30,2504.05,2504.05,2455,2494.35,508900
2025-01-31T13:15:00+05:30,2496,2500.6,2460.85,2472.7,719950
2025-02-01T09:15:00+05:30,2455.1,2700,2450,2538.3,2110150
2025-02-01T13:15:00+05:30,2539.8,2585,2520,2563,1517250
2025-02-03T09:15:00+05:30,2565.95,2662,2538.75,2654,3419150
2025-02-03T13:15:00+05:30,2654,2666.5,2635.55,2658.05,1019200
2025-02-04T09:15:00+05:30,2659.95,2725,2652.6,2670.85,1580950
2025-02-04T13:15:00+05:30,2672.1,2687,2643.7,2655,605500
2025-02-05T09:15:00+05:30,2638.7,2662.8,2607.35,2633.65,720650
2025-02-05T13:15:00+05:30,2634.3,2636.4,2613.45,2624.05,326550
2025-02-06T09:15:00+05:30,2652.85,2652.85,2596.65,2616.35,509950
2025-02-06T13:15:00+05:30,2615.25,2621.7,2599,2606.3,322000
2025-02-07T09:15:00+05:30,2618.85,2642,2582.2,2615.7,826000
2025-02-07T13:15:00+05:30,2616.9,2631.1,2601,2607.6,244650
2025-02-10T09:15:00+05:30,2622.25,2622.25,2550.3,2556.2,661850
2025-02-10T13:15:00+05:30,2555.4,2571.8,2540,2562.2,373100
2025-02-11T09:15:00+05:30,2582.55,2582.55,2483.9,2486,599550
2025-02-11T13:15:00+05:30,2487.2,2505.35,2481.05,2501.1,331450
2025-02-12T09:15:00+05:30,2487.2,2501.5,2428.65,2494.25,1001350
2025-02-12T13:15:00+05:30,2495,2502.85,2479.35,2499.45,448700
2025-02-13T09:15:00+05:30,2499,2528.25,2483.05,2486.1,506450
2025-02-13T13:15:00+05:30,2485.05,2490,2463.95,2476.4,331450
2025-02-14T09:15:00+05:30,2478.35,2488.05,2386.2,2396.3,718900
2025-02-14T13:15:00+05:30,2395.9,2426.15,2375,2409.95,580650
2025-02-17T09:15:00+05:30,2391.35,2410.5,2358.15,2375.55,788900
2025-02-17T13:15:00+05:30,2374.6,2394,2359.05,2371.75,461650
2025-02-18T09:15:00+05:30,2371.75,2371.75,2341,2349.9,795200
2025-02-18T13:15:00+05:30,2352,2363.9,2349,2350.2,333900
2025-02-19T09:15:00+05:30,2340,2402.1,2329.5,2378.05,706300
2025-02-19T13:15:00+05:30,2377.15,2393.85,2363.45,2385.6,487550
2025-02-20T09:15:00+05:30,2384.8,2416.2,2347,2390.7,717150
2025-02-20T13:15:00+05:30,2390,2425,2390,2409.1,613200
2025-02-21T09:15:00+05:30,2409.1,2421,2312.45,2322.6,3306450
2025-02-21T13:15:00+05:30,2322.6,2344.6,2303.45,2326.95,1202950
2025-02-24T09:15:00+05:30,2299,2366.2,2269.65,2358.7,2919700
2025-02-24T13:15:00+05:30,2358.7,2374.75,2351.9,2362,1114400
2025-02-25T09:15:00+05:30,2370.7,2394.1,2346.6,2364.65,1818950
2025-02-25T13:15:00+05:30,2364.65,2374.45,2352.15,2352.15,998200
2025-02-27T09:15:00+05:30,2340.15,2374.45,2306.8,2313.2,2183300
2025-02-27T13:15:00+05:30,2313.2,2351.9,2309.1,2337.45,1510950
2025-02-28T09:15:00+05:30,2325.65,2325.65,2228.65,2233.35,788200
2025-02-28T13:15:00+05:30,2234.6,2242.1,2200.1,2238,729750
2025-03-03T09:15:00+05:30,2281.1,2339.8,2256.5,2300.35,1538600
2025-03-03T13:15:00+05:30,2302,2333.35,2292.35,2324.3,715750
2025-03-04T09:15:00+05:30,2294,2333.1,2261,2288.2,1037750
2025-03-04T13:15:00+05:30,2289,2304.95,2280,2293.9,502600
2025-03-05T09:15:00+05:30,2281.8,2347,2281.8,2328,792750
2025-03-05T13:15:00+05:30,2327.95,2339.95,2319.6,2339,319900
2025-03-06T09:15:00+05:30,2322.5,2359.5,2291.15,2314.8,644000
2025-03-06T13:15:00+05:30,2314.2,2323.3,2300.1,2317.5,495600
2025-03-07T09:15:00+05:30,2329.85,2357.7,2310,2322.55,743750
2025-03-07T13:15:00+05:30,2324.05,2346,2322.3,2335.4,314650
2025-03-10T09:15:00+05:30,2316.1,2335.95,2294.65,2297.7,510300
2025-03-10T13:15:00+05:30,2298,2298.65,2241.9,2244.7,539350
2025-03-11T09:15:00+05:30,2239.9,2280,2221.2,2267.8,1244250
2025-03-11T13:15:00+05:30,2265.75,2296.4,2262.95,2296.4,351400
2025-03-12T09:15:00+05:30,2271.05,2299.55,2237.8,2257.1,661850
2025-03-12T13:15:00+05:30,2257.25,2268.55,2251.9,2260,310800
2025-03-13T09:15:00+05:30,2262.55,2284.6,2246.15,2253.7,500150
2025-03-13T13:15:00+05:30,2253.75,2265.8,2246.25,2252.3,414050
2025-03-17T09:15:00+05:30,2276.95,2310.25,2261.8,2265.45,683200
2025-03-17T13:15:00+05:30,2266.5,2278.65,2255.45,2257.15,431900
2025-03-18T09:15:00+05:30,2228.55,2317.3,2228.55,2308,1099700
2025-03-18T13:15:00+05:30,2307.65,2326.75,2301.1,2310.75,711550
2025-03-19T09:15:00+05:30,2306.15,2334.9,2298.65,2323.9,636300
2025-03-19T13:15:00+05:30,2323.85,2328.85,2313.65,2318,308000
2025-03-20T09:15:00+05:30,2350.1,2350.1,2300.15,2343.15,871850
2025-03-20T13:15:00+05:30,2343.95,2348.2,2332.95,2336.4,393750
2025-03-21T09:15:00+05:30,2324.9,2439.65,2324.9,2433.55,1291150
2025-03-21T13:15:00+05:30,2433.55,2436.85,2403.5,2410.1,666050
2025-03-24T09:15:00+05:30,2433,2444.4,2381.45,2425,2743300
2025-03-24T13:15:00+05:30,2425,2444.65,2413.65,2430.85,1156050
2025-03-25T09:15:00+05:30,2430.85,2442.85,2399.35,2426.75,2581950
2025-03-25T13:15:00+05:30,2426.75,2427.65,2401.2,2404.75,998200
2025-03-26T09:15:00+05:30,2413.7,2436.5,2401.6,2428.05,1463350
2025-03-26T13:15:00+05:30,2428.05,2442.3,2414.6,2419.45,865200
2025-03-27T09:15:00+05:30,2457.75,2466.9,2407.45,2441,3173800
2025-03-27T13:15:00+05:30,2441,2474.9,2437.7,2468,1262450
2025-03-28T09:15:00+05:30,2467.35,2479.7,2432.9,2436.05,534450
2025-03-28T13:15:00+05:30,2435.2,2439.7,2408.8,2429.55,488600
2025-04-01T09:15:00+05:30,2440,2465.8,2401.9,2417.25,485100
2025-04-01T13:15:00+05:30,2414.5,2463.35,2414.5,2453.5,764400
2025-04-02T09:15:00+05:30,2461,2525.45,2451.3,2490.3,1257900
2025-04-02T13:15:00+05:30,2491.8,2508.75,2489.8,2500,245000
2025-04-03T09:15:00+05:30,2465.05,2489,2451.2,2481.4,489300
2025-04-03T13:15:00+05:30,2481.4,2509.3,2481.4,2485.5,458500
2025-04-04T09:15:00+05:30,2485,2503.45,2453,2490.1,649950
2025-04-04T13:15:00+05:30,2487.8,2493,2455.6,2462.95,308000
2025-04-07T09:15:00+05:30,2221.4,2399.05,2221.4,2332.1,1904700
2025-04-07T13:15:00+05:30,2331.4,2381.95,2330.7,2377.8,479500
2025-04-08T09:15:00+05:30,2398.95,2444.75,2362.5,2441.35,1177400
2025-04-08T13:15:00+05:30,2441.4,2451.95,2420,2442.55,575750
2025-04-09T09:15:00+05:30,2439.95,2489.2,2422.55,2476.9,1451450
2025-04-09T13:15:00+05:30,2478.95,2482.9,2464.85,2480.3,316750
2025-04-11T09:15:00+05:30,2507.45,2531.95,2497.55,2514.5,642250
2025-04-11T13:15:00+05:30,2515,2528,2504.9,2528,343000
2025-04-15T09:15:00+05:30,2576.2,2601.1,2550,2583,838250
2025-04-15T13:15:00+05:30,2584,2593.3,2569.7,2586.1,800450
2025-04-16T09:15:00+05:30,2585,2595.1,2571,2586.8,608300
2025-04-16T13:15:00+05:30,2586.2,2619,2580.7,2615,492100
2025-04-17T09:15:00+05:30,2607.6,2678.7,2604.1,2670,766850
2025-04-17T13:15:00+05:30,2670.9,2685.4,2669.2,2679.2,488950
2025-04-21T09:15:00+05:30,2679.2,2725,2664,2716,2715300
2025-04-21T13:15:00+05:30,2716,2738.2,2716,2728.6,756000
2025-04-22T09:15:00+05:30,2730,2764.6,2726.1,2736.9,1869700
2025-04-22T13:15:00+05:30,2736.9,2739.4,2722,2731,788200
2025-04-23T09:15:00+05:30,2731,2761,2714.9,2751.8,1142050
2025-04-23T13:15:00+05:30,2751.8,2818.7,2751,2808.3,1876700
2025-04-24T09:15:00+05:30,2825.9,2831,2779,2798.4,1875300
2025-04-24T13:15:00+05:30,2798.4,2800,2765.8,2794,1412950
2025-04-25T09:15:00+05:30,2808.4,2820,2705.1,2743.9,819700
2025-04-25T13:15:00+05:30,2742.8,2759.9,2734.3,2740.1,435400
2025-04-28T09:15:00+05:30,2746.3,2768.2,2718,2746,1192800
2025-04-28T13:15:00+05:30,2746.7,2865.4,2732.4,2782.2,3384150
2025-04-29T09:15:00+05:30,2777,2803,2687,2712.4,3540250
2025-04-29T13:15:00+05:30,2713.4,2721,2706.5,2711.8,519750
2025-04-30T09:15:00+05:30,2711.7,2711.7,2675,2679,828100
2025-04-30T13:15:00+05:30,2679,2689.6,2665.7,2673.9,696850
2025-05-02T09:15:00+05:30,2709.9,2766,2705.2,2736.6,1967350
2025-05-02T13:15:00+05:30,2736.6,2763.5,2720.3,2720.4,740950
2025-05-05T09:15:00+05:30,2737.3,2804.7,2735,2785.1,1109500
2025-05-05T13:15:00+05:30,2788,2798,2778.9,2791,489300
2025-05-06T09:15:00+05:30,2792,2839.8,2781.7,2796.8,1010800
2025-05-06T13:15:00+05:30,2796.7,2803.7,2770.9,2771.5,506800
2025-05-07T09:15:00+05:30,2760.2,2820.8,2760.2,2801.4,453950
2025-05-07T13:15:00+05:30,2801.5,2806,2791.8,2796.6,255150
2025-05-08T09:15:00+05:30,2828.6,2828.6,2765,2766.9,321650
2025-05-08T13:15:00+05:30,2769.1,2769.1,2691,2694.9,742000
2025-05-09T09:15:00+05:30,2655.1,2693.7,2653.1,2662.5,846650
2025-05-09T13:15:00+05:30,2661.9,2685,2645.4,2681.2,413000
2025-05-12T09:15:00+05:30,2726.9,2778,2726.9,2753.3,891800
2025-05-12T13:15:00+05:30,2754.3,2779.7,2752.5,2771,304850
2025-05-13T09:15:00+05:30,2788.6,2788.6,2718.7,2721.1,581000
2025-05-13T13:15:00+05:30,2720.9,2731.1,2703.7,2716.9,337050
2025-05-14T09:15:00+05:30,2741.7,2748.9,2694.3,2741,633150
2025-05-14T13:15:00+05:30,2739.9,2742,2729.5,2736.6,204050
2025-05-15T09:15:00+05:30,2739.4,2770,2712.7,2759.5,584150
2025-05-15T13:15:00+05:30,2758.7,2805.4,2753,2794.8,874300
2025-05-16T09:15:00+05:30,2799.4,2840,2781.4,2837,783300
2025-05-16T13:15:00+05:30,2835,2858.7,2831.3,2842.2,565950
2025-05-19T09:15:00+05:30,2858.7,2880,2831.9,2832.2,683900
2025-05-19T13:15:00+05:30,2832.1,2844.4,2820.8,2827.8,369250
2025-05-20T09:15:00+05:30,2828,2829.8,2776.1,2797.2,662200
2025-05-20T13:15:00+05:30,2796.6,2799.9,2755.7,2764.5,375900
2025-05-21T09:15:00+05:30,2763,2811.6,2744.6,2781.2,556150
2025-05-21T13:15:00+05:30,2784,2791.1,2771.2,2771.2,276850
2025-05-22T09:15:00+05:30,2789,2797.9,2719,2784.9,730100
2025-05-22T13:15:00+05:30,2785.3,2810.6,2781.9,2808.2,406350
2025-05-23T09:15:00+05:30,2828.2,2828.2,2785.4,2787.5,564900
2025-05-23T13:15:00+05:30,2787.1,2793.8,2782.2,2787,415100
2025-05-26T09:15:00+05:30,2780,2813.1,2758.9,2775.9,1677550
2025-05-26T13:15:00+05:30,2775.9,2790.5,2775.9,2779.1,802550
2025-05-27T09:15:00+05:30,2779.1,2804,2743.2,2802.3,2203950
2025-05-27T13:15:00+05:30,2802.3,2806,2783,2794.9,1639400
2025-05-28T09:15:00+05:30,2794.9,2809.5,2775.6,2791.3,1422050
2025-05-28T13:15:00+05:30,2792.1,2803.3,2790.6,2792.4,1199100
2025-05-29T09:15:00+05:30,2809,2846,2801.1,2824.1,1971550
2025-05-29T13:15:00+05:30,2824.3,2826,2811.1,2819.4,936250
2025-05-30T09:15:00+05:30,2796.1,2805.7,2743.7,2790.8,665700
2025-05-30T13:15:00+05:30,2791.2,2811.9,2780.2,2811.9,518000
2025-06-02T09:15:00+05:30,2805,2805,2732,2775,823550
2025-06-02T13:15:00+05:30,2774.9,2777,2764,2770.5,359800
2025-06-03T09:15:00+05:30,2772.3,2783.4,2746,2766.7,484400
2025-06-03T13:15:00+05:30,2767,2770.6,2751.3,2756,205800
2025-06-04T09:15:00+05:30,2756.1,2786.2,2755.9,2767.5,246750
2025-06-04T13:15:00+05:30,2768.9,2777.1,2759,2765.1,214550
2025-06-05T09:15:00+05:30,2765.1,2773.1,2711,2743,827750
2025-06-05T13:15:00+05:30,2744,2744,2722.8,2727.2,385350
2025-06-06T09:15:00+05:30,2737.2,2768.1,2719.1,2745.5,1089900
2025-06-06T13:15:00+05:30,2746.3,2770.5,2746,2758.3,352800
2025-06-09T09:15:00+05:30,2762.1,2775,2730.6,2750,652050
2025-06-09T13:15:00+05:30,2750,2763,2750,2756,238700
2025-06-10T09:15:00+05:30,2758.4,2775,2743.1,2753.9,408800
2025-06-10T13:15:00+05:30,2753.6,2765,2750.1,2751.7,207550
2025-06-11T09:15:00+05:30,2764.9,2820,2764.9,2779.7,1822100
2025-06-11T13:15:00+05:30,2778.6,2786.3,2773.5,2783,383950
2025-06-12T09:15:00+05:30,2802.7,2802.7,2757.3,2771.9,505400
2025-06-12T13:15:00+05:30,2771.9,2773.9,2733,2735,397600
2025-06-13T09:15:00+05:30,2730,2738,2651.4,2720.9,791000
2025-06-13T13:15:00+05:30,2720.6,2747.7,2720.6,2743.3,330750
2025-06-16T09:15:00+05:30,2745.7,2794,2724.2,2792.9,565250
2025-06-16T13:15:00+05:30,2793.2,2800,2787.2,2795.2,378000
2025-06-17T09:15:00+05:30,2810,2810,2777,2780.5,387800
2025-06-17T13:15:00+05:30,2780.4,2790,2774,2777,214550
2025-06-18T09:15:00+05:30,2771,2831.2,2766,2799,803250
2025-06-18T13:15:00+05:30,2799,2801.9,2780.3,2785.7,274750
2025-06-19T09:15:00+05:30,2784.5,2817.7,2776.6,2781.7,484400
2025-06-19T13:15:00+05:30,2780.4,2792.5,2773.9,2786,294700
2025-06-20T09:15:00+05:30,2789,2827.5,2753.4,2820.7,875000
2025-06-20T13:15:00+05:30,2820.5,2837.9,2810.1,2810.1,713300
2025-06-23T09:15:00+05:30,2808.9,2810,2765.4,2779.2,1748250
2025-06-23T13:15:00+05:30,2779.2,2785.7,2770.6,2779.2,1468250
2025-06-24T09:15:00+05:30,2800,2877,2799.4,2858.5,2189250
2025-06-24T13:15:00+05:30,2858.4,2861.6,2828,2838.9,1087450
2025-06-25T09:15:00+05:30,2838.9,2890.4,2835.7,2888.6,1822450
2025-06-25T13:15:00+05:30,2888.6,2919.7,2882.3,2910,1326850
2025-06-26T09:15:00+05:30,2929.9,2944,2902.9,2920,2546250
2025-06-26T13:15:00+05:30,2920.2,2932.1,2911.6,2923.2,761600
2025-06-27T09:15:00+05:30,2926.7,2964,2922.5,2950,953400
2025-06-27T13:15:00+05:30,2950,2956.4,2927.8,2927.8,1043700
2025-06-30T09:15:00+05:30,2936.9,2947.8,2876.4,2917.5,1367450
2025-06-30T13:15:00+05:30,2917.8,2933,2913,2920.6,429450
2025-07-01T09:15:00+05:30,2926,2944,2911.4,2929,776300
2025-07-01T13:15:00+05:30,2929,2929.5,2892.3,2903.5,1025150
2025-07-02T09:15:00+05:30,2905,2919.4,2889.3,2904.2,543900
2025-07-02T13:15:00+05:30,2901.5,2911.9,2891.6,2908.6,271600
2025-07-03T09:15:00+05:30,2927,2954.2,2914,2924.2,716450
2025-07-03T13:15:00+05:30,2925,2929.5,2906.4,2909.1,326200
2025-07-04T09:15:00+05:30,2909.9,2920,2860,2879.7,552650
2025-07-04T13:15:00+05:30,2879.7,2899.2,2876,2892,311850
2025-07-07T09:15:00+05:30,2893.3,2898,2872.3,2880.9,340200
2025-07-07T13:15:00+05:30,2880.5,2883.8,2871.7,2878.6,196350
2025-07-08T09:15:00+05:30,2883.2,2885.2,2807.6,2831.6,647500
2025-07-08T13:15:00+05:30,2832.2,2842,2822.3,2835.5,260750
2025-07-09T09:15:00+05:30,2836.5,2846.8,2826.9,2845.4,349650
2025-07-09T13:15:00+05:30,2845,2849.8,2838.2,2842.4,242900
2025-07-10T09:15:00+05:30,2822.6,2852.1,2822.6,2831,222600
2025-07-10T13:15:00+05:30,2830.5,2842.1,2825.1,2825.1,149450
2025-07-11T09:15:00+05:30,2820,2829.2,2763,2767.4,465850
2025-07-11T13:15:00+05:30,2768.9,2773.5,2753.1,2755,403550
2025-07-14T09:15:00+05:30,2754,2814.6,2748.6,2792,608650
2025-07-14T13:15:00+05:30,2792.4,2817.9,2788.7,2814,547750
2025-07-15T09:15:00+05:30,2811.4,2906.5,2809.2,2901.8,918400
2025-07-15T13:15:00+05:30,2900.7,2908,2879,2895.7,669900
2025-07-16T09:15:00+05:30,2884.4,2894.9,2866.6,2889.8,348600
2025-07-16T13:15:00+05:30,2889.9,2906.9,2887.7,2894.3,298550
2025-07-17T09:15:00+05:30,2898.9,2917,2883.4,2885.9,516250
2025-07-17T13:15:00+05:30,2885.6,2893.1,2885.5,2886.7,178850
2025-07-18T09:15:00+05:30,2895.8,2904.3,2860,2872.2,404950
2025-07-18T13:15:00+05:30,2871.6,2878.4,2856.5,2863.3,239750
2025-07-21T09:15:00+05:30,2860.2,2895,2847.2,2867.2,450450
2025-07-21T13:15:00+05:30,2866.2,2867.2,2841,2843.3,342300
2025-07-22T09:15:00+05:30,2841,2845,2795.9,2800.2,514850
2025-07-22T13:15:00+05:30,2800.9,2815.4,2796,2805.8,214550
2025-07-23T09:15:00+05:30,2817.6,2842.6,2799,2814.8,492450
2025-07-23T13:15:00+05:30,2811.1,2816,2802.8,2815.5,176050
2025-07-24T09:15:00+05:30,2824.8,2832.8,2785.5,2802,409150
2025-07-24T13:15:00+05:30,2803.1,2808.8,2796.6,2801,163450
2025-07-25T09:15:00+05:30,2782.4,2789.2,2732.9,2748.2,638750
2025-07-25T13:15:00+05:30,2748.3,2786.8,2744.1,2780.2,497350
2025-07-28T09:15:00+05:30,2780.2,2837.8,2761.7,2803.4,1637300
2025-07-28T13:15:00+05:30,2803.4,2832.4,2795.5,2811.4,968450
2025-07-29T09:15:00+05:30,2811.4,2829.5,2790.2,2799.8,1691900
2025-07-29T13:15:00+05:30,2799.8,2816.9,2796.6,2814.1,1078350
2025-07-30T09:15:00+05:30,2814.1,2824.5,2759.2,2761.7,1404200
2025-07-30T13:15:00+05:30,2761.7,2800.1,2755.8,2785.1,1065400
2025-07-31T09:15:00+05:30,2792.5,2832.3,2758.8,2829.2,1990100
2025-07-31T13:15:00+05:30,2831,2857.5,2780.8,2805.2,2550800
2025-08-01T09:15:00+05:30,2810,2896,2800,2864.8,3294200
2025-08-01T13:15:00+05:30,2866.9,2892,2859,2875,877450
2025-08-04T09:15:00+05:30,2895,2974.5,2889,2955,2512650
2025-08-04T13:15:00+05:30,2958.4,2958.4,2933,2938.6,941850
2025-08-05T09:15:00+05:30,2949.1,2980,2917,2971.8,1188250
2025-08-05T13:15:00+05:30,2972.9,2983.8,2967,2978,521150
2025-08-06T09:15:00+05:30,2978.9,2996.9,2942.4,2964.3,828800
2025-08-06T13:15:00+05:30,2963.1,2971,2953.9,2958.1,256550
2025-08-07T09:15:00+05:30,2960,2993.8,2937.7,2961.6,767550
2025-08-07T13:15:00+05:30,2963,3017.9,2947.4,3016,875000
2025-08-08T09:15:00+05:30,3012,3021.3,2985.6,2989.8,542150
2025-08-08T13:15:00+05:30,2991,2995.7,2968,2970.2,341600
2025-08-11T09:15:00+05:30,2984.9,2995.5,2961.4,2978.7,564900
2025-08-11T13:15:00+05:30,2978.8,2993.1,2975.3,2990.8,268100
2025-08-12T09:15:00+05:30,2990.1,3003.8,2971,2973.4,538300
2025-08-12T13:15:00+05:30,2973.3,2980.8,2965.4,2968.9,276850
2025-08-13T09:15:00+05:30,2975,3020,2942,2997.9,2063600
2025-08-13T13:15:00+05:30,2999,3012.4,2992.5,3000.6,443800
2025-08-14T09:15:00+05:30,3002.9,3017.4,2963,3001,848400
2025-08-14T13:15:00+05:30,3002,3008.5,2994.3,2996.5,617050
2025-08-18T09:15:00+05:30,3145,3224,3105,3196.1,4005050
2025-08-18T13:15:00+05:30,3196.6,3212,3188.6,3192.9,775250
2025-08-19T09:15:00+05:30,3189.7,3232,3178.8,3229.1,1241800
2025-08-19T13:15:00+05:30,3229.9,3233.3,3220.1,3229,491750
2025-08-20T09:15:00+05:30,3220,3245,3203.7,3203.9,1002400
2025-08-20T13:15:00+05:30,3203.6,3213.7,3198.3,3209.9,434350
2025-08-21T09:15:00+05:30,3210,3240,3202.3,3230.7,679350
2025-08-21T13:15:00+05:30,3230.7,3276.4,3223.7,3250,1010450
2025-08-22T09:15:00+05:30,3260,3273.4,3247.1,3262.9,2341850
2025-08-22T13:15:00+05:30,3262.9,3270.6,3261.6,3267.5,1124550
2025-08-25T09:15:00+05:30,3285,3333.3,3258,3281.2,2244550
2025-08-25T13:15:00+05:30,3281.2,3288,3279.4,3281.2,1231650
2025-08-26T09:15:00+05:30,3279,3298.4,3251.1,3283.4,2033500
2025-08-26T13:15:00+05:30,3283.4,3295.7,3263.9,3277.4,1602650
2025-08-28T09:15:00+05:30,3331.2,3351,3280,3285.1,2017400
2025-08-28T13:15:00+05:30,3285.1,3298.6,3268,3274.3,1027600
2025-08-29T09:15:00+05:30,3260.1,3327,3260.1,3311.5,882350
2025-08-29T13:15:00+05:30,3309,3315.4,3285,3303.3,386750
2025-09-01T09:15:00+05:30,3304.9,3395.2,3294.5,3388,1296050
2025-09-01T13:15:00+05:30,3390.1,3393.5,3370.5,3373,574350
2025-09-02T09:15:00+05:30,3384.8,3407.7,3349.2,3394,837550
2025-09-02T13:15:00+05:30,3393.3,3396,3375.2,3380.9,496650
2025-09-03T09:15:00+05:30,3377.1,3423.9,3363,3415.7,640500
2025-09-03T13:15:00+05:30,3416.2,3424,3401.2,3409.7,368200
2025-09-04T09:15:00+05:30,3489,3489,3434.5,3463.2,1346800
2025-09-04T13:15:00+05:30,3462.6,3464.9,3436,3438,418250
2025-09-05T09:15:00+05:30,3459,3488,3456.3,3477,684250
2025-09-05T13:15:00+05:30,3478,3498.4,3473.2,3497.9,503650
2025-09-08T09:15:00+05:30,3516,3607.3,3514.9,3604.1,1280650
2025-09-08T13:15:00+05:30,3605.8,3617.7,3592.2,3604.9,526050
2025-09-09T09:15:00+05:30,3606.7,3618.2,3562.1,3574.2,787500
2025-09-09T13:15:00+05:30,3573.2,3594.9,3572.8,3594,310450
2025-09-10T09:15:00+05:30,3629,3629,3497.1,3527,1193850
2025-09-10T13:15:00+05:30,3525.4,3530.9,3498.4,3512.1,474950
2025-09-11T09:15:00+05:30,3505.5,3518,3473.1,3513.2,743400
2025-09-11T13:15:00+05:30,3512.7,3532.8,3510.3,3523.6,462000
2025-09-12T09:15:00+05:30,3528.2,3565,3518.4,3521.1,597800
2025-09-12T13:15:00+05:30,3522,3523.1,3496,3511.7,367850
2025-09-15T09:15:00+05:30,3544.9,3544.9,3487,3492.7,412650
2025-09-15T13:15:00+05:30,3492,3500.2,3486.2,3497.6,343700
2025-09-16T09:15:00+05:30,3495,3532.6,3495,3523.4,419300
2025-09-16T13:15:00+05:30,3524.4,3526.8,3511.7,3516.4,377650
2025-09-17T09:15:00+05:30,3519.6,3531.9,3500,3526,359100
2025-09-17T13:15:00+05:30,3526.2,3526.2,3507.3,3513.7,264600
2025-09-18T09:15:00+05:30,3540.9,3540.9,3505.1,3518.2,398650
2025-09-18T13:15:00+05:30,3518.2,3559,3517.4,3551.9,565600
2025-09-19T09:15:00+05:30,3559.1,3559.1,3525,3542.2,426650
2025-09-19T13:15:00+05:30,3541,3549,3535,3548.3,226100
2025-09-22T09:15:00+05:30,3546,3582,3536.2,3563.8,593600
2025-09-22T13:15:00+05:30,3564.3,3564.3,3534.2,3540.6,256900
2025-09-23T09:15:00+05:30,3565.5,3607.2,3529,3531.9,763000
2025-09-23T13:15:00+05:30,3530.1,3541.1,3505.8,3518,219100
2025-09-24T09:15:00+05:30,3500,3525.6,3484.9,3498,423150
2025-09-24T13:15:00+05:30,3498.7,3501.1,3452,3452.6,428050
2025-09-25T09:15:00+05:30,3461.6,3472.1,3413.8,3418.3,2167900
2025-09-25T13:15:00+05:30,3418.3,3442.4,3408.2,3420.1,1141000
2025-09-26T09:15:00+05:30,3418.2,3462.2,3401.3,3442.7,1989400
2025-09-26T13:15:00+05:30,3442.7,3442.7,3408.4,3424,1306200
2025-09-29T09:15:00+05:30,3425.7,3433.6,3393.9,3406.8,1987300
2025-09-29T13:15:00+05:30,3406.8,3447,3405.5,3444.5,1385300
2025-09-30T09:15:00+05:30,3465.1,3474.9,3425.6,3458.9,845950
2025-09-30T13:15:00+05:30,3458.9,3473.1,3454.3,3467,689850
2025-10-01T09:15:00+05:30,3467.7,3493.9,3448.1,3455.2,504350
2025-10-01T13:15:00+05:30,3454.2,3476,3454.2,3468.5,283850
2025-10-03T09:15:00+05:30,3463.8,3473.1,3383.1,3460.4,771050
2025-10-03T13:15:00+05:30,3460.3,3474.3,3452,3460,326200
2025-10-06T09:15:00+05:30,3454.6,3532,3441.9,3530.9,821100
2025-10-06T13:15:00+05:30,3528.4,3529.7,3508.1,3525,318150
2025-10-07T09:15:00+05:30,3527.9,3555,3505.1,3535.5,409850
2025-10-07T13:15:00+05:30,3534.5,3542.8,3527.2,3531.6,228200
2025-10-08T09:15:00+05:30,3540,3548,3508.2,3526.2,277550
2025-10-08T13:15:00+05:30,3525.3,3527.8,3491.3,3493.2,189000
2025-10-09T09:15:00+05:30,3496.7,3502,3465,3468.4,355250
2025-10-09T13:15:00+05:30,3468.6,3503.9,3466.7,3492.5,305200
2025-10-10T09:15:00+05:30,3495.5,3535,3480,3523.2,376950
2025-10-10T13:15:00+05:30,3523.9,3525.9,3501.1,3504,238350
2025-10-13T09:15:00+05:30,3480,3542.5,3474,3510.1,581000
2025-10-13T13:15:00+05:30,3509.3,3518.6,3504.1,3506.2,190750
2025-10-14T09:15:00+05:30,3508.8,3519,3480.4,3509.5,394800
2025-10-14T13:15:00+05:30,3512.3,3528.7,3506.1,3506.1,231000
2025-10-15T09:15:00+05:30,3515.1,3578,3515.1,3569.9,684950
2025-10-15T13:15:00+05:30,3569.6,3583.9,3547.5,3573.9,606200
2025-10-16T09:15:00+05:30,3575.1,3640.7,3565.9,3597,1069950
2025-10-16T13:15:00+05:30,3597,3602.8,3568.6,3580.1,449400
2025-10-17T09:15:00+05:30,3576.5,3655.8,3576.5,3635,738500
2025-10-17T13:15:00+05:30,3633.9,3658,3622,3652.9,609700
2025-10-20T09:15:00+05:30,3686.8,3707.8,3656,3658.7,445900
2025-10-20T13:15:00+05:30,3658.4,3663.5,3646.4,3662,212450
2025-10-21T13:45:00+05:30,3690,3690,3648,3648,68950
2025-10-23T09:15:00+05:30,3674.5,3694.6,3636.9,3643.3,2312800
2025-10-23T13:15:00+05:30,3643.3,3644.5,3589.8,3607.1,1358700
2025-10-24T09:15:00+05:30,3581.1,3639.9,3581.1,3598.9,1858850
2025-10-24T13:15:00+05:30,3598.9,3603,3584.3,3596.3,1176350
2025-10-27T09:15:00+05:30,3599.9,3631,3599.9,3623.7,1710800
2025-10-27T13:15:00+05:30,3623.7,3639.1,3622.8,3639,1041600
2025-10-28T09:15:00+05:30,3656.2,3696,3618.6,3644,2053450
2025-10-28T13:15:00+05:30,3641.8,3647.1,3540,3565,3389750
2025-10-29T09:15:00+05:30,3611,3619.9,3512.2,3520.7,2177350
2025-10-29T13:15:00+05:30,3519.7,3528,3510.9,3527,769825
2025-10-30T09:15:00+05:30,3530,3559.4,3514,3517.6,1050175
2025-10-30T13:15:00+05:30,3517.8,3520,3503.1,3518,309225
2025-10-31T09:15:00+05:30,3518.3,3564,3511.3,3541,777525
2025-10-31T13:15:00+05:30,3540.2,3541.9,3522,3531.8,235550
2025-11-03T09:15:00+05:30,3538,3546,3500,3521,496650
2025-11-03T13:15:00+05:30,3521,3533,3520.7,3528.4,214200
2025-11-04T09:15:00+05:30,3527.4,3541.4,3474,3535.1,741650
2025-11-04T13:15:00+05:30,3535.2,3538.9,3481.1,3485.9,880075
2025-11-06T09:15:00+05:30,3466.1,3527.7,3449.2,3457.9,677950
2025-11-06T13:15:00+05:30,3454.6,3465.5,3426.1,3460.5,398300
2025-11-07T09:15:00+05:30,3457.5,3473.9,3351.1,3456,1245475
2025-11-07T13:15:00+05:30,3455.9,3483.3,3455.9,3479.8,351575
2025-11-10T09:15:00+05:30,3483,3514.9,3480.5,3504.3,494550
2025-11-10T13:15:00+05:30,3504.3,3511.9,3498.1,3501.1,158375
2025-11-11T09:15:00+05:30,3514.7,3514.7,3453.5,3480,578900
2025-11-11T13:15:00+05:30,3480.1,3494.7,3471.8,3481.7,521150
2025-11-12T09:15:00+05:30,3481.2,3498.9,3456.6,3465.9,569800
2025-11-12T13:15:00+05:30,3465,3474,3455.8,3467,384125
2025-11-13T09:15:00+05:30,3465.1,3480,3456,3474.9,340200
2025-11-13T13:15:00+05:30,3476.2,3478.7,3452.2,3456.2,205100
2025-11-14T09:15:00+05:30,3441.3,3474.4,3392.8,3407.4,780150
2025-11-14T13:15:00+05:30,3408,3409.4,3381,3400,485975
2025-11-17T09:15:00+05:30,3403,3486.4,3395.5,3484.7,811475
2025-11-17T13:15:00+05:30,3483.1,3488,3475.1,3480.5,326025
2025-11-18T09:15:00+05:30,3475.8,3499,3465.2,3490.3,429800
2025-11-18T13:15:00+05:30,3490.3,3494.6,3465.1,3465.1,260925
2025-11-19T09:15:00+05:30,3476,3503.3,3443.8,3475,355600
2025-11-19T13:15:00+05:30,3474.5,3485,3470.1,3476,196525
2025-11-20T09:15:00+05:30,3476,3503,3462.3,3483.2,1713600
2025-11-20T13:15:00+05:30,3483.2,3493.9,3483.2,3492.3,830900
2025-11-21T09:15:00+05:30,3496.4,3496.5,3435,3472.3,1583925
2025-11-21T13:15:00+05:30,3472.3,3473,3432.3,3441,846300
2025-11-24T09:15:00+05:30,3441,3471,3421.5,3449.7,1827525
2025-11-24T13:15:00+05:30,3449.7,3457,3430,3432,1205225
2025-11-25T09:15:00+05:30,3488,3500,3468,3491.7,1851675
2025-11-25T13:15:00+05:30,3490.6,3491,3458.1,3460.6,861525
2025-11-26T09:15:00+05:30,3469.6,3542.8,3459.7,3538.2,468650
2025-11-26T13:15:00+05:30,3538.2,3569,3536.4,3565,504350
2025-11-27T09:15:00+05:30,3564,3599.9,3530.7,3533.1,749700
2025-11-27T13:15:00+05:30,3533.6,3550,3528,3549,241675
2025-11-28T09:15:00+05:30,3545,3594.6,3524.8,3565.4,616700
2025-11-28T13:15:00+05:30,3565.4,3568.3,3554,3562,205100
2025-12-01T09:15:00+05:30,3590,3666.7,3576,3655.4,1305500
2025-12-01T13:15:00+05:30,3654.1,3678.9,3649.1,3673.4,637175
2025-12-02T09:15:00+05:30,3666.1,3697,3665.1,3674.7,754950
2025-12-02T13:15:00+05:30,3673.6,3687,3671,3685,409500
2025-12-03T09:15:00+05:30,3680,3689.9,3628.1,3637.6,474425
2025-12-03T13:15:00+05:30,3638.5,3652,3627.1,3644.3,218225
2025-12-04T09:15:00+05:30,3647.5,3687.8,3632.5,3661.6,519225
2025-12-04T13:15:00+05:30,3660.2,3667.5,3646.8,3653,175000
2025-12-05T09:15:00+05:30,3659.7,3699,3641.8,3671.1,399175
2025-12-05T13:15:00+05:30,3672.8,3688.7,3663.6,3679.4,168525
2025-12-08T09:15:00+05:30,3684.5,3684.5,3613.7,3621.7,389025
2025-12-08T13:15:00+05:30,3619.5,3625.7,3603.6,3618.3,207900
2025-12-09T09:15:00+05:30,3597.6,3639.7,3560.1,3625.8,619500
2025-12-09T13:15:00+05:30,3627.6,3635.4,3623.1,3630,159775
2025-12-10T09:15:00+05:30,3627.1,3662.7,3621.9,3634.6,329525
2025-12-10T13:15:00+05:30,3633.6,3640,3605.9,3612,154000
2025-12-11T09:15:00+05:30,3617.1,3650,3594.2,3633.9,368550
2025-12-11T13:15:00+05:30,3635.6,3659.8,3632.1,3645.1,164325
2025-12-12T09:15:00+05:30,3654.8,3672.4,3635.6,3644.2,192325
2025-12-12T13:15:00+05:30,3645.3,3668.7,3635.3,3664,135800
2025-12-15T09:15:00+05:30,3647.5,3656,3603.9,3639.5,175875
2025-12-15T13:15:00+05:30,3639,3650.5,3636,3650.5,169575
2025-12-16T09:15:00+05:30,3648.6,3654.6,3612.6,3616.2,190225
2025-12-16T13:15:00+05:30,3617.6,3638.8,3615.8,3621.4,163100
2025-12-17T09:15:00+05:30,3607.9,3665,3607.9,3645.6,291550
2025-12-17T13:15:00+05:30,3644,3651.2,3638,3641,116550
2025-12-18T09:15:00+05:30,3645,3645.4,3566,3598.9,731500
2025-12-18T13:15:00+05:30,3599,3604.3,3573.2,3594,331975
2025-12-19T09:15:00+05:30,3598.1,3671.3,3598.1,3666,308875
2025-12-19T13:15:00+05:30,3667.1,3687.6,3664.3,3682.8,346150
2025-12-22T09:15:00+05:30,3688.2,3743.9,3681.3,3696,527800
2025-12-22T13:15:00+05:30,3695,3715.2,3693.6,3706,223300
2025-12-23T09:15:00+05:30,3706,3711.7,3682,3689.2,888125
2025-12-23T13:15:00+05:30,3689.2,3698.8,3677.2,3689.6,514675
2025-12-24T09:15:00+05:30,3674.7,3725,3674.7,3687.1,1544025
2025-12-24T13:15:00+05:30,3687.1,3695.2,3657,3658,832825
2025-12-26T09:15:00+05:30,3658,3678.9,3636,3643.3,1577975
2025-12-26T13:15:00+05:30,3643.3,3651.6,3627.1,3639.7,863800
2025-12-29T09:15:00+05:30,3633.3,3644.4,3578.7,3589.4,975625
2025-12-29T13:15:00+05:30,3589.4,3592.9,3570.4,3574.1,1390200
2025-12-30T09:15:00+05:30,3595,3652.4,3570.8,3616.7,1332800
2025-12-30T13:15:00+05:30,3613.9,3669.3,3613.9,3649.2,648725
2025-12-31T09:15:00+05:30,3668,3723.1,3657.3,3718,526750
2025-12-31T13:15:00+05:30,3717.5,3748,3704.3,3745.9,270200
2026-01-01T09:15:00+05:30,3755.1,3810,3738.5,3796.9,681800
2026-01-01T13:15:00+05:30,3799.1,3817.9,3792.7,3814.8,294700
2026-01-02T09:15:00+05:30,3867.5,3917.9,3862,3886.4,1028300
2026-01-02T13:15:00+05:30,3888.5,3889.3,3845.1,3869.9,448875
2026-01-05T09:15:00+05:30,3880,3920.1,3857.9,3892,540400
2026-01-05T13:15:00+05:30,3890.4,3893.1,3855.3,3869.1,273175
2026-01-06T09:15:00+05:30,3874.7,3902,3852.8,3899.2,374850
2026-01-06T13:15:00+05:30,3898.8,3901.5,3880.1,3893.5,237825
2026-01-07T09:15:00+05:30,3901.8,3901.8,3856.6,3859.9,266350
2026-01-07T13:15:00+05:30,3859.9,3862.9,3838,3848,273350
2026-01-08T09:15:00+05:30,3836.8,3870.4,3822,3842,333900
2026-01-08T13:15:00+05:30,3840.1,3843.3,3810,3819,282625
2026-01-09T09:15:00+05:30,3800.6,3862.6,3780.1,3784.9,296975
2026-01-09T13:15:00+05:30,3782,3798.8,3767.3,3772.7,344750
2026-01-12T09:15:00+05:30,3790.2,3790.2,3671.3,3726.5,453075
2026-01-12T13:15:00+05:30,3727.8,3779.9,3721.1,3775.5,307475
2026-01-13T09:15:00+05:30,3770.8,3784.6,3723,3742.5,887600
2026-01-13T13:15:00+05:30,3742.4,3774.8,3712.2,3757.6,264075
2026-01-14T09:15:00+05:30,3716.6,3771.9,3712.1,3724.1,323925
2026-01-14T13:15:00+05:30,3722.3,3722.3,3694,3699.2,404250
2026-01-16T09:15:00+05:30,3699.2,3732.9,3653.6,3677.9,637875
2026-01-16T13:15:00+05:30,3678.3,3684.2,3660.8,3677.9,297325
2026-01-19T09:15:00+05:30,3650,3700.3,3630.4,3687.2,439425
2026-01-19T13:15:00+05:30,3685.3,3710,3684.2,3697.1,322000
2026-01-20T09:15:00+05:30,3701,3718.9,3634.5,3638.8,373800
2026-01-20T13:15:00+05:30,3638.8,3648.7,3598.1,3620,260400
2026-01-21T09:15:00+05:30,3603.1,3614.9,3530,3595.7,1856925
2026-01-21T13:15:00+05:30,3595.7,3614,3578.6,3598.4,783125
2026-01-22T09:15:00+05:30,3594.1,3662.9,3589.9,3591.3,1921150
2026-01-22T13:15:00+05:30,3591.3,3598.4,3545.9,3555.8,1592500
2026-01-23T09:15:00+05:30,3560,3608.9,3532.7,3588.7,2391725
2026-01-23T13:15:00+05:30,3588.7,3594.3,3525,3537.2,954450
2026-01-27T09:15:00+05:30,3595,3595,3518.7,3540,1266475
2026-01-27T13:15:00+05:30,3540,3588.8,3531.1,3583.4,800450
2026-01-28T09:15:00+05:30,3607.7,3716.2,3506.2,3685.5,1886150
2026-01-28T13:15:00+05:30,3689.8,3773.1,3661.1,3760,2487625
2026-01-29T09:15:00+05:30,3722,3774.3,3622.1,3645.4,1483650
2026-01-29T13:15:00+05:30,3645.6,3685.5,3633,3675.2,450975
2026-01-30T09:15:00+05:30,3659.9,3726,3640.5,3655.5,494025
2026-01-30T13:15:00+05:30,3655.3,3712.2,3648,3692,397425
2026-02-01T09:15:00+05:30,3717.3,3717.3,3528.2,3670.1,454300
2026-02-01T13:15:00+05:30,3670.9,3679.2,3588.2,3610,210525
2026-02-02T09:15:00+05:30,3630.5,3656.3,3568.3,3644,605675
2026-02-02T13:15:00+05:30,3647,3662,3628,3660,305200
2026-02-03T09:15:00+05:30,3755.9,3774.4,3702.6,3719.5,904750
2026-02-03T13:15:00+05:30,3719.4,3734.8,3707,3720,285425
2026-02-04T09:15:00+05:30,3725,3782.2,3705.7,3756,567000
2026-02-04T13:15:00+05:30,3755.9,3756.9,3730.1,3738,337750
2026-02-05T09:15:00+05:30,3737.5,3748.8,3704.5,3740,468650
2026-02-05T13:15:00+05:30,3740.8,3747,3720.6,3724.9,176925
2026-02-06T09:15:00+05:30,3709.8,3722,3672.9,3713.2,419475
2026-02-06T13:15:00+05:30,3710.1,3774.9,3706.8,3761,557025
2026-02-09T09:15:00+05:30,3790.7,3790.7,3727.2,3773,488950
2026-02-09T13:15:00+05:30,3773.6,3777.1,3762,3774.5,177800
2026-02-10T09:15:00+05:30,3759,3792,3756,3779.3,481075
2026-02-10T13:15:00+05:30,3779.1,3782.9,3766.1,3772,215250
2026-02-11T09:15:00+05:30,3770.1,3884.9,3770.1,3872.2,819700
2026-02-11T13:15:00+05:30,3874.8,3895,3862.2,3868.2,333725
2026-02-12T09:15:00+05:30,3864,3908,3862.8,3875,434000
2026-02-12T13:15:00+05:30,3874.9,3888.6,3855.5,3883.1,156625
2026-02-13T09:15:00+05:30,3873.8,3895,3836.1,3887.1,219625
2026-02-13T13:15:00+05:30,3890.4,3892.5,3862,3867.3,109200
2026-02-16T09:15:00+05:30,3870,3894.4,3822.9,3847.8,270725
2026-02-16T13:15:00+05:30,3846.4,3847.9,3810.4,3821.9,187250
2026-02-17T09:15:00+05:30,3798.6,3887.7,3798.6,3878.2,427000
2026-02-17T13:15:00+05:30,3877.4,3889,3861.7,3887.8,196000
2026-02-18T09:15:00+05:30,3890,3899,3860,3881.5,412825
2026-02-18T13:15:00+05:30,3883.8,3885.8,3871.4,3883.5,181650
2026-02-19T09:15:00+05:30,3869.2,3897.3,3843.2,3874.5,1648325
2026-02-19T13:15:00+05:30,3874.5,3874.5,3814,3822.7,888300
2026-02-20T09:15:00+05:30,3817.7,3857.8,3786.2,3795.6,1909950
2026-02-20T13:15:00+05:30,3795.6,3817.6,3792,3808.2,1159025
2026-02-23T09:15:00+05:30,3834.8,3888,3816.8,3816.8,1794975
2026-02-23T13:15:00+05:30,3816.8,3827.6,3807.2,3814.7,741650
2026-02-24T09:15:00+05:30,3776.5,3846.4,3753.1,3836.4,2899925
2026-02-24T13:15:00+05:30,3836.4,3839.2,3807.3,3830.2,1070825
2026-02-25T09:15:00+05:30,3835.2,3952.1,3815,3914.2,947975
2026-02-25T13:15:00+05:30,3913,3942,3904.8,3942,390250
2026-02-26T09:15:00+05:30,3961.7,3966,3927.2,3947,670950
2026-02-26T13:15:00+05:30,3945.5,3984,3940,3970,391650
2026-02-27T09:15:00+05:30,3968,3978,3906.7,3925.7,355425
2026-02-27T13:15:00+05:30,3925,3936.7,3873.7,3892.1,803775
2026-03-02T09:15:00+05:30,3812.2,3923.1,3772.2,3778.7,1041425
2026-03-02T13:15:00+05:30,3778.7,3826.5,3751,3807.5,634550
2026-03-04T09:15:00+05:30,3730,3744,3655.1,3718.4,657300
2026-03-04T13:15:00+05:30,3717,3767.1,3717,3743,491050
2026-03-05T09:15:00+05:30,3812.6,3812.6,3734.2,3760,410725
2026-03-05T13:15:00+05:30,3761.3,3831.9,3744,3809.1,398825
2026-03-06T09:15:00+05:30,3775.1,3819.5,3763.7,3778,249900
2026-03-06T13:15:00+05:30,3777.4,3797.3,3767,3774.4,410375
2026-03-09T09:15:00+05:30,3658.8,3698.1,3590,3626,802375
2026-03-09T13:15:00+05:30,3626.1,3655.3,3620.2,3642.6,326725
2026-03-10T09:15:00+05:30,3733.7,3763,3679.8,3745,470225
2026-03-10T13:15:00+05:30,3749,3789,3742.3,3781,267225
2026-03-11T09:15:00+05:30,3750,3797,3635,3640.3,813400
2026-03-11T13:15:00+05:30,3641.1,3654.9,3586.3,3593,640325
2026-03-12T09:15:00+05:30,3520,3548.4,3427.7,3441,1188250
2026-03-12T13:15:00+05:30,3441,3465.1,3411,3411,822675
2026-03-13T09:15:00+05:30,3386.6,3407.6,3312.9,3314.7,823375
2026-03-13T13:15:00+05:30,3313.6,3341,3294.1,3332,851550
2026-03-16T09:15:00+05:30,3333.3,3392.7,3292,3323.8,579950
2026-03-16T13:15:00+05:30,3324.8,3395,3319.1,3352,574350
2026-03-17T09:15:00+05:30,3392.9,3447.7,3350.1,3428.6,882175
2026-03-17T13:15:00+05:30,3428.2,3497.7,3416.4,3496,802725
2026-03-18T09:15:00+05:30,3509.9,3568.1,3501.4,3544.6,653625
2026-03-18T13:15:00+05:30,3544.5,3574.2,3542.5,3558.1,555100
2026-03-19T09:15:00+05:30,3480.1,3508.8,3429.7,3436.2,411425
2026-03-19T13:15:00+05:30,3432.7,3471.8,3409.7,3456.1,648025
2026-03-20T09:15:00+05:30,3469.9,3532.9,3437.5,3465.9,420875
2026-03-20T13:15:00+05:30,3469.5,3475.9,3438.3,3466,294875
2026-03-23T09:15:00+05:30,3415,3419,3374.9,3381.8,463225
2026-03-23T13:15:00+05:30,3381.8,3409.8,3380.6,3390,224000
2026-03-24T09:15:00+05:30,3459.9,3470.7,3400,3463.8,1672825
2026-03-24T13:15:00+05:30,3463.8,3496.8,3455.9,3470.2,1104950
2026-03-25T09:15:00+05:30,3510.1,3568.8,3510.1,3553.4,2146725
2026-03-25T13:15:00+05:30,3553.4,3582.2,3518.2,3525.5,1412425
2026-03-27T09:15:00+05:30,3475.4,3495.8,3422,3469.1,2129750
2026-03-27T13:15:00+05:30,3469.1,3483.4,3428.3,3436.2,2094575
2026-03-30T09:15:00+05:30,3396.7,3422.8,3371.1,3391.7,1541400
2026-03-30T13:15:00+05:30,3391.7,3414.1,3362,3375.6,1146250
2026-04-01T09:15:00+05:30,3482.7,3521.9,3413.9,3490,796950
2026-04-01T13:15:00+05:30,3490,3494.5,3436.8,3454.7,390775
2026-04-02T09:15:00+05:30,3368,3374.9,3306.8,3359.4,681800
2026-04-02T13:15:00+05:30,3359.3,3415.6,3356.7,3408.9,397600
2026-04-06T09:15:00+05:30,3463.9,3519,3425.2,3493,702625
2026-04-06T13:15:00+05:30,3493,3515.6,3488.3,3503,263725
2026-04-07T09:15:00+05:30,3481.8,3486.3,3428.1,3475,292250
2026-04-07T13:15:00+05:30,3475,3495.4,3470.3,3490,272125
2026-04-08T09:15:00+05:30,3656.6,3745.5,3639.7,3707.2,876225
2026-04-08T13:15:00+05:30,3709,3721.4,3698.6,3717.8,255325
2026-04-09T09:15:00+05:30,3719.9,3779.1,3683.4,3736.6,549325
2026-04-09T13:15:00+05:30,3735.2,3751.2,3718.1,3724,203525
2026-04-10T09:15:00+05:30,3775,3821.5,3774.3,3818,526050
2026-04-10T13:15:00+05:30,3818,3854.4,3803.7,3839.4,515200
2026-04-13T09:15:00+05:30,3785.1,3785.1,3724,3760,544250
2026-04-13T13:15:00+05:30,3760,3760.3,3726,3740.2,203875
2026-04-15T09:15:00+05:30,3799,3829.8,3755.3,3790.1,431550
2026-04-15T13:15:00+05:30,3787,3802.5,3777.9,3791.3,242200
2026-04-16T09:15:00+05:30,3810,3825,3740.3,3746,279300
2026-04-16T13:15:00+05:30,3742.8,3782.8,3742.8,3772.2,182350
2026-04-17T09:15:00+05:30,3772.3,3797.7,3732.9,3740.4,243250
2026-04-17T13:15:00+05:30,3740.3,3763.1,3734.3,3750.5,557900
2026-04-20T09:15:00+05:30,3746.6,3789.9,3704,3774,333200
2026-04-20T13:15:00+05:30,3774.2,3783,3757.6,3769.6,173075
2026-04-21T09:15:00+05:30,3802.5,3808,3762.2,3775.3,252700
2026-04-21T13:15:00+05:30,3775.3,3777.8,3755.5,3761.1,126175
2026-04-22T09:15:00+05:30,3751,3779.2,3696.6,3710,308350
2026-04-22T13:15:00+05:30,3707.2,3714,3656.3,3668.8,281575
2026-04-23T09:15:00+05:30,3624.2,3629.9,3496,3510.3,1461600
2026-04-23T13:15:00+05:30,3510.3,3521,3485.1,3511.9,829675
2026-04-24T09:15:00+05:30,3511.4,3533.4,3462.8,3465.3,2005150
2026-04-24T13:15:00+05:30,3465.1,3517,3454.2,3492,839825
2026-04-27T09:15:00+05:30,3500.1,3559.1,3486.1,3556.9,1738450
2026-04-27T13:15:00+05:30,3556.9,3562.9,3538.8,3556,966175
2026-04-28T09:15:00+05:30,3559.9,3579.7,3505,3517.7,1223425
2026-04-28T13:15:00+05:30,3515.4,3538.6,3509,3514.9,488425
2026-04-29T09:15:00+05:30,3544.5,3623.3,3529.7,3610,677425
2026-04-29T13:15:00+05:30,3608.6,3608.6,3567.7,3574,253925
2026-04-30T09:15:00+05:30,3508.5,3513.4,3421,3470.5,721350
2026-04-30T13:15:00+05:30,3469.5,3532.3,3464.4,3509.6,469525
2026-05-04T09:15:00+05:30,3388.9,3550,3388.9,3472.6,936425
2026-05-04T13:15:00+05:30,3468.4,3515,3450,3510.6,384125
2026-05-05T09:15:00+05:30,3508.9,3558.3,3464.4,3555,377475
2026-05-05T13:15:00+05:30,3557.5,3557.8,3524.8,3545.8,223125
2026-05-06T09:15:00+05:30,3569,3611.9,3523.4,3564.9,609350
2026-05-06T13:15:00+05:30,3566.9,3638.5,3562.3,3629,479325
2026-05-07T09:15:00+05:30,3631.4,3743.9,3600.6,3734.5,638925
2026-05-07T13:15:00+05:30,3733.5,3735,3703.1,3710.6,400400
2026-05-08T09:15:00+05:30,3683.7,3734.3,3650.1,3722.4,254450
2026-05-08T13:15:00+05:30,3722.4,3733,3704.5,3720,191975
2026-05-11T09:15:00+05:30,3633.4,3692.6,3626.9,3657.3,354900
2026-05-11T13:15:00+05:30,3659.4,3671.3,3611.1,3616.7,279300
2026-05-12T09:15:00+05:30,3604.8,3615,3545.2,3593.6,508200
2026-05-12T13:15:00+05:30,3592.9,3608,3543.4,3561.8,421400
2026-05-13T09:15:00+05:30,3584.4,3662.5,3487.3,3647.4,1345050
2026-05-13T13:15:00+05:30,3642.3,3646.2,3523.5,3535,1384250
2026-05-14T09:15:00+05:30,3505,3523.5,3385.8,3453.6,1507100
2026-05-14T13:15:00+05:30,3455.5,3488.1,3446.1,3478,459200
2026-05-15T09:15:00+05:30,3483.8,3512,3423.8,3464.2,474600
2026-05-15T13:15:00+05:30,3463.9,3489.9,3450.3,3472,292075
2026-05-18T09:15:00+05:30,3408.3,3427,3320,3333.6,1030400
2026-05-18T13:15:00+05:30,3337.5,3340,3285,3297,863975
2026-05-19T09:15:00+05:30,3297,3325.5,3235.6,3296.8,1247225
2026-05-19T13:15:00+05:30,3295.3,3315.9,3288.2,3292.5,414925
2026-05-20T09:15:00+05:30,3292.5,3377.5,3240,3361.1,779975
2026-05-20T13:15:00+05:30,3361.1,3385,3351.6,3369,385000
2026-05-21T09:15:00+05:30,3399.9,3399.9,3350,3392,1589350
2026-05-21T13:15:00+05:30,3391.4,3398.3,3378.1,3385.7,1078000
2026-05-22T09:15:00+05:30,3388.1,3452.8,3388.1,3441.1,1753150
2026-05-22T13:15:00+05:30,3441.1,3445.5,3417.1,3438.2,739725
2026-05-25T09:15:00+05:30,3497.4,3504.4,3432.4,3437.3,2712150
2026-05-25T13:15:00+05:30,3436.8,3482,3421.8,3479.8,830900
2026-05-26T09:15:00+05:30,3481.1,3491.1,3449.4,3457.6,758800
2026-05-26T13:15:00+05:30,3457.5,3489.4,3445.6,3464.8,494725
2026-05-27T09:15:00+05:30,3465.7,3502,3457,3478.1,354550
2026-05-27T13:15:00+05:30,3479.9,3481.3,3393.8,3457.9,1194200
2026-05-29T09:15:00+05:30,3476.7,3487,3435.1,3446,587650
2026-05-29T13:15:00+05:30,3446.5,3474.5,3366.4,3399.9,1118250
2026-06-01T09:15:00+05:30,3407.1,3446.1,3365.1,3373.6,730275
2026-06-01T13:15:00+05:30,3376,3395.4,3361.5,3376.9,298550
2026-06-02T09:15:00+05:30,3340,3411.9,3315.4,3388.2,317975
2026-06-02T13:15:00+05:30,3390.9,3401.9,3381,3395.1,162400
2026-06-03T09:15:00+05:30,3362.9,3386.6,3330,3339,416325
2026-06-03T13:15:00+05:30,3344.1,3372.3,3337.5,3342.3,310625
2026-06-04T09:15:00+05:30,3336.8,3390,3322,3374.3,311850
2026-06-04T13:15:00+05:30,3366.8,3407.6,3366.6,3390.3,405650
2026-06-05T09:15:00+05:30,3416.4,3418,3367.4,3393.9,419300
2026-06-05T13:15:00+05:30,3395.7,3414,3388.3,3394,295225
2026-06-08T09:15:00+05:30,3363.8,3402,3330.5,3355.1,290850
2026-06-08T13:15:00+05:30,3355.9,3363,3310,3324.1,311675
2026-06-09T09:15:00+05:30,3346.1,3387.1,3338.1,3369.5,275450
2026-06-09T13:15:00+05:30,3369,3389,3363.8,3379.4,590275
2026-06-10T09:15:00+05:30,3352.6,3398,3343.7,3392.4,485275
2026-06-10T13:15:00+05:30,3394,3398,3332.6,3337.1,321300
2026-06-11T09:15:00+05:30,3318.9,3350,3300,3316,355250
2026-06-11T13:15:00+05:30,3312.4,3325.3,3297.1,3303.9,294175
2026-06-12T09:15:00+05:30,3339,3379,3282.9,3286.7,549850
2026-06-12T13:15:00+05:30,3285,3349,3281,3338,1041950
2026-06-15T09:15:00+05:30,3381,3476.4,3360,3468.3,1070650
2026-06-15T13:15:00+05:30,3471.4,3488,3455.1,3469.9,533400
2026-06-16T09:15:00+05:30,3470,3470.3,3424.3,3464.2,281925
2026-06-16T13:15:00+05:30,3464.3,3464.4,3443,3446.1,195650
2026-06-17T09:15:00+05:30,3447.6,3488.8,3420.9,3428,378350
2026-06-17T13:15:00+05:30,3428.5,3462.6,3423.2,3448.1,177625
2026-06-18T09:15:00+05:30,3453.6,3480,3453.6,3470.3,155400
2026-06-18T13:15:00+05:30,3469.6,3470.7,3456.1,3470,146825
2026-06-19T09:15:00+05:30,3434.2,3459,3419.4,3421.3,174825
2026-06-19T13:15:00+05:30,3424.6,3463.6,3419.7,3462.6,381150
2026-06-22T09:15:00+05:30,3490.1,3507,3455.2,3466,256200
2026-06-22T13:15:00+05:30,3465,3496.1,3464,3494.7,369600
2026-06-23T09:15:00+05:30,3499.9,3521.9,3452.6,3459.6,369425
2026-06-23T13:15:00+05:30,3459.9,3498.9,3445,3455.4,355600
2026-06-24T09:15:00+05:30,3455.4,3455.4,3379.8,3435.8,2096500
2026-06-24T13:15:00+05:30,3435.8,3479,3432.9,3452.8,1756125
2026-06-25T09:15:00+05:30,3452.4,3599,3452.4,3575.7,3397625
2026-06-25T13:15:00+05:30,3575.7,3600,3547.9,3574.2,1898050