time,open,high,low,close,Volume
2026-03-13T10:15:00+05:30,3389,3393,3387.4,3388.9,8750
2026-03-13T10:20:00+05:30,3385.2,3387.5,3382,3382,3150
2026-03-13T10:25:00+05:30,3381.6,3399.9,3381.6,3392.2,16975
2026-03-13T10:30:00+05:30,3392.5,3398.4,3391.7,3393.2,8400
2026-03-13T10:35:00+05:30,3388.8,3388.8,3375,3376.4,8575
2026-03-13T10:40:00+05:30,3375.2,3383.7,3375.2,3380.3,6650
2026-03-13T10:45:00+05:30,3381.7,3388.4,3380.1,3383.4,6300
2026-03-13T10:50:00+05:30,3383,3387.5,3381.1,3381.9,23450
2026-03-13T10:55:00+05:30,3381.2,3387,3381.2,3386.8,5775
2026-03-13T11:00:00+05:30,3385.1,3389,3385,3386.5,4025
2026-03-13T11:05:00+05:30,3384.3,3384.3,3380.9,3381.2,1225
2026-03-13T11:10:00+05:30,3380.9,3384.3,3375.6,3379.1,4725
2026-03-13T11:15:00+05:30,3375.9,3377.3,3373.2,3374.1,3850
2026-03-13T11:20:00+05:30,3374.1,3374.1,3366.2,3367.5,4550
2026-03-13T11:25:00+05:30,3366.2,3377,3365.9,3375,5775
2026-03-13T11:30:00+05:30,3375.8,3375.8,3362,3374.4,9975
2026-03-13T11:35:00+05:30,3374,3386.8,3374,3379.3,17150
2026-03-13T11:40:00+05:30,3377.1,3378.9,3364.7,3367.5,15050
2026-03-13T11:45:00+05:30,3367.9,3370.9,3365.1,3368.8,5425
2026-03-13T11:50:00+05:30,3369.2,3375.9,3367.3,3367.3,4025
2026-03-13T11:55:00+05:30,3362.8,3363.6,3359.6,3361.4,2975
2026-03-13T12:00:00+05:30,3359.8,3360,3354.2,3356.2,8400
2026-03-13T12:05:00+05:30,3357.4,3359.5,3352.8,3353,12250
2026-03-13T12:10:00+05:30,3353.7,3354,3346.3,3348.8,23100
2026-03-13T12:15:00+05:30,3351.5,3352.6,3342,3342,7175
2026-03-13T12:20:00+05:30,3341.1,3342.9,3336.5,3336.5,19250
2026-03-13T12:25:00+05:30,3338.7,3349.4,3336,3349.4,13825
2026-03-13T12:30:00+05:30,3347.4,3349.7,3341.1,3343,6475
2026-03-13T12:35:00+05:30,3341.9,3342.2,3329,3332.4,14350
2026-03-13T12:40:00+05:30,3330.1,3334.1,3327.7,3329.5,10500
2026-03-13T12:45:00+05:30,3329.4,3334.1,3327.9,3329.7,7700
2026-03-13T12:50:00+05:30,3327.3,3332.4,3320,3322.6,30100
2026-03-13T12:55:00+05:30,3322.6,3328,3322.5,3326,8925
2026-03-13T13:00:00+05:30,3325.6,3329.1,3323.1,3329,10325
2026-03-13T13:05:00+05:30,3326.5,3327,3315.4,3315.4,10150
2026-03-13T13:10:00+05:30,3316.2,3322.9,3312.9,3314.7,12075
2026-03-13T13:15:00+05:30,3313.6,3315.1,3310.1,3312.5,9975
2026-03-13T13:20:00+05:30,3311.4,3313.2,3303,3304.8,42700
2026-03-13T13:25:00+05:30,3302.7,3308.1,3301.3,3305.1,21700
2026-03-13T13:30:00+05:30,3306.2,3307,3294.1,3297.7,47250
2026-03-13T13:35:00+05:30,3297.7,3312.8,3295.6,3309.5,42700
2026-03-13T13:40:00+05:30,3310,3313.3,3302.7,3304.2,27825
2026-03-13T13:45:00+05:30,3302.9,3304.7,3299.6,3303.2,7175
2026-03-13T13:50:00+05:30,3303,3306.8,3300.5,3303.7,10500
2026-03-13T13:55:00+05:30,3303.7,3304.2,3300.8,3301,8050
2026-03-13T14:00:00+05:30,3302.2,3306,3301.4,3303.6,14875
2026-03-13T14:05:00+05:30,3303.6,3310.4,3303.6,3304.8,24325
2026-03-13T14:10:00+05:30,3306.1,3306.8,3301.6,3306.5,19950
2026-03-13T14:15:00+05:30,3306.6,3309.5,3303.1,3305.4,30625
2026-03-13T14:20:00+05:30,3308.5,3314.1,3305.6,3314.1,29750
2026-03-13T14:25:00+05:30,3312.8,3321.9,3312.7,3317.9,98875
2026-03-13T14:30:00+05:30,3315.8,3330.7,3315.7,3323,25900
2026-03-13T14:35:00+05:30,3321.6,3330.8,3320.2,3324.8,26950
2026-03-13T14:40:00+05:30,3324.7,3332.3,3323.6,3331.6,18200
2026-03-13T14:45:00+05:30,3332,3335.2,3326.7,3334,38325
2026-03-13T14:50:00+05:30,3332.9,3338.2,3322.8,3326.9,37450
2026-03-13T14:55:00+05:30,3328.2,3331.2,3324.1,3330.9,18725
2026-03-13T15:00:00+05:30,3328.3,3330.5,3326.1,3328,61250
2026-03-13T15:05:00+05:30,3328,3331.2,3328,3329.4,36400
2026-03-13T15:10:00+05:30,3328.5,3341,3328.3,3340.9,30975
2026-03-13T15:15:00+05:30,3339.7,3340.6,3338.2,3339.3,46200
2026-03-13T15:20:00+05:30,3338.3,3340.2,3332.6,3335.5,43225
2026-03-13T15:25:00+05:30,3337.2,3338,3330.1,3332,31675
2026-03-16T09:15:00+05:30,3333.3,3350.7,3318.1,3329,26600
2026-03-16T09:20:00+05:30,3333.4,3344,3328.5,3334.8,25900
2026-03-16T09:25:00+05:30,3337.5,3361.3,3333,3354.9,34300
2026-03-16T09:30:00+05:30,3354.3,3360.8,3348.6,3360.8,28875
2026-03-16T09:35:00+05:30,3363.8,3386,3363.8,3373.9,48475
2026-03-16T09:40:00+05:30,3374.2,3392,3374.2,3385,21875
2026-03-16T09:45:00+05:30,3385.2,3392.7,3373,3376.1,40075
2026-03-16T09:50:00+05:30,3373.9,3386.5,3373.2,3383,8400
2026-03-16T09:55:00+05:30,3380.7,3382,3347.6,3347.6,26950
2026-03-16T10:00:00+05:30,3349.3,3363,3349.3,3363,30800
2026-03-16T10:05:00+05:30,3363.1,3368.5,3360.4,3360.4,9100
2026-03-16T10:10:00+05:30,3356,3356,3345.5,3348.9,9100
2026-03-16T10:15:00+05:30,3345.6,3345.6,3335.1,3337.1,8225
2026-03-16T10:20:00+05:30,3335.1,3335.1,3325.7,3328,18725
2026-03-16T10:25:00+05:30,3326.4,3327.4,3315.2,3315.2,12075
2026-03-16T10:30:00+05:30,3318.7,3325.4,3315.6,3315.6,7175
2026-03-16T10:35:00+05:30,3317,3330.8,3313,3313,19950
2026-03-16T10:40:00+05:30,3312,3314.8,3308,3308,8575
2026-03-16T10:45:00+05:30,3307.9,3312.1,3305.8,3306.4,5425
2026-03-16T10:50:00+05:30,3313,3313,3294.9,3296.4,9450
2026-03-16T10:55:00+05:30,3293,3309.3,3292,3309.3,15050
2026-03-16T11:00:00+05:30,3311,3328.4,3311,3325,23975
2026-03-16T11:05:00+05:30,3324.6,3324.6,3316.9,3321,9625
2026-03-16T11:10:00+05:30,3323.2,3324.2,3316,3324.2,4200
2026-03-16T11:15:00+05:30,3324,3342.8,3321.6,3342.8,13125
2026-03-16T11:20:00+05:30,3339.4,3339.8,3332.5,3334.5,7000
2026-03-16T11:25:00+05:30,3331.2,3337.9,3327.9,3337.9,5250
2026-03-16T11:30:00+05:30,3335.3,3349.7,3335,3346.3,5950
2026-03-16T11:35:00+05:30,3346.3,3347,3332.7,3332.7,4550
2026-03-16T11:40:00+05:30,3332.7,3335.5,3327.2,3327.2,9450
2026-03-16T11:45:00+05:30,3330,3335,3330,3333.7,2975
2026-03-16T11:50:00+05:30,3335,3337.8,3330.1,3331.7,7875
2026-03-16T11:55:00+05:30,3329,3338,3329,3338,1575
2026-03-16T12:00:00+05:30,3331.8,3338.5,3331.1,3331.1,2625
2026-03-16T12:05:00+05:30,3330,3330,3325,3325.5,2275
2026-03-16T12:10:00+05:30,3325.8,3334,3324.5,3327,6300
2026-03-16T12:15:00+05:30,3325.2,3327.1,3321,3321.2,2625
2026-03-16T12:20:00+05:30,3322,3330.9,3322,3330.9,2975
2026-03-16T12:25:00+05:30,3327,3333.5,3327,3331.6,3150
2026-03-16T12:30:00+05:30,3332.6,3332.6,3328,3328,2275
2026-03-16T12:35:00+05:30,3327.3,3329.1,3322.5,3328.2,3675
2026-03-16T12:40:00+05:30,3325.1,3329.4,3324.3,3328.5,1050
2026-03-16T12:45:00+05:30,3325,3328.4,3324.4,3325.2,7525
2026-03-16T12:50:00+05:30,3323.3,3326.5,3316.5,3326.5,14000
2026-03-16T12:55:00+05:30,3326,3326,3322.6,3325,2975
2026-03-16T13:00:00+05:30,3325.9,3332.2,3325.7,3325.7,4725
2026-03-16T13:05:00+05:30,3322.6,3324.4,3317,3323.6,9100
2026-03-16T13:10:00+05:30,3323.5,3330,3323.5,3323.8,4025
2026-03-16T13:15:00+05:30,3324.8,3335.5,3324.8,3332.2,3150
2026-03-16T13:20:00+05:30,3333.2,3335.5,3331.7,3333.2,1925
2026-03-16T13:25:00+05:30,3332.2,3335.3,3330.1,3333.1,12950
2026-03-16T13:30:00+05:30,3332.2,3336.3,3331.2,3332.4,4550
2026-03-16T13:35:00+05:30,3333.5,3339.7,3333.5,3337.6,7000
2026-03-16T13:40:00+05:30,3338.8,3339.3,3331.9,3331.9,4375
2026-03-16T13:45:00+05:30,3330.8,3333.8,3327.2,3327.2,4900
2026-03-16T13:50:00+05:30,3325.8,3335.2,3325.8,3332,6825
2026-03-16T13:55:00+05:30,3328.6,3329.6,3324.3,3326.1,2975
2026-03-16T14:00:00+05:30,3326.2,3326.6,3321.1,3323,6650
2026-03-16T14:05:00+05:30,3321.4,3329.3,3319.1,3329.3,6475
2026-03-16T14:10:00+05:30,3329.9,3337.9,3329.3,3332.5,5425
2026-03-16T14:15:00+05:30,3334.4,3346,3333.5,3346,2975
2026-03-16T14:20:00+05:30,3347,3358,3340.5,3354.6,25900
2026-03-16T14:25:00+05:30,3355.4,3360.5,3350,3358.4,23975
2026-03-16T14:30:00+05:30,3359.5,3371,3359.5,3367.9,52325
2026-03-16T14:35:00+05:30,3367.1,3378.4,3363.6,3377.3,18900
2026-03-16T14:40:00+05:30,3379,3382,3368.4,3377.7,41300
2026-03-16T14:45:00+05:30,3378,3395,3374.6,3391.3,28875
2026-03-16T14:50:00+05:30,3392.3,3395,3383.1,3388.8,29925
2026-03-16T14:55:00+05:30,3386.9,3389.6,3380.3,3383.9,21350
2026-03-16T15:00:00+05:30,3384.1,3384.1,3366.5,3374,48475
2026-03-16T15:05:00+05:30,3373.1,3384.1,3370.1,3380.7,18200
2026-03-16T15:10:00+05:30,3381.1,3383.9,3377.3,3379,30800
2026-03-16T15:15:00+05:30,3379.7,3382.6,3370.8,3372.1,41650
2026-03-16T15:20:00+05:30,3371.9,3377.8,3370.2,3371.8,43225
2026-03-16T15:25:00+05:30,3370.9,3372.8,3350.1,3352,79275
2026-03-17T09:15:00+05:30,3392.9,3392.9,3353,3357,9975
2026-03-17T09:20:00+05:30,3355,3370,3350.1,3366.7,8225
2026-03-17T09:25:00+05:30,3361.9,3377.7,3361.9,3371,22750
2026-03-17T09:30:00+05:30,3371.1,3378.9,3365,3377.3,24325
2026-03-17T09:35:00+05:30,3377.3,3411.5,3377.3,3406.2,45675
2026-03-17T09:40:00+05:30,3403.7,3407.9,3394,3401.9,24675
2026-03-17T09:45:00+05:30,3403.9,3410,3397,3406.5,32025
2026-03-17T09:50:00+05:30,3404,3418.6,3401,3416.2,28000
2026-03-17T09:55:00+05:30,3415.8,3425.9,3413.9,3423.4,36575
2026-03-17T10:00:00+05:30,3425,3438.7,3420.1,3437.7,37800
2026-03-17T10:05:00+05:30,3433.2,3439.9,3428.1,3428.9,18025
2026-03-17T10:10:00+05:30,3428,3428,3418.9,3424,19075
2026-03-17T10:15:00+05:30,3428,3442.3,3428,3436.9,15050
2026-03-17T10:20:00+05:30,3435.2,3437.4,3429.3,3429.3,25375
2026-03-17T10:25:00+05:30,3430.1,3430.1,3410,3410,22750
2026-03-17T10:30:00+05:30,3410.2,3419.9,3403.8,3411.5,18900
2026-03-17T10:35:00+05:30,3411.8,3419,3407.5,3419,12950
2026-03-17T10:40:00+05:30,3420.7,3428.7,3413.6,3427,15750
2026-03-17T10:45:00+05:30,3426.9,3432.5,3423.5,3432.5,17150
2026-03-17T10:50:00+05:30,3433.8,3434,3425,3430.6,8225
2026-03-17T10:55:00+05:30,3437.1,3444,3432.6,3438.6,29050
2026-03-17T11:00:00+05:30,3438.6,3447.7,3438.6,3439.2,13125
2026-03-17T11:05:00+05:30,3439.5,3445,3430.7,3437,15750
2026-03-17T11:10:00+05:30,3435.2,3435.2,3420,3423.1,23625
2026-03-17T11:15:00+05:30,3423.4,3423.4,3414,3417.8,16800
2026-03-17T11:20:00+05:30,3420,3422.5,3415.5,3415.5,15925
2026-03-17T11:25:00+05:30,3416.6,3417.9,3395.9,3397.6,30450
2026-03-17T11:30:00+05:30,3399.2,3407.4,3392.8,3398.8,19775
2026-03-17T11:35:00+05:30,3398.8,3409.6,3398.8,3404.2,16275
2026-03-17T11:40:00+05:30,3402,3408,3402,3406.2,10850
2026-03-17T11:45:00+05:30,3404.5,3406.5,3387.8,3387.8,10850
2026-03-17T11:50:00+05:30,3387.4,3390.6,3380.5,3383,32550
2026-03-17T11:55:00+05:30,3382,3383.9,3377.9,3380.2,10675
2026-03-17T12:00:00+05:30,3382.1,3388.6,3380,3384.3,6475
2026-03-17T12:05:00+05:30,3381.8,3388.2,3381.8,3387,6650
2026-03-17T12:10:00+05:30,3388.3,3388.3,3384,3384,4900
2026-03-17T12:15:00+05:30,3384,3391.7,3380.9,3385.1,16975
2026-03-17T12:20:00+05:30,3385.3,3391.3,3385.3,3386.3,3325
2026-03-17T12:25:00+05:30,3385.2,3394.4,3385.2,3392.3,9100
2026-03-17T12:30:00+05:30,3390,3394.5,3386.5,3394.5,4900
2026-03-17T12:35:00+05:30,3393.1,3402.4,3390.9,3398.2,6650
2026-03-17T12:40:00+05:30,3397.6,3401.6,3389.6,3392.5,31325
2026-03-17T12:45:00+05:30,3394.2,3407.8,3394.2,3403,9975
2026-03-17T12:50:00+05:30,3403.7,3408.3,3400.6,3408.3,8925
2026-03-17T12:55:00+05:30,3407,3414,3405.7,3414,12075
2026-03-17T13:00:00+05:30,3413.3,3422,3413.3,3419.1,16275
2026-03-17T13:05:00+05:30,3418.9,3430,3413.8,3426.3,34125
2026-03-17T13:10:00+05:30,3423.2,3433.2,3421,3428.6,21525
2026-03-17T13:15:00+05:30,3428.2,3428.2,3419.9,3421.8,6300
2026-03-17T13:20:00+05:30,3420.9,3430.3,3416.4,3430.3,10150
2026-03-17T13:25:00+05:30,3432.6,3442.3,3431,3442.3,17675
2026-03-17T13:30:00+05:30,3441,3456,3441,3447.2,25900
2026-03-17T13:35:00+05:30,3447,3449.9,3441,3441,14700
2026-03-17T13:40:00+05:30,3440,3444.4,3435,3438,7700
2026-03-17T13:45:00+05:30,3439.6,3447.1,3439.2,3444.5,14700
2026-03-17T13:50:00+05:30,3447.7,3447.7,3433.4,3435.9,7875
2026-03-17T13:55:00+05:30,3435.8,3442,3435,3442,15400
2026-03-17T14:00:00+05:30,3443,3457.4,3441.1,3455.7,16975
2026-03-17T14:05:00+05:30,3455.1,3460,3452.9,3458.7,22925
2026-03-17T14:10:00+05:30,3457.3,3463.3,3457.3,3462.6,19250
2026-03-17T14:15:00+05:30,3462,3469.9,3458.2,3465.7,30975
2026-03-17T14:20:00+05:30,3465.7,3470.7,3457.5,3459.7,29225
2026-03-17T14:25:00+05:30,3459.3,3464.4,3456.1,3464.4,9275
2026-03-17T14:30:00+05:30,3465,3477.3,3465,3475,28000
2026-03-17T14:35:00+05:30,3475.1,3487.5,3469.9,3483.4,48475
2026-03-17T14:40:00+05:30,3483.1,3488,3473.9,3475.2,25200
2026-03-17T14:45:00+05:30,3475.9,3479.8,3473.8,3479.5,10150
2026-03-17T14:50:00+05:30,3482.1,3484.7,3479.4,3481.6,11725
2026-03-17T14:55:00+05:30,3482.1,3493.2,3482.1,3493,42525
2026-03-17T15:00:00+05:30,3492,3492,3478,3480,55125
2026-03-17T15:05:00+05:30,3481.7,3489.8,3480.3,3487.3,50925
2026-03-17T15:10:00+05:30,3486.2,3490.6,3481.5,3487.4,58450
2026-03-17T15:15:00+05:30,3487.3,3492.2,3485.1,3490,73850
2026-03-17T15:20:00+05:30,3490.1,3494.5,3487.4,3492,82250
2026-03-17T15:25:00+05:30,3492.1,3497.7,3491.8,3496,67025
2026-03-18T09:15:00+05:30,3509.9,3530.4,3501.4,3529.5,61950
2026-03-18T09:20:00+05:30,3528,3536,3522.8,3522.8,31850
2026-03-18T09:25:00+05:30,3525,3551.4,3521,3545.1,38150
2026-03-18T09:30:00+05:30,3546.4,3553.9,3543,3547,21875
2026-03-18T09:35:00+05:30,3544.9,3548.1,3537,3538.2,22050
2026-03-18T09:40:00+05:30,3540.2,3547.4,3536.8,3539.8,15050
2026-03-18T09:45:00+05:30,3543.6,3549,3542.8,3547.1,10325
2026-03-18T09:50:00+05:30,3547,3547.8,3536.8,3537.3,11025
2026-03-18T09:55:00+05:30,3537,3538,3530.8,3532.1,16100
2026-03-18T10:00:00+05:30,3534.4,3543.3,3530.7,3534.1,9975
2026-03-18T10:05:00+05:30,3531,3534.1,3528.3,3531.5,6825
2026-03-18T10:10:00+05:30,3531.2,3545.2,3529.7,3544.3,20825
2026-03-18T10:15:00+05:30,3541.8,3550.9,3541,3549.3,22575
2026-03-18T10:20:00+05:30,3547.2,3549.9,3546,3549.9,8400
2026-03-18T10:25:00+05:30,3553.8,3556.1,3545,3547.8,10675
2026-03-18T10:30:00+05:30,3549.5,3554.8,3549.5,3554.8,8050
2026-03-18T10:35:00+05:30,3554,3554.8,3552.2,3554.8,3325
2026-03-18T10:40:00+05:30,3552.8,3556.8,3550.8,3554.1,9100
2026-03-18T10:45:00+05:30,3556.2,3564.9,3554.3,3563.1,8050
2026-03-18T10:50:00+05:30,3563.2,3563.2,3555.7,3556.7,7175
2026-03-18T10:55:00+05:30,3557,3559.4,3551.7,3556.7,9100
2026-03-18T11:00:00+05:30,3557,3561,3556.6,3558,9800
2026-03-18T11:05:00+05:30,3558.2,3560.2,3555.6,3560.2,19600
2026-03-18T11:10:00+05:30,3560.5,3561.7,3555.6,3560,13825
2026-03-18T11:15:00+05:30,3560,3567,3558.4,3567,23450
2026-03-18T11:20:00+05:30,3567.3,3568.1,3560.9,3566.7,28700
2026-03-18T11:25:00+05:30,3566,3566.4,3562.3,3562.5,7700
2026-03-18T11:30:00+05:30,3563.3,3565.8,3561.5,3562.7,7700
2026-03-18T11:35:00+05:30,3560.7,3566.8,3560.7,3564.9,7525
2026-03-18T11:40:00+05:30,3564.5,3566,3559.8,3561,12425
2026-03-18T11:45:00+05:30,3560.6,3561.3,3546.1,3546.1,20300
2026-03-18T11:50:00+05:30,3546.7,3548.7,3541,3543.8,19250
2026-03-18T11:55:00+05:30,3544.1,3547,3541,3547,11725
2026-03-18T12:00:00+05:30,3547.7,3549.9,3545.1,3546.4,10850
2026-03-18T12:05:00+05:30,3546.1,3549.5,3543.1,3546.8,8225
2026-03-18T12:10:00+05:30,3547.5,3552.8,3547.5,3547.9,6825
2026-03-18T12:15:00+05:30,3548.9,3550.8,3547,3548.9,5250
2026-03-18T12:20:00+05:30,3548.9,3552.2,3548.9,3552.2,9800
2026-03-18T12:25:00+05:30,3552.2,3552.2,3540.8,3543,10150
2026-03-18T12:30:00+05:30,3543.1,3547.7,3542.5,3547.7,10850
2026-03-18T12:35:00+05:30,3547.6,3548.1,3540,3540,8575
2026-03-18T12:40:00+05:30,3540,3542.5,3537.9,3542,11900
2026-03-18T12:45:00+05:30,3541.2,3542.3,3539.8,3542.3,5425
2026-03-18T12:50:00+05:30,3542.8,3546.6,3542.8,3544.8,5425
2026-03-18T12:55:00+05:30,3544.3,3545.8,3540.4,3540.4,6475
2026-03-18T13:00:00+05:30,3542,3545.5,3542,3544.2,7875
2026-03-18T13:05:00+05:30,3544.3,3544.3,3538,3539.1,6475
2026-03-18T13:10:00+05:30,3542.3,3545.6,3541.7,3544.6,5075
2026-03-18T13:15:00+05:30,3544.5,3554.4,3542.5,3547.8,14175
2026-03-18T13:20:00+05:30,3547.4,3557.4,3547.4,3551.6,10675
2026-03-18T13:25:00+05:30,3552,3552,3544.9,3549.8,7350
2026-03-18T13:30:00+05:30,3551.3,3551.3,3545.5,3551,7175
2026-03-18T13:35:00+05:30,3550.9,3558.7,3544.9,3555.5,14175
2026-03-18T13:40:00+05:30,3557.9,3562,3557.9,3562,11550
2026-03-18T13:45:00+05:30,3562,3562,3556.5,3559.6,8225
2026-03-18T13:50:00+05:30,3559.8,3562,3559.1,3562,16800
2026-03-18T13:55:00+05:30,3561,3564.1,3559.6,3562.9,11025
2026-03-18T14:00:00+05:30,3562.3,3563.8,3560,3561.5,11375
2026-03-18T14:05:00+05:30,3560.7,3562,3560.1,3561.8,14875
2026-03-18T14:10:00+05:30,3561.6,3561.9,3555.2,3556.9,13300
2026-03-18T14:15:00+05:30,3556.9,3561.3,3556.9,3559.8,5250
2026-03-18T14:20:00+05:30,3559.9,3564,3559.1,3564,7000
2026-03-18T14:25:00+05:30,3564,3566,3562.3,3562.7,11200
2026-03-18T14:30:00+05:30,3562.4,3562.4,3554.4,3557.2,14525
2026-03-18T14:35:00+05:30,3556.7,3560,3555.3,3557,11550
2026-03-18T14:40:00+05:30,3557.4,3561,3557,3557.4,27475
2026-03-18T14:45:00+05:30,3558.6,3562,3556,3560.9,17850
2026-03-18T14:50:00+05:30,3561.3,3561.7,3555,3556.4,10850
2026-03-18T14:55:00+05:30,3558.4,3570,3558.4,3569.2,25200
2026-03-18T15:00:00+05:30,3569.5,3573.2,3561.4,3572.4,38325
2026-03-18T15:05:00+05:30,3572,3572.3,3567.5,3568.7,25550
2026-03-18T15:10:00+05:30,3568.7,3571.6,3567.5,3571.6,54950
2026-03-18T15:15:00+05:30,3573.3,3574.2,3566.9,3568.4,39200
2026-03-18T15:20:00+05:30,3569.6,3572,3560.9,3564.9,74725
2026-03-18T15:25:00+05:30,3564.6,3566.6,3554.5,3558.1,50750
2026-03-19T09:15:00+05:30,3480.1,3508.8,3462.7,3470.1,56175
2026-03-19T09:20:00+05:30,3470.6,3482.8,3464.3,3480.9,34825
2026-03-19T09:25:00+05:30,3480.8,3481.6,3472.3,3479,12425
2026-03-19T09:30:00+05:30,3474.6,3487.3,3471.4,3482.6,9625
2026-03-19T09:35:00+05:30,3483.3,3494.8,3482.5,3485,9800
2026-03-19T09:40:00+05:30,3483.6,3491.3,3481.2,3484.9,7000
2026-03-19T09:45:00+05:30,3487.1,3489.9,3479.4,3485.7,14875
2026-03-19T09:50:00+05:30,3486,3489.6,3483,3484.7,3500
2026-03-19T09:55:00+05:30,3482,3484.9,3473,3480.6,9800
2026-03-19T10:00:00+05:30,3481.1,3481.1,3475.2,3478,4550
2026-03-19T10:05:00+05:30,3478.3,3489.4,3476.9,3479.5,5075
2026-03-19T10:10:00+05:30,3475.1,3475.1,3470.8,3474.3,4375
2026-03-19T10:15:00+05:30,3474.4,3475.6,3458.6,3460.8,20825
2026-03-19T10:20:00+05:30,3461.5,3477.5,3461.5,3477.5,5250
2026-03-19T10:25:00+05:30,3476,3482,3476,3479.7,18200
2026-03-19T10:30:00+05:30,3485.6,3485.6,3480,3481.9,8400
2026-03-19T10:35:00+05:30,3480.9,3486.8,3480.9,3484.7,5250
2026-03-19T10:40:00+05:30,3484.1,3484.1,3478.6,3481,5950
2026-03-19T10:45:00+05:30,3479.7,3484,3472.1,3472.1,7175
2026-03-19T10:50:00+05:30,3469.2,3473,3469,3473,6825
2026-03-19T10:55:00+05:30,3473.7,3476.6,3471.8,3473.9,5250
2026-03-19T11:00:00+05:30,3473.3,3476.3,3468,3469.6,6825
2026-03-19T11:05:00+05:30,3467.8,3474.8,3464.9,3465.3,12950
2026-03-19T11:10:00+05:30,3465.3,3467.7,3463.2,3464.5,3150
2026-03-19T11:15:00+05:30,3464.2,3466.6,3463.6,3463.6,1925
2026-03-19T11:20:00+05:30,3463.4,3472.9,3463.4,3470.2,5075
2026-03-19T11:25:00+05:30,3469.4,3469.4,3465.3,3465.5,2100
2026-03-19T11:30:00+05:30,3464,3469.1,3464,3467.8,1925
2026-03-19T11:35:00+05:30,3469.1,3469.8,3464,3464.5,2975
2026-03-19T11:40:00+05:30,3462.7,3463,3460,3462.5,5425
2026-03-19T11:45:00+05:30,3463.5,3468,3463.1,3463.1,4725
2026-03-19T11:50:00+05:30,3463.1,3465.5,3458.4,3458.4,4725
2026-03-19T11:55:00+05:30,3458.9,3460.5,3452,3452.8,8400
2026-03-19T12:00:00+05:30,3452.5,3452.5,3437.5,3440.4,11375
2026-03-19T12:05:00+05:30,3438.9,3440,3432.6,3432.6,28000
2026-03-19T12:10:00+05:30,3432.9,3442.6,3431.9,3442.6,3850
2026-03-19T12:15:00+05:30,3441.9,3447,3440.5,3447,4025
2026-03-19T12:20:00+05:30,3445.7,3445.7,3436.4,3439.5,6300
2026-03-19T12:25:00+05:30,3439.5,3440.3,3434.6,3437.1,4200
2026-03-19T12:30:00+05:30,3438.6,3438.8,3434.8,3434.8,6300
2026-03-19T12:35:00+05:30,3435.3,3440.3,3434.9,3435.7,3325
2026-03-19T12:40:00+05:30,3435.4,3436.6,3430,3430,5075
2026-03-19T12:45:00+05:30,3429.7,3440.4,3429.7,3440.4,4550
2026-03-19T12:50:00+05:30,3442.1,3442.6,3437.3,3440.1,3675
2026-03-19T12:55:00+05:30,3440.9,3441,3436.4,3437.6,3150
2026-03-19T13:00:00+05:30,3438.7,3443.9,3438.6,3439.4,4550
2026-03-19T13:05:00+05:30,3439.7,3443.4,3439.3,3443.4,1750
2026-03-19T13:10:00+05:30,3443.5,3443.9,3436.2,3436.2,5950
2026-03-19T13:15:00+05:30,3432.7,3435.3,3427.4,3428,4375
2026-03-19T13:20:00+05:30,3429.3,3430.1,3428.6,3428.6,2100
2026-03-19T13:25:00+05:30,3429.7,3431.3,3426.3,3428,4725
2026-03-19T13:30:00+05:30,3429.6,3439.4,3429.6,3438.8,5950
2026-03-19T13:35:00+05:30,3438.3,3439,3434.7,3437.4,4550
2026-03-19T13:40:00+05:30,3439,3445.2,3438.7,3438.7,5425
2026-03-19T13:45:00+05:30,3438.2,3441.1,3432.9,3432.9,3675
2026-03-19T13:50:00+05:30,3436.4,3436.4,3430.2,3434.5,4200
2026-03-19T13:55:00+05:30,3436.2,3436.3,3426.6,3426.6,6300
2026-03-19T14:00:00+05:30,3427.5,3430.1,3420.1,3420.1,13125
2026-03-19T14:05:00+05:30,3418.9,3425,3418.9,3422.5,10325
2026-03-19T14:10:00+05:30,3420.1,3422.8,3417.9,3422.8,6650
2026-03-19T14:15:00+05:30,3423.3,3433.7,3423.3,3433.7,6125
2026-03-19T14:20:00+05:30,3430,3434.1,3426.1,3432.6,10675
2026-03-19T14:25:00+05:30,3432.3,3432.3,3427.8,3429.2,13125
2026-03-19T14:30:00+05:30,3431,3438.3,3426.9,3434.2,15575
2026-03-19T14:35:00+05:30,3439.8,3439.8,3427.2,3433.7,14525
2026-03-19T14:40:00+05:30,3430.5,3435.1,3422.8,3434.7,13825
2026-03-19T14:45:00+05:30,3437.6,3437.6,3422.3,3424.4,9975
2026-03-19T14:50:00+05:30,3424.4,3429.3,3415.5,3418.6,26600
2026-03-19T14:55:00+05:30,3419.9,3427.1,3409.7,3418.3,48300
2026-03-19T15:00:00+05:30,3418.1,3433.9,3412.9,3432,48125
2026-03-19T15:05:00+05:30,3432,3433.2,3423.3,3427.5,79275
2026-03-19T15:10:00+05:30,3428.4,3439.9,3426,3439.5,47075
2026-03-19T15:15:00+05:30,3440,3456.2,3439.2,3454.2,49875
2026-03-19T15:20:00+05:30,3453.3,3459.3,3449.2,3456.2,77525
2026-03-19T15:25:00+05:30,3456.9,3471.8,3456.1,3456.1,116025
2026-03-20T09:15:00+05:30,3469.9,3532.9,3469.9,3509.9,71750
2026-03-20T09:20:00+05:30,3517,3517,3488.1,3502.4,39025
2026-03-20T09:25:00+05:30,3502.4,3512,3499.8,3512,19775
2026-03-20T09:30:00+05:30,3511,3511,3496.5,3498.2,7700
2026-03-20T09:35:00+05:30,3493.9,3497.9,3485,3489,12600
2026-03-20T09:40:00+05:30,3486,3486.8,3477.4,3480,10675
2026-03-20T09:45:00+05:30,3480,3481.5,3473.4,3478.4,7350
2026-03-20T09:50:00+05:30,3480.2,3488.2,3475.9,3488.2,8400
2026-03-20T09:55:00+05:30,3487,3490.2,3482.4,3490.2,3500
2026-03-20T10:00:00+05:30,3487.1,3487.1,3472.6,3474,3675
2026-03-20T10:05:00+05:30,3475,3480,3474.3,3476.1,5775
2026-03-20T10:10:00+05:30,3477,3483.1,3474.1,3477,3150
2026-03-20T10:15:00+05:30,3475,3475,3463.8,3465.8,9975
2026-03-20T10:20:00+05:30,3467.6,3468.9,3458.9,3467.9,7525
2026-03-20T10:25:00+05:30,3467.9,3473.4,3461.6,3473.4,7875
2026-03-20T10:30:00+05:30,3471.7,3479.9,3470.6,3477,6825
2026-03-20T10:35:00+05:30,3473.9,3476.3,3473.6,3474.4,3675
2026-03-20T10:40:00+05:30,3473.8,3479.2,3473.1,3479.2,4550
2026-03-20T10:45:00+05:30,3479.9,3487,3477.9,3478.6,7700
2026-03-20T10:50:00+05:30,3478.9,3485.2,3478.9,3485.2,4200
2026-03-20T10:55:00+05:30,3481,3483,3471.5,3475.3,17150
2026-03-20T11:00:00+05:30,3475.9,3478.6,3470.7,3472.1,3500
2026-03-20T11:05:00+05:30,3470.3,3472.5,3470.2,3472.4,2450
2026-03-20T11:10:00+05:30,3472,3475,3469.1,3473.9,5075
2026-03-20T11:15:00+05:30,3474.5,3481.9,3474.5,3480.8,6300
2026-03-20T11:20:00+05:30,3481.2,3487.5,3480.2,3483.9,5250
2026-03-20T11:25:00+05:30,3478.6,3481.2,3472.5,3476.9,7525
2026-03-20T11:30:00+05:30,3477,3481.6,3475,3477.5,4900
2026-03-20T11:35:00+05:30,3478.1,3478.4,3477.5,3478.4,2275
2026-03-20T11:40:00+05:30,3479,3480.9,3476.2,3476.3,4550
2026-03-20T11:45:00+05:30,3477.2,3480.6,3476.3,3477.2,2975
2026-03-20T11:50:00+05:30,3479.5,3479.5,3468.5,3470.8,4375
2026-03-20T11:55:00+05:30,3473.3,3473.3,3464.3,3470.1,5600
2026-03-20T12:00:00+05:30,3471.3,3471.3,3466.8,3468.3,5075
2026-03-20T12:05:00+05:30,3466.6,3468.9,3457.7,3459,6825
2026-03-20T12:10:00+05:30,3459.2,3465.4,3457.9,3464.3,9450
2026-03-20T12:15:00+05:30,3466.8,3466.8,3447,3447,9100
2026-03-20T12:20:00+05:30,3447,3447,3438.2,3438.3,25200
2026-03-20T12:25:00+05:30,3437.5,3450.2,3437.5,3447.2,10325
2026-03-20T12:30:00+05:30,3446.9,3452.1,3440.7,3449.2,5950
2026-03-20T12:35:00+05:30,3448.9,3458.9,3447.9,3456.9,8575
2026-03-20T12:40:00+05:30,3456.1,3461,3452.4,3456.2,5075
2026-03-20T12:45:00+05:30,3457,3459.5,3453.5,3454.8,3150
2026-03-20T12:50:00+05:30,3453.9,3461.1,3453.5,3458.6,2450
2026-03-20T12:55:00+05:30,3455.8,3462.3,3453.3,3456,3150
2026-03-20T13:00:00+05:30,3454,3458.8,3452.4,3458.8,2275
2026-03-20T13:05:00+05:30,3461.2,3462,3458.3,3458.3,1750
2026-03-20T13:10:00+05:30,3457.3,3466.8,3457.3,3465.9,4900
2026-03-20T13:15:00+05:30,3469.5,3474,3465.6,3465.6,2625
2026-03-20T13:20:00+05:30,3464.5,3465.4,3460.3,3460.8,3325
2026-03-20T13:25:00+05:30,3463.6,3472,3463.6,3472,4550
2026-03-20T13:30:00+05:30,3473.3,3473.7,3468.4,3469.2,8750
2026-03-20T13:35:00+05:30,3469.2,3475.9,3468.1,3474.5,5600
2026-03-20T13:40:00+05:30,3474.4,3474.8,3463,3463.4,10325
2026-03-20T13:45:00+05:30,3463,3464.5,3457.6,3462.1,7350
2026-03-20T13:50:00+05:30,3459.4,3464.2,3456.8,3460.8,3150
2026-03-20T13:55:00+05:30,3466,3469.3,3461,3461,2275
2026-03-20T14:00:00+05:30,3458.6,3472.9,3456.8,3472.9,3850
2026-03-20T14:05:00+05:30,3472.9,3472.9,3468,3472,3850
2026-03-20T14:10:00+05:30,3470,3470,3462.5,3464.1,4900
2026-03-20T14:15:00+05:30,3462.1,3467.6,3459.2,3467.6,5950
2026-03-20T14:20:00+05:30,3467.4,3467.9,3461.3,3464.6,3850
2026-03-20T14:25:00+05:30,3462.6,3465.4,3461.7,3465,2975
2026-03-20T14:30:00+05:30,3462.3,3466,3456.5,3460.3,9625
2026-03-20T14:35:00+05:30,3461.5,3461.5,3456.3,3459.9,3150
2026-03-20T14:40:00+05:30,3457.5,3460.7,3453.4,3457.1,4550
2026-03-20T14:45:00+05:30,3455.4,3455.4,3448.1,3451.3,10325
2026-03-20T14:50:00+05:30,3450.9,3455,3449.7,3455,4200
2026-03-20T14:55:00+05:30,3452.6,3452.6,3447.1,3450.5,4725
2026-03-20T15:00:00+05:30,3450,3459.8,3438.3,3450.2,38325
2026-03-20T15:05:00+05:30,3452.5,3452.5,3440.1,3444,22050
2026-03-20T15:10:00+05:30,3445.9,3449.9,3439.3,3448.6,21875
2026-03-20T15:15:00+05:30,3449.7,3460.5,3449.3,3459.2,32200
2026-03-20T15:20:00+05:30,3457.5,3467.9,3457.5,3464.9,31500
2026-03-20T15:25:00+05:30,3466.7,3466.9,3457.4,3466,39025
2026-03-23T09:15:00+05:30,3415,3415,3380.4,3390.1,37450
2026-03-23T09:20:00+05:30,3380.1,3402,3380.1,3395,46900
2026-03-23T09:25:00+05:30,3388.7,3397.8,3386.7,3392.8,20300
2026-03-23T09:30:00+05:30,3391.7,3410,3384.5,3409.6,21875
2026-03-23T09:35:00+05:30,3407.9,3419,3407.9,3411.2,13825
2026-03-23T09:40:00+05:30,3410,3410,3398.6,3402.1,7350
2026-03-23T09:45:00+05:30,3402.7,3402.7,3392.8,3395,7350
2026-03-23T09:50:00+05:30,3394,3394.8,3382,3383.7,7875
2026-03-23T09:55:00+05:30,3380.4,3388,3377.8,3385,18025
2026-03-23T10:00:00+05:30,3383.1,3394.7,3377,3393.1,38675
2026-03-23T10:05:00+05:30,3395.6,3398.4,3388,3389.5,5775
2026-03-23T10:10:00+05:30,3388.1,3388.1,3376.4,3381.3,7700
2026-03-23T10:15:00+05:30,3381.3,3385.8,3376,3379.7,10325
2026-03-23T10:20:00+05:30,3380.1,3388.8,3378.4,3384.8,4550
2026-03-23T10:25:00+05:30,3382.4,3389.7,3374.9,3374.9,10325
2026-03-23T10:30:00+05:30,3379.2,3390.7,3378.7,3384.3,47075
2026-03-23T10:35:00+05:30,3384.5,3398.9,3381.8,3381.8,21525
2026-03-23T10:40:00+05:30,3382.6,3388.9,3382.5,3384.5,2625
2026-03-23T10:45:00+05:30,3382,3382.1,3376,3381.6,6650
2026-03-23T10:50:00+05:30,3385,3385.9,3381,3385,3150
2026-03-23T10:55:00+05:30,3384.2,3389.5,3383,3387.4,3675
2026-03-23T11:00:00+05:30,3385.2,3389.3,3381.8,3387.5,5425
2026-03-23T11:05:00+05:30,3384.2,3393.5,3384.2,3392.6,3325
2026-03-23T11:10:00+05:30,3389.6,3390.2,3386.2,3387.9,1925
2026-03-23T11:15:00+05:30,3387,3387,3380,3381.1,5250
2026-03-23T11:20:00+05:30,3383,3386.9,3381.4,3386.8,2625
2026-03-23T11:25:00+05:30,3385.2,3387.3,3384,3384.3,2800
2026-03-23T11:30:00+05:30,3386.4,3389.3,3381.5,3381.5,3500
2026-03-23T11:35:00+05:30,3382.1,3386.7,3380.4,3383.9,4375
2026-03-23T11:40:00+05:30,3385.9,3388.9,3378,3378,13825
2026-03-23T11:45:00+05:30,3379,3382.5,3379,3382.2,3850
2026-03-23T11:50:00+05:30,3384,3389,3384,3388.2,3325
2026-03-23T11:55:00+05:30,3388,3389.5,3382.7,3382.7,4725
2026-03-23T12:00:00+05:30,3382.5,3383.3,3380.2,3382.7,3150
2026-03-23T12:05:00+05:30,3382.7,3384.7,3380.8,3384.7,6825
2026-03-23T12:10:00+05:30,3383.8,3387,3383.5,3383.9,8225
2026-03-23T12:15:00+05:30,3384,3384,3379.1,3382,6300
2026-03-23T12:20:00+05:30,3382,3383,3376,3376,2275
2026-03-23T12:25:00+05:30,3376.8,3388,3375.1,3388,3675
2026-03-23T12:30:00+05:30,3386.9,3391.1,3384.8,3387.4,3325
2026-03-23T12:35:00+05:30,3387.4,3394,3387.4,3387.5,2275
2026-03-23T12:40:00+05:30,3383.2,3394.1,3383.2,3392.2,5425
2026-03-23T12:45:00+05:30,3392.2,3396.4,3391.9,3391.9,3850
2026-03-23T12:50:00+05:30,3393.4,3394.4,3391,3391.8,1750
2026-03-23T12:55:00+05:30,3391,3392.2,3387.3,3390.8,2975
2026-03-23T13:00:00+05:30,3390.8,3390.8,3382,3382.1,5600
2026-03-23T13:05:00+05:30,3383.9,3385,3380.6,3383,2625
2026-03-23T13:10:00+05:30,3383.3,3384.6,3376.1,3381.8,7000
2026-03-23T13:15:00+05:30,3381.8,3383.4,3380.6,3383,4025
2026-03-23T13:20:00+05:30,3383,3384.8,3381.1,3383.9,2975
2026-03-23T13:25:00+05:30,3384.7,3384.7,3380.6,3381.8,5425
2026-03-23T13:30:00+05:30,3384.1,3387.9,3383.2,3383.4,6475
2026-03-23T13:35:00+05:30,3388.2,3390.7,3387.1,3389.5,2800
2026-03-23T13:40:00+05:30,3388.5,3397.2,3387.5,3395,4375
2026-03-23T13:45:00+05:30,3394.6,3400.2,3393.3,3398.8,6475
2026-03-23T13:50:00+05:30,3398.7,3407,3398.6,3400.7,8575
2026-03-23T13:55:00+05:30,3400.7,3406.4,3399.8,3402.2,4725
2026-03-23T14:00:00+05:30,3399.9,3407.2,3397.5,3407.2,4025
2026-03-23T14:05:00+05:30,3404.8,3408.3,3401.3,3403,6650
2026-03-23T14:10:00+05:30,3400.1,3402.2,3397.5,3401,5775
2026-03-23T14:15:00+05:30,3398.6,3402,3396,3402,4375
2026-03-23T14:20:00+05:30,3400.5,3406.7,3400.2,3405.2,3850
2026-03-23T14:25:00+05:30,3400.1,3400.2,3393.4,3399.3,7875
2026-03-23T14:30:00+05:30,3399.3,3401.7,3392.9,3394,7875
2026-03-23T14:35:00+05:30,3394,3396,3384.8,3386.4,6475
2026-03-23T14:40:00+05:30,3386.4,3396.8,3384.8,3396.8,5075
2026-03-23T14:45:00+05:30,3394.9,3399.6,3393,3395.8,3500
2026-03-23T14:50:00+05:30,3399,3409.8,3399,3401.5,4900
2026-03-23T14:55:00+05:30,3404.7,3404.7,3391.2,3397.1,9975
2026-03-23T15:00:00+05:30,3396,3401.2,3391,3391.1,11550
2026-03-23T15:05:00+05:30,3391,3401,3388.5,3401,13125
2026-03-23T15:10:00+05:30,3401.2,3402,3392,3397,23800
2026-03-23T15:15:00+05:30,3394.8,3400,3394.2,3399.4,14875
2026-03-23T15:20:00+05:30,3399.4,3399.8,3394.2,3398,20475
2026-03-23T15:25:00+05:30,3397.2,3397.5,3390,3390,23975
2026-03-24T09:15:00+05:30,3459.9,3459.9,3424,3443.8,62475
2026-03-24T09:20:00+05:30,3449.8,3449.8,3433.3,3445,52150
2026-03-24T09:25:00+05:30,3448.6,3454.6,3443.2,3453.5,37275
2026-03-24T09:30:00+05:30,3453.5,3456.4,3448.2,3450.1,47250
2026-03-24T09:35:00+05:30,3449.9,3454,3438.7,3442,50925
2026-03-24T09:40:00+05:30,3442.9,3450,3442.9,3442.9,33075
2026-03-24T09:45:00+05:30,3442.9,3446.5,3439,3442.3,36225
2026-03-24T09:50:00+05:30,3442.3,3446.2,3438.5,3442,23800
2026-03-24T09:55:00+05:30,3439.9,3450.3,3432.6,3432.6,35000
2026-03-24T10:00:00+05:30,3432.6,3432.6,3419.4,3419.5,34825
2026-03-24T10:05:00+05:30,3419.5,3424,3408.4,3418.4,33950
2026-03-24T10:10:00+05:30,3418.4,3427.3,3418.4,3420.2,34475
2026-03-24T10:15:00+05:30,3420.2,3429.5,3417.5,3425.8,27825
2026-03-24T10:20:00+05:30,3425.8,3432.3,3424.1,3429.3,30800
2026-03-24T10:25:00+05:30,3429.3,3429.3,3419.2,3419.2,25200
2026-03-24T10:30:00+05:30,3419.2,3419.2,3407.6,3407.6,25900
2026-03-24T10:35:00+05:30,3407.6,3413.2,3400,3402,36925
2026-03-24T10:40:00+05:30,3402,3408.5,3401.7,3401.7,32900
2026-03-24T10:45:00+05:30,3401.7,3415,3400.2,3414,29925
2026-03-24T10:50:00+05:30,3414,3417,3404.8,3408.3,24325
2026-03-24T10:55:00+05:30,3408.3,3411,3400.9,3406.9,25900
2026-03-24T11:00:00+05:30,3406.9,3406.9,3402.2,3406,26775
2026-03-24T11:05:00+05:30,3406,3407,3402.4,3404.3,30450
2026-03-24T11:10:00+05:30,3404.3,3409.3,3403.2,3403.2,24150
2026-03-24T11:15:00+05:30,3404.6,3410,3400.2,3408.9,28875
2026-03-24T11:20:00+05:30,3408.9,3411.4,3407.2,3407.8,29925
2026-03-24T11:25:00+05:30,3407.8,3409,3404,3404,22050
2026-03-24T11:30:00+05:30,3405.9,3411.8,3405.9,3411.8,26775
2026-03-24T11:35:00+05:30,3411.6,3420,3411.6,3420,29050
2026-03-24T11:40:00+05:30,3420,3424.1,3419,3422.2,27825
2026-03-24T11:45:00+05:30,3422.2,3435.9,3422.2,3435.9,41475
2026-03-24T11:50:00+05:30,3435.9,3439.2,3432.1,3432.1,26950
2026-03-24T11:55:00+05:30,3432.1,3440.7,3431.7,3439.9,31850
2026-03-24T12:00:00+05:30,3439.9,3440.3,3434.5,3434.5,18900
2026-03-24T12:05:00+05:30,3434.5,3434.5,3428,3429.2,27650
2026-03-24T12:10:00+05:30,3429.2,3429.2,3421.3,3422.9,30100
2026-03-24T12:15:00+05:30,3422.9,3431,3422.8,3426,33075
2026-03-24T12:20:00+05:30,3426,3454.7,3423.4,3453,35700
2026-03-24T12:25:00+05:30,3455,3467.6,3441,3446.1,58450
2026-03-24T12:30:00+05:30,3446.1,3455,3438.7,3452.2,44625
2026-03-24T12:35:00+05:30,3453.3,3458.5,3449.4,3453.2,38325
2026-03-24T12:40:00+05:30,3453.2,3465.1,3447.8,3462.3,46725
2026-03-24T12:45:00+05:30,3462.3,3470.7,3457.3,3466.7,65450
2026-03-24T12:50:00+05:30,3466.8,3469.1,3460,3468.4,51100
2026-03-24T12:55:00+05:30,3469.2,3470.7,3456.7,3463.2,45500
2026-03-24T13:00:00+05:30,3463.2,3463.2,3454.1,3458,35175
2026-03-24T13:05:00+05:30,3458,3459.8,3453.6,3455.4,25900
2026-03-24T13:10:00+05:30,3455.4,3464.8,3452.6,3463.8,28875
2026-03-24T13:15:00+05:30,3463.8,3478.3,3460.5,3477.5,42525
2026-03-24T13:20:00+05:30,3477.5,3477.6,3468.3,3474,29925
2026-03-24T13:25:00+05:30,3474,3496.8,3472.4,3495.7,95375
2026-03-24T13:30:00+05:30,3493.7,3493.7,3483.8,3492,33600
2026-03-24T13:35:00+05:30,3492,3495.7,3485,3486.4,37975
2026-03-24T13:40:00+05:30,3486.4,3492.6,3485,3491.9,35175
2026-03-24T13:45:00+05:30,3491.9,3493.6,3473.7,3473.7,32550
2026-03-24T13:50:00+05:30,3473.7,3479.8,3470.1,3473,35000
2026-03-24T13:55:00+05:30,3473,3480.4,3473,3476.9,24850
2026-03-24T14:00:00+05:30,3476.9,3480.3,3470.1,3470.1,55650
2026-03-24T14:05:00+05:30,3471.3,3479.2,3470,3475.9,39200
2026-03-24T14:10:00+05:30,3475.9,3491.9,3475.9,3491.9,55475
2026-03-24T14:15:00+05:30,3491.9,3495.5,3486.6,3487.3,50925
2026-03-24T14:20:00+05:30,3487.3,3490,3476,3478.9,43225
2026-03-24T14:25:00+05:30,3478.9,3485.9,3472.5,3476.6,38675
2026-03-24T14:30:00+05:30,3476.6,3480.1,3469.4,3480.1,34475
2026-03-24T14:35:00+05:30,3480.1,3480.5,3465.3,3468.3,49350
2026-03-24T14:40:00+05:30,3468.3,3480.7,3462.1,3474.3,37625
2026-03-24T14:45:00+05:30,3474.3,3474.7,3470.2,3474.7,34300
2026-03-24T14:50:00+05:30,3475,3477.9,3467.7,3467.7,39375
2026-03-24T14:55:00+05:30,3467.7,3476.8,3465.2,3473.8,38150
2026-03-24T15:00:00+05:30,3473.8,3473.8,3455.9,3466.8,35000
2026-03-24T15:05:00+05:30,3466.8,3469.9,3464.3,3466.1,36575
2026-03-24T15:10:00+05:30,3466.1,3474.1,3464,3466,32025
2026-03-24T15:15:00+05:30,3466.3,3471,3464,3468.9,33425
2026-03-24T15:20:00+05:30,3469,3472,3465.6,3469.4,39550
2026-03-24T15:25:00+05:30,3476,3489.5,3470.2,3470.2,44975
2026-03-25T09:15:00+05:30,3510.1,3538.7,3510.1,3532.8,81550
2026-03-25T09:20:00+05:30,3534.6,3559.9,3532,3551.4,100275
2026-03-25T09:25:00+05:30,3551.4,3557.3,3543.7,3551.4,54075
2026-03-25T09:30:00+05:30,3552.6,3553.8,3542.7,3549.3,34825
2026-03-25T09:35:00+05:30,3547.2,3549.6,3538.2,3538.5,41650
2026-03-25T09:40:00+05:30,3544,3551.7,3539.1,3547,43400
2026-03-25T09:45:00+05:30,3547,3552.8,3542.5,3547.2,37450
2026-03-25T09:50:00+05:30,3546.4,3547,3539.2,3542.1,46550
2026-03-25T09:55:00+05:30,3543.9,3547.1,3539.1,3544,31150
2026-03-25T10:00:00+05:30,3544,3548.4,3539,3543.5,48300
2026-03-25T10:05:00+05:30,3543.5,3549.8,3539.3,3542.6,45500
2026-03-25T10:10:00+05:30,3542.6,3548.5,3541.4,3548.5,33075
2026-03-25T10:15:00+05:30,3548.5,3554.9,3545.9,3549,55825
2026-03-25T10:20:00+05:30,3548,3550,3545,3545.4,35350
2026-03-25T10:25:00+05:30,3545.5,3551.7,3545.1,3551.7,36225
2026-03-25T10:30:00+05:30,3552,3552,3546.5,3547,35350
2026-03-25T10:35:00+05:30,3547,3551.3,3543.9,3550.5,39200
2026-03-25T10:40:00+05:30,3550.5,3555.7,3548.2,3552.5,40075
2026-03-25T10:45:00+05:30,3552.5,3555.6,3549,3553,44975
2026-03-25T10:50:00+05:30,3553,3553,3533.9,3533.9,54425
2026-03-25T10:55:00+05:30,3533.9,3536,3530.1,3530.1,41825
2026-03-25T11:00:00+05:30,3530.1,3536,3530.1,3532.5,43225
2026-03-25T11:05:00+05:30,3532.5,3536,3532.5,3534.3,40775
2026-03-25T11:10:00+05:30,3534.3,3534.9,3529.7,3532,33600
2026-03-25T11:15:00+05:30,3532,3532,3527.8,3528.1,37275
2026-03-25T11:20:00+05:30,3528.7,3530,3520.7,3520.7,40950
2026-03-25T11:25:00+05:30,3520.7,3523,3520.3,3520.8,39725
2026-03-25T11:30:00+05:30,3520.8,3522.2,3514.1,3514.3,45150
2026-03-25T11:35:00+05:30,3515.2,3519.5,3513.5,3515.3,45150
2026-03-25T11:40:00+05:30,3515.3,3523.8,3515.3,3521,39550
2026-03-25T11:45:00+05:30,3521,3540,3521,3540,43050
2026-03-25T11:50:00+05:30,3540,3549,3537.3,3549,42350
2026-03-25T11:55:00+05:30,3549,3559.7,3546.7,3552,45325
2026-03-25T12:00:00+05:30,3552,3557.3,3552,3556.3,39725
2026-03-25T12:05:00+05:30,3556.3,3558.7,3553.4,3558.6,141750
2026-03-25T12:10:00+05:30,3558.6,3568.3,3556,3568.3,36750
2026-03-25T12:15:00+05:30,3568.3,3568.8,3552.3,3552.7,43400
2026-03-25T12:20:00+05:30,3552.7,3552.7,3548.9,3551.8,34475
2026-03-25T12:25:00+05:30,3547.6,3548,3543.2,3547.3,71575
2026-03-25T12:30:00+05:30,3547.2,3547.4,3543,3544.4,29400
2026-03-25T12:35:00+05:30,3544.4,3547.6,3542.1,3547.1,38675
2026-03-25T12:40:00+05:30,3547.1,3548,3543.8,3544.4,32375
2026-03-25T12:45:00+05:30,3544.4,3550,3544.1,3545,30100
2026-03-25T12:50:00+05:30,3545.4,3545.4,3534.3,3538.6,36750
2026-03-25T12:55:00+05:30,3538.6,3544.1,3533.2,3544.1,28350
2026-03-25T13:00:00+05:30,3542,3553.7,3542,3549.3,37275
2026-03-25T13:05:00+05:30,3549.3,3555.3,3549.3,3554,32725
2026-03-25T13:10:00+05:30,3554,3557.8,3553.4,3553.4,36225
2026-03-25T13:15:00+05:30,3553.4,3557.8,3553.2,3556.7,30275
2026-03-25T13:20:00+05:30,3556.7,3558.7,3545.4,3558.7,39200
2026-03-25T13:25:00+05:30,3558.7,3562.3,3555,3558.1,80675
2026-03-25T13:30:00+05:30,3558.1,3558.1,3546.7,3553.7,45675
2026-03-25T13:35:00+05:30,3553.7,3556.8,3551.2,3553.3,36925
2026-03-25T13:40:00+05:30,3556.3,3557.4,3552.4,3557.4,39725
2026-03-25T13:45:00+05:30,3557.4,3561.4,3555.1,3560.7,39375
2026-03-25T13:50:00+05:30,3560.7,3568.3,3559.8,3562.6,51625
2026-03-25T13:55:00+05:30,3564.4,3571.8,3564.4,3568.8,57750
2026-03-25T14:00:00+05:30,3568.8,3582.2,3568.8,3579.7,81900
2026-03-25T14:05:00+05:30,3579.7,3579.7,3566.1,3568.3,43400
2026-03-25T14:10:00+05:30,3568.3,3569.6,3565.1,3565.5,36400
2026-03-25T14:15:00+05:30,3565.5,3568.9,3561.5,3561.5,39025
2026-03-25T14:20:00+05:30,3561.5,3563.4,3548,3548.8,41125
2026-03-25T14:25:00+05:30,3548.8,3551.6,3545,3551.6,36225
2026-03-25T14:30:00+05:30,3551.6,3552.5,3545.5,3550,50750
2026-03-25T14:35:00+05:30,3550,3552.7,3546,3550.1,39550
2026-03-25T14:40:00+05:30,3550.1,3551.4,3538.8,3545.5,42700
2026-03-25T14:45:00+05:30,3545.5,3545.5,3537,3542,47425
2026-03-25T14:50:00+05:30,3541.5,3546.6,3536,3540.4,46375
2026-03-25T14:55:00+05:30,3540.4,3540.4,3533.2,3537.7,49525
2026-03-25T15:00:00+05:30,3537.7,3537.7,3525.3,3531.6,121625
2026-03-25T15:05:00+05:30,3531.6,3533.7,3523.9,3532.8,49525
2026-03-25T15:10:00+05:30,3531.4,3535.2,3526.2,3528.4,57575
2026-03-25T15:15:00+05:30,3528.4,3528.4,3518.6,3520,78750
2026-03-25T15:20:00+05:30,3520,3526.5,3518.2,3521.9,74900
2026-03-25T15:25:00+05:30,3522.5,3529.9,3519.2,3525.5,54425
2026-03-27T09:15:00+05:30,3475.4,3480,3460.3,3467.4,42875
2026-03-27T09:20:00+05:30,3467.5,3495.1,3467.5,3482,51800
2026-03-27T09:25:00+05:30,3482,3495.8,3482,3485,47075
2026-03-27T09:30:00+05:30,3488.4,3488.4,3476.8,3482,34825
2026-03-27T09:35:00+05:30,3482,3485.6,3470.7,3473.5,35175
2026-03-27T09:40:00+05:30,3472,3476.9,3470.8,3472.9,35525
2026-03-27T09:45:00+05:30,3472.9,3474.1,3460.3,3461.5,29400
2026-03-27T09:50:00+05:30,3461.5,3463.9,3453.2,3453.2,29925
2026-03-27T09:55:00+05:30,3453.2,3454,3446.6,3448.4,38850
2026-03-27T10:00:00+05:30,3448.4,3459.8,3445.1,3450,48300
2026-03-27T10:05:00+05:30,3450,3451.6,3444.6,3448,59500
2026-03-27T10:10:00+05:30,3448,3448,3429,3429,35350
2026-03-27T10:15:00+05:30,3429,3429,3422,3422.9,36225
2026-03-27T10:20:00+05:30,3422.9,3440.1,3422.5,3437,39200
2026-03-27T10:25:00+05:30,3437,3441.9,3432.7,3433.7,44975
2026-03-27T10:30:00+05:30,3433.7,3443.7,3432,3437.4,34475
2026-03-27T10:35:00+05:30,3437.7,3449.5,3437.5,3443.2,39200
2026-03-27T10:40:00+05:30,3443.2,3449,3442.5,3442.5,27475
2026-03-27T10:45:00+05:30,3442.5,3451.4,3442.2,3445.4,27650
2026-03-27T10:50:00+05:30,3443.9,3448.4,3441.6,3441.6,22925
2026-03-27T10:55:00+05:30,3441.6,3443.8,3435.1,3437.6,37100
2026-03-27T11:00:00+05:30,3438,3439.2,3427,3432.9,42875
2026-03-27T11:05:00+05:30,3432.9,3436.4,3427,3435.6,31150
2026-03-27T11:10:00+05:30,3435.6,3442.2,3434.1,3434.5,38150
2026-03-27T11:15:00+05:30,3434.5,3442.4,3434.5,3437.5,29750
2026-03-27T11:20:00+05:30,3435.2,3445.4,3435.2,3439,34300
2026-03-27T11:25:00+05:30,3438.6,3447.9,3437,3445.2,33075
2026-03-27T11:30:00+05:30,3445.2,3447.1,3441,3444.8,25200
2026-03-27T11:35:00+05:30,3444.8,3449.3,3444.8,3446.7,29225
2026-03-27T11:40:00+05:30,3446.7,3450.3,3445.2,3450.2,47250
2026-03-27T11:45:00+05:30,3450.2,3453.8,3449.3,3452.2,52675
2026-03-27T11:50:00+05:30,3452.2,3455,3449.9,3452,48650
2026-03-27T11:55:00+05:30,3452,3452,3446.3,3448.5,37625
2026-03-27T12:00:00+05:30,3448.5,3452.3,3444.2,3449.4,56700
2026-03-27T12:05:00+05:30,3449.4,3449.4,3441.6,3445.8,44100
2026-03-27T12:10:00+05:30,3445.8,3448.5,3445.7,3447,54950
2026-03-27T12:15:00+05:30,3447,3449.2,3439.1,3443,45325
2026-03-27T12:20:00+05:30,3443,3449.3,3442.6,3448.6,206850
2026-03-27T12:25:00+05:30,3448.6,3453.6,3446.9,3451.9,76825
2026-03-27T12:30:00+05:30,3451.9,3455.9,3447.5,3453.2,45675
2026-03-27T12:35:00+05:30,3455,3458.3,3452.5,3458.3,34825
2026-03-27T12:40:00+05:30,3456,3475.5,3455.9,3475.5,60025
2026-03-27T12:45:00+05:30,3475.5,3477.7,3467.6,3467.6,44275
2026-03-27T12:50:00+05:30,3470.8,3472.3,3466,3470.6,50225
2026-03-27T12:55:00+05:30,3470.6,3474.5,3469.6,3471.9,39900
2026-03-27T13:00:00+05:30,3471.9,3474,3465.3,3468.1,37625
2026-03-27T13:05:00+05:30,3468.1,3468.7,3463.1,3465.7,47250
2026-03-27T13:10:00+05:30,3465.7,3471,3465.5,3469.1,37450
2026-03-27T13:15:00+05:30,3469.1,3483.4,3468.9,3479,50925
2026-03-27T13:20:00+05:30,3479.8,3479.8,3469,3471.7,37800
2026-03-27T13:25:00+05:30,3471.7,3474.7,3468,3468,37450
2026-03-27T13:30:00+05:30,3468,3469.7,3464.6,3464.6,45325
2026-03-27T13:35:00+05:30,3464.6,3468.4,3460.5,3464.2,43225
2026-03-27T13:40:00+05:30,3464.2,3465.8,3456.1,3462.4,46550
2026-03-27T13:45:00+05:30,3462.4,3467.3,3461.2,3462.7,38150
2026-03-27T13:50:00+05:30,3462.7,3465.7,3460.3,3465.7,50225
2026-03-27T13:55:00+05:30,3465.7,3468.7,3457.4,3462.8,33600
2026-03-27T14:00:00+05:30,3465.2,3467.1,3462,3467.1,86800
2026-03-27T14:05:00+05:30,3467.1,3467.1,3460.1,3464.1,42875
2026-03-27T14:10:00+05:30,3464.1,3464.8,3459.6,3464.8,52850
2026-03-27T14:15:00+05:30,3464.8,3465.6,3456.1,3456.1,70525
2026-03-27T14:20:00+05:30,3455.9,3460.9,3455.2,3460.9,70525
2026-03-27T14:25:00+05:30,3460.9,3462.8,3452.1,3456.3,63350
2026-03-27T14:30:00+05:30,3456.2,3459.5,3454.4,3459.5,86800
2026-03-27T14:35:00+05:30,3459.5,3459.7,3452.2,3456.9,91175
2026-03-27T14:40:00+05:30,3456.9,3459.5,3455.6,3458,88725
2026-03-27T14:45:00+05:30,3458,3458,3451.3,3453.6,93100
2026-03-27T14:50:00+05:30,3453.6,3459.4,3446.2,3447.9,117600
2026-03-27T14:55:00+05:30,3447.9,3451.5,3446.1,3446.1,94850
2026-03-27T15:00:00+05:30,3442.2,3445.9,3434.9,3436,137900
2026-03-27T15:05:00+05:30,3437.4,3437.9,3429.5,3429.6,88900
2026-03-27T15:10:00+05:30,3430.8,3432.9,3428.3,3430.9,110075
2026-03-27T15:15:00+05:30,3430.9,3442.4,3430.9,3440.6,140525
2026-03-27T15:20:00+05:30,3442.3,3444.7,3435.1,3440.9,155050
2026-03-27T15:25:00+05:30,3445.8,3448.9,3436.2,3436.2,119700
2026-03-30T09:15:00+05:30,3396.7,3412.5,3371.1,3400.3,36225
2026-03-30T09:20:00+05:30,3396.1,3410,3396.1,3399.5,17500
2026-03-30T09:25:00+05:30,3399.4,3399.8,3387.1,3393.6,32900
2026-03-30T09:30:00+05:30,3393.6,3420,3392,3415.6,28875
2026-03-30T09:35:00+05:30,3419.8,3419.8,3408,3408,31150
2026-03-30T09:40:00+05:30,3407.2,3415.7,3405,3412.2,18550
2026-03-30T09:45:00+05:30,3415,3422.8,3398.7,3398.7,41650
2026-03-30T09:50:00+05:30,3398.7,3408,3396.3,3401.7,34825
2026-03-30T09:55:00+05:30,3401.7,3405.3,3395,3400.5,20300
2026-03-30T10:00:00+05:30,3398.2,3407.1,3396.8,3405.5,26425
2026-03-30T10:05:00+05:30,3405.5,3405.5,3388.4,3392.6,21175
2026-03-30T10:10:00+05:30,3391.3,3398.7,3389.5,3397.7,10850
2026-03-30T10:15:00+05:30,3397.7,3399.5,3389,3389,22400
2026-03-30T10:20:00+05:30,3389,3397.9,3387.2,3392.5,51625
2026-03-30T10:25:00+05:30,3390.8,3395,3389.7,3394.9,18025
2026-03-30T10:30:00+05:30,3394.9,3394.9,3389.4,3391.4,15225
2026-03-30T10:35:00+05:30,3391.4,3397.6,3391.4,3397,18025
2026-03-30T10:40:00+05:30,3397,3398.3,3388.7,3389.9,28000
2026-03-30T10:45:00+05:30,3389.9,3395,3385.8,3395,40425
2026-03-30T10:50:00+05:30,3398.2,3402.2,3387.3,3388.6,31500
2026-03-30T10:55:00+05:30,3388.6,3395.7,3387.6,3387.9,35000
2026-03-30T11:00:00+05:30,3387.7,3390.9,3386.2,3390.1,7700
2026-03-30T11:05:00+05:30,3390.1,3392.4,3386.1,3390.3,8750
2026-03-30T11:10:00+05:30,3390.2,3390.5,3383.8,3386.4,29225
2026-03-30T11:15:00+05:30,3386.8,3393,3386,3392,14525
2026-03-30T11:20:00+05:30,3392,3393.8,3385.9,3390,34300
2026-03-30T11:25:00+05:30,3387.7,3388.6,3381.4,3384.3,16800
2026-03-30T11:30:00+05:30,3384.3,3395.9,3383.7,3395.9,44100
2026-03-30T11:35:00+05:30,3396.7,3406.3,3393,3394.1,30100
2026-03-30T11:40:00+05:30,3394.1,3394.1,3385.1,3385.1,16975
2026-03-30T11:45:00+05:30,3385.1,3386,3382.2,3384.5,61425
2026-03-30T11:50:00+05:30,3384.5,3384.5,3377.9,3382.2,26775
2026-03-30T11:55:00+05:30,3382.2,3384.8,3376.4,3378.6,34650
2026-03-30T12:00:00+05:30,3380,3390.8,3376.2,3384.9,74375
2026-03-30T12:05:00+05:30,3387,3391.1,3379.8,3385.8,49350
2026-03-30T12:10:00+05:30,3386.9,3390.9,3385.3,3388,24675
2026-03-30T12:15:00+05:30,3390,3396.3,3387.8,3391,33950
2026-03-30T12:20:00+05:30,3388.3,3395,3385,3385,38325
2026-03-30T12:25:00+05:30,3384.1,3384.1,3372.5,3382.9,30975
2026-03-30T12:30:00+05:30,3382.9,3391.3,3382.6,3388.4,45850
2026-03-30T12:35:00+05:30,3390.5,3398.8,3390.5,3398.8,26250
2026-03-30T12:40:00+05:30,3398.8,3404.6,3396.4,3397.9,105700
2026-03-30T12:45:00+05:30,3397.9,3399.9,3386.7,3391.4,55475
2026-03-30T12:50:00+05:30,3391.4,3392,3384.4,3384.8,31150
2026-03-30T12:55:00+05:30,3388.5,3389.2,3383,3387.5,31500
2026-03-30T13:00:00+05:30,3387.6,3390.8,3387,3389,42000
2026-03-30T13:05:00+05:30,3389,3394.5,3389,3390.7,19600
2026-03-30T13:10:00+05:30,3390.7,3397.3,3389.1,3391.7,26250
2026-03-30T13:15:00+05:30,3391.7,3399.8,3391.7,3393.4,39900
2026-03-30T13:20:00+05:30,3393.7,3400.5,3393.7,3399.4,27475
2026-03-30T13:25:00+05:30,3400,3400,3390.4,3393.5,22925
2026-03-30T13:30:00+05:30,3393.5,3401.9,3393.5,3400.5,23625
2026-03-30T13:35:00+05:30,3402,3414.1,3401.6,3404.9,47775
2026-03-30T13:40:00+05:30,3404.9,3406.5,3397.3,3397.9,25025
2026-03-30T13:45:00+05:30,3397.9,3400.5,3395.8,3399.3,37100
2026-03-30T13:50:00+05:30,3399.3,3399.3,3390,3390.3,15575
2026-03-30T13:55:00+05:30,3389,3394.5,3389,3393.5,38150
2026-03-30T14:00:00+05:30,3391.5,3406.8,3391.4,3399.8,40075
2026-03-30T14:05:00+05:30,3398.2,3407,3398.2,3401.8,11375
2026-03-30T14:10:00+05:30,3402.5,3407.3,3399.1,3405.6,72275
2026-03-30T14:15:00+05:30,3408.3,3413.1,3405.3,3408.6,34125
2026-03-30T14:20:00+05:30,3408.6,3411.5,3399.3,3402.5,26250
2026-03-30T14:25:00+05:30,3400.8,3402.7,3399.5,3400.1,14000
2026-03-30T14:30:00+05:30,3399.6,3401.9,3384.8,3384.9,58450
2026-03-30T14:35:00+05:30,3382.7,3392.6,3380.8,3391.1,16800
2026-03-30T14:40:00+05:30,3390,3393.4,3386.8,3387.7,31500
2026-03-30T14:45:00+05:30,3389.7,3393.3,3385.9,3390,28350
2026-03-30T14:50:00+05:30,3392,3392,3370.8,3379.2,39900
2026-03-30T14:55:00+05:30,3379.2,3382.6,3377.8,3378.3,28000
2026-03-30T15:00:00+05:30,3379.5,3379.5,3362,3366.6,100275
2026-03-30T15:05:00+05:30,3364.9,3375,3364.5,3367.3,99750
2026-03-30T15:10:00+05:30,3367.3,3387.5,3367.3,3385.2,90125
2026-03-30T15:15:00+05:30,3385.9,3387.9,3379,3379,31500
2026-03-30T15:20:00+05:30,3376.9,3378.5,3372.6,3377.4,43750
2026-03-30T15:25:00+05:30,3377.9,3382.5,3363.6,3375.6,102200
2026-04-01T09:15:00+05:30,3482.7,3482.7,3455,3465.3,92750
2026-04-01T09:20:00+05:30,3463.9,3481,3462.9,3480.9,26950
2026-04-01T09:25:00+05:30,3482.7,3493.8,3479,3489.2,27300
2026-04-01T09:30:00+05:30,3490.5,3496.8,3480,3490.7,27650
2026-04-01T09:35:00+05:30,3487.4,3494.9,3479.4,3489,23800
2026-04-01T09:40:00+05:30,3484.5,3498.5,3484.5,3495.2,15925
2026-04-01T09:45:00+05:30,3495.2,3513.9,3491.1,3508,21350
2026-04-01T09:50:00+05:30,3508,3521.9,3507,3510,35700
2026-04-01T09:55:00+05:30,3513,3513,3501.2,3504.4,6825
2026-04-01T10:00:00+05:30,3501.5,3501.5,3488.2,3496.7,12425
2026-04-01T10:05:00+05:30,3496.3,3498.4,3482,3484.6,8225
2026-04-01T10:10:00+05:30,3487,3487,3472.5,3476,10850
2026-04-01T10:15:00+05:30,3476,3483.5,3476,3481.1,6300
2026-04-01T10:20:00+05:30,3479.1,3482.2,3462.3,3469,21700
2026-04-01T10:25:00+05:30,3465.9,3469.5,3460,3469.5,13650
2026-04-01T10:30:00+05:30,3471.9,3481.5,3468.4,3479,16100
2026-04-01T10:35:00+05:30,3477.1,3478.8,3474.5,3475.3,12950
2026-04-01T10:40:00+05:30,3472,3474.7,3466.5,3466.5,11200
2026-04-01T10:45:00+05:30,3464.3,3469.6,3463.9,3464.8,8925
2026-04-01T10:50:00+05:30,3463.3,3463.3,3440,3440.1,25725
2026-04-01T10:55:00+05:30,3442.9,3442.9,3430.7,3436.7,37975
2026-04-01T11:00:00+05:30,3433,3439.2,3426.2,3426.6,20475
2026-04-01T11:05:00+05:30,3428,3435.7,3422,3425.9,20650
2026-04-01T11:10:00+05:30,3429.7,3432,3417.9,3421,21525
2026-04-01T11:15:00+05:30,3422.6,3424.8,3413.9,3416.2,27300
2026-04-01T11:20:00+05:30,3415.8,3427.8,3415.8,3427.8,24500
2026-04-01T11:25:00+05:30,3427.7,3438,3427.7,3430.8,18725
2026-04-01T11:30:00+05:30,3429.7,3444.5,3429.7,3441.6,16450
2026-04-01T11:35:00+05:30,3442.6,3454.2,3439.3,3452.4,12425
2026-04-01T11:40:00+05:30,3450.3,3451.8,3446,3446.5,8050
2026-04-01T11:45:00+05:30,3444.6,3444.6,3434.5,3439.9,6475
2026-04-01T11:50:00+05:30,3440.5,3443,3438.4,3438.4,4375
2026-04-01T11:55:00+05:30,3437.6,3447,3436.6,3441.6,8925
2026-04-01T12:00:00+05:30,3444.5,3454.9,3444.5,3454.9,9800
2026-04-01T12:05:00+05:30,3452.8,3459.5,3451.9,3459,7000
2026-04-01T12:10:00+05:30,3459.4,3472.6,3457.4,3468.4,13825
2026-04-01T12:15:00+05:30,3468.4,3473.6,3464,3464.3,16100
2026-04-01T12:20:00+05:30,3464.1,3468.2,3460.5,3468.2,10500
2026-04-01T12:25:00+05:30,3465.5,3468.1,3458,3463.7,5775
2026-04-01T12:30:00+05:30,3468.2,3479.7,3468.2,3474.5,11900
2026-04-01T12:35:00+05:30,3476.2,3478.6,3471.9,3477,14700
2026-04-01T12:40:00+05:30,3476.6,3480,3473.5,3480,5775
2026-04-01T12:45:00+05:30,3480,3490,3480,3490,7875
2026-04-01T12:50:00+05:30,3488.8,3490,3484.8,3490,10500
2026-04-01T12:55:00+05:30,3490,3490,3483.7,3483.7,9100
2026-04-01T13:00:00+05:30,3483.8,3488.8,3481.6,3481.6,7700
2026-04-01T13:05:00+05:30,3481.6,3490,3481.6,3488.6,5775
2026-04-01T13:10:00+05:30,3487.4,3490,3483.5,3490,6475
2026-04-01T13:15:00+05:30,3490,3490,3486.6,3488,14000
2026-04-01T13:20:00+05:30,3488,3489.9,3486.6,3488.9,6650
2026-04-01T13:25:00+05:30,3488.8,3494.5,3486.7,3494.5,7525
2026-04-01T13:30:00+05:30,3493.8,3494.1,3483.2,3488.8,11025
2026-04-01T13:35:00+05:30,3485.3,3493,3478.1,3492.7,11375
2026-04-01T13:40:00+05:30,3486.4,3486.4,3461.3,3469,23100
2026-04-01T13:45:00+05:30,3465.4,3475,3456.2,3475,10850
2026-04-01T13:50:00+05:30,3474.5,3477.7,3473.4,3474.4,5425
2026-04-01T13:55:00+05:30,3474.5,3482.7,3472.2,3475.8,9100
2026-04-01T14:00:00+05:30,3475.7,3480.9,3472.8,3480.9,4725
2026-04-01T14:05:00+05:30,3481.4,3488.1,3480.6,3487.5,4550
2026-04-01T14:10:00+05:30,3488.5,3490,3479.6,3484,19600
2026-04-01T14:15:00+05:30,3479.5,3481.3,3472,3481.1,11725
2026-04-01T14:20:00+05:30,3480.1,3480.1,3468.5,3473.8,13475
2026-04-01T14:25:00+05:30,3472.1,3472.2,3468.3,3470.7,5600
2026-04-01T14:30:00+05:30,3469.2,3469.2,3455.5,3459.4,14525
2026-04-01T14:35:00+05:30,3459.4,3461.6,3450.8,3450.8,7175
2026-04-01T14:40:00+05:30,3445,3453,3443,3448.4,26950
2026-04-01T14:45:00+05:30,3447.2,3447.2,3436.8,3443.1,18025
2026-04-01T14:50:00+05:30,3443.9,3447.6,3437.6,3442.8,6825
2026-04-01T14:55:00+05:30,3443.9,3454.4,3443.9,3445,8750
2026-04-01T15:00:00+05:30,3448.1,3454.1,3438,3440,19425
2026-04-01T15:05:00+05:30,3441.4,3447.7,3437.9,3447.7,29050
2026-04-01T15:10:00+05:30,3447,3448.3,3442.4,3445.4,19250
2026-04-01T15:15:00+05:30,3444.9,3452,3444.7,3449,28700
2026-04-01T15:20:00+05:30,3449,3450,3445.1,3445.1,19075
2026-04-01T15:25:00+05:30,3445.1,3454.7,3444.7,3454.7,34300
2026-04-02T09:15:00+05:30,3368,3374.9,3345.3,3354.4,66850
2026-04-02T09:20:00+05:30,3354.8,3356.3,3340.1,3343.2,22225
2026-04-02T09:25:00+05:30,3342.6,3354.9,3332.3,3345.7,30450
2026-04-02T09:30:00+05:30,3346.1,3353,3340,3349.1,20125
2026-04-02T09:35:00+05:30,3343.3,3358,3343.3,3355.4,12950
2026-04-02T09:40:00+05:30,3355.2,3361,3351.4,3354.3,28175
2026-04-02T09:45:00+05:30,3355.3,3355.3,3333,3333,17150
2026-04-02T09:50:00+05:30,3332,3332,3315.2,3320,23975
2026-04-02T09:55:00+05:30,3322.3,3323.5,3307.7,3307.7,15225
2026-04-02T10:00:00+05:30,3307.3,3338.8,3306.8,3334,32550
2026-04-02T10:05:00+05:30,3333,3333,3318,3318,6825
2026-04-02T10:10:00+05:30,3318.1,3339,3316.4,3336.7,15225
2026-04-02T10:15:00+05:30,3336.7,3341.5,3329.8,3332.4,22050
2026-04-02T10:20:00+05:30,3329.5,3337.2,3329.5,3333,6825
2026-04-02T10:25:00+05:30,3334.7,3341.8,3332.8,3338.5,4200
2026-04-02T10:30:00+05:30,3335.6,3342,3335.6,3337.1,8400
2026-04-02T10:35:00+05:30,3337.3,3346.4,3335.1,3336.8,37800
2026-04-02T10:40:00+05:30,3336.6,3345.3,3336.1,3337.9,5600
2026-04-02T10:45:00+05:30,3340.6,3340.6,3329,3332.4,5250
2026-04-02T10:50:00+05:30,3330.9,3339.5,3325,3336,9975
2026-04-02T10:55:00+05:30,3334,3338.4,3332.2,3336.3,6300
2026-04-02T11:00:00+05:30,3336.4,3336.4,3327,3327,19250
2026-04-02T11:05:00+05:30,3329.3,3337.5,3327.2,3334.7,8750
2026-04-02T11:10:00+05:30,3336,3345,3334.6,3345,6300
2026-04-02T11:15:00+05:30,3343.9,3345.4,3341.6,3342.3,6125
2026-04-02T11:20:00+05:30,3340.1,3345,3336.4,3343.8,5250
2026-04-02T11:25:00+05:30,3344.5,3344.5,3323.4,3328,11375
2026-04-02T11:30:00+05:30,3325,3331.3,3322.1,3327.8,7525
2026-04-02T11:35:00+05:30,3330.2,3343.1,3330.1,3343.1,8750
2026-04-02T11:40:00+05:30,3342,3342.6,3334,3336.2,5600
2026-04-02T11:45:00+05:30,3337.6,3345.2,3337.6,3341.6,8225
2026-04-02T11:50:00+05:30,3340.1,3342,3336.9,3342,3850
2026-04-02T11:55:00+05:30,3340,3351,3335.1,3346.4,22400
2026-04-02T12:00:00+05:30,3350,3359,3349.9,3351.7,46200
2026-04-02T12:05:00+05:30,3353,3353,3344.1,3346.6,5775
2026-04-02T12:10:00+05:30,3348.1,3355,3348.1,3355,11375
2026-04-02T12:15:00+05:30,3355,3356,3350.1,3350.1,8050
2026-04-02T12:20:00+05:30,3351.2,3351.2,3344.1,3348.3,5250
2026-04-02T12:25:00+05:30,3346,3351.4,3346,3350.9,6825
2026-04-02T12:30:00+05:30,3352.1,3368.4,3352.1,3359.5,25025
2026-04-02T12:35:00+05:30,3359.3,3362.6,3355.9,3355.9,5775
2026-04-02T12:40:00+05:30,3356.6,3362.7,3354.2,3360.2,8050
2026-04-02T12:45:00+05:30,3360.2,3360.2,3352.1,3353.8,3325
2026-04-02T12:50:00+05:30,3354.7,3355.3,3346.4,3350.5,5775
2026-04-02T12:55:00+05:30,3349,3359.9,3348.9,3359.9,4200
2026-04-02T13:00:00+05:30,3360,3367.3,3359.9,3362.5,6475
2026-04-02T13:05:00+05:30,3362,3368.9,3358.4,3362.4,22575
2026-04-02T13:10:00+05:30,3360,3362.3,3356.2,3359.4,5600
2026-04-02T13:15:00+05:30,3359.3,3361,3358.2,3359,3325
2026-04-02T13:20:00+05:30,3357.4,3370,3356.7,3370,7700
2026-04-02T13:25:00+05:30,3367.5,3382,3367.5,3382,23100
2026-04-02T13:30:00+05:30,3383.5,3391.3,3372.9,3377.8,14350
2026-04-02T13:35:00+05:30,3378,3387.4,3373.2,3387.4,8050
2026-04-02T13:40:00+05:30,3387,3399.9,3387,3399,32550
2026-04-02T13:45:00+05:30,3399,3408.3,3396.3,3396.3,11025
2026-04-02T13:50:00+05:30,3399.3,3400,3393.3,3393.3,7700
2026-04-02T13:55:00+05:30,3393.2,3395,3387.1,3395,13125
2026-04-02T14:00:00+05:30,3396.1,3400,3392.6,3398.6,6300
2026-04-02T14:05:00+05:30,3402,3402,3393.8,3399,6475
2026-04-02T14:10:00+05:30,3399.4,3412.5,3399.4,3411,8050
2026-04-02T14:15:00+05:30,3414,3415.6,3405.1,3410.9,9100
2026-04-02T14:20:00+05:30,3412,3414.1,3402.9,3410.9,8925
2026-04-02T14:25:00+05:30,3412,3412,3403.5,3403.5,12775
2026-04-02T14:30:00+05:30,3401.4,3409.4,3396,3402.7,12600
2026-04-02T14:35:00+05:30,3405.7,3405.7,3391.5,3399.9,20825
2026-04-02T14:40:00+05:30,3397.2,3400.5,3381.2,3384,15575
2026-04-02T14:45:00+05:30,3383.6,3395,3381,3388.3,9100
2026-04-02T14:50:00+05:30,3389.1,3397,3389.1,3397,8925
2026-04-02T14:55:00+05:30,3398,3400.7,3393.7,3400.7,14875
2026-04-02T15:00:00+05:30,3396,3407.3,3395.4,3401.9,37800
2026-04-02T15:05:00+05:30,3405.9,3411.7,3403.3,3410.4,13825
2026-04-02T15:10:00+05:30,3411,3414.9,3405,3405,20650
2026-04-02T15:15:00+05:30,3407.4,3411.4,3404.5,3404.5,20125
2026-04-02T15:20:00+05:30,3404.4,3404.4,3396.2,3402.1,16450
2026-04-02T15:25:00+05:30,3402.5,3408.9,3400,3408.9,34300
2026-04-06T09:15:00+05:30,3463.9,3482.8,3425.2,3438.1,53725
2026-04-06T09:20:00+05:30,3449.9,3461.2,3448.6,3458.5,51450
2026-04-06T09:25:00+05:30,3459.3,3470,3456.7,3470,37625
2026-04-06T09:30:00+05:30,3466.3,3487.4,3460.5,3485,48125
2026-04-06T09:35:00+05:30,3484.7,3494.4,3483.4,3490,28875
2026-04-06T09:40:00+05:30,3492,3494.8,3467.8,3482.6,37625
2026-04-06T09:45:00+05:30,3486.7,3492,3480.9,3487.3,19950
2026-04-06T09:50:00+05:30,3487.3,3487.3,3472.5,3475.7,10850
2026-04-06T09:55:00+05:30,3476.5,3480,3471.7,3476,8050
2026-04-06T10:00:00+05:30,3472.6,3492.9,3472.6,3489.6,14525
2026-04-06T10:05:00+05:30,3493,3512,3493,3501.3,33600
2026-04-06T10:10:00+05:30,3505.6,3511.2,3502,3511,7175
2026-04-06T10:15:00+05:30,3510.2,3519,3500.3,3509.6,20300
2026-04-06T10:20:00+05:30,3509.7,3514,3502,3502,14000
2026-04-06T10:25:00+05:30,3500,3503,3471.8,3474.1,21175
2026-04-06T10:30:00+05:30,3474,3474.7,3462.9,3470.4,34475
2026-04-06T10:35:00+05:30,3473,3483.6,3470.2,3483.6,20125
2026-04-06T10:40:00+05:30,3486.3,3491.8,3481,3491.8,14525
2026-04-06T10:45:00+05:30,3492,3492,3482,3487,8225
2026-04-06T10:50:00+05:30,3488.1,3493,3480,3482.2,5950
2026-04-06T10:55:00+05:30,3480.3,3486.9,3476.7,3483.1,6125
2026-04-06T11:00:00+05:30,3484.8,3488.2,3480,3482.4,7175
2026-04-06T11:05:00+05:30,3480,3484.7,3477.6,3478.1,4550
2026-04-06T11:10:00+05:30,3479,3479,3465.1,3476.2,10150
2026-04-06T11:15:00+05:30,3472.2,3480,3471,3480,4375
2026-04-06T11:20:00+05:30,3481,3481,3474.6,3478.4,8750
2026-04-06T11:25:00+05:30,3476.6,3482.6,3476.6,3481.1,2625
2026-04-06T11:30:00+05:30,3478.9,3478.9,3470.6,3471,2625
2026-04-06T11:35:00+05:30,3472,3481.6,3472,3479.6,4725
2026-04-06T11:40:00+05:30,3480.5,3485.6,3476.7,3485.6,3500
2026-04-06T11:45:00+05:30,3483.3,3487,3480.9,3482.6,4900
2026-04-06T11:50:00+05:30,3484.6,3495.9,3484.2,3489.2,4550
2026-04-06T11:55:00+05:30,3489.4,3495.8,3488,3489.5,6475
2026-04-06T12:00:00+05:30,3490,3492.5,3482.6,3482.6,8400
2026-04-06T12:05:00+05:30,3482,3486.7,3480.1,3486.5,4025
2026-04-06T12:10:00+05:30,3482,3483,3478.6,3479.8,3500
2026-04-06T12:15:00+05:30,3480.9,3483,3475.2,3479.9,3500
2026-04-06T12:20:00+05:30,3478.4,3486.5,3478.4,3480.2,5775
2026-04-06T12:25:00+05:30,3481.5,3486.2,3479.8,3482.9,3850
2026-04-06T12:30:00+05:30,3480.4,3484,3474,3474,9275
2026-04-06T12:35:00+05:30,3472,3476.4,3472,3476.4,13300
2026-04-06T12:40:00+05:30,3476.4,3482.9,3476.4,3482.9,15225
2026-04-06T12:45:00+05:30,3482.9,3489.7,3482,3488,5425
2026-04-06T12:50:00+05:30,3489.7,3494.9,3485.5,3485.9,6475
2026-04-06T12:55:00+05:30,3487.9,3496.9,3487.7,3493.1,14700
2026-04-06T13:00:00+05:30,3494.8,3498.9,3478.6,3484.7,34300
2026-04-06T13:05:00+05:30,3486.5,3493.9,3486.5,3491.6,7875
2026-04-06T13:10:00+05:30,3489.8,3497.6,3489.8,3493,6125
2026-04-06T13:15:00+05:30,3493,3496.4,3490.1,3494.4,6825
2026-04-06T13:20:00+05:30,3494.6,3500,3491.5,3500,9450
2026-04-06T13:25:00+05:30,3500.3,3504.2,3488.3,3488.3,8400
2026-04-06T13:30:00+05:30,3492.2,3495.7,3491.3,3493,4550
2026-04-06T13:35:00+05:30,3493.4,3502.4,3493.3,3497.8,5775
2026-04-06T13:40:00+05:30,3493.9,3498.6,3493.6,3495.6,8575
2026-04-06T13:45:00+05:30,3495.4,3499.8,3492.5,3493.5,4900
2026-04-06T13:50:00+05:30,3493.8,3498.3,3493,3497.4,3675
2026-04-06T13:55:00+05:30,3496.5,3498.9,3490.6,3493.3,3850
2026-04-06T14:00:00+05:30,3495,3502.4,3493.5,3502.4,4550
2026-04-06T14:05:00+05:30,3502.4,3502.6,3496.2,3497,4025
2026-04-06T14:10:00+05:30,3498.2,3503,3497.3,3502.7,4200
2026-04-06T14:15:00+05:30,3504,3508.5,3500.6,3505.7,7700
2026-04-06T14:20:00+05:30,3505.3,3508.7,3505.2,3507.8,11375
2026-04-06T14:25:00+05:30,3507.2,3507.2,3500,3503.5,8575
2026-04-06T14:30:00+05:30,3503.6,3509.7,3501.1,3507.7,8750
2026-04-06T14:35:00+05:30,3508.3,3510.4,3505.8,3506.8,4375
2026-04-06T14:40:00+05:30,3507.6,3508,3498.5,3504.9,5075
2026-04-06T14:45:00+05:30,3503.3,3505,3500.2,3500.2,5600
2026-04-06T14:50:00+05:30,3500.3,3507.1,3500.3,3503.9,7350
2026-04-06T14:55:00+05:30,3503.8,3511.2,3500.1,3508.4,9800
2026-04-06T15:00:00+05:30,3508.3,3510,3505,3507.3,12075
2026-04-06T15:05:00+05:30,3509.1,3511.2,3505.4,3509.1,20300
2026-04-06T15:10:00+05:30,3510.3,3515.6,3507.7,3511.7,22575
2026-04-06T15:15:00+05:30,3514,3514,3506,3506.2,28875
2026-04-06T15:20:00+05:30,3506,3506.1,3501.9,3503.7,17150
2026-04-06T15:25:00+05:30,3504.4,3507.8,3501.1,3503,25375
2026-04-07T09:15:00+05:30,3481.8,3481.8,3428.1,3433.9,29750
2026-04-07T09:20:00+05:30,3430.7,3447.9,3430.7,3447,9450
2026-04-07T09:25:00+05:30,3448.2,3456.6,3445.7,3455.8,8750
2026-04-07T09:30:00+05:30,3452.6,3456,3449.9,3452.1,9625
2026-04-07T09:35:00+05:30,3452.1,3463.9,3448.3,3455.4,8400
2026-04-07T09:40:00+05:30,3457,3457,3446.2,3450,5600
2026-04-07T09:45:00+05:30,3448.4,3458,3447.9,3456.8,5250
2026-04-07T09:50:00+05:30,3456,3458.8,3453.4,3458.8,3675
2026-04-07T09:55:00+05:30,3461.1,3465,3456,3460.4,6300
2026-04-07T10:00:00+05:30,3460.4,3468.6,3460.4,3461.8,5600
2026-04-07T10:05:00+05:30,3468.6,3476.7,3468.6,3470.7,7700
2026-04-07T10:10:00+05:30,3467.5,3472,3464.5,3472,4025
2026-04-07T10:15:00+05:30,3471.5,3475,3468.5,3474.1,5075
2026-04-07T10:20:00+05:30,3477,3480,3462.7,3467.7,15750
2026-04-07T10:25:00+05:30,3467.7,3476.7,3467.7,3475.2,3850
2026-04-07T10:30:00+05:30,3475.3,3486,3472,3477.5,15225
2026-04-07T10:35:00+05:30,3480.9,3482,3471.5,3482,6300
2026-04-07T10:40:00+05:30,3480.9,3486.3,3479,3479.1,6825
2026-04-07T10:45:00+05:30,3479.1,3480.5,3470.6,3471.9,3500
2026-04-07T10:50:00+05:30,3466.2,3467.5,3451.8,3455.4,6300
2026-04-07T10:55:00+05:30,3452.3,3460.5,3448.2,3452.6,4725
2026-04-07T11:00:00+05:30,3448.9,3459,3446,3459,8400
2026-04-07T11:05:00+05:30,3455.9,3460.2,3454.2,3458.3,1400
2026-04-07T11:10:00+05:30,3456,3456,3450,3452,1925
2026-04-07T11:15:00+05:30,3452,3461,3451.8,3458.1,5425
2026-04-07T11:20:00+05:30,3459.9,3470,3458.6,3470,5075
2026-04-07T11:25:00+05:30,3466.2,3470,3463.3,3466.7,5250
2026-04-07T11:30:00+05:30,3465.7,3470.2,3465.1,3465.1,2625
2026-04-07T11:35:00+05:30,3472,3476.6,3467,3476.6,5775
2026-04-07T11:40:00+05:30,3476.6,3476.6,3466,3471.2,11025
2026-04-07T11:45:00+05:30,3471,3477.8,3471,3474,11375
2026-04-07T11:50:00+05:30,3473.2,3475.6,3469.9,3473.8,5775
2026-04-07T11:55:00+05:30,3472.5,3479.3,3472.5,3476.1,10500
2026-04-07T12:00:00+05:30,3477.5,3477.5,3469.7,3470.2,3850
2026-04-07T12:05:00+05:30,3470.9,3473.4,3467,3468.6,4025
2026-04-07T12:10:00+05:30,3466.7,3468.6,3463.4,3468.2,4025
2026-04-07T12:15:00+05:30,3466.8,3471,3465,3466.1,4725
2026-04-07T12:20:00+05:30,3466,3469.8,3462.9,3463.5,2275
2026-04-07T12:25:00+05:30,3463.3,3470.8,3463.3,3469,2100
2026-04-07T12:30:00+05:30,3471.1,3474.2,3468.9,3468.9,5075
2026-04-07T12:35:00+05:30,3472.6,3472.6,3466.1,3470.4,1925
2026-04-07T12:40:00+05:30,3472,3474.1,3467.6,3470,2100
2026-04-07T12:45:00+05:30,3470.1,3470.1,3464.2,3464.8,1750
2026-04-07T12:50:00+05:30,3464.4,3464.4,3464.4,3464.4,175
2026-04-07T12:55:00+05:30,3464.2,3464.2,3460.4,3461.6,1750
2026-04-07T13:00:00+05:30,3462,3467.9,3460.4,3467.9,1575
2026-04-07T13:10:00+05:30,3466,3475,3466,3475,10675
2026-04-07T13:15:00+05:30,3475,3478,3470.3,3478,13825
2026-04-07T13:20:00+05:30,3473.8,3475.6,3472.5,3474,5075
2026-04-07T13:25:00+05:30,3474.7,3474.8,3474.7,3474.8,2450
2026-04-07T13:30:00+05:30,3475.3,3488.4,3475.3,3486.4,7525
2026-04-07T13:35:00+05:30,3486.3,3490.5,3485,3489.8,9275
2026-04-07T13:40:00+05:30,3489,3494.8,3488,3491.1,4375
2026-04-07T13:45:00+05:30,3490.9,3492.7,3486.7,3486.7,2975
2026-04-07T13:50:00+05:30,3484.3,3486.4,3478,3485.2,6825
2026-04-07T13:55:00+05:30,3485.2,3486.2,3476.1,3476.1,3500
2026-04-07T14:00:00+05:30,3480.1,3485.9,3480.1,3485.9,3500
2026-04-07T14:05:00+05:30,3485.8,3489.9,3482.2,3484,2100
2026-04-07T14:10:00+05:30,3483.1,3485,3479.9,3479.9,1400
2026-04-07T14:15:00+05:30,3481.2,3486.2,3480,3483.3,5075
2026-04-07T14:20:00+05:30,3485.1,3489.5,3481.3,3486.1,9450
2026-04-07T14:25:00+05:30,3488.1,3494,3488.1,3492,9625
2026-04-07T14:30:00+05:30,3490,3493.9,3488.9,3488.9,7000
2026-04-07T14:35:00+05:30,3487.1,3487.1,3478.1,3481.6,7000
2026-04-07T14:40:00+05:30,3482.4,3487.2,3480.1,3484.2,10675
2026-04-07T14:45:00+05:30,3486,3489.3,3482.4,3487.8,8575
2026-04-07T14:50:00+05:30,3489.7,3492.4,3486.8,3492,13825
2026-04-07T14:55:00+05:30,3493.8,3495.4,3491.4,3492.2,15575
2026-04-07T15:00:00+05:30,3494.2,3494.2,3484.1,3492.6,16100
2026-04-07T15:05:00+05:30,3493.6,3494.3,3490,3490.6,10675
2026-04-07T15:10:00+05:30,3490.7,3490.7,3480.1,3486.8,23450
2026-04-07T15:15:00+05:30,3486.4,3487.1,3479.7,3485.6,24500
2026-04-07T15:20:00+05:30,3485.6,3489.3,3482.4,3487.9,21875
2026-04-07T15:25:00+05:30,3488,3493.8,3486,3490,25900
2026-04-08T09:15:00+05:30,3656.6,3679,3639.7,3675,142275
2026-04-08T09:20:00+05:30,3686,3689.1,3672.5,3677,32375
2026-04-08T09:25:00+05:30,3677.1,3697.8,3672.2,3685.5,35525
2026-04-08T09:30:00+05:30,3692.2,3700,3687.4,3691.4,35875
2026-04-08T09:35:00+05:30,3689.4,3705,3689.4,3705,18375
2026-04-08T09:40:00+05:30,3704,3704,3694.1,3701.6,46025
2026-04-08T09:45:00+05:30,3701.8,3715.8,3701.8,3715.7,37625
2026-04-08T09:50:00+05:30,3713.2,3718.8,3707.4,3712.9,23975
2026-04-08T09:55:00+05:30,3707.2,3720,3704.3,3708.3,47250
2026-04-08T10:00:00+05:30,3707.3,3710.8,3680.3,3686.2,33775
2026-04-08T10:05:00+05:30,3690.2,3699.8,3687.3,3691.1,27475
2026-04-08T10:10:00+05:30,3695.2,3709.1,3693.8,3696.1,7525
2026-04-08T10:15:00+05:30,3697,3706.9,3692.4,3695.9,8750
2026-04-08T10:20:00+05:30,3699.4,3700.6,3687.3,3697.1,39200
2026-04-08T10:25:00+05:30,3692.5,3709.9,3692.4,3700.3,12775
2026-04-08T10:30:00+05:30,3697.8,3700.6,3688.9,3690.3,7525
2026-04-08T10:35:00+05:30,3692.3,3692.3,3685.1,3686.1,10500
2026-04-08T10:40:00+05:30,3689,3694.1,3685.7,3694.1,6125
2026-04-08T10:45:00+05:30,3694.2,3697,3688.1,3688.1,7875
2026-04-08T10:50:00+05:30,3689.4,3694.8,3687.1,3694.7,7175
2026-04-08T10:55:00+05:30,3694.9,3696.2,3692.1,3695.5,6650
2026-04-08T11:00:00+05:30,3698.1,3707.7,3698.1,3701.7,6475
2026-04-08T11:05:00+05:30,3704.1,3708.1,3700.7,3708,5775
2026-04-08T11:10:00+05:30,3708.8,3713.4,3698.5,3704.7,14175
2026-04-08T11:15:00+05:30,3703.2,3717.5,3703.2,3717.5,29925
2026-04-08T11:20:00+05:30,3717.9,3733.5,3715.3,3731,47775
2026-04-08T11:25:00+05:30,3730.6,3733.4,3722.5,3733.4,7700
2026-04-08T11:30:00+05:30,3733,3737.9,3727.1,3735.4,14000
2026-04-08T11:35:00+05:30,3735,3738,3727,3727,10850
2026-04-08T11:40:00+05:30,3728.3,3732,3723.9,3729.8,8925
2026-04-08T11:45:00+05:30,3731.2,3731.2,3728.4,3729,3500
2026-04-08T11:50:00+05:30,3729,3740,3721.6,3737.7,15925
2026-04-08T11:55:00+05:30,3737.7,3739.6,3732.2,3737.2,6650
2026-04-08T12:00:00+05:30,3736.6,3745,3736.6,3745,8750
2026-04-08T12:05:00+05:30,3745.5,3745.5,3731.9,3735.5,10150
2026-04-08T12:10:00+05:30,3738.3,3741.8,3733.6,3736.1,4725
2026-04-08T12:15:00+05:30,3736.1,3737.8,3731.5,3731.5,5075
2026-04-08T12:20:00+05:30,3731,3731,3718.5,3719.1,8400
2026-04-08T12:25:00+05:30,3720.1,3731.6,3720,3720.1,9450
2026-04-08T12:30:00+05:30,3720,3723.6,3712.2,3712.3,5425
2026-04-08T12:35:00+05:30,3712,3715.7,3706,3709.3,6125
2026-04-08T12:40:00+05:30,3711.2,3714,3708.6,3711.1,8050
2026-04-08T12:45:00+05:30,3710,3716.7,3708.6,3711.4,11375
2026-04-08T12:50:00+05:30,3712.1,3712.2,3708.8,3711.7,8400
2026-04-08T12:55:00+05:30,3711.7,3718.6,3711.7,3714.9,7000
2026-04-08T13:00:00+05:30,3716,3716,3709.3,3713.8,6125
2026-04-08T13:05:00+05:30,3710.7,3713.6,3708.7,3713.3,5075
2026-04-08T13:10:00+05:30,3711.2,3711.5,3706,3707.2,5775
2026-04-08T13:15:00+05:30,3709,3717,3709,3717,3500
2026-04-08T13:20:00+05:30,3715.3,3715.3,3710.8,3714,5775
2026-04-08T13:25:00+05:30,3713.7,3713.7,3707,3709.8,5775
2026-04-08T13:30:00+05:30,3709.8,3710.8,3705.7,3708.2,6125
2026-04-08T13:35:00+05:30,3708.2,3708.2,3701.7,3704.1,10675
2026-04-08T13:40:00+05:30,3702.5,3705,3698.6,3702.8,10150
2026-04-08T13:45:00+05:30,3703,3707.9,3701.6,3707,8575
2026-04-08T13:50:00+05:30,3706.5,3710,3705,3706.3,8750
2026-04-08T13:55:00+05:30,3706.4,3708.5,3705.2,3705.2,4725
2026-04-08T14:00:00+05:30,3705.2,3706.4,3704,3705.3,4200
2026-04-08T14:05:00+05:30,3707.6,3708.3,3707.4,3707.4,5950
2026-04-08T14:10:00+05:30,3708.6,3712.9,3707.2,3707.2,6125
2026-04-08T14:15:00+05:30,3710.3,3712.3,3709.9,3711.5,9625
2026-04-08T14:20:00+05:30,3711.5,3712.8,3710.1,3710.3,5250
2026-04-08T14:25:00+05:30,3710.3,3714,3709.3,3713.2,9450
2026-04-08T14:30:00+05:30,3713.1,3718,3713,3717.6,6475
2026-04-08T14:35:00+05:30,3717.6,3717.6,3708.2,3708.2,7875
2026-04-08T14:40:00+05:30,3709.9,3715.5,3709.4,3711.1,10675
2026-04-08T14:45:00+05:30,3712.1,3719.7,3710.7,3713.6,9450
2026-04-08T14:50:00+05:30,3711.2,3711.7,3707,3711.7,7875
2026-04-08T14:55:00+05:30,3714.6,3717.6,3713.9,3716,8400
2026-04-08T15:00:00+05:30,3714.7,3721.4,3711,3720.5,15400
2026-04-08T15:05:00+05:30,3720.4,3720.8,3717,3717,13475
2026-04-08T15:10:00+05:30,3716.8,3717.8,3713.9,3715,12250
2026-04-08T15:15:00+05:30,3712.7,3714,3709,3709,14350
2026-04-08T15:20:00+05:30,3707.6,3712.7,3707.6,3712.7,11025
2026-04-08T15:25:00+05:30,3713.8,3717.8,3711.5,3717.8,33425
2026-04-09T09:15:00+05:30,3719.9,3768,3683.4,3766.1,65100
2026-04-09T09:20:00+05:30,3762.7,3779.1,3759.5,3765,48125
2026-04-09T09:25:00+05:30,3765,3774,3763,3772.3,15050
2026-04-09T09:30:00+05:30,3771.9,3771.9,3753.6,3754,12775
2026-04-09T09:35:00+05:30,3754.6,3759.7,3746,3746,16450
2026-04-09T09:40:00+05:30,3746.2,3750.3,3727.8,3730,16100
2026-04-09T09:45:00+05:30,3735.3,3735.7,3717.1,3721,8225
2026-04-09T09:50:00+05:30,3717.6,3720,3709.8,3712,21350
2026-04-09T09:55:00+05:30,3708.6,3710.7,3700.1,3701.1,23275
2026-04-09T10:00:00+05:30,3703,3713.7,3696.7,3704.7,15575
2026-04-09T10:05:00+05:30,3706,3714,3705.7,3714,4725
2026-04-09T10:10:00+05:30,3712,3721.5,3712,3715.3,8225
2026-04-09T10:15:00+05:30,3710.6,3721.4,3707.2,3713.3,8750
2026-04-09T10:20:00+05:30,3714,3715.8,3708,3715.8,3500
2026-04-09T10:25:00+05:30,3718.7,3719.8,3708.2,3712.4,5075
2026-04-09T10:30:00+05:30,3711.8,3721,3711.1,3712.9,5425
2026-04-09T10:35:00+05:30,3717.4,3718.7,3707.5,3708.7,5775
2026-04-09T10:40:00+05:30,3713.1,3717.7,3710.2,3711,4725
2026-04-09T10:45:00+05:30,3715.8,3726.4,3713.9,3725.2,4550
2026-04-09T10:50:00+05:30,3727.9,3734.1,3719.7,3724.9,8750
2026-04-09T10:55:00+05:30,3725,3732,3721.7,3721.7,8750
2026-04-09T11:00:00+05:30,3727,3731.8,3727,3728.6,2975
2026-04-09T11:05:00+05:30,3731,3734.2,3727,3730.3,8575
2026-04-09T11:10:00+05:30,3726.7,3729.5,3722.6,3726.9,4550
2026-04-09T11:15:00+05:30,3729.8,3731.1,3717.2,3726.9,6300
2026-04-09T11:20:00+05:30,3728,3728.4,3722.8,3728.4,4725
2026-04-09T11:25:00+05:30,3730,3730,3718.7,3728.9,29575
2026-04-09T11:30:00+05:30,3729.1,3729.6,3722.7,3724.9,12775
2026-04-09T11:35:00+05:30,3728.3,3738.1,3725.3,3736.8,8050
2026-04-09T11:40:00+05:30,3734.4,3747.6,3732.3,3742.1,15225
2026-04-09T11:45:00+05:30,3741.4,3741.4,3732.1,3735.9,7175
2026-04-09T11:50:00+05:30,3738,3743.9,3736.3,3741.1,6125
2026-04-09T11:55:00+05:30,3741,3746.5,3738.2,3742,17850
2026-04-09T12:00:00+05:30,3740.2,3753,3735.7,3753,18200
2026-04-09T12:05:00+05:30,3753,3757.3,3748,3755.3,7875
2026-04-09T12:10:00+05:30,3757.7,3762,3749.6,3752.9,7525
2026-04-09T12:15:00+05:30,3746.6,3749.5,3739.6,3742.7,8050
2026-04-09T12:20:00+05:30,3743,3756.1,3742.7,3751.1,8575
2026-04-09T12:25:00+05:30,3747.7,3752.6,3743.7,3747.5,9975
2026-04-09T12:30:00+05:30,3747.1,3759,3747.1,3752,6650
2026-04-09T12:35:00+05:30,3755.2,3758.1,3750,3757.1,5775
2026-04-09T12:40:00+05:30,3757.1,3763,3748.8,3750.6,7350
2026-04-09T12:45:00+05:30,3754,3754,3732.7,3733,10150
2026-04-09T12:50:00+05:30,3734.6,3742.6,3733.4,3741,5425
2026-04-09T12:55:00+05:30,3741.3,3746,3738.7,3738.7,3500
2026-04-09T13:00:00+05:30,3738.7,3743.1,3737,3742.1,3325
2026-04-09T13:05:00+05:30,3743.7,3744,3738.6,3741.2,2450
2026-04-09T13:10:00+05:30,3744.4,3744.4,3729.3,3736.6,10325
2026-04-09T13:15:00+05:30,3735.2,3740,3724.7,3731.1,9100
2026-04-09T13:20:00+05:30,3727.1,3730.3,3722.4,3728,4200
2026-04-09T13:25:00+05:30,3729.3,3733.5,3722.9,3724.1,8575
2026-04-09T13:30:00+05:30,3726.7,3730.7,3721.7,3727.9,3850
2026-04-09T13:35:00+05:30,3727.9,3730.7,3722.1,3726.2,3675
2026-04-09T13:40:00+05:30,3726.5,3730.3,3725.3,3730.2,1750
2026-04-09T13:45:00+05:30,3726.4,3729.2,3721.1,3723.1,2975
2026-04-09T13:50:00+05:30,3725.6,3730.3,3724.2,3727.8,2275
2026-04-09T13:55:00+05:30,3727.9,3732.4,3725.4,3731,1225
2026-04-09T14:00:00+05:30,3731.9,3739,3731.9,3736.6,3500
2026-04-09T14:05:00+05:30,3739,3739,3734.6,3738.6,2625
2026-04-09T14:10:00+05:30,3736,3738.9,3731.1,3735.4,8750
2026-04-09T14:15:00+05:30,3733.4,3737.9,3732.5,3736.7,4025
2026-04-09T14:20:00+05:30,3733.3,3736.3,3723,3723,5425
2026-04-09T14:25:00+05:30,3727.9,3728.1,3723,3728.1,2800
2026-04-09T14:30:00+05:30,3725.6,3725.6,3718.1,3721,4725
2026-04-09T14:35:00+05:30,3721,3726.6,3718.2,3726.6,2625
2026-04-09T14:40:00+05:30,3727.6,3729.3,3722.2,3729.3,2975
2026-04-09T14:45:00+05:30,3726.4,3728.9,3719.7,3728.9,5075
2026-04-09T14:50:00+05:30,3729,3733.8,3724.4,3733.4,3675
2026-04-09T14:55:00+05:30,3730.1,3733.3,3728.5,3729.7,4725
2026-04-09T15:00:00+05:30,3730.9,3747.3,3730.9,3739.9,16800
2026-04-09T15:05:00+05:30,3741.1,3750.9,3738.7,3750.9,8925
2026-04-09T15:10:00+05:30,3750,3750.9,3746,3750.8,8050
2026-04-09T15:15:00+05:30,3750.9,3751.2,3747.7,3748.2,7350
2026-04-09T15:20:00+05:30,3748.1,3748.1,3737.9,3740.2,31500
2026-04-09T15:25:00+05:30,3740.1,3742.7,3721.5,3724,42350
2026-04-10T09:15:00+05:30,3775,3794.4,3775,3785.7,50575
2026-04-10T09:20:00+05:30,3786.2,3791.1,3783.9,3788,20475
2026-04-10T09:25:00+05:30,3788,3798.4,3774.3,3794.2,25200
2026-04-10T09:30:00+05:30,3792.6,3798.4,3783.8,3797.4,12775
2026-04-10T09:35:00+05:30,3796.8,3796.8,3787.1,3794.3,6125
2026-04-10T09:40:00+05:30,3798.4,3809,3795,3804,25200
2026-04-10T09:45:00+05:30,3804.1,3812,3800.7,3807.4,17150
2026-04-10T09:50:00+05:30,3807.8,3807.8,3799.1,3799.4,10500
2026-04-10T09:55:00+05:30,3799.4,3807.5,3795.2,3798,14525
2026-04-10T10:00:00+05:30,3801.6,3811.9,3801.6,3811.8,18025
2026-04-10T10:05:00+05:30,3812.2,3812.2,3779,3790.4,38850
2026-04-10T10:10:00+05:30,3791.8,3802,3786.6,3786.6,12425
2026-04-10T10:15:00+05:30,3788.6,3800,3787.8,3792.5,6650
2026-04-10T10:20:00+05:30,3795.5,3802.5,3795,3798.6,7525
2026-04-10T10:25:00+05:30,3801.4,3804,3797.7,3799.8,7000
2026-04-10T10:30:00+05:30,3805,3818.3,3802.7,3818.2,12425
2026-04-10T10:35:00+05:30,3818.1,3818.1,3802.6,3807.7,8050
2026-04-10T10:40:00+05:30,3808.1,3814.7,3806.9,3814.4,6825
2026-04-10T10:45:00+05:30,3813.3,3814.4,3805.9,3807.6,11025
2026-04-10T10:50:00+05:30,3803.5,3807.6,3803.5,3803.8,7000
2026-04-10T10:55:00+05:30,3804.4,3806,3794.6,3803,9275
2026-04-10T11:00:00+05:30,3803.2,3806,3798.7,3802.1,4900
2026-04-10T11:05:00+05:30,3800,3807.1,3798.5,3804.2,7525
2026-04-10T11:10:00+05:30,3806.8,3810.5,3804.9,3805,5250
2026-04-10T11:15:00+05:30,3804.2,3805,3795.4,3797.9,6650
2026-04-10T11:20:00+05:30,3797.8,3802.9,3797,3800.7,5075
2026-04-10T11:25:00+05:30,3800.9,3803.8,3797.4,3801.1,5425
2026-04-10T11:30:00+05:30,3801.8,3809.3,3801.8,3808.9,5600
2026-04-10T11:35:00+05:30,3807.7,3812.5,3804.1,3811,6475
2026-04-10T11:40:00+05:30,3810,3810,3802.5,3804,8225
2026-04-10T11:45:00+05:30,3804.4,3804.4,3791.5,3791.6,11200
2026-04-10T11:50:00+05:30,3792.2,3802.8,3791,3791,9625
2026-04-10T11:55:00+05:30,3792.5,3797,3792.1,3795.6,5075
2026-04-10T12:00:00+05:30,3795.1,3800,3795.1,3797.8,6300
2026-04-10T12:05:00+05:30,3799,3809.9,3799,3799.8,16975
2026-04-10T12:10:00+05:30,3799.6,3808,3799.6,3806.5,7175
2026-04-10T12:15:00+05:30,3804.7,3810,3799.7,3810,6475
2026-04-10T12:20:00+05:30,3810.8,3818.2,3806.6,3818.2,12250
2026-04-10T12:25:00+05:30,3817.2,3820,3808.1,3812.4,10150
2026-04-10T12:30:00+05:30,3812.6,3815.6,3811.7,3814.8,6300
2026-04-10T12:35:00+05:30,3811,3817.8,3811,3815.3,4375
2026-04-10T12:40:00+05:30,3813.2,3814,3808.3,3808.3,5075
2026-04-10T12:45:00+05:30,3807.5,3812.6,3807.5,3812.6,5250
2026-04-10T12:50:00+05:30,3813.4,3817,3807.3,3816,9275
2026-04-10T12:55:00+05:30,3813,3820.3,3813,3820,6650
2026-04-10T13:00:00+05:30,3819.4,3820.5,3816.2,3820.5,7875
2026-04-10T13:05:00+05:30,3820.1,3821.5,3816.6,3821.5,6475
2026-04-10T13:10:00+05:30,3820,3820,3813.8,3818,6825
2026-04-10T13:15:00+05:30,3818,3820.6,3814,3819.8,5775
2026-04-10T13:20:00+05:30,3818.8,3821.4,3818,3819.6,3325
2026-04-10T13:25:00+05:30,3819.5,3823.1,3818.4,3821.8,8925
2026-04-10T13:30:00+05:30,3823.1,3830.6,3823.1,3825.9,14700
2026-04-10T13:35:00+05:30,3827.4,3827.8,3826.2,3827.3,5950
2026-04-10T13:40:00+05:30,3829.9,3831.3,3826.5,3829.5,12775
2026-04-10T13:45:00+05:30,3826.4,3828.7,3823.3,3824.1,15400
2026-04-10T13:50:00+05:30,3824,3826.1,3822.5,3824.8,6650
2026-04-10T13:55:00+05:30,3823.6,3830.2,3823.6,3828,5250
2026-04-10T14:00:00+05:30,3828,3828,3824.4,3828,6650
2026-04-10T14:05:00+05:30,3827.1,3830.2,3827,3829,6300
2026-04-10T14:10:00+05:30,3827.6,3829.2,3819.5,3823.9,12425
2026-04-10T14:15:00+05:30,3824.5,3825,3803.7,3819.5,25725
2026-04-10T14:20:00+05:30,3819.1,3820.9,3808.1,3810.3,17325
2026-04-10T14:25:00+05:30,3808,3814.2,3808,3811.7,22750
2026-04-10T14:30:00+05:30,3811.9,3818,3811.9,3814.8,9800
2026-04-10T14:35:00+05:30,3816.9,3817,3813.2,3815.7,10150
2026-04-10T14:40:00+05:30,3816.3,3819.4,3814.4,3819.4,12250
2026-04-10T14:45:00+05:30,3819.4,3821,3811.5,3818.1,16625
2026-04-10T14:50:00+05:30,3818,3827.3,3816.7,3825.3,19425
2026-04-10T14:55:00+05:30,3826.6,3833.9,3824.3,3829.1,22225
2026-04-10T15:00:00+05:30,3827.8,3845,3827.8,3842.6,43925
2026-04-10T15:05:00+05:30,3841.1,3847,3841.1,3847,23975
2026-04-10T15:10:00+05:30,3850,3851.8,3844.2,3846.1,35525
2026-04-10T15:15:00+05:30,3846.3,3854.4,3845.9,3846.3,74025
2026-04-10T15:20:00+05:30,3846.3,3848.2,3843,3846.5,34125
2026-04-10T15:25:00+05:30,3846.1,3846.4,3838,3839.4,43225
2026-04-13T09:15:00+05:30,3785.1,3785.1,3725.1,3740.8,73150
2026-04-13T09:20:00+05:30,3737,3757,3737,3750,33775
2026-04-13T09:25:00+05:30,3747.4,3767.4,3747.4,3759,57225
2026-04-13T09:30:00+05:30,3755,3769,3755,3761,15050
2026-04-13T09:35:00+05:30,3760,3760,3726.8,3726.8,44625
2026-04-13T09:40:00+05:30,3726,3745,3724,3739.7,36750
2026-04-13T09:45:00+05:30,3736.4,3745.4,3736.2,3743.7,6125
2026-04-13T09:50:00+05:30,3746.1,3752,3744.3,3752,5950
2026-04-13T09:55:00+05:30,3752.8,3753.2,3745.9,3749.4,6650
2026-04-13T10:00:00+05:30,3746.5,3749.7,3738,3738,10150
2026-04-13T10:05:00+05:30,3737.3,3743.6,3735.1,3735.3,7350
2026-04-13T10:10:00+05:30,3739.3,3749.6,3738.8,3740.8,7350
2026-04-13T10:15:00+05:30,3734,3738.3,3727.9,3738.3,12075
2026-04-13T10:20:00+05:30,3742.8,3748.7,3739.3,3744,7000
2026-04-13T10:25:00+05:30,3744.6,3751,3740.7,3747,5950
2026-04-13T10:30:00+05:30,3747.2,3748.7,3740.7,3748.7,7700
2026-04-13T10:35:00+05:30,3743.3,3743.3,3737.3,3742,5425
2026-04-13T10:40:00+05:30,3746.6,3749.3,3734.9,3744.1,9100
2026-04-13T10:45:00+05:30,3749.5,3761,3749,3757.7,9450
2026-04-13T10:50:00+05:30,3761,3768,3759.7,3768,8750
2026-04-13T10:55:00+05:30,3766.1,3774.4,3762.9,3774.4,14525
2026-04-13T11:00:00+05:30,3774.3,3774.3,3754.1,3762.1,7525
2026-04-13T11:05:00+05:30,3760.6,3764,3746,3751.8,12775
2026-04-13T11:10:00+05:30,3754.3,3754.3,3746.9,3747.3,6300
2026-04-13T11:15:00+05:30,3747,3756.4,3747,3756,5600
2026-04-13T11:20:00+05:30,3756.9,3758.3,3752.3,3752.7,6125
2026-04-13T11:25:00+05:30,3755.8,3756.7,3747.7,3755.5,8575
2026-04-13T11:30:00+05:30,3751.4,3755.3,3750.5,3751.2,2975
2026-04-13T11:35:00+05:30,3751.4,3757,3751.4,3756.3,5425
2026-04-13T11:40:00+05:30,3758.4,3758.4,3752.6,3756.1,2450
2026-04-13T11:45:00+05:30,3759,3762,3754.4,3759.8,4375
2026-04-13T11:50:00+05:30,3761.9,3764.8,3759.6,3763,2800
2026-04-13T11:55:00+05:30,3767.4,3770,3762.9,3765,11025
2026-04-13T12:00:00+05:30,3766.2,3766.6,3762.4,3763.5,3325
2026-04-13T12:05:00+05:30,3763.5,3766.9,3763.5,3766.9,5600
2026-04-13T12:10:00+05:30,3766.1,3771.6,3764.8,3771.6,5250
2026-04-13T12:15:00+05:30,3769.6,3770,3764.1,3765.4,2800
2026-04-13T12:20:00+05:30,3765.7,3766.7,3761.4,3761.4,3675
2026-04-13T12:25:00+05:30,3763,3771,3763,3771,4550
2026-04-13T12:30:00+05:30,3773,3775.8,3772.1,3775.1,5600
2026-04-13T12:35:00+05:30,3772.5,3778,3770.7,3777.1,9800
2026-04-13T12:40:00+05:30,3773.4,3774.8,3770.3,3772.2,4025
2026-04-13T12:45:00+05:30,3773.4,3773.4,3765.8,3768.3,4025
2026-04-13T12:50:00+05:30,3766.3,3770,3763.3,3763.3,4900
2026-04-13T12:55:00+05:30,3767.9,3767.9,3753.4,3758.6,5250
2026-04-13T13:00:00+05:30,3763,3765.9,3753.5,3757,3850
2026-04-13T13:05:00+05:30,3759,3761.3,3756.7,3758,5950
2026-04-13T13:10:00+05:30,3754.4,3762,3750.8,3760,15575
2026-04-13T13:15:00+05:30,3760,3760,3757.9,3757.9,2625
2026-04-13T13:20:00+05:30,3757.1,3760.3,3756.7,3756.7,11550
2026-04-13T13:25:00+05:30,3755.1,3755.1,3749.3,3750.5,7000
2026-04-13T13:30:00+05:30,3749,3749,3743.1,3743.1,8225
2026-04-13T13:35:00+05:30,3742.5,3743,3733,3734.5,10675
2026-04-13T13:40:00+05:30,3735.1,3735.1,3727.9,3728.1,8575
2026-04-13T13:45:00+05:30,3727.9,3734.1,3726,3732.7,15400
2026-04-13T13:50:00+05:30,3731.4,3745.3,3730.1,3745.3,8225
2026-04-13T13:55:00+05:30,3745.6,3748,3745.6,3748,2275
2026-04-13T14:00:00+05:30,3749,3749,3742.6,3743,3325
2026-04-13T14:05:00+05:30,3744.3,3744.3,3740.6,3741.9,1575
2026-04-13T14:10:00+05:30,3742.4,3742.4,3740,3741.5,1925
2026-04-13T14:15:00+05:30,3741.3,3742.7,3738,3742.7,4375
2026-04-13T14:20:00+05:30,3743.8,3747.1,3743.1,3744.5,2450
2026-04-13T14:25:00+05:30,3745.4,3748.9,3745.4,3746.3,3500
2026-04-13T14:30:00+05:30,3746.2,3754.7,3746.2,3752.4,4550
2026-04-13T14:35:00+05:30,3752.5,3756.4,3749.6,3753.1,5425
2026-04-13T14:40:00+05:30,3750.4,3753,3749,3752,7175
2026-04-13T14:45:00+05:30,3756.6,3760,3755,3755.4,14175
2026-04-13T14:50:00+05:30,3755.5,3755.9,3750.2,3751,4550
2026-04-13T14:55:00+05:30,3749.4,3750.7,3742.9,3750.3,8750
2026-04-13T15:00:00+05:30,3749.4,3750.6,3738,3745,9450
2026-04-13T15:05:00+05:30,3747.8,3747.8,3739.6,3741.1,8750
2026-04-13T15:10:00+05:30,3747.4,3750,3742.9,3742.9,7875
2026-04-13T15:15:00+05:30,3745,3747.9,3741.7,3742.7,13125
2026-04-13T15:20:00+05:30,3744,3746.9,3742.5,3743.2,8050
2026-04-13T15:25:00+05:30,3746.6,3746.6,3738.9,3740.2,20300
2026-04-15T09:15:00+05:30,3799,3829.8,3774.8,3786.1,84700
2026-04-15T09:20:00+05:30,3790,3794.9,3780,3780,37450
2026-04-15T09:25:00+05:30,3777.7,3780,3771,3776.7,15225
2026-04-15T09:30:00+05:30,3776.8,3779.6,3762,3765,19600
2026-04-15T09:35:00+05:30,3760,3765.4,3755.3,3760.4,16975
2026-04-15T09:40:00+05:30,3765.5,3789.7,3765.5,3784.5,11550
2026-04-15T09:45:00+05:30,3782,3789.1,3771.9,3771.9,7525
2026-04-15T09:50:00+05:30,3770.3,3781.9,3770.3,3781.9,6125
2026-04-15T09:55:00+05:30,3772.2,3784.8,3772.2,3784.8,13300
2026-04-15T10:00:00+05:30,3781,3788,3778.3,3778.3,9100
2026-04-15T10:05:00+05:30,3780,3780.2,3772.2,3776.6,3850
2026-04-15T10:10:00+05:30,3780.5,3783.5,3775.9,3781.5,3150
2026-04-15T10:15:00+05:30,3781.1,3798,3781.1,3798,14000
2026-04-15T10:20:00+05:30,3797,3798.2,3792.8,3796.8,23450
2026-04-15T10:25:00+05:30,3796.8,3797.7,3785,3797.7,12075
2026-04-15T10:30:00+05:30,3799,3800,3788.5,3798.9,10150
2026-04-15T10:35:00+05:30,3799.8,3808,3799.8,3803.5,16625
2026-04-15T10:40:00+05:30,3804.5,3808,3801.8,3805,9975
2026-04-15T10:45:00+05:30,3804,3804,3798,3802,5600
2026-04-15T10:50:00+05:30,3802,3802,3791,3795.1,11025
2026-04-15T10:55:00+05:30,3797.4,3802.9,3797,3798.7,5425
2026-04-15T11:00:00+05:30,3800,3800,3794.2,3798.2,2975
2026-04-15T11:05:00+05:30,3798,3798,3792.1,3794.1,5775
2026-04-15T11:10:00+05:30,3791.9,3793,3786.1,3791.7,7525
2026-04-15T11:15:00+05:30,3791.8,3796.5,3791.1,3791.3,4025
2026-04-15T11:20:00+05:30,3791.7,3799.1,3791.7,3794.3,3150
2026-04-15T11:25:00+05:30,3793.5,3793.8,3790.1,3792.9,1225
2026-04-15T11:30:00+05:30,3792.9,3793.6,3787.9,3793.6,3675
2026-04-15T11:35:00+05:30,3795.5,3797.7,3794,3797.4,4900
2026-04-15T11:40:00+05:30,3793.3,3794,3785.7,3791.1,3150
2026-04-15T11:45:00+05:30,3791,3795.3,3790.5,3790.5,10325
2026-04-15T11:50:00+05:30,3792.1,3797.5,3791.1,3797.5,2975
2026-04-15T11:55:00+05:30,3797.2,3797.7,3790.6,3797.5,3500
2026-04-15T12:00:00+05:30,3796.6,3806,3795,3806,12075
2026-04-15T12:05:00+05:30,3804,3805.4,3790,3790.1,6475
2026-04-15T12:10:00+05:30,3790.5,3796.3,3790.5,3795.5,1050
2026-04-15T12:15:00+05:30,3796.8,3801.2,3796.3,3796.5,3850
2026-04-15T12:20:00+05:30,3798.5,3801.2,3794.7,3797.5,4025
2026-04-15T12:25:00+05:30,3795.2,3796.4,3793.1,3794.1,1225
2026-04-15T12:30:00+05:30,3793.9,3793.9,3787.2,3789.3,2800
2026-04-15T12:35:00+05:30,3791.5,3797.8,3791.5,3797.4,875
2026-04-15T12:40:00+05:30,3795.6,3796.9,3794.3,3796.9,700
2026-04-15T12:45:00+05:30,3795.3,3795.3,3792.1,3792.1,875
2026-04-15T12:50:00+05:30,3792.9,3792.9,3787.2,3788.1,1400
2026-04-15T12:55:00+05:30,3790.9,3794.1,3790.9,3794.1,1225
2026-04-15T13:00:00+05:30,3791.5,3791.5,3786.8,3788.5,2450
2026-04-15T13:05:00+05:30,3788.4,3791.9,3786.2,3791.9,1050
2026-04-15T13:10:00+05:30,3790.5,3791.9,3788.3,3790.1,1400
2026-04-15T13:15:00+05:30,3787,3789.4,3787,3789.4,1050
2026-04-15T13:20:00+05:30,3789.4,3789.4,3782.1,3782.1,2275
2026-04-15T13:25:00+05:30,3782,3788.4,3782,3788.4,1050
2026-04-15T13:30:00+05:30,3791.4,3794.9,3791.4,3791.5,2100
2026-04-15T13:35:00+05:30,3792,3796.5,3792,3793,3675
2026-04-15T13:40:00+05:30,3793,3797.1,3793,3794.2,1400
2026-04-15T13:45:00+05:30,3796,3796.3,3792.8,3792.8,1575
2026-04-15T13:50:00+05:30,3792.8,3797.5,3792.8,3795.8,1400
2026-04-15T13:55:00+05:30,3792.7,3802.5,3792.7,3802,2975
2026-04-15T14:00:00+05:30,3801.3,3801.3,3798.4,3801.3,1050
2026-04-15T14:05:00+05:30,3797.3,3798.6,3797.3,3798.6,2100
2026-04-15T14:10:00+05:30,3799.4,3802.5,3797.7,3797.7,2100
2026-04-15T14:15:00+05:30,3798.9,3800.7,3795,3795.6,5600
2026-04-15T14:20:00+05:30,3797,3799.8,3794.6,3794.9,5950
2026-04-15T14:25:00+05:30,3796.5,3799,3796.5,3798.3,3500
2026-04-15T14:30:00+05:30,3797.3,3801.6,3797.3,3801.5,4025
2026-04-15T14:35:00+05:30,3801,3801.5,3793.8,3793.8,3500
2026-04-15T14:40:00+05:30,3797.4,3798.7,3793.7,3794.2,4375
2026-04-15T14:45:00+05:30,3795,3796.9,3790.1,3790.1,9100
2026-04-15T14:50:00+05:30,3790.5,3795.1,3786.8,3788,11900
2026-04-15T14:55:00+05:30,3790.1,3790.1,3785.5,3787.4,15750
2026-04-15T15:00:00+05:30,3789.7,3789.7,3777.9,3783,29050
2026-04-15T15:05:00+05:30,3783.4,3784.9,3779.8,3779.8,14875
2026-04-15T15:10:00+05:30,3781,3791.7,3781,3791.1,23625
2026-04-15T15:15:00+05:30,3790.9,3791.3,3790,3791.3,48300
2026-04-15T15:20:00+05:30,3792,3792.8,3791.3,3791.5,17850
2026-04-15T15:25:00+05:30,3791.6,3791.7,3791.3,3791.3,22050
2026-04-16T09:15:00+05:30,3810,3825,3796.4,3820,29050
2026-04-16T09:20:00+05:30,3818,3819.7,3808,3808,7175
2026-04-16T09:25:00+05:30,3807.3,3814.5,3798.2,3798.2,26775
2026-04-16T09:30:00+05:30,3799.4,3802.3,3790,3790,16975
2026-04-16T09:35:00+05:30,3786.8,3797,3786.8,3793.6,7525
2026-04-16T09:40:00+05:30,3798,3799.1,3793.5,3797.5,6825
2026-04-16T09:45:00+05:30,3794.1,3796.9,3785.6,3793.9,5775
2026-04-16T09:50:00+05:30,3790,3794,3787.8,3787.8,4550
2026-04-16T09:55:00+05:30,3788,3791.2,3774.9,3779.2,10150
2026-04-16T10:00:00+05:30,3780.9,3790.8,3776.7,3787.6,8225
2026-04-16T10:05:00+05:30,3783.5,3790,3783.4,3789,3850
2026-04-16T10:10:00+05:30,3789.4,3790.1,3786,3786.8,2625
2026-04-16T10:15:00+05:30,3784.4,3790,3780,3782.3,4725
2026-04-16T10:20:00+05:30,3778.6,3780.4,3771.1,3775,12425
2026-04-16T10:25:00+05:30,3777.1,3784.5,3775.4,3779.9,3500
2026-04-16T10:30:00+05:30,3783.9,3789.3,3783,3786.4,2800
2026-04-16T10:35:00+05:30,3786.4,3786.4,3779.4,3779.4,5075
2026-04-16T10:40:00+05:30,3778.6,3784.1,3778.6,3783.8,2800
2026-04-16T10:45:00+05:30,3784.5,3784.5,3780.9,3781,2975
2026-04-16T10:50:00+05:30,3779.7,3783,3778.6,3778.7,2975
2026-04-16T10:55:00+05:30,3778.7,3788,3778.6,3788,2800
2026-04-16T11:00:00+05:30,3784.5,3786.5,3779,3781.3,3325
2026-04-16T11:05:00+05:30,3783.5,3783.5,3779.5,3783.5,3850
2026-04-16T11:10:00+05:30,3785.6,3785.6,3780.1,3780.8,3150
2026-04-16T11:15:00+05:30,3783.5,3783.5,3780.8,3780.8,5425
2026-04-16T11:20:00+05:30,3781.2,3788.9,3778,3780.5,4375
2026-04-16T11:25:00+05:30,3779.6,3781.4,3777.4,3781.4,3150
2026-04-16T11:30:00+05:30,3783.6,3784.9,3778.1,3783.2,3850
2026-04-16T11:35:00+05:30,3781.3,3783.5,3776.7,3780.9,2975
2026-04-16T11:40:00+05:30,3778,3783,3775.5,3783,3150
2026-04-16T11:45:00+05:30,3778,3782.9,3775.7,3780.3,3850
2026-04-16T11:50:00+05:30,3780.3,3782.4,3775.8,3782.4,3500
2026-04-16T11:55:00+05:30,3780.7,3785.4,3772.1,3772.6,7000
2026-04-16T12:00:00+05:30,3770.9,3775.9,3768.6,3773.6,5075
2026-04-16T12:05:00+05:30,3773.5,3774.1,3770.3,3772.9,2625
2026-04-16T12:10:00+05:30,3774.1,3777.7,3769.1,3772.4,9100
2026-04-16T12:15:00+05:30,3774.6,3777,3765.8,3771.5,3325
2026-04-16T12:20:00+05:30,3777.1,3777.1,3765.2,3765.2,2975
2026-04-16T12:25:00+05:30,3765.1,3767,3765.1,3765.4,1225
2026-04-16T12:30:00+05:30,3766.3,3766.3,3762.4,3762.4,1750
2026-04-16T12:35:00+05:30,3760.5,3764.1,3760.5,3761.7,2625
2026-04-16T12:40:00+05:30,3762.4,3764.6,3761.6,3762,1750
2026-04-16T12:45:00+05:30,3762.8,3763.2,3757.2,3757.2,5775
2026-04-16T12:50:00+05:30,3757,3760.2,3748.1,3758.9,7700
2026-04-16T12:55:00+05:30,3754.2,3755,3749.7,3751.4,4200
2026-04-16T13:00:00+05:30,3754.9,3756.4,3748.4,3751.7,3500
2026-04-16T13:05:00+05:30,3751.9,3752.9,3742.8,3742.8,7350
2026-04-16T13:10:00+05:30,3744,3747.3,3740.3,3746,3150
2026-04-16T13:15:00+05:30,3742.8,3748,3742.8,3747.6,4900
2026-04-16T13:20:00+05:30,3750,3752.7,3748.8,3749.1,2975
2026-04-16T13:25:00+05:30,3747.5,3751.6,3744.9,3748.6,2275
2026-04-16T13:30:00+05:30,3748.5,3759.9,3748.5,3758.2,5775
2026-04-16T13:35:00+05:30,3757.6,3759.9,3752.5,3755.9,3675
2026-04-16T13:40:00+05:30,3756.6,3765,3756.6,3763.3,2800
2026-04-16T13:45:00+05:30,3764.6,3764.6,3759.5,3762.9,5075
2026-04-16T13:50:00+05:30,3763.9,3765,3762.3,3762.3,11025
2026-04-16T13:55:00+05:30,3761.5,3765,3761.5,3764.1,3500
2026-04-16T14:00:00+05:30,3765,3765,3755.9,3756.3,4025
2026-04-16T14:05:00+05:30,3754,3760.8,3748.7,3748.7,6650
2026-04-16T14:10:00+05:30,3748.8,3756.5,3748.8,3755.2,2625
2026-04-16T14:15:00+05:30,3761.5,3761.5,3755,3755.3,2975
2026-04-16T14:20:00+05:30,3757.8,3759.3,3756.7,3756.7,4550
2026-04-16T14:25:00+05:30,3757,3764.5,3756.5,3764.5,2625
2026-04-16T14:30:00+05:30,3765,3765.3,3759,3764.1,5950
2026-04-16T14:35:00+05:30,3765.8,3766.9,3763.2,3764.8,2800
2026-04-16T14:40:00+05:30,3765.2,3772.1,3765,3771.7,5600
2026-04-16T14:45:00+05:30,3775,3782,3774.1,3775,10850
2026-04-16T14:50:00+05:30,3776.6,3778,3773,3778,7525
2026-04-16T14:55:00+05:30,3775,3777.4,3772.2,3775.4,15050
2026-04-16T15:00:00+05:30,3775.4,3775.8,3758.2,3759.7,13475
2026-04-16T15:05:00+05:30,3759.7,3763.2,3756.2,3756.7,6300
2026-04-16T15:10:00+05:30,3758.5,3761.9,3755.5,3757.6,8750
2026-04-16T15:15:00+05:30,3755.7,3767.6,3754.1,3764.5,11900
2026-04-16T15:20:00+05:30,3761.7,3774,3761.7,3771.6,11550
2026-04-16T15:25:00+05:30,3773.8,3782.8,3771.7,3772.2,17150
2026-04-17T09:15:00+05:30,3772.3,3774.3,3738,3771.9,24850
2026-04-17T09:20:00+05:30,3778.3,3797.7,3776.5,3786.7,19075
2026-04-17T09:25:00+05:30,3781.1,3786.8,3777.2,3786.8,4375
2026-04-17T09:30:00+05:30,3786.2,3786.6,3772.7,3780,6300
2026-04-17T09:35:00+05:30,3774.7,3794.5,3771.2,3794.5,7525
2026-04-17T09:40:00+05:30,3791,3791,3771.6,3771.6,2450
2026-04-17T09:45:00+05:30,3774.7,3776.9,3768.2,3775.9,7000
2026-04-17T09:50:00+05:30,3773.4,3779.2,3770.1,3770.1,5425
2026-04-17T09:55:00+05:30,3772.2,3772.2,3760.1,3763,5600
2026-04-17T10:00:00+05:30,3764.7,3769.6,3754,3769.3,7175
2026-04-17T10:05:00+05:30,3769.3,3784.4,3769.2,3775.3,12600
2026-04-17T10:10:00+05:30,3782,3785,3776.4,3778.7,7700
2026-04-17T10:15:00+05:30,3778.9,3782,3775.6,3782,7525
2026-04-17T10:20:00+05:30,3782,3786.2,3777.2,3777.2,9975
2026-04-17T10:25:00+05:30,3780.4,3784.3,3777.7,3779.4,6650
2026-04-17T10:30:00+05:30,3778,3778,3766.1,3768.2,8050
2026-04-17T10:35:00+05:30,3767.2,3770.2,3765.7,3766.4,6300
2026-04-17T10:40:00+05:30,3760,3767.9,3760,3763.5,5425
2026-04-17T10:45:00+05:30,3764.6,3765.4,3762.8,3762.8,1575
2026-04-17T10:50:00+05:30,3763.6,3763.6,3757.2,3759.5,1225
2026-04-17T10:55:00+05:30,3759.2,3765,3759.2,3763.8,3325
2026-04-17T11:00:00+05:30,3760.5,3765.4,3755.3,3758.7,2800
2026-04-17T11:05:00+05:30,3764,3764.3,3760.5,3762,2100
2026-04-17T11:10:00+05:30,3765.3,3768.3,3765.3,3767,2275
2026-04-17T11:15:00+05:30,3767.1,3770.4,3767.1,3769.8,1400
2026-04-17T11:20:00+05:30,3768.6,3769.4,3765.4,3766.7,4375
2026-04-17T11:25:00+05:30,3768,3768,3763.4,3767.9,1925
2026-04-17T11:30:00+05:30,3765.6,3765.9,3763.8,3765.9,875
2026-04-17T11:35:00+05:30,3764.4,3767.5,3763.2,3764.6,2100
2026-04-17T11:40:00+05:30,3765.3,3768,3764.5,3767.1,1925
2026-04-17T11:45:00+05:30,3764.5,3768.5,3764.5,3764.8,2100
2026-04-17T11:50:00+05:30,3765.6,3768.7,3759.5,3763.5,4375
2026-04-17T11:55:00+05:30,3765.4,3765.4,3758.1,3758.1,2450
2026-04-17T12:00:00+05:30,3756.4,3757.8,3753.5,3756.7,4025
2026-04-17T12:05:00+05:30,3754.6,3757.4,3746.4,3757.4,4725
2026-04-17T12:10:00+05:30,3756.4,3756.5,3755.3,3756.5,875
2026-04-17T12:15:00+05:30,3756.5,3757.3,3753.9,3754,700
2026-04-17T12:20:00+05:30,3752.8,3755.9,3749.1,3751.9,2625
2026-04-17T12:25:00+05:30,3756.4,3758,3751,3751.1,3325
2026-04-17T12:30:00+05:30,3750,3750,3745,3748,3675
2026-04-17T12:35:00+05:30,3744.4,3744.4,3737.7,3737.7,4200
2026-04-17T12:40:00+05:30,3736.5,3737.8,3732.9,3736.2,6125
2026-04-17T12:45:00+05:30,3736.4,3742.2,3736,3739.3,7525
2026-04-17T12:50:00+05:30,3739.1,3746.2,3739.1,3744.9,4200
2026-04-17T12:55:00+05:30,3748.8,3748.8,3746.4,3747.4,1575
2026-04-17T13:00:00+05:30,3750,3750,3740.3,3742,5425
2026-04-17T13:05:00+05:30,3742.3,3746.5,3742.3,3746.4,1575
2026-04-17T13:10:00+05:30,3749.5,3749.5,3740.4,3740.4,3850
2026-04-17T13:15:00+05:30,3740.3,3740.3,3734.3,3734.3,2975
2026-04-17T13:20:00+05:30,3738,3741.8,3736.3,3738.5,3675
2026-04-17T13:25:00+05:30,3742.2,3748.5,3734.6,3744.8,6125
2026-04-17T13:30:00+05:30,3746.4,3752,3746.4,3749.1,3325
2026-04-17T13:35:00+05:30,3749.1,3749.1,3737.7,3741.4,3325
2026-04-17T13:40:00+05:30,3740.1,3745,3740.1,3744.1,2275
2026-04-17T13:45:00+05:30,3744,3748.2,3742.1,3745.7,1400
2026-04-17T13:50:00+05:30,3745.7,3745.7,3740.4,3742.8,2100
2026-04-17T13:55:00+05:30,3742.6,3742.6,3742.2,3742.2,700
2026-04-17T14:00:00+05:30,3744.7,3744.7,3738.6,3738.6,2800
2026-04-17T14:05:00+05:30,3741.2,3746.9,3741.2,3742.8,2450
2026-04-17T14:10:00+05:30,3747.1,3749.9,3746,3746.1,2800
2026-04-17T14:15:00+05:30,3748.2,3748.2,3744.3,3744.3,2450
2026-04-17T14:20:00+05:30,3745.8,3748.3,3744.5,3745.1,2100
2026-04-17T14:25:00+05:30,3744.1,3746.3,3740.1,3744.1,4725
2026-04-17T14:30:00+05:30,3741.2,3751.3,3740.6,3751.3,6475
2026-04-17T14:35:00+05:30,3749.9,3756.7,3749.9,3756.7,5950
2026-04-17T14:40:00+05:30,3754.8,3759.3,3754.8,3756.3,6300
2026-04-17T14:45:00+05:30,3758,3763.1,3756.9,3762.5,334600
2026-04-17T14:50:00+05:30,3762.5,3763,3759.6,3762.5,16625
2026-04-17T14:55:00+05:30,3762.5,3763,3756.9,3756.9,7350
2026-04-17T15:00:00+05:30,3755.8,3758.3,3745.1,3751.6,11025
2026-04-17T15:05:00+05:30,3751,3751,3742.8,3748.2,18900
2026-04-17T15:10:00+05:30,3744.4,3749.1,3741.7,3745.9,28525
2026-04-17T15:15:00+05:30,3745.7,3748.3,3741.9,3747.5,31325
2026-04-17T15:20:00+05:30,3746.4,3752.6,3742.1,3752,27300
2026-04-17T15:25:00+05:30,3748.7,3751.5,3747.6,3750.5,20300
2026-04-20T09:15:00+05:30,3746.6,3762.4,3725.7,3748.5,16975
2026-04-20T09:20:00+05:30,3753.8,3763.8,3753.8,3760,9100
2026-04-20T09:25:00+05:30,3768,3775.5,3760.9,3760.9,15925
2026-04-20T09:30:00+05:30,3762.5,3762.5,3746.7,3748.2,4900
2026-04-20T09:35:00+05:30,3748.2,3748.2,3722.6,3723.7,9100
2026-04-20T09:40:00+05:30,3723.7,3723.7,3708,3708.5,31675
2026-04-20T09:45:00+05:30,3709.5,3715,3704.5,3705.4,9275
2026-04-20T09:50:00+05:30,3707,3727.6,3704,3727.6,11725
2026-04-20T09:55:00+05:30,3726,3731.2,3718.6,3719.1,9275
2026-04-20T10:00:00+05:30,3720,3732.7,3720,3725.2,6475
2026-04-20T10:05:00+05:30,3728.9,3737.6,3726.5,3735.2,4375
2026-04-20T10:10:00+05:30,3735.3,3745,3730.8,3741.7,7350
2026-04-20T10:15:00+05:30,3741.6,3749.2,3738.9,3748.9,4200
2026-04-20T10:20:00+05:30,3748.9,3759.9,3743.1,3753.4,9450
2026-04-20T10:25:00+05:30,3754.5,3755.6,3752,3752.3,3850
2026-04-20T10:30:00+05:30,3752.3,3764.7,3752.3,3757.7,7000
2026-04-20T10:35:00+05:30,3755.5,3761.6,3752.7,3754,3500
2026-04-20T10:40:00+05:30,3758.5,3767.5,3758.5,3762.2,6825
2026-04-20T10:45:00+05:30,3762.1,3763.9,3757.1,3761.6,3150
2026-04-20T10:50:00+05:30,3765,3772,3763.4,3769.7,8575
2026-04-20T10:55:00+05:30,3770.7,3778,3766.6,3766.8,13300
2026-04-20T11:00:00+05:30,3769.9,3770.2,3765.1,3770,7000
2026-04-20T11:05:00+05:30,3767.9,3768.5,3760.2,3760.2,3325
2026-04-20T11:10:00+05:30,3758.8,3763.1,3753.8,3756.1,4200
2026-04-20T11:15:00+05:30,3755.8,3764.7,3755.8,3764.7,2450
2026-04-20T11:20:00+05:30,3764.6,3767.8,3760.9,3762.9,3850
2026-04-20T11:25:00+05:30,3761.5,3761.8,3759,3759.1,2625
2026-04-20T11:30:00+05:30,3759,3761.3,3758.1,3760,5425
2026-04-20T11:35:00+05:30,3761.6,3766.3,3761.6,3762.6,4025
2026-04-20T11:40:00+05:30,3764.2,3772,3762.4,3763.7,4725
2026-04-20T11:45:00+05:30,3766.3,3768.5,3763,3767.5,4550
2026-04-20T11:50:00+05:30,3765.5,3768.6,3761.8,3766.2,5600
2026-04-20T11:55:00+05:30,3768.6,3770,3763.3,3763.3,3850
2026-04-20T12:00:00+05:30,3763.4,3769.9,3762.8,3762.8,5075
2026-04-20T12:05:00+05:30,3763.2,3765.6,3761.2,3761.2,2975
2026-04-20T12:10:00+05:30,3761.7,3766.3,3758.1,3761.1,3500
2026-04-20T12:15:00+05:30,3761.4,3764.9,3761.4,3764.2,1925
2026-04-20T12:20:00+05:30,3765.3,3775,3764.2,3775,4900
2026-04-20T12:25:00+05:30,3775,3776.2,3771.9,3772.4,7175
2026-04-20T12:30:00+05:30,3774.6,3776.9,3772.7,3774.4,3325
2026-04-20T12:35:00+05:30,3775.7,3783.9,3775.7,3780.8,10850
2026-04-20T12:40:00+05:30,3784,3789.7,3782.9,3786.2,11550
2026-04-20T12:45:00+05:30,3788.4,3789,3786.2,3788.1,4375
2026-04-20T12:50:00+05:30,3788.1,3789.9,3778.9,3789.1,4725
2026-04-20T12:55:00+05:30,3786.7,3789.5,3783.4,3785.2,5600
2026-04-20T13:00:00+05:30,3787.4,3787.4,3770.4,3776.5,8225
2026-04-20T13:05:00+05:30,3775.7,3776.9,3771.8,3774.7,3500
2026-04-20T13:10:00+05:30,3774,3777.4,3768.3,3774,7875
2026-04-20T13:15:00+05:30,3774.2,3777.8,3772.5,3776,2625
2026-04-20T13:20:00+05:30,3774.3,3775.1,3772,3772,3325
2026-04-20T13:25:00+05:30,3771,3771,3763.9,3769.9,4025
2026-04-20T13:30:00+05:30,3770.6,3776.2,3770.6,3773.3,5425
2026-04-20T13:35:00+05:30,3773.4,3773.4,3771.1,3772,2625
2026-04-20T13:40:00+05:30,3772,3772,3769.3,3771,3675
2026-04-20T13:45:00+05:30,3772.3,3772.3,3762.4,3765.8,3325
2026-04-20T13:50:00+05:30,3765.8,3772.3,3765.2,3765.6,3500
2026-04-20T13:55:00+05:30,3767.7,3767.7,3763.5,3764.4,2275
2026-04-20T14:00:00+05:30,3764.4,3766.2,3760,3765.3,4025
2026-04-20T14:05:00+05:30,3760.9,3762.8,3758.2,3761.7,4200
2026-04-20T14:10:00+05:30,3762.1,3764.2,3759.9,3762.6,3850
2026-04-20T14:15:00+05:30,3761.5,3776.9,3761.5,3774.9,37275
2026-04-20T14:20:00+05:30,3774.9,3780.8,3770.6,3779.2,17150
2026-04-20T14:25:00+05:30,3779.3,3780.6,3773.4,3778.9,4025
2026-04-20T14:30:00+05:30,3780,3781.8,3777.4,3781.7,2625
2026-04-20T14:35:00+05:30,3780.3,3782,3775,3776.4,5775
2026-04-20T14:40:00+05:30,3775.2,3777.8,3775.1,3775.1,2625
2026-04-20T14:45:00+05:30,3775,3777.4,3771.9,3775.5,2450
2026-04-20T14:50:00+05:30,3777.7,3779.9,3776.2,3779.9,2450
2026-04-20T14:55:00+05:30,3780,3780.3,3777.4,3778.3,3675
2026-04-20T15:00:00+05:30,3779.1,3783,3777.5,3778.2,12600
2026-04-20T15:05:00+05:30,3779,3779,3773.7,3774.5,7175
2026-04-20T15:10:00+05:30,3774.1,3777.1,3774.1,3774.3,2800
2026-04-20T15:15:00+05:30,3775.2,3775.2,3760.6,3762,5600
2026-04-20T15:20:00+05:30,3762.9,3764.4,3761,3764.2,6650
2026-04-20T15:25:00+05:30,3761,3772,3757.6,3769.6,17325
2026-04-21T09:15:00+05:30,3802.5,3807.8,3785.7,3803.9,35875
2026-04-21T09:20:00+05:30,3804.3,3808,3785.1,3788.9,37275
2026-04-21T09:25:00+05:30,3785.1,3790.3,3782,3782.6,12250
2026-04-21T09:30:00+05:30,3781.4,3788,3779.5,3781.5,6825
2026-04-21T09:35:00+05:30,3786.1,3786.1,3778.4,3780,7525
2026-04-21T09:40:00+05:30,3780.7,3783.4,3777.1,3779,7700
2026-04-21T09:45:00+05:30,3781,3788.4,3779.5,3780,7875
2026-04-21T09:50:00+05:30,3778,3781.7,3772,3774,13300
2026-04-21T09:55:00+05:30,3775,3784,3775,3782,5075
2026-04-21T10:00:00+05:30,3782.3,3786.6,3780,3782.4,6475
2026-04-21T10:05:00+05:30,3781.6,3784.4,3778.7,3781.7,4725
2026-04-21T10:10:00+05:30,3782,3784.1,3780.2,3783.4,4375
2026-04-21T10:15:00+05:30,3783,3784.1,3780.2,3783,2275
2026-04-21T10:20:00+05:30,3780.3,3780.3,3771.6,3771.9,7000
2026-04-21T10:25:00+05:30,3771.9,3776.5,3770.8,3770.8,3150
2026-04-21T10:30:00+05:30,3771,3775,3770,3775,3325
2026-04-21T10:35:00+05:30,3774.9,3779,3771.8,3771.8,3325
2026-04-21T10:40:00+05:30,3771.9,3772.8,3769.2,3772.8,3675
2026-04-21T10:45:00+05:30,3771,3779.4,3771,3777.1,4025
2026-04-21T10:50:00+05:30,3776.1,3778.1,3774.7,3774.7,1750
2026-04-21T10:55:00+05:30,3775.3,3779,3775.3,3777.5,3150
2026-04-21T11:00:00+05:30,3777.9,3779.8,3777.9,3778.6,1925
2026-04-21T11:05:00+05:30,3778.6,3784,3778.6,3780.6,3150
2026-04-21T11:10:00+05:30,3782,3782.6,3777.5,3777.5,2100
2026-04-21T11:15:00+05:30,3777.5,3778.6,3774.1,3774.2,2450
2026-04-21T11:20:00+05:30,3778,3778,3771.1,3771.1,2100
2026-04-21T11:25:00+05:30,3770.5,3773.7,3769.5,3773.7,3150
2026-04-21T11:30:00+05:30,3770.5,3772.9,3770.5,3771.2,3325
2026-04-21T11:35:00+05:30,3770.5,3771.9,3770.5,3771.2,2100
2026-04-21T11:40:00+05:30,3770.7,3770.7,3768,3768,2975
2026-04-21T11:45:00+05:30,3768,3772.4,3768,3770.4,2975
2026-04-21T11:50:00+05:30,3770.4,3774,3770.1,3770.1,2975
2026-04-21T11:55:00+05:30,3772.1,3774.2,3770.7,3770.7,2800
2026-04-21T12:00:00+05:30,3771.7,3778.8,3771.7,3771.9,4550
2026-04-21T12:05:00+05:30,3771.6,3773.6,3770.7,3770.7,2100
2026-04-21T12:10:00+05:30,3770.5,3770.5,3762.2,3767.1,8050
2026-04-21T12:15:00+05:30,3767.1,3770.1,3767.1,3769,1925
2026-04-21T12:20:00+05:30,3770,3773.8,3769.3,3769.6,3500
2026-04-21T12:25:00+05:30,3769.9,3772.6,3768.9,3769.6,2625
2026-04-21T12:30:00+05:30,3769.6,3774,3769.6,3770,2275
2026-04-21T12:35:00+05:30,3768.3,3774.8,3768.3,3774.8,1050
2026-04-21T12:40:00+05:30,3775.8,3776.9,3774.4,3776.9,1400
2026-04-21T12:45:00+05:30,3776,3776,3774.4,3774.4,350
2026-04-21T12:50:00+05:30,3776,3776,3776,3776,175
2026-04-21T12:55:00+05:30,3777.2,3783.1,3775.5,3777.7,6825
2026-04-21T13:00:00+05:30,3777.7,3777.7,3774.1,3774.2,2625
2026-04-21T13:05:00+05:30,3774.2,3779.5,3774.2,3776.4,1050
2026-04-21T13:10:00+05:30,3776.4,3777,3775.3,3775.3,1225
2026-04-21T13:15:00+05:30,3775.3,3777.8,3773.3,3773.3,1925
2026-04-21T13:20:00+05:30,3773.3,3775.1,3772.2,3775.1,11375
2026-04-21T13:25:00+05:30,3775.1,3775.1,3771.9,3771.9,1750
2026-04-21T13:30:00+05:30,3771.9,3776,3771.9,3773.9,1750
2026-04-21T13:35:00+05:30,3773.9,3775,3772,3772,7175
2026-04-21T13:40:00+05:30,3772,3772,3768.4,3768.4,1925
2026-04-21T13:45:00+05:30,3768.4,3771.3,3768.4,3771.3,2275
2026-04-21T13:50:00+05:30,3771.3,3774.5,3771.3,3771.9,1575
2026-04-21T13:55:00+05:30,3771.9,3777,3771.9,3777,2100
2026-04-21T14:00:00+05:30,3777.1,3777.1,3771.5,3771.5,2450
2026-04-21T14:05:00+05:30,3771.6,3771.6,3769,3769,1575
2026-04-21T14:10:00+05:30,3770.7,3770.7,3768.9,3769.1,2100
2026-04-21T14:15:00+05:30,3768.5,3769.7,3768.4,3769.7,2275
2026-04-21T14:20:00+05:30,3772.2,3772.6,3770.1,3771.5,2625
2026-04-21T14:25:00+05:30,3771.7,3774.6,3771.5,3773.6,2100
2026-04-21T14:30:00+05:30,3773.6,3773.6,3770,3770,3850
2026-04-21T14:35:00+05:30,3769.9,3771,3768.8,3769.3,2450
2026-04-21T14:40:00+05:30,3771.2,3771.2,3762.9,3764,6475
2026-04-21T14:45:00+05:30,3764,3766.5,3763.3,3764.8,2800
2026-04-21T14:50:00+05:30,3764.8,3768.9,3764.8,3765.8,3675
2026-04-21T14:55:00+05:30,3763.6,3767.1,3763.5,3766.6,5775
2026-04-21T15:00:00+05:30,3766,3766,3757.8,3757.8,14350
2026-04-21T15:05:00+05:30,3761.6,3761.6,3755.5,3758,6125
2026-04-21T15:10:00+05:30,3757.5,3760,3756.9,3756.9,6125
2026-04-21T15:15:00+05:30,3759.5,3762.4,3757.4,3757.5,10150
2026-04-21T15:20:00+05:30,3758.3,3759.9,3756.3,3758,4375
2026-04-21T15:25:00+05:30,3759.1,3761.1,3756.6,3761.1,15050
2026-04-22T09:15:00+05:30,3751,3755,3730,3750.6,9975
2026-04-22T09:20:00+05:30,3749,3765.9,3745.4,3760.2,3150
2026-04-22T09:25:00+05:30,3760.1,3760.2,3750,3752.5,4550
2026-04-22T09:30:00+05:30,3752.5,3778.3,3752.5,3778.3,13300
2026-04-22T09:35:00+05:30,3779.2,3779.2,3762.6,3766.9,11900
2026-04-22T09:40:00+05:30,3766.9,3767.1,3760.5,3765.7,5950
2026-04-22T09:45:00+05:30,3764,3764.8,3752.3,3757,10150
2026-04-22T09:50:00+05:30,3756.5,3761.6,3754.1,3755.8,5425
2026-04-22T09:55:00+05:30,3755.2,3757.6,3750.4,3755.5,8575
2026-04-22T10:00:00+05:30,3752,3758.9,3750.2,3753.8,8050
2026-04-22T10:05:00+05:30,3752.1,3757.5,3747.1,3756,6650
2026-04-22T10:10:00+05:30,3756.5,3756.5,3748,3749.5,7350
2026-04-22T10:15:00+05:30,3753.5,3755.8,3748.9,3752.3,5775
2026-04-22T10:20:00+05:30,3751.2,3757.9,3750,3757.9,6125
2026-04-22T10:25:00+05:30,3757.6,3765.7,3752.6,3759.8,6825
2026-04-22T10:30:00+05:30,3759.8,3759.8,3736.1,3737,8750
2026-04-22T10:35:00+05:30,3737,3739.5,3735.5,3739.5,4025
2026-04-22T10:40:00+05:30,3735.1,3738,3735.1,3735.9,1575
2026-04-22T10:45:00+05:30,3726.5,3726.5,3722.4,3723,11900
2026-04-22T10:50:00+05:30,3721.8,3735.8,3721.8,3735.8,24150
2026-04-22T10:55:00+05:30,3732.3,3733.9,3727.4,3727.4,10675
2026-04-22T11:00:00+05:30,3727,3730,3722.1,3728.4,11025
2026-04-22T11:05:00+05:30,3725.8,3725.8,3717.7,3721,5950
2026-04-22T11:10:00+05:30,3721,3722,3718.7,3721,2625
2026-04-22T11:15:00+05:30,3721.1,3722.6,3719.1,3721.8,2800
2026-04-22T11:20:00+05:30,3718.5,3718.5,3717.4,3717.4,2625
2026-04-22T11:25:00+05:30,3717.6,3720,3717.4,3719.6,2800
2026-04-22T11:30:00+05:30,3719,3719,3714.2,3718,8575
2026-04-22T11:35:00+05:30,3716,3722.4,3715.1,3715.1,6125
2026-04-22T11:40:00+05:30,3715.1,3719.7,3715.1,3717.1,2800
2026-04-22T11:45:00+05:30,3717.4,3719.7,3715.6,3717.2,2450
2026-04-22T11:50:00+05:30,3717.2,3720.4,3717.2,3718,2625
2026-04-22T11:55:00+05:30,3717.5,3719.8,3715.5,3716.2,2450
2026-04-22T12:00:00+05:30,3716.2,3726,3716.1,3726,2450
2026-04-22T12:05:00+05:30,3723.6,3727.1,3721.1,3721.1,3850
2026-04-22T12:10:00+05:30,3722,3722,3716.5,3716.5,4025
2026-04-22T12:15:00+05:30,3716.5,3719.5,3715.2,3719.3,2975
2026-04-22T12:20:00+05:30,3715.9,3718.8,3715.9,3716,2450
2026-04-22T12:25:00+05:30,3715.5,3717,3712.1,3712.6,4375
2026-04-22T12:30:00+05:30,3710,3712.3,3705.9,3709.6,7525
2026-04-22T12:35:00+05:30,3709.6,3709.6,3704.1,3705.8,2625
2026-04-22T12:40:00+05:30,3705.8,3708,3705.3,3705.4,2625
2026-04-22T12:45:00+05:30,3707,3707,3700,3702.2,16625
2026-04-22T12:50:00+05:30,3702.5,3706,3701.3,3701.3,8225
2026-04-22T12:55:00+05:30,3700.8,3702,3696.6,3702,11200
2026-04-22T13:00:00+05:30,3701.3,3705.7,3700.7,3700.7,4725
2026-04-22T13:05:00+05:30,3702.1,3710.2,3702.1,3706.4,3325
2026-04-22T13:10:00+05:30,3708.5,3712.6,3707.7,3710,3675
2026-04-22T13:15:00+05:30,3707.2,3707.5,3702,3702,2800
2026-04-22T13:20:00+05:30,3702,3704.6,3701.3,3704.6,4550
2026-04-22T13:25:00+05:30,3706,3706,3700.7,3701.2,4900
2026-04-22T13:30:00+05:30,3702.4,3710,3702.4,3707.3,3325
2026-04-22T13:35:00+05:30,3707.3,3711.4,3705.5,3705.5,2800
2026-04-22T13:40:00+05:30,3705.5,3711.9,3705,3707.1,3675
2026-04-22T13:45:00+05:30,3707.1,3709.8,3705.2,3705.6,2800
2026-04-22T13:50:00+05:30,3706.5,3711.8,3706.5,3709.7,4375
2026-04-22T13:55:00+05:30,3709.1,3712.2,3709.1,3709.3,3150
2026-04-22T14:00:00+05:30,3709.6,3714,3703.5,3703.5,5075
2026-04-22T14:05:00+05:30,3703,3707.9,3702.4,3705,4900
2026-04-22T14:10:00+05:30,3705,3710.1,3705,3706.7,23975
2026-04-22T14:15:00+05:30,3706.7,3706.7,3700.2,3705.3,5775
2026-04-22T14:20:00+05:30,3705.3,3705.3,3700,3701.5,8225
2026-04-22T14:25:00+05:30,3702.2,3702.3,3698.9,3698.9,5600
2026-04-22T14:30:00+05:30,3695.2,3696.5,3689.6,3691.3,18375
2026-04-22T14:35:00+05:30,3690,3692.7,3688.4,3691.6,7350
2026-04-22T14:40:00+05:30,3691.8,3695,3690.1,3690.1,4200
2026-04-22T14:45:00+05:30,3690.1,3700.1,3690.1,3700.1,5600
2026-04-22T14:50:00+05:30,3697.4,3698.9,3692,3692,8050
2026-04-22T14:55:00+05:30,3690,3691.5,3687.7,3689,7000
2026-04-22T15:00:00+05:30,3684,3684,3671.1,3672,24675
2026-04-22T15:05:00+05:30,3670.2,3672.6,3657.1,3658.9,20300
2026-04-22T15:10:00+05:30,3659.8,3667.8,3656.3,3664.8,26250
2026-04-22T15:15:00+05:30,3664.8,3670.5,3664.8,3670.5,16100
2026-04-22T15:20:00+05:30,3667.8,3675.3,3665.6,3675,32550
2026-04-22T15:25:00+05:30,3676.1,3676.1,3663.6,3668.8,25200
2026-04-23T09:15:00+05:30,3624.2,3629.9,3581.5,3595.1,46725
2026-04-23T09:20:00+05:30,3600,3614.4,3597.4,3598.1,33950
2026-04-23T09:25:00+05:30,3598.1,3605.4,3594.1,3605.4,28175
2026-04-23T09:30:00+05:30,3603.3,3606.2,3576.1,3576.1,29750
2026-04-23T09:35:00+05:30,3577.8,3579.1,3563.2,3568.8,42000
2026-04-23T09:40:00+05:30,3568.8,3574.9,3565.1,3574.5,27650
2026-04-23T09:45:00+05:30,3574.5,3574.6,3563,3567.8,32550
2026-04-23T09:50:00+05:30,3563.8,3566.2,3555,3555.3,32550
2026-04-23T09:55:00+05:30,3555.3,3559.1,3545.1,3546,55125
2026-04-23T10:00:00+05:30,3546.5,3549.6,3540,3546,37800
2026-04-23T10:05:00+05:30,3546.9,3547,3536.9,3537.3,45500
2026-04-23T10:10:00+05:30,3537.3,3545.4,3525,3529.8,39725
2026-04-23T10:15:00+05:30,3529.8,3529.8,3512,3514.8,53200
2026-04-23T10:20:00+05:30,3513.2,3514.5,3505,3508,32375
2026-04-23T10:25:00+05:30,3508,3513.3,3496,3502.1,36400
2026-04-23T10:30:00+05:30,3502.1,3512.5,3496.1,3506.1,26775
2026-04-23T10:35:00+05:30,3508.3,3541.7,3502,3528.6,47775
2026-04-23T10:40:00+05:30,3525.3,3540.1,3522.6,3536.9,29750
2026-04-23T10:45:00+05:30,3536.9,3544,3533.5,3541.1,25550
2026-04-23T10:50:00+05:30,3542.9,3548,3538.5,3548,32200
2026-04-23T10:55:00+05:30,3548,3548,3531.8,3536,35700
2026-04-23T11:00:00+05:30,3536,3536.7,3530.7,3530.7,24500
2026-04-23T11:05:00+05:30,3530.7,3532.9,3525,3525,22925
2026-04-23T11:10:00+05:30,3525,3530.5,3524,3530,23975
2026-04-23T11:15:00+05:30,3530,3544.8,3527.3,3540.2,44450
2026-04-23T11:20:00+05:30,3540.2,3543,3537.1,3541.1,31325
2026-04-23T11:25:00+05:30,3539.7,3545,3532.9,3541.8,29400
2026-04-23T11:30:00+05:30,3541.8,3541.8,3533.5,3538,24500
2026-04-23T11:35:00+05:30,3538,3539.9,3531.1,3533,25200
2026-04-23T11:40:00+05:30,3533,3534.1,3526.3,3530.7,25900
2026-04-23T11:45:00+05:30,3530.7,3534.5,3524.1,3525.1,23275
2026-04-23T11:50:00+05:30,3525.1,3533.4,3525.1,3533.4,24325
2026-04-23T11:55:00+05:30,3533.4,3534.9,3527.2,3532.7,24325
2026-04-23T12:00:00+05:30,3528.7,3532.7,3525,3531,24850
2026-04-23T12:05:00+05:30,3531,3534.1,3526.1,3527.7,26075
2026-04-23T12:10:00+05:30,3527.7,3538.6,3527.6,3536.5,24675
2026-04-23T12:15:00+05:30,3533.4,3538.6,3530.9,3534.7,22225
2026-04-23T12:20:00+05:30,3534.7,3537.2,3531.6,3535.9,23275
2026-04-23T12:25:00+05:30,3535.9,3535.9,3527.8,3532.9,25375
2026-04-23T12:30:00+05:30,3534.7,3534.7,3522.6,3527.7,21875
2026-04-23T12:35:00+05:30,3527.7,3531.8,3522.9,3530.6,26775
2026-04-23T12:40:00+05:30,3530.6,3533.2,3512,3518,24325
2026-04-23T12:45:00+05:30,3518,3518,3507,3510.5,24150
2026-04-23T12:50:00+05:30,3510.5,3510.6,3501.9,3506,23100
2026-04-23T12:55:00+05:30,3506,3513.2,3503.2,3512.9,25025
2026-04-23T13:00:00+05:30,3512.9,3512.9,3504.5,3506.6,23800
2026-04-23T13:05:00+05:30,3506.6,3512.8,3504.5,3511.8,25900
2026-04-23T13:10:00+05:30,3511.8,3512.3,3505.8,3510.3,24850
2026-04-23T13:15:00+05:30,3510.3,3513.2,3504.5,3508.9,25900
2026-04-23T13:20:00+05:30,3508.9,3511.8,3506.7,3507.7,24150
2026-04-23T13:25:00+05:30,3509.4,3509.4,3504.3,3507.7,36400
2026-04-23T13:30:00+05:30,3504,3506,3494,3499.2,41825
2026-04-23T13:35:00+05:30,3499.2,3502.8,3495,3496,34825
2026-04-23T13:40:00+05:30,3496,3497.2,3493.2,3494,22050
2026-04-23T13:45:00+05:30,3494,3497.1,3492.4,3492.4,23625
2026-04-23T13:50:00+05:30,3494.9,3503.1,3493.2,3493.3,33425
2026-04-23T13:55:00+05:30,3493.3,3494.9,3490,3491.9,27125
2026-04-23T14:00:00+05:30,3491.9,3494.4,3489.8,3493.9,27650
2026-04-23T14:05:00+05:30,3493.9,3505,3486.8,3497.4,30975
2026-04-23T14:10:00+05:30,3497.4,3501,3495.8,3495.8,23100
2026-04-23T14:15:00+05:30,3496.1,3502.2,3496.1,3496.3,25900
2026-04-23T14:20:00+05:30,3496.3,3496.3,3485.1,3492.1,39725
2026-04-23T14:25:00+05:30,3492.1,3493.2,3486.2,3489.1,27650
2026-04-23T14:30:00+05:30,3489.1,3496.6,3488.5,3495,26775
2026-04-23T14:35:00+05:30,3495,3495,3490.6,3493.8,25550
2026-04-23T14:40:00+05:30,3490.7,3493.7,3486.3,3490.9,42350
2026-04-23T14:45:00+05:30,3492,3493.3,3488.8,3493.3,31675
2026-04-23T14:50:00+05:30,3496,3503.4,3496,3502.4,27475
2026-04-23T14:55:00+05:30,3502.4,3512,3502.4,3512,23975
2026-04-23T15:00:00+05:30,3510.1,3521,3504.6,3512.3,36925
2026-04-23T15:05:00+05:30,3513.2,3520,3510.3,3517.3,36400
2026-04-23T15:10:00+05:30,3517.3,3519.8,3506.9,3512.3,31325
2026-04-23T15:15:00+05:30,3509.8,3517.1,3508.2,3513.1,39900
2026-04-23T15:20:00+05:30,3513.1,3516.9,3510.7,3511,29225
2026-04-23T15:25:00+05:30,3510.6,3513.4,3510,3511.9,33775
2026-04-24T09:15:00+05:30,3511.4,3533.4,3491.3,3495.4,31500
2026-04-24T09:20:00+05:30,3495.4,3497.8,3482,3489.7,65625
2026-04-24T09:25:00+05:30,3489.7,3489.7,3476.1,3476.1,31150
2026-04-24T09:30:00+05:30,3476.1,3485,3462.8,3468.1,43750
2026-04-24T09:35:00+05:30,3468.1,3474.6,3467.5,3469.1,33250
2026-04-24T09:40:00+05:30,3469.1,3479,3468.8,3473.9,57575
2026-04-24T09:45:00+05:30,3473.9,3477.5,3467.4,3476.6,33425
2026-04-24T09:50:00+05:30,3478.5,3490,3478.5,3487.9,30975
2026-04-24T09:55:00+05:30,3487.9,3505,3485,3502.4,35875
2026-04-24T10:00:00+05:30,3502.4,3527.8,3502.4,3524.9,41300
2026-04-24T10:05:00+05:30,3523.7,3529.3,3516.3,3521.9,37800
2026-04-24T10:10:00+05:30,3521.9,3526.2,3519.6,3524.7,33075
2026-04-24T10:15:00+05:30,3518.9,3521.9,3511.8,3513.5,25550
2026-04-24T10:20:00+05:30,3513.5,3517.6,3512.3,3515.7,28875
2026-04-24T10:25:00+05:30,3515.7,3518.7,3505,3515.7,43575
2026-04-24T10:30:00+05:30,3515.7,3519,3515.7,3516.9,23625
2026-04-24T10:35:00+05:30,3517,3517,3513.9,3516.5,25550
2026-04-24T10:40:00+05:30,3516.5,3516.5,3514.2,3514.2,26250
2026-04-24T10:45:00+05:30,3514.2,3515.4,3502,3502,25725
2026-04-24T10:50:00+05:30,3502,3504.1,3498.8,3498.8,25725
2026-04-24T10:55:00+05:30,3498.8,3505.1,3495,3495,26775
2026-04-24T11:00:00+05:30,3495,3496.8,3491.6,3491.6,32025
2026-04-24T11:05:00+05:30,3491.6,3491.6,3478.9,3483,36400
2026-04-24T11:10:00+05:30,3483,3486.6,3479.7,3482.7,37450
2026-04-24T11:15:00+05:30,3482.7,3482.7,3472.6,3477.6,30625
2026-04-24T11:20:00+05:30,3477.6,3485,3477,3478.5,34475
2026-04-24T11:25:00+05:30,3478.5,3481.2,3476.6,3479.3,32725
2026-04-24T11:30:00+05:30,3480.1,3482.1,3475.9,3482,151725
2026-04-24T11:35:00+05:30,3481.8,3485.4,3480.6,3482.1,36050
2026-04-24T11:40:00+05:30,3482.1,3492.2,3482.1,3487.7,28175
2026-04-24T11:45:00+05:30,3487.7,3489.9,3483.1,3485.4,33075
2026-04-24T11:50:00+05:30,3485.4,3486.1,3477,3479.4,238000
2026-04-24T11:55:00+05:30,3479.4,3483.1,3475.3,3478.9,41650
2026-04-24T12:00:00+05:30,3478.9,3490.6,3474.8,3490.6,33425
2026-04-24T12:05:00+05:30,3490.6,3493.6,3486.1,3491.7,41300
2026-04-24T12:10:00+05:30,3491.8,3503.2,3491.8,3503,47425
2026-04-24T12:15:00+05:30,3503.7,3507.1,3500.4,3505.6,33425
2026-04-24T12:20:00+05:30,3505.6,3506.7,3498,3503.7,33950
2026-04-24T12:25:00+05:30,3503.7,3508.5,3496.5,3498.5,36750
2026-04-24T12:30:00+05:30,3498.5,3498.5,3486.2,3486.2,35350
2026-04-24T12:35:00+05:30,3486.2,3490.2,3484.9,3485.8,32200
2026-04-24T12:40:00+05:30,3485.8,3487.2,3478,3482,48825
2026-04-24T12:45:00+05:30,3482,3482.9,3474.4,3474.4,40250
2026-04-24T12:50:00+05:30,3474.4,3484.4,3472.2,3484.4,37100
2026-04-24T12:55:00+05:30,3484.4,3486.7,3474.6,3479.9,27650
2026-04-24T13:00:00+05:30,3479.9,3480.9,3469.8,3469.8,33425
2026-04-24T13:05:00+05:30,3469.8,3473.1,3467,3470,33250
2026-04-24T13:10:00+05:30,3470,3471.7,3464.6,3465.3,31500
2026-04-24T13:15:00+05:30,3465.1,3470.1,3464.4,3469.2,29750
2026-04-24T13:20:00+05:30,3469.2,3469.2,3460.4,3466.4,35175
2026-04-24T13:25:00+05:30,3466.4,3466.4,3462.2,3462.8,30100
2026-04-24T13:30:00+05:30,3462.8,3464.8,3460.3,3461.7,38675
2026-04-24T13:35:00+05:30,3461.7,3463.7,3454.2,3458.8,43225
2026-04-24T13:40:00+05:30,3458.8,3468.1,3456.7,3468.1,70875
2026-04-24T13:45:00+05:30,3468.1,3475.1,3467.7,3474.7,25900
2026-04-24T13:50:00+05:30,3474.7,3478.3,3474.7,3477.8,26250
2026-04-24T13:55:00+05:30,3477.8,3491,3477.8,3484,27825
2026-04-24T14:00:00+05:30,3484,3490.3,3484,3490,25900
2026-04-24T14:05:00+05:30,3490,3498,3488,3496.9,29925
2026-04-24T14:10:00+05:30,3496.9,3501.9,3496.9,3499,25900
2026-04-24T14:15:00+05:30,3495,3508.2,3495,3505,34125
2026-04-24T14:20:00+05:30,3505,3511.4,3505,3509.1,26425
2026-04-24T14:25:00+05:30,3509.1,3512.7,3507.7,3512.7,28700
2026-04-24T14:30:00+05:30,3512.7,3517,3505,3505,26075
2026-04-24T14:35:00+05:30,3505,3507.1,3499.6,3503.7,31675
2026-04-24T14:40:00+05:30,3503.7,3505.2,3499.7,3501.9,29050
2026-04-24T14:45:00+05:30,3501.9,3503.2,3498,3502.9,29575
2026-04-24T14:50:00+05:30,3502.9,3506,3499,3501.8,32900
2026-04-24T14:55:00+05:30,3501.8,3502,3499,3501.6,24675
2026-04-24T15:00:00+05:30,3499.8,3499.8,3487.3,3487.3,30800
2026-04-24T15:05:00+05:30,3487.3,3487.3,3480.4,3484.5,28350
2026-04-24T15:10:00+05:30,3484.5,3487.1,3480,3483.4,28350
2026-04-24T15:15:00+05:30,3483.4,3493.6,3483.4,3489.4,22575
2026-04-24T15:20:00+05:30,3492.8,3492.8,3482.1,3486.1,35700
2026-04-24T15:25:00+05:30,3486.1,3492,3483.9,3492,21350
2026-04-27T09:15:00+05:30,3500.1,3511.2,3497,3497,19075
2026-04-27T09:20:00+05:30,3501.5,3515,3501.4,3501.4,27825
2026-04-27T09:25:00+05:30,3506.8,3511.3,3499.8,3511.3,28350
2026-04-27T09:30:00+05:30,3511.3,3518.7,3502,3502,24850
2026-04-27T09:35:00+05:30,3502,3510.7,3502,3510.7,17500
2026-04-27T09:40:00+05:30,3510.7,3512.8,3505,3512.2,39550
2026-04-27T09:45:00+05:30,3512.2,3517,3509,3515,33425
2026-04-27T09:50:00+05:30,3515,3515,3503.8,3506.7,27475
2026-04-27T09:55:00+05:30,3506.7,3513,3506.6,3508.4,41475
2026-04-27T10:00:00+05:30,3508.4,3510.7,3503.8,3503.8,29400
2026-04-27T10:05:00+05:30,3503.8,3504.6,3498,3498,27825
2026-04-27T10:10:00+05:30,3498,3501.9,3492.6,3494.9,29575
2026-04-27T10:15:00+05:30,3498.9,3512,3496,3512,28000
2026-04-27T10:20:00+05:30,3512,3512,3501.1,3501.1,30975
2026-04-27T10:25:00+05:30,3501.1,3502,3498.5,3502,24500
2026-04-27T10:30:00+05:30,3502,3502.6,3490.2,3491.3,26775
2026-04-27T10:35:00+05:30,3491.3,3497,3490.2,3496,31150
2026-04-27T10:40:00+05:30,3496,3503.2,3495,3499.7,46025
2026-04-27T10:45:00+05:30,3499.7,3505,3497.4,3505,43575
2026-04-27T10:50:00+05:30,3505,3506,3502.8,3506,25200
2026-04-27T10:55:00+05:30,3506,3506,3503.5,3505.1,23450
2026-04-27T11:00:00+05:30,3505.1,3505.1,3501,3504.3,23625
2026-04-27T11:05:00+05:30,3504.3,3504.3,3493.9,3493.9,26250
2026-04-27T11:10:00+05:30,3493.9,3496.5,3491.1,3494,25375
2026-04-27T11:15:00+05:30,3494,3502,3494,3502,74200
2026-04-27T11:20:00+05:30,3502,3502,3488.5,3491.3,41125
2026-04-27T11:25:00+05:30,3491.4,3491.4,3486.1,3489.4,32550
2026-04-27T11:30:00+05:30,3489.4,3491,3488.1,3488.3,26600
2026-04-27T11:35:00+05:30,3488.3,3495.9,3488.3,3495.9,25025
2026-04-27T11:40:00+05:30,3495.9,3500.3,3490.1,3500.3,72100
2026-04-27T11:45:00+05:30,3500.3,3500.3,3491.8,3494.6,34825
2026-04-27T11:50:00+05:30,3494.6,3501.6,3491.7,3501.1,30625
2026-04-27T11:55:00+05:30,3503.4,3507.9,3499.9,3505.4,61425
2026-04-27T12:00:00+05:30,3505.4,3508,3502.4,3506,32375
2026-04-27T12:05:00+05:30,3506,3509.7,3506,3509.7,22400
2026-04-27T12:10:00+05:30,3509.7,3510.7,3507.4,3510.7,47250
2026-04-27T12:15:00+05:30,3506.3,3510.5,3504.7,3510.5,32200
2026-04-27T12:20:00+05:30,3510.5,3510.5,3506.6,3510.1,26425
2026-04-27T12:25:00+05:30,3510.1,3513.6,3502,3509.7,36400
2026-04-27T12:30:00+05:30,3510,3511.3,3504.5,3511.3,25025
2026-04-27T12:35:00+05:30,3511.3,3518.3,3508.2,3518.3,37100
2026-04-27T12:40:00+05:30,3518.3,3524,3515.6,3522.2,37275
2026-04-27T12:45:00+05:30,3522.2,3538,3515.3,3537.5,36925
2026-04-27T12:50:00+05:30,3537.5,3559.1,3537.1,3559,53200
2026-04-27T12:55:00+05:30,3559.1,3559.1,3543,3543,49350
2026-04-27T13:00:00+05:30,3543,3554,3543,3547.2,29225
2026-04-27T13:05:00+05:30,3547.2,3553,3545.8,3553,42350
2026-04-27T13:10:00+05:30,3553,3556.9,3552.8,3556.9,131250
2026-04-27T13:15:00+05:30,3556.9,3559.1,3552.7,3554.9,25375
2026-04-27T13:20:00+05:30,3554.9,3556,3546.4,3547.4,29050
2026-04-27T13:25:00+05:30,3547,3551.9,3546,3549.9,34300
2026-04-27T13:30:00+05:30,3549.9,3551.6,3538.8,3540.9,29925
2026-04-27T13:35:00+05:30,3540.9,3546.3,3540.9,3545.1,25900
2026-04-27T13:40:00+05:30,3545.1,3545.1,3540.7,3543.1,29575
2026-04-27T13:45:00+05:30,3543.1,3545.8,3543.1,3544.4,33600
2026-04-27T13:50:00+05:30,3544.4,3545.6,3543.6,3544.3,21000
2026-04-27T13:55:00+05:30,3544.3,3549.4,3544.3,3549.4,32375
2026-04-27T14:00:00+05:30,3549.4,3549.4,3548.6,3548.6,22925
2026-04-27T14:05:00+05:30,3548.6,3551.1,3547.8,3551,31675
2026-04-27T14:10:00+05:30,3551,3553,3550.6,3551.5,18375
2026-04-27T14:15:00+05:30,3551.5,3554.7,3550.6,3550.6,30100
2026-04-27T14:20:00+05:30,3550.6,3552.7,3547.8,3549.7,23625
2026-04-27T14:25:00+05:30,3549.7,3558.9,3548.6,3558.9,32200
2026-04-27T14:30:00+05:30,3559,3559,3541.5,3545.4,37975
2026-04-27T14:35:00+05:30,3545.4,3552.8,3539.4,3550.5,31325
2026-04-27T14:40:00+05:30,3550.1,3555.5,3542.9,3554.2,48125
2026-04-27T14:45:00+05:30,3554.2,3562.9,3554.2,3555.6,36400
2026-04-27T14:50:00+05:30,3555.6,3558.8,3552.9,3552.9,121100
2026-04-27T14:55:00+05:30,3552.9,3557.6,3552,3557.6,33075
2026-04-27T15:00:00+05:30,3557.6,3558.9,3552.6,3554,42700
2026-04-27T15:05:00+05:30,3554,3554.7,3549.7,3550.8,36925
2026-04-27T15:10:00+05:30,3550.8,3558.5,3550.3,3552,39025
2026-04-27T15:15:00+05:30,3552,3557,3550.8,3554,59500
2026-04-27T15:20:00+05:30,3554.5,3557.2,3549.8,3554.3,32550
2026-04-27T15:25:00+05:30,3550.3,3556,3546.4,3556,27475
2026-04-28T09:15:00+05:30,3559.9,3570,3546.2,3558.7,21000
2026-04-28T09:20:00+05:30,3563,3567,3554,3555,17850
2026-04-28T09:25:00+05:30,3554.4,3566,3554,3556.8,20125
2026-04-28T09:30:00+05:30,3556.8,3564.8,3550.6,3550.6,28875
2026-04-28T09:35:00+05:30,3550,3565.1,3545.4,3565.1,43225
2026-04-28T09:40:00+05:30,3561,3579.7,3561,3566.2,28175
2026-04-28T09:45:00+05:30,3564.3,3576.2,3562.9,3567.4,41475
2026-04-28T09:50:00+05:30,3567.4,3573.1,3563.4,3570.9,61775
2026-04-28T09:55:00+05:30,3570.9,3575,3564.1,3565,78225
2026-04-28T10:00:00+05:30,3567,3574,3564.5,3568,11550
2026-04-28T10:05:00+05:30,3568.1,3572.4,3566.9,3569.8,14700
2026-04-28T10:10:00+05:30,3570.5,3570.5,3569.8,3569.8,2100
2026-04-28T10:15:00+05:30,3568.6,3576,3564,3575,17325
2026-04-28T10:20:00+05:30,3573.5,3573.7,3565.7,3571.9,5600
2026-04-28T10:25:00+05:30,3571.9,3571.9,3565.3,3566,14000
2026-04-28T10:30:00+05:30,3568.8,3568.8,3550,3550.9,16450
2026-04-28T10:35:00+05:30,3548,3548.2,3540,3540,11725
2026-04-28T10:40:00+05:30,3538.3,3544.8,3534.1,3543.5,11375
2026-04-28T10:45:00+05:30,3543.5,3546.5,3540.4,3543.5,17675
2026-04-28T10:50:00+05:30,3543.5,3546.1,3543.5,3544.6,5600
2026-04-28T10:55:00+05:30,3544.6,3545.1,3540.6,3542.8,12950
2026-04-28T11:00:00+05:30,3541.5,3544.9,3539.4,3544.5,28700
2026-04-28T11:05:00+05:30,3544.5,3545.5,3540.1,3541.6,21525
2026-04-28T11:10:00+05:30,3541.6,3543.2,3540,3542,36050
2026-04-28T11:15:00+05:30,3541,3542.3,3530.3,3538.3,16100
2026-04-28T11:20:00+05:30,3533.8,3537.6,3528.7,3530,17325
2026-04-28T11:25:00+05:30,3530,3530,3518.8,3523.2,36225
2026-04-28T11:30:00+05:30,3522.5,3526,3518.5,3518.9,13300
2026-04-28T11:35:00+05:30,3515.3,3524.1,3515.3,3523.6,8575
2026-04-28T11:40:00+05:30,3523.1,3523.3,3516.1,3518,49700
2026-04-28T11:45:00+05:30,3521.8,3526.5,3519.9,3524.6,13650
2026-04-28T11:50:00+05:30,3525,3527.1,3520.4,3524,15050
2026-04-28T11:55:00+05:30,3524.1,3524.9,3515.9,3515.9,11025
2026-04-28T12:00:00+05:30,3518.9,3518.9,3509,3514.6,22225
2026-04-28T12:05:00+05:30,3515.5,3516.5,3512.1,3516.5,14175
2026-04-28T12:10:00+05:30,3516.5,3516.5,3510,3510.9,14175
2026-04-28T12:15:00+05:30,3512.3,3516.2,3505,3508.7,13125
2026-04-28T12:20:00+05:30,3505.7,3510.3,3505,3508.4,11200
2026-04-28T12:25:00+05:30,3513.1,3518.2,3511.9,3518.2,116200
2026-04-28T12:30:00+05:30,3518.2,3520,3511.5,3518.2,52850
2026-04-28T12:35:00+05:30,3518.9,3520.1,3512.8,3512.9,20650
2026-04-28T12:40:00+05:30,3512.9,3519.1,3511.3,3513.2,71925
2026-04-28T12:45:00+05:30,3512.3,3515.9,3511.1,3514.3,28000
2026-04-28T12:50:00+05:30,3512.8,3519.4,3512.8,3517.6,18550
2026-04-28T12:55:00+05:30,3517.6,3519.5,3512.7,3515.6,27300
2026-04-28T13:00:00+05:30,3512.9,3517.1,3511.7,3516.4,16100
2026-04-28T13:05:00+05:30,3515.8,3516.5,3513.6,3513.6,24500
2026-04-28T13:10:00+05:30,3515.8,3517.9,3515.3,3517.7,23450
2026-04-28T13:15:00+05:30,3515.4,3520.9,3515.4,3519.3,18375
2026-04-28T13:20:00+05:30,3519.3,3520.6,3517.8,3520.4,13650
2026-04-28T13:25:00+05:30,3520.4,3522.6,3518.2,3518.6,16975
2026-04-28T13:30:00+05:30,3518.6,3520.1,3513.3,3517,19775
2026-04-28T13:35:00+05:30,3513.2,3519.5,3511.9,3515.5,7875
2026-04-28T13:40:00+05:30,3516.9,3519.9,3514.1,3517.1,12425
2026-04-28T13:45:00+05:30,3517.1,3518.2,3513.6,3516.2,17325
2026-04-28T13:50:00+05:30,3516.2,3522.2,3515.9,3520.5,12600
2026-04-28T13:55:00+05:30,3519.6,3524,3518.6,3522.9,25550
2026-04-28T14:00:00+05:30,3522.6,3522.7,3519,3520,35875
2026-04-28T14:05:00+05:30,3520,3522,3518.1,3521.8,10500
2026-04-28T14:10:00+05:30,3521.9,3524.9,3520.1,3522.5,9275
2026-04-28T14:15:00+05:30,3522.1,3530,3521.2,3527.8,30275
2026-04-28T14:20:00+05:30,3526.7,3532.6,3526.2,3528,16800
2026-04-28T14:25:00+05:30,3530.6,3530.8,3525.2,3525.2,11900
2026-04-28T14:30:00+05:30,3528.8,3538.6,3528.8,3531.8,23800
2026-04-28T14:35:00+05:30,3532,3538.3,3532,3532.7,22225
2026-04-28T14:40:00+05:30,3534,3534,3521.9,3527.1,48475
2026-04-28T14:45:00+05:30,3525,3525.5,3515.1,3517.9,11550
2026-04-28T14:50:00+05:30,3518.8,3523,3515,3519.5,19075
2026-04-28T14:55:00+05:30,3519.5,3532,3517.8,3528.6,9975
2026-04-28T15:00:00+05:30,3530.8,3532,3517.8,3519.7,16275
2026-04-28T15:05:00+05:30,3516,3518.5,3512,3513.5,16275
2026-04-28T15:10:00+05:30,3513.6,3516.2,3512.1,3515.7,19250
2026-04-28T15:15:00+05:30,3516.1,3518.1,3513,3513,13300
2026-04-28T15:20:00+05:30,3512.2,3512.3,3509,3509.8,11375
2026-04-28T15:25:00+05:30,3511.1,3517.5,3511.1,3514.9,17675
2026-04-29T09:15:00+05:30,3544.5,3574.1,3529.7,3556.8,29575
2026-04-29T09:20:00+05:30,3564,3576,3563.2,3575,59150
2026-04-29T09:25:00+05:30,3575,3586.5,3570,3583.6,71225
2026-04-29T09:30:00+05:30,3583.7,3599,3576.2,3582,38150
2026-04-29T09:35:00+05:30,3581.9,3583.1,3571,3574.2,19075
2026-04-29T09:40:00+05:30,3576.9,3584.3,3574.2,3583,8225
2026-04-29T09:45:00+05:30,3585,3596,3585,3596,17675
2026-04-29T09:50:00+05:30,3597,3623,3596.6,3619.7,60025
2026-04-29T09:55:00+05:30,3618.2,3623,3599.8,3601.7,28000
2026-04-29T10:00:00+05:30,3601.9,3609,3594.2,3595.1,32900
2026-04-29T10:05:00+05:30,3591.8,3598.6,3590.9,3593.8,12250
2026-04-29T10:10:00+05:30,3591.4,3594.8,3586.2,3593.5,14175
2026-04-29T10:15:00+05:30,3593.2,3602,3593.2,3597.6,14700
2026-04-29T10:20:00+05:30,3598,3604.8,3595.2,3604,10850
2026-04-29T10:25:00+05:30,3603.9,3604.5,3598.4,3598.4,13125
2026-04-29T10:30:00+05:30,3599.5,3599.5,3594.1,3597,9800
2026-04-29T10:35:00+05:30,3597,3598,3583.7,3593.9,13825
2026-04-29T10:40:00+05:30,3594,3594.1,3590.8,3593.2,5250
2026-04-29T10:45:00+05:30,3589.6,3590.7,3584.7,3588.4,7350
2026-04-29T10:50:00+05:30,3588.8,3594.5,3586.3,3594.5,3850
2026-04-29T10:55:00+05:30,3595.9,3599.9,3593,3597.2,9800
2026-04-29T11:00:00+05:30,3595.2,3597.8,3590.8,3595,8050
2026-04-29T11:05:00+05:30,3594.6,3598.9,3594.2,3597.7,11200
2026-04-29T11:10:00+05:30,3597.6,3597.6,3593,3593.8,4200
2026-04-29T11:15:00+05:30,3596.5,3596.5,3588.8,3588.8,8225
2026-04-29T11:20:00+05:30,3588.8,3590.8,3583.7,3584,5075
2026-04-29T11:25:00+05:30,3586.9,3591.2,3583.9,3583.9,5075
2026-04-29T11:30:00+05:30,3583,3591.3,3582,3591.3,4025
2026-04-29T11:35:00+05:30,3592.9,3592.9,3585,3588.3,7875
2026-04-29T11:40:00+05:30,3591,3598.9,3588.5,3594.6,8050
2026-04-29T11:45:00+05:30,3592,3594.8,3591.1,3591.1,5250
2026-04-29T11:50:00+05:30,3591.6,3597.5,3583.5,3589.9,14175
2026-04-29T11:55:00+05:30,3593.6,3595.4,3593,3593,2450
2026-04-29T12:00:00+05:30,3593,3598.6,3593,3598.6,3850
2026-04-29T12:05:00+05:30,3598.7,3602.9,3598.3,3602.2,8225
2026-04-29T12:10:00+05:30,3602.2,3607.9,3602.2,3607.4,7700
2026-04-29T12:15:00+05:30,3607.9,3611.3,3607,3608,11375
2026-04-29T12:20:00+05:30,3608,3614.6,3605,3608.8,11550
2026-04-29T12:25:00+05:30,3608.7,3609.9,3607.6,3609.9,4550
2026-04-29T12:30:00+05:30,3609.8,3614.6,3608.1,3614.4,4550
2026-04-29T12:35:00+05:30,3612.3,3613.1,3605.6,3608.7,4900
2026-04-29T12:40:00+05:30,3609.4,3622.3,3609.4,3621.5,17850
2026-04-29T12:45:00+05:30,3621.2,3621.2,3616.4,3620.9,12775
2026-04-29T12:50:00+05:30,3619.6,3620.5,3618,3620.5,3325
2026-04-29T12:55:00+05:30,3620.6,3623.3,3611.5,3614.4,12075
2026-04-29T13:00:00+05:30,3612.9,3613.1,3605.8,3610.2,5425
2026-04-29T13:05:00+05:30,3607.4,3612.2,3607.4,3611.8,2800
2026-04-29T13:10:00+05:30,3612,3612.6,3610,3610,3850
2026-04-29T13:15:00+05:30,3608.6,3608.6,3594.1,3594.1,9450
2026-04-29T13:20:00+05:30,3597.9,3597.9,3592.9,3593,4550
2026-04-29T13:25:00+05:30,3593,3601.6,3591.7,3597.6,24325
2026-04-29T13:30:00+05:30,3596.8,3598.2,3594.6,3594.6,5600
2026-04-29T13:35:00+05:30,3592.1,3593.7,3587.8,3589.3,9975
2026-04-29T13:40:00+05:30,3589.3,3589.3,3581,3585.2,6125
2026-04-29T13:45:00+05:30,3584.9,3586.8,3580.1,3586.8,8050
2026-04-29T13:50:00+05:30,3587.7,3595.7,3585.8,3592.7,6650
2026-04-29T13:55:00+05:30,3593.2,3596,3587,3588.1,3675
2026-04-29T14:00:00+05:30,3585.7,3586.7,3573.8,3574.8,12075
2026-04-29T14:05:00+05:30,3575.7,3581.3,3575.7,3579.6,5075
2026-04-29T14:10:00+05:30,3579.6,3584.5,3579.5,3582.8,6650
2026-04-29T14:15:00+05:30,3584.5,3584.5,3577.9,3577.9,5775
2026-04-29T14:20:00+05:30,3576.6,3586.2,3576.6,3586.2,4375
2026-04-29T14:25:00+05:30,3586,3586,3575,3575,7700
2026-04-29T14:30:00+05:30,3574,3574,3569,3571.6,7175
2026-04-29T14:35:00+05:30,3571.4,3574,3567.7,3574,6125
2026-04-29T14:40:00+05:30,3573.1,3584,3573.1,3584,11025
2026-04-29T14:45:00+05:30,3581.6,3583.4,3575.6,3579.9,8750
2026-04-29T14:50:00+05:30,3580,3580.6,3577.7,3578.4,7700
2026-04-29T14:55:00+05:30,3578.5,3578.9,3570,3570,9975
2026-04-29T15:00:00+05:30,3570,3581.4,3570,3578.7,12425
2026-04-29T15:05:00+05:30,3578.8,3582,3578,3581.9,8050
2026-04-29T15:10:00+05:30,3581.9,3581.9,3573.8,3573.9,13475
2026-04-29T15:15:00+05:30,3572.7,3574.5,3570.5,3570.6,14175
2026-04-29T15:20:00+05:30,3569.6,3575.9,3568.7,3575.8,18200
2026-04-29T15:25:00+05:30,3575.2,3575.2,3569.8,3574,16800
2026-04-30T09:15:00+05:30,3508.5,3513.4,3480.5,3489.1,37800
2026-04-30T09:20:00+05:30,3489.2,3489.2,3461.4,3466.3,34125
2026-04-30T09:25:00+05:30,3461.1,3468.2,3460,3467.4,22575
2026-04-30T09:30:00+05:30,3464.3,3475.8,3462,3468.3,19425
2026-04-30T09:35:00+05:30,3469.8,3471,3446.5,3450.2,38675
2026-04-30T09:40:00+05:30,3452.9,3466.2,3449.1,3465,14525
2026-04-30T09:45:00+05:30,3465,3465,3454.1,3454.6,11725
2026-04-30T09:50:00+05:30,3460.2,3460.6,3438.8,3443,40600
2026-04-30T09:55:00+05:30,3441.1,3445,3430,3435.9,101675
2026-04-30T10:00:00+05:30,3436.2,3436.2,3422,3422.3,26425
2026-04-30T10:05:00+05:30,3423.8,3430,3421,3429,21525
2026-04-30T10:10:00+05:30,3428.3,3432.4,3426.9,3429.2,12600
2026-04-30T10:15:00+05:30,3426.9,3441.4,3426.9,3437.6,29750
2026-04-30T10:20:00+05:30,3436.5,3440.4,3433.5,3437.9,9450
2026-04-30T10:25:00+05:30,3434.9,3441,3430.8,3430.8,37275
2026-04-30T10:30:00+05:30,3430.8,3442.5,3430.8,3432.6,9275
2026-04-30T10:35:00+05:30,3436.9,3461.1,3434.1,3460,13475
2026-04-30T10:40:00+05:30,3462,3464.8,3449.1,3451.2,57400
2026-04-30T10:45:00+05:30,3449,3455,3443.3,3446.5,10675
2026-04-30T10:50:00+05:30,3447.7,3453.3,3442.2,3449,9625
2026-04-30T10:55:00+05:30,3448.6,3450.2,3445.6,3450.2,3325
2026-04-30T11:00:00+05:30,3449,3454,3447.2,3447.2,5250
2026-04-30T11:05:00+05:30,3446.9,3450.9,3445.9,3448.2,4200
2026-04-30T11:10:00+05:30,3446.7,3446.7,3436.3,3438,5250
2026-04-30T11:15:00+05:30,3440.2,3449.6,3435.2,3444.7,4550
2026-04-30T11:20:00+05:30,3440.6,3444.4,3437.8,3439.4,5075
2026-04-30T11:25:00+05:30,3437,3445.1,3435.3,3441.1,7350
2026-04-30T11:30:00+05:30,3439.7,3450.2,3439.7,3450.2,6475
2026-04-30T11:35:00+05:30,3451.1,3458,3449.6,3457.8,6825
2026-04-30T11:40:00+05:30,3453.6,3458.1,3453.6,3454.8,6125
2026-04-30T11:45:00+05:30,3453.3,3455.4,3444.6,3450.8,9275
2026-04-30T11:50:00+05:30,3450.6,3453.3,3450.6,3451.9,2625
2026-04-30T11:55:00+05:30,3450.8,3455,3447.4,3455,16800
2026-04-30T12:00:00+05:30,3454.8,3458.9,3451.4,3455.3,4725
2026-04-30T12:05:00+05:30,3458.7,3465,3457,3460,9975
2026-04-30T12:10:00+05:30,3460.1,3462,3454.5,3455,3325
2026-04-30T12:15:00+05:30,3454.1,3456.8,3454.1,3456,12425
2026-04-30T12:20:00+05:30,3456,3461.4,3454.5,3461.4,5075
2026-04-30T12:25:00+05:30,3461.4,3465.7,3460,3464.7,5600
2026-04-30T12:30:00+05:30,3462,3464.7,3461.2,3461.3,3325
2026-04-30T12:35:00+05:30,3463.1,3463.1,3460.7,3462.6,1575
2026-04-30T12:40:00+05:30,3462.6,3463,3461.6,3462.6,1925
2026-04-30T12:45:00+05:30,3462.1,3470,3460.1,3470,6300
2026-04-30T12:50:00+05:30,3470,3478.9,3468.6,3473.8,14000
2026-04-30T12:55:00+05:30,3472.1,3473.1,3469.1,3471,3850
2026-04-30T13:00:00+05:30,3469,3471.8,3467.1,3467.3,2625
2026-04-30T13:05:00+05:30,3469,3470.8,3466,3468.7,2275
2026-04-30T13:10:00+05:30,3470.2,3473.2,3469.4,3470.5,2625
2026-04-30T13:15:00+05:30,3469.5,3469.5,3464.4,3464.4,3150
2026-04-30T13:20:00+05:30,3465.7,3470,3465.7,3468.9,1575
2026-04-30T13:25:00+05:30,3469.8,3471.4,3466.7,3468.9,4200
2026-04-30T13:30:00+05:30,3470.8,3476,3469.3,3476,3325
2026-04-30T13:35:00+05:30,3478,3483.1,3475.1,3476.5,7875
2026-04-30T13:40:00+05:30,3476,3483.8,3476,3477.8,22400
2026-04-30T13:45:00+05:30,3476.5,3481.4,3476.5,3481,5775
2026-04-30T13:50:00+05:30,3482,3483.9,3476,3483.9,6125
2026-04-30T13:55:00+05:30,3485,3487.7,3482.9,3485.2,10675
2026-04-30T14:00:00+05:30,3485.2,3486.5,3472.4,3474.5,20650
2026-04-30T14:05:00+05:30,3470.4,3477.2,3468.7,3475.5,5425
2026-04-30T14:10:00+05:30,3479.9,3483.6,3477,3478.4,4725
2026-04-30T14:15:00+05:30,3479.5,3480.8,3470.8,3475,8225
2026-04-30T14:20:00+05:30,3475,3477.8,3471.2,3477.8,5075
2026-04-30T14:25:00+05:30,3479,3479.1,3475,3476.7,2975
2026-04-30T14:30:00+05:30,3479.2,3496,3479.2,3496,11200
2026-04-30T14:35:00+05:30,3496,3502.1,3494.3,3494.3,14350
2026-04-30T14:40:00+05:30,3492.1,3506.2,3492.1,3501.6,20650
2026-04-30T14:45:00+05:30,3504.3,3505.6,3498.7,3500,5425
2026-04-30T14:50:00+05:30,3502.5,3509.9,3495.6,3506.2,21700
2026-04-30T14:55:00+05:30,3509.8,3532.3,3507.9,3520.7,80325
2026-04-30T15:00:00+05:30,3520.5,3528.9,3505.9,3505.9,124425
2026-04-30T15:05:00+05:30,3508.1,3511.4,3503.2,3508.7,15750
2026-04-30T15:10:00+05:30,3513.3,3513.5,3505,3510.1,15225
2026-04-30T15:15:00+05:30,3510,3510.2,3503.3,3503.3,15225
2026-04-30T15:20:00+05:30,3503,3508.9,3500,3505.5,15225
2026-04-30T15:25:00+05:30,3505.4,3509.6,3504.2,3509.6,17850
2026-05-04T09:15:00+05:30,3388.9,3470,3388.9,3464,152775
2026-05-04T09:20:00+05:30,3465,3507.9,3465,3506.1,64575
2026-05-04T09:25:00+05:30,3506.7,3528.9,3504.1,3528.5,43050
2026-05-04T09:30:00+05:30,3527,3537.5,3506.3,3537,63700
2026-05-04T09:35:00+05:30,3532.6,3543.4,3531.5,3536.3,40600
2026-05-04T09:40:00+05:30,3540,3543.4,3535.4,3541,14700
2026-05-04T09:45:00+05:30,3539.5,3541.3,3533.4,3536,15575
2026-05-04T09:50:00+05:30,3536.1,3540,3527.3,3527.3,12250
2026-05-04T09:55:00+05:30,3526.8,3544.8,3521,3544.7,31325
2026-05-04T10:00:00+05:30,3548,3548,3527,3538.6,19425
2026-05-04T10:05:00+05:30,3539,3543.8,3524.6,3529.8,11725
2026-05-04T10:10:00+05:30,3529.5,3535.9,3525.7,3535,9450
2026-05-04T10:15:00+05:30,3531.4,3538.9,3531,3536.9,12075
2026-05-04T10:20:00+05:30,3533.8,3539.9,3528.8,3531.4,22575
2026-05-04T10:25:00+05:30,3526.5,3537.6,3526,3537.6,24850
2026-05-04T10:30:00+05:30,3534.9,3539,3526.4,3532.4,9100
2026-05-04T10:35:00+05:30,3529.2,3535.5,3528.6,3529.8,6300
2026-05-04T10:40:00+05:30,3529.6,3536.8,3529.6,3533.3,4025
2026-05-04T10:45:00+05:30,3533.2,3536.1,3530.1,3534.6,4375
2026-05-04T10:50:00+05:30,3534.4,3539.8,3533.1,3537.1,5250
2026-05-04T10:55:00+05:30,3534,3539.9,3533.7,3534,3850
2026-05-04T11:00:00+05:30,3534,3537.2,3529.2,3535.5,7875
2026-05-04T11:05:00+05:30,3532.8,3539.4,3530.6,3537.4,4375
2026-05-04T11:10:00+05:30,3537.3,3540.8,3537.3,3537.8,5425
2026-05-04T11:15:00+05:30,3542.4,3549.1,3541.6,3547,13125
2026-05-04T11:20:00+05:30,3549.6,3550,3542.1,3542.2,11550
2026-05-04T11:25:00+05:30,3538.9,3538.9,3529,3529,7175
2026-05-04T11:30:00+05:30,3532.9,3535.7,3530.2,3532.6,3675
2026-05-04T11:35:00+05:30,3531.1,3531.8,3528.4,3528.6,4900
2026-05-04T11:40:00+05:30,3526.2,3528,3517.6,3528,9100
2026-05-04T11:45:00+05:30,3529,3533.3,3526.1,3526.1,5250
2026-05-04T11:50:00+05:30,3526.2,3532,3521.1,3530.2,6125
2026-05-04T11:55:00+05:30,3536,3540,3532.6,3532.9,7000
2026-05-04T12:00:00+05:30,3534.3,3534.3,3526.8,3534,8400
2026-05-04T12:05:00+05:30,3531.4,3532.9,3492.6,3502.4,46375
2026-05-04T12:10:00+05:30,3497.6,3504.3,3474.6,3479.8,22925
2026-05-04T12:15:00+05:30,3476.9,3481.2,3472,3481.2,15575
2026-05-04T12:20:00+05:30,3484.2,3485.8,3470.1,3470.1,14000
2026-05-04T12:25:00+05:30,3473.2,3488.6,3472.8,3484.9,5775
2026-05-04T12:30:00+05:30,3485.4,3492.1,3484.6,3484.6,8400
2026-05-04T12:35:00+05:30,3483.6,3486.1,3475,3479.3,32200
2026-05-04T12:40:00+05:30,3479.5,3484.7,3472.5,3472.5,8575
2026-05-04T12:45:00+05:30,3475.7,3481.4,3468,3470,22400
2026-05-04T12:50:00+05:30,3468.9,3474.9,3465.1,3467.6,26775
2026-05-04T12:55:00+05:30,3467.7,3475,3467.3,3473.2,8925
2026-05-04T13:00:00+05:30,3473.1,3478.8,3469,3478.8,14000
2026-05-04T13:05:00+05:30,3476,3477.4,3460.1,3462.5,27300
2026-05-04T13:10:00+05:30,3462.5,3472.6,3460.5,3472.6,17675
2026-05-04T13:15:00+05:30,3468.4,3478.2,3467.2,3474.3,9450
2026-05-04T13:20:00+05:30,3472,3474.8,3465.2,3469.5,7350
2026-05-04T13:25:00+05:30,3469.4,3472.2,3460.1,3460.3,7000
2026-05-04T13:30:00+05:30,3460.9,3463.5,3453.5,3456.1,17675
2026-05-04T13:35:00+05:30,3455.9,3462.8,3450,3461.8,13475
2026-05-04T13:40:00+05:30,3459.3,3478.8,3459.3,3471.1,23975
2026-05-04T13:45:00+05:30,3471.1,3478.3,3470,3475.9,4900
2026-05-04T13:50:00+05:30,3476.4,3490,3476.1,3478,19075
2026-05-04T13:55:00+05:30,3480,3490.3,3478.4,3478.4,18375
2026-05-04T14:00:00+05:30,3479.4,3487.2,3479.4,3482.8,4025
2026-05-04T14:05:00+05:30,3484,3485,3481.1,3483.8,4025
2026-05-04T14:10:00+05:30,3487,3493.6,3487,3490,4375
2026-05-04T14:15:00+05:30,3490,3510,3490,3505.8,29050
2026-05-04T14:20:00+05:30,3506.8,3506.8,3493.7,3500.7,24150
2026-05-04T14:25:00+05:30,3501.5,3503.3,3498,3498.1,6475
2026-05-04T14:30:00+05:30,3498.2,3502.6,3493,3500.5,13825
2026-05-04T14:35:00+05:30,3500.3,3507.1,3499.9,3502.8,13125
2026-05-04T14:40:00+05:30,3502.9,3515,3501.5,3509.2,32550
2026-05-04T14:45:00+05:30,3510.7,3510.7,3495.3,3495.3,13650
2026-05-04T14:50:00+05:30,3497.6,3508.2,3495,3504.6,19075
2026-05-04T14:55:00+05:30,3506.4,3508.1,3500.8,3504.6,9975
2026-05-04T15:00:00+05:30,3505.9,3509.2,3499.3,3509.2,14350
2026-05-04T15:05:00+05:30,3508.2,3509.8,3503.8,3504,10850
2026-05-04T15:10:00+05:30,3504.2,3507.4,3504,3504.2,11725
2026-05-04T15:15:00+05:30,3505.8,3512.8,3504.4,3511.8,16100
2026-05-04T15:20:00+05:30,3509.6,3515,3503.9,3505.8,14875
2026-05-04T15:25:00+05:30,3509.5,3515,3508.1,3510.6,20650
2026-05-05T09:15:00+05:30,3508.9,3508.9,3464.4,3491.6,31500
2026-05-05T09:20:00+05:30,3493.2,3519,3493.2,3515,7000
2026-05-05T09:25:00+05:30,3511.8,3511.8,3496,3504.9,10850
2026-05-05T09:30:00+05:30,3503.5,3519.9,3503.5,3517.6,6825
2026-05-05T09:35:00+05:30,3517.6,3522.1,3508.8,3514.5,6125
2026-05-05T09:40:00+05:30,3514.5,3519,3509.2,3518.8,6825
2026-05-05T09:45:00+05:30,3514.3,3518.4,3513,3516.1,3675
2026-05-05T09:50:00+05:30,3513.3,3517.2,3512.7,3515.4,2800
2026-05-05T09:55:00+05:30,3518.6,3518.6,3509,3511.5,3850
2026-05-05T10:00:00+05:30,3511.8,3515.8,3508.7,3508.7,2975
2026-05-05T10:05:00+05:30,3506.5,3511.2,3506.5,3507,12425
2026-05-05T10:10:00+05:30,3505.6,3509.4,3503.1,3508.3,4025
2026-05-05T10:15:00+05:30,3506.6,3510,3506.5,3510,4550
2026-05-05T10:20:00+05:30,3510,3513.1,3508.8,3508.8,2275
2026-05-05T10:25:00+05:30,3509.3,3509.3,3506.7,3506.7,4200
2026-05-05T10:30:00+05:30,3507.2,3508.9,3503.9,3507.4,4200
2026-05-05T10:35:00+05:30,3507.8,3508.5,3504.7,3507.4,6300
2026-05-05T10:40:00+05:30,3505.6,3508,3504.5,3505.8,6300
2026-05-05T10:45:00+05:30,3508.6,3510.5,3507,3510.5,2100
2026-05-05T10:50:00+05:30,3507.1,3507.6,3503,3503,12250
2026-05-05T10:55:00+05:30,3505.9,3508.1,3497.3,3503.1,9975
2026-05-05T11:00:00+05:30,3502.3,3508.8,3499.1,3508.8,6825
2026-05-05T11:05:00+05:30,3506.8,3507.9,3502.2,3505.9,8050
2026-05-05T11:10:00+05:30,3507,3517.9,3505.1,3511.3,27300
2026-05-05T11:15:00+05:30,3511,3517.5,3506.3,3512.4,18025
2026-05-05T11:20:00+05:30,3510.1,3511.1,3507.9,3510.3,2625
2026-05-05T11:25:00+05:30,3509.5,3512.6,3503,3506.9,8050
2026-05-05T11:30:00+05:30,3506,3510.6,3502,3507.2,26425
2026-05-05T11:35:00+05:30,3510.7,3517.9,3510.7,3512.3,3500
2026-05-05T11:40:00+05:30,3514.1,3517.6,3512.1,3517.2,4375
2026-05-05T11:45:00+05:30,3517.8,3520.4,3517.3,3520,4375
2026-05-05T11:50:00+05:30,3519.2,3520.5,3517,3520.5,3325
2026-05-05T11:55:00+05:30,3520.3,3522.2,3518.4,3518.4,9450
2026-05-05T12:00:00+05:30,3521.3,3527.1,3521.3,3523.6,16625
2026-05-05T12:05:00+05:30,3525.6,3525.6,3517.1,3521,5250
2026-05-05T12:10:00+05:30,3519.6,3519.6,3513.1,3516,4200
2026-05-05T12:15:00+05:30,3515.4,3522.3,3515.4,3518.5,3675
2026-05-05T12:20:00+05:30,3522.3,3529.6,3522.3,3525,5250
2026-05-05T12:25:00+05:30,3524.3,3528,3519.8,3519.8,3325
2026-05-05T12:30:00+05:30,3522,3527.3,3518.8,3525.6,2975
2026-05-05T12:35:00+05:30,3526.8,3537.4,3523.1,3537.4,8400
2026-05-05T12:40:00+05:30,3538,3542.9,3532,3532,8050
2026-05-05T12:45:00+05:30,3531.8,3535.2,3527.1,3531.9,3150
2026-05-05T12:50:00+05:30,3530.5,3535.2,3523.4,3523.4,4375
2026-05-05T12:55:00+05:30,3522.4,3528.9,3522.1,3528.9,3150
2026-05-05T13:00:00+05:30,3527.5,3535.4,3526.8,3534.8,3325
2026-05-05T13:05:00+05:30,3534.2,3556,3532.4,3555.9,15575
2026-05-05T13:10:00+05:30,3555.9,3558.3,3551.9,3555,16800
2026-05-05T13:15:00+05:30,3557.5,3557.8,3546.8,3551.6,11375
2026-05-05T13:20:00+05:30,3552.2,3552.7,3541,3541,9450
2026-05-05T13:25:00+05:30,3540.3,3546.4,3536.7,3539,6475
2026-05-05T13:30:00+05:30,3537,3540.8,3532.6,3532.6,2625
2026-05-05T13:35:00+05:30,3534.3,3534.3,3527.3,3531.3,5775
2026-05-05T13:40:00+05:30,3531.3,3534,3529.5,3531.2,3500
2026-05-05T13:45:00+05:30,3531.9,3532.5,3529.4,3529.4,2975
2026-05-05T13:50:00+05:30,3529.8,3529.9,3527.5,3527.5,5075
2026-05-05T13:55:00+05:30,3533,3536.1,3529.6,3529.6,5075
2026-05-05T14:00:00+05:30,3529.8,3531.5,3529.1,3529.8,1225
2026-05-05T14:05:00+05:30,3530.3,3530.3,3527.4,3528.6,1575
2026-05-05T14:10:00+05:30,3529.3,3530.8,3527.2,3527.2,3325
2026-05-05T14:15:00+05:30,3528,3534.4,3525.1,3534.4,3850
2026-05-05T14:20:00+05:30,3532.6,3535.7,3531.2,3531.4,3325
2026-05-05T14:25:00+05:30,3530.2,3532.1,3527.9,3529,2975
2026-05-05T14:30:00+05:30,3529,3529.4,3524.8,3525.1,4200
2026-05-05T14:35:00+05:30,3528.4,3531.7,3526.4,3526.6,4375
2026-05-05T14:40:00+05:30,3528.6,3531.4,3527.6,3531.4,3500
2026-05-05T14:45:00+05:30,3530,3530.3,3526.2,3530.3,5775
2026-05-05T14:50:00+05:30,3528.7,3534.7,3528.7,3534.7,4375
2026-05-05T14:55:00+05:30,3536,3540.9,3532.9,3538.9,7875
2026-05-05T15:00:00+05:30,3538.9,3544.8,3538.3,3539.9,20125
2026-05-05T15:05:00+05:30,3540.4,3542.6,3536,3540,18900
2026-05-05T15:10:00+05:30,3539.7,3544.7,3539.4,3542.2,17850
2026-05-05T15:15:00+05:30,3544.3,3547.8,3543.8,3546,22925
2026-05-05T15:20:00+05:30,3545.7,3547.2,3541.2,3544.7,20825
2026-05-05T15:25:00+05:30,3543.5,3547,3543,3545.8,23800
2026-05-06T09:15:00+05:30,3569,3605,3569,3602,50225
2026-05-06T09:20:00+05:30,3607.8,3611.9,3586.3,3588.1,29400
2026-05-06T09:25:00+05:30,3585.4,3587.3,3575,3575,23450
2026-05-06T09:30:00+05:30,3577.2,3578.7,3570.2,3570.3,5950
2026-05-06T09:35:00+05:30,3570,3577,3567,3574.1,6300
2026-05-06T09:40:00+05:30,3576.4,3579,3568.8,3579,4725
2026-05-06T09:45:00+05:30,3577.9,3580,3576.2,3578,5600
2026-05-06T09:50:00+05:30,3576,3576,3568,3575.8,7175
2026-05-06T09:55:00+05:30,3572.3,3578,3572.3,3575.9,3150
2026-05-06T10:00:00+05:30,3574.2,3579.3,3574.2,3575.1,5775
2026-05-06T10:05:00+05:30,3579.9,3579.9,3579.8,3579.8,350
2026-05-06T10:10:00+05:30,3579.8,3580.9,3578.3,3580.9,2100
2026-05-06T10:15:00+05:30,3580.7,3580.7,3572.4,3577.4,2625
2026-05-06T10:20:00+05:30,3577.5,3585,3575,3581.8,10500
2026-05-06T10:25:00+05:30,3584.9,3587.4,3580.5,3582.8,7525
2026-05-06T10:30:00+05:30,3582.8,3586,3582.5,3586,3500
2026-05-06T10:35:00+05:30,3588,3597,3588,3597,8400
2026-05-06T10:40:00+05:30,3596.9,3602.1,3596.9,3600,8400
2026-05-06T10:45:00+05:30,3597.7,3598.8,3590.1,3590.1,7000
2026-05-06T10:50:00+05:30,3590.2,3590.9,3554,3566.4,49000
2026-05-06T10:55:00+05:30,3565.4,3574,3558.6,3565.1,17150
2026-05-06T11:00:00+05:30,3561.2,3569.1,3526.1,3529.3,69650
2026-05-06T11:05:00+05:30,3529,3552,3526.2,3526.2,36925
2026-05-06T11:10:00+05:30,3523.4,3533.8,3523.4,3529.7,28875
2026-05-06T11:15:00+05:30,3527.1,3539.3,3525,3536.1,15400
2026-05-06T11:20:00+05:30,3536.1,3547.7,3532,3544.7,19425
2026-05-06T11:25:00+05:30,3547,3559.6,3547,3559.6,9100
2026-05-06T11:30:00+05:30,3560,3568.8,3560,3568.7,16275
2026-05-06T11:35:00+05:30,3570,3579.9,3555.9,3564.8,17325
2026-05-06T11:40:00+05:30,3565.6,3576.5,3560.9,3576.5,4900
2026-05-06T11:45:00+05:30,3576.7,3578.3,3570.4,3578.2,15750
2026-05-06T11:50:00+05:30,3576.8,3579,3574.7,3575,4550
2026-05-06T11:55:00+05:30,3575,3580.1,3575,3575.9,8925
2026-05-06T12:00:00+05:30,3575.5,3578.5,3573.1,3574.4,16275
2026-05-06T12:05:00+05:30,3574.2,3574.2,3567.9,3568.8,6125
2026-05-06T12:10:00+05:30,3569,3570.9,3564.2,3568.7,3500
2026-05-06T12:15:00+05:30,3566.9,3572.8,3566.1,3572.8,3675
2026-05-06T12:20:00+05:30,3571.9,3571.9,3564.5,3571.7,7875
2026-05-06T12:25:00+05:30,3574.5,3582,3572.9,3582,8575
2026-05-06T12:30:00+05:30,3577.9,3577.9,3570.2,3570.3,4375
2026-05-06T12:35:00+05:30,3572.6,3576.2,3570.6,3571.6,5600
2026-05-06T12:40:00+05:30,3572.6,3572.6,3568,3568.6,3850
2026-05-06T12:45:00+05:30,3567.9,3567.9,3553.4,3555.8,8750
2026-05-06T12:50:00+05:30,3555.5,3561.4,3555.5,3559.3,4550
2026-05-06T12:55:00+05:30,3558.1,3561.1,3558,3559.7,1575
2026-05-06T13:00:00+05:30,3560.1,3560.1,3558,3558,2275
2026-05-06T13:05:00+05:30,3559.6,3568.7,3559.3,3567.3,23450
2026-05-06T13:10:00+05:30,3565.2,3568.4,3563.6,3564.9,3500
2026-05-06T13:15:00+05:30,3566.9,3572.3,3565.6,3570,6650
2026-05-06T13:20:00+05:30,3568.4,3570.6,3566.5,3570.6,4025
2026-05-06T13:25:00+05:30,3573.2,3573.2,3569.5,3569.5,2100
2026-05-06T13:30:00+05:30,3572.7,3577.4,3572.1,3576,2975
2026-05-06T13:35:00+05:30,3575.6,3577,3572.3,3577,2800
2026-05-06T13:40:00+05:30,3577,3577,3570.6,3572.5,19075
2026-05-06T13:45:00+05:30,3572.5,3576,3568.9,3569,9275
2026-05-06T13:50:00+05:30,3565,3578.7,3562.3,3577.8,16100
2026-05-06T13:55:00+05:30,3577.4,3577.4,3572,3572.1,1750
2026-05-06T14:00:00+05:30,3573.7,3579.7,3572.7,3576.8,8750
2026-05-06T14:05:00+05:30,3578.3,3578.5,3573.4,3575.2,4900
2026-05-06T14:10:00+05:30,3575,3577.5,3568.4,3575.4,9625
2026-05-06T14:15:00+05:30,3575.4,3583,3575.4,3581,11725
2026-05-06T14:20:00+05:30,3581.8,3594,3581.8,3594,18900
2026-05-06T14:25:00+05:30,3593.9,3607.1,3592,3603.1,39200
2026-05-06T14:30:00+05:30,3605,3611,3602.8,3610.9,29925
2026-05-06T14:35:00+05:30,3611.2,3627.9,3608.2,3622.7,40075
2026-05-06T14:40:00+05:30,3623,3637,3623,3635.8,34825
2026-05-06T14:45:00+05:30,3635.1,3638.5,3624,3628.6,28700
2026-05-06T14:50:00+05:30,3629.7,3636.9,3627.6,3635.4,25725
2026-05-06T14:55:00+05:30,3632.7,3638,3630.1,3635.8,18375
2026-05-06T15:00:00+05:30,3631.9,3636.9,3626.5,3635,20650
2026-05-06T15:05:00+05:30,3635,3637.9,3630,3633,21700
2026-05-06T15:10:00+05:30,3632,3635.9,3630.5,3632.6,18900
2026-05-06T15:15:00+05:30,3633,3635.5,3632,3634,18900
2026-05-06T15:20:00+05:30,3633.3,3634.9,3631.2,3634.9,29400
2026-05-06T15:25:00+05:30,3634.4,3634.4,3629,3629,34300
2026-05-07T09:15:00+05:30,3631.4,3647.9,3600.6,3640,68600
2026-05-07T09:20:00+05:30,3635,3655,3631.5,3652.1,26075
2026-05-07T09:25:00+05:30,3655.8,3673.5,3655.6,3670,33600
2026-05-07T09:30:00+05:30,3670,3713,3668.2,3702.3,68425
2026-05-07T09:35:00+05:30,3700,3719.4,3698.6,3716.3,40250
2026-05-07T09:40:00+05:30,3713.3,3724,3709.2,3722.6,13300
2026-05-07T09:45:00+05:30,3722.6,3722.6,3697.3,3702.8,41825
2026-05-07T09:50:00+05:30,3700.2,3705.8,3688.6,3693.7,15400
2026-05-07T09:55:00+05:30,3691,3691,3685,3686,7000
2026-05-07T10:00:00+05:30,3686,3701.2,3686,3697,9625
2026-05-07T10:05:00+05:30,3693.1,3693.1,3681.5,3685.7,4375
2026-05-07T10:10:00+05:30,3683.1,3689.3,3678,3682,13825
2026-05-07T10:15:00+05:30,3682,3690,3682,3690,4025
2026-05-07T10:20:00+05:30,3688,3704,3688,3698.9,9100
2026-05-07T10:25:00+05:30,3696.4,3696.4,3690.1,3695.5,2625
2026-05-07T10:30:00+05:30,3693.4,3695.5,3693.4,3695.5,1575
2026-05-07T10:35:00+05:30,3699,3700.1,3699,3699.6,2275
2026-05-07T10:40:00+05:30,3700.1,3704,3700.1,3704,1575
2026-05-07T10:45:00+05:30,3704,3704,3697.4,3701.9,1575
2026-05-07T10:50:00+05:30,3699.9,3699.9,3694.3,3699.9,1750
2026-05-07T10:55:00+05:30,3699.9,3702.6,3698.8,3698.8,2275
2026-05-07T11:00:00+05:30,3696.8,3707,3696.8,3705,6300
2026-05-07T11:05:00+05:30,3700,3703,3698.4,3698.4,2450
2026-05-07T11:10:00+05:30,3700,3706.3,3697.1,3706.3,5950
2026-05-07T11:15:00+05:30,3707,3708,3705,3707,1750
2026-05-07T11:20:00+05:30,3710,3714.8,3707.9,3713.6,18025
2026-05-07T11:25:00+05:30,3714.8,3714.8,3706.3,3706.5,5775
2026-05-07T11:30:00+05:30,3708.2,3713.1,3708.1,3708.1,4725
2026-05-07T11:35:00+05:30,3702,3711.4,3700.9,3703.6,13650
2026-05-07T11:40:00+05:30,3702.6,3703.6,3695.5,3698.8,5075
2026-05-07T11:45:00+05:30,3698.1,3714,3698.1,3711.9,12250
2026-05-07T11:50:00+05:30,3711.1,3721.4,3711.1,3721.4,10850
2026-05-07T11:55:00+05:30,3721,3721,3710.8,3711.1,4375
2026-05-07T12:00:00+05:30,3713.6,3718,3713.6,3717.8,7000
2026-05-07T12:05:00+05:30,3717.2,3720.1,3713.4,3713.4,4900
2026-05-07T12:10:00+05:30,3710.5,3714.2,3710.2,3710.6,3850
2026-05-07T12:15:00+05:30,3712.1,3716.9,3712.1,3715,1750
2026-05-07T12:20:00+05:30,3713.6,3718.9,3713.6,3716,3150
2026-05-07T12:25:00+05:30,3716.1,3722.4,3716,3722.4,5950
2026-05-07T12:30:00+05:30,3720,3722.4,3715.2,3715.2,11025
2026-05-07T12:35:00+05:30,3714.9,3722.1,3708.7,3722.1,12075
2026-05-07T12:40:00+05:30,3719.2,3730,3719.2,3728.6,22925
2026-05-07T12:45:00+05:30,3733,3734,3716.3,3720.5,13825
2026-05-07T12:50:00+05:30,3724.5,3734,3714.6,3734,16100
2026-05-07T12:55:00+05:30,3732.8,3734,3717.2,3717.2,17675
2026-05-07T13:00:00+05:30,3719.4,3732,3719.4,3732,14350
2026-05-07T13:05:00+05:30,3730,3743.9,3730,3738.7,37450
2026-05-07T13:10:00+05:30,3739.3,3740,3733.3,3734.5,6650
2026-05-07T13:15:00+05:30,3733.5,3735,3724.8,3727,7000
2026-05-07T13:20:00+05:30,3729.3,3733,3722.8,3723.2,4200
2026-05-07T13:25:00+05:30,3726.1,3729.3,3715.1,3717,7175
2026-05-07T13:30:00+05:30,3717,3720.3,3713.5,3714.7,24150
2026-05-07T13:35:00+05:30,3714.8,3718.5,3705.6,3705.9,8925
2026-05-07T13:40:00+05:30,3709,3713.9,3705.9,3708.1,6650
2026-05-07T13:45:00+05:30,3710.3,3715.3,3706.3,3712.8,5950
2026-05-07T13:50:00+05:30,3711.9,3716.8,3710,3715.1,7350
2026-05-07T13:55:00+05:30,3717,3717,3708.1,3711.7,27300
2026-05-07T14:00:00+05:30,3710.9,3717.9,3710.3,3715.9,13825
2026-05-07T14:05:00+05:30,3715.4,3719.9,3712.6,3715.2,8225
2026-05-07T14:10:00+05:30,3716.8,3719.9,3714.9,3714.9,3150
2026-05-07T14:15:00+05:30,3715,3715.5,3713.6,3715.5,3850
2026-05-07T14:20:00+05:30,3715.5,3716,3712.1,3715.5,4550
2026-05-07T14:25:00+05:30,3715.5,3717.7,3714.1,3714.7,4025
2026-05-07T14:30:00+05:30,3714.2,3715.2,3713.3,3714.5,12250
2026-05-07T14:35:00+05:30,3714.5,3715.2,3708.1,3711.4,23975
2026-05-07T14:40:00+05:30,3711.2,3713.4,3703.1,3703.1,25375
2026-05-07T14:45:00+05:30,3704.3,3711.1,3704,3709.3,22575
2026-05-07T14:50:00+05:30,3711.5,3718.4,3710.1,3716.4,8050
2026-05-07T14:55:00+05:30,3716.9,3718.4,3714.8,3716.6,9275
2026-05-07T15:00:00+05:30,3715.6,3718.4,3713.7,3717.6,10850
2026-05-07T15:05:00+05:30,3717.3,3718.2,3713.2,3714.3,18025
2026-05-07T15:10:00+05:30,3714.3,3716.2,3713.5,3716.2,23625
2026-05-07T15:15:00+05:30,3716.2,3718,3714.4,3717.4,32900
2026-05-07T15:20:00+05:30,3716.4,3717.7,3713.5,3714.8,32550
2026-05-07T15:25:00+05:30,3714.1,3717.3,3710.6,3710.6,44625
2026-05-08T09:15:00+05:30,3683.7,3685.9,3650.1,3656.2,40600
2026-05-08T09:20:00+05:30,3665.3,3679.4,3660,3671.1,12250
2026-05-08T09:25:00+05:30,3670.1,3709.2,3670.1,3708.6,8925
2026-05-08T09:30:00+05:30,3708.1,3711.3,3698.2,3705.5,15750
2026-05-08T09:35:00+05:30,3700.7,3725,3700.7,3710,25025
2026-05-08T09:40:00+05:30,3701,3710.6,3693.1,3701,10500
2026-05-08T09:45:00+05:30,3698.5,3703.9,3692.1,3699,6825
2026-05-08T09:50:00+05:30,3702.6,3711.4,3699.4,3711.4,3675
2026-05-08T09:55:00+05:30,3708.5,3714.9,3708.1,3713.1,6125
2026-05-08T10:00:00+05:30,3712.3,3718.9,3712.3,3718.9,2975
2026-05-08T10:05:00+05:30,3719.8,3724,3712.8,3714,12250
2026-05-08T10:10:00+05:30,3714,3719.2,3711,3719.2,2975
2026-05-08T10:15:00+05:30,3718.7,3718.7,3710.5,3710.5,1750
2026-05-08T10:20:00+05:30,3712,3717.5,3712,3717.5,1575
2026-05-08T10:25:00+05:30,3719,3723.8,3718.5,3723.8,2100
2026-05-08T10:30:00+05:30,3721,3721.1,3717.4,3721.1,875
2026-05-08T10:35:00+05:30,3718.2,3724.1,3714.7,3722,8225
2026-05-08T10:40:00+05:30,3722,3729.7,3722,3729,9625
2026-05-08T10:45:00+05:30,3728.1,3729.6,3726.3,3726.3,2450
2026-05-08T10:50:00+05:30,3726.4,3728.9,3723.4,3723.4,2100
2026-05-08T10:55:00+05:30,3723.4,3727.7,3723.4,3727.2,2800
2026-05-08T11:00:00+05:30,3725.7,3734.3,3725.7,3734.3,7000
2026-05-08T11:05:00+05:30,3730.8,3732.3,3728.2,3728.9,3850
2026-05-08T11:10:00+05:30,3727.5,3727.5,3727.4,3727.4,350
2026-05-08T11:15:00+05:30,3728.9,3733.1,3722.2,3725.8,6650
2026-05-08T11:20:00+05:30,3721.7,3725.1,3721.7,3721.7,1225
2026-05-08T11:25:00+05:30,3721.7,3727.5,3721.7,3727.5,1750
2026-05-08T11:30:00+05:30,3725.9,3725.9,3718.2,3720.2,1400
2026-05-08T11:35:00+05:30,3720.5,3726.9,3720.1,3720.1,3675
2026-05-08T11:40:00+05:30,3723.2,3729.2,3723.2,3725.3,6650
2026-05-08T11:45:00+05:30,3721.9,3722.9,3719.4,3719.6,875
2026-05-08T11:50:00+05:30,3722.7,3722.7,3722.7,3722.7,175
2026-05-08T11:55:00+05:30,3722.9,3725.1,3721,3724.1,2975
2026-05-08T12:00:00+05:30,3723,3723,3718,3720.5,2975
2026-05-08T12:05:00+05:30,3720.4,3720.4,3720,3720,875
2026-05-08T12:10:00+05:30,3720,3723.7,3720,3723.7,2625
2026-05-08T12:15:00+05:30,3721,3723.9,3721,3723.9,2100
2026-05-08T12:20:00+05:30,3723,3723,3719.8,3721.5,1050
2026-05-08T12:25:00+05:30,3724,3728,3723.8,3724.4,5075
2026-05-08T12:30:00+05:30,3721.7,3721.9,3718,3718,1400
2026-05-08T12:35:00+05:30,3718,3718,3712.5,3715,2800
2026-05-08T12:40:00+05:30,3715,3718.3,3715,3717.1,1225
2026-05-08T12:45:00+05:30,3712.6,3713.8,3710.1,3713.8,1400
2026-05-08T12:50:00+05:30,3716,3719.1,3716,3719.1,1575
2026-05-08T12:55:00+05:30,3722,3725.2,3717,3721,4200
2026-05-08T13:00:00+05:30,3719.1,3719.1,3714.3,3716,1575
2026-05-08T13:05:00+05:30,3711.8,3718,3709,3718,5600
2026-05-08T13:10:00+05:30,3719.9,3725,3719.9,3722.4,4025
2026-05-08T13:15:00+05:30,3722.4,3723.4,3717,3717,2625
2026-05-08T13:20:00+05:30,3718,3722,3718,3721.2,3675
2026-05-08T13:25:00+05:30,3720.9,3728.7,3720.9,3726.7,4375
2026-05-08T13:30:00+05:30,3729,3733,3724,3727.9,7525
2026-05-08T13:35:00+05:30,3728.4,3730.9,3727.5,3728.6,2975
2026-05-08T13:40:00+05:30,3729,3731.7,3726.5,3729.8,3500
2026-05-08T13:45:00+05:30,3728.4,3729.6,3724.7,3725.8,4025
2026-05-08T13:50:00+05:30,3725.7,3727.6,3719.7,3721.1,4375
2026-05-08T13:55:00+05:30,3719,3720.5,3713.1,3714.5,4200
2026-05-08T14:00:00+05:30,3716.4,3719,3712.6,3719,4200
2026-05-08T14:05:00+05:30,3719.9,3725.1,3719.2,3725.1,3325
2026-05-08T14:10:00+05:30,3726,3726.5,3723.2,3723.2,2800
2026-05-08T14:15:00+05:30,3722.8,3724.9,3718.6,3721.2,4550
2026-05-08T14:20:00+05:30,3722.4,3722.4,3716.9,3719,2625
2026-05-08T14:25:00+05:30,3718.7,3722,3716.2,3722,2275
2026-05-08T14:30:00+05:30,3722.7,3726,3720,3721.2,7875
2026-05-08T14:35:00+05:30,3722.9,3730.5,3722.9,3730.5,4900
2026-05-08T14:40:00+05:30,3728.9,3730.7,3722.3,3727.3,5600
2026-05-08T14:45:00+05:30,3725.4,3727,3722.9,3727,3675
2026-05-08T14:50:00+05:30,3727,3729.9,3725,3728.4,7350
2026-05-08T14:55:00+05:30,3728.3,3729.4,3719.8,3721.3,7875
2026-05-08T15:00:00+05:30,3719,3719,3704.5,3706.8,16275
2026-05-08T15:05:00+05:30,3705.9,3712.1,3704.5,3710.3,9625
2026-05-08T15:10:00+05:30,3707.2,3711.9,3705.8,3706.6,13475
2026-05-08T15:15:00+05:30,3706.7,3711.4,3706.1,3707.6,10675
2026-05-08T15:20:00+05:30,3707.6,3718,3707,3714.8,22575
2026-05-08T15:25:00+05:30,3714.7,3724,3714.7,3720,25025
2026-05-11T09:15:00+05:30,3633.4,3684.8,3633.4,3670.3,51100
2026-05-11T09:20:00+05:30,3666,3687.2,3661,3684,19775
2026-05-11T09:25:00+05:30,3680.5,3692.6,3675.4,3681,16100
2026-05-11T09:30:00+05:30,3680,3680,3665,3671.7,13650
2026-05-11T09:35:00+05:30,3671.9,3676,3664.7,3664.8,6825
2026-05-11T09:40:00+05:30,3667,3667,3661,3663.5,9275
2026-05-11T09:45:00+05:30,3662.4,3671.8,3660.5,3665.9,9275
2026-05-11T09:50:00+05:30,3665.3,3667.9,3661.1,3665.3,2800
2026-05-11T09:55:00+05:30,3668.8,3669,3656.7,3656.7,4725
2026-05-11T10:00:00+05:30,3657.6,3673,3657.6,3670.1,4200
2026-05-11T10:05:00+05:30,3675.3,3675.3,3665,3667.7,3150
2026-05-11T10:10:00+05:30,3668.2,3668.2,3662.3,3662.6,1925
2026-05-11T10:15:00+05:30,3663.5,3664.2,3650,3650,5250
2026-05-11T10:20:00+05:30,3649.9,3655.3,3647.4,3647.4,5425
2026-05-11T10:25:00+05:30,3647.2,3651,3647.1,3650.8,3850
2026-05-11T10:30:00+05:30,3649,3649.6,3641.7,3648.3,3675
2026-05-11T10:35:00+05:30,3649.2,3651.4,3640,3640,7175
2026-05-11T10:40:00+05:30,3641.5,3641.5,3629.3,3634,11725
2026-05-11T10:45:00+05:30,3634,3634.1,3626.9,3634,10675
2026-05-11T10:50:00+05:30,3634.1,3644.2,3632,3644.2,3850
2026-05-11T10:55:00+05:30,3648.2,3650.5,3643.3,3643.3,4900
2026-05-11T11:00:00+05:30,3647,3655,3647,3652.8,3675
2026-05-11T11:05:00+05:30,3655,3663.4,3654.6,3657.8,6475
2026-05-11T11:10:00+05:30,3659.9,3667.4,3659.9,3660,5950
2026-05-11T11:15:00+05:30,3662,3663.1,3660.9,3661.3,4550
2026-05-11T11:20:00+05:30,3663.2,3663.8,3655,3658.4,6825
2026-05-11T11:25:00+05:30,3657.7,3658.8,3654.4,3654.4,4550
2026-05-11T11:30:00+05:30,3656.7,3660.4,3656.7,3658.2,3325
2026-05-11T11:35:00+05:30,3661.6,3661.6,3655,3656.3,3325
2026-05-11T11:40:00+05:30,3657.3,3670,3657.3,3670,15400
2026-05-11T11:45:00+05:30,3672,3672,3664.6,3664.6,6650
2026-05-11T11:50:00+05:30,3663.3,3665,3661.8,3662.2,5950
2026-05-11T11:55:00+05:30,3662.6,3663,3655,3658.2,11025
2026-05-11T12:00:00+05:30,3658,3658.5,3654.1,3654.1,5775
2026-05-11T12:05:00+05:30,3652,3664.1,3651.2,3663.4,6650
2026-05-11T12:10:00+05:30,3663.4,3672,3663.4,3666.1,6300
2026-05-11T12:15:00+05:30,3666.7,3671.1,3665.6,3671.1,2625
2026-05-11T12:20:00+05:30,3668.1,3674.9,3667.6,3674.6,5075
2026-05-11T12:25:00+05:30,3672.4,3675,3668.5,3670.8,4725
2026-05-11T12:30:00+05:30,3670,3673.4,3669.6,3673.4,3500
2026-05-11T12:35:00+05:30,3673.8,3678.8,3673.8,3674.1,5075
2026-05-11T12:40:00+05:30,3676,3679.9,3672.1,3677.6,6300
2026-05-11T12:45:00+05:30,3677.6,3677.6,3669,3672.3,5950
2026-05-11T12:50:00+05:30,3675,3675.7,3672.9,3675.7,4550
2026-05-11T12:55:00+05:30,3675,3675,3670.9,3672.8,5425
2026-05-11T13:00:00+05:30,3675.5,3675.5,3666.9,3666.9,2625
2026-05-11T13:05:00+05:30,3667.2,3667.2,3661.1,3661.1,7525
2026-05-11T13:10:00+05:30,3660.4,3661.6,3655.6,3657.3,5775
2026-05-11T13:15:00+05:30,3659.4,3664.6,3656.3,3656.5,4725
2026-05-11T13:20:00+05:30,3659.4,3667,3659.4,3666.3,4200
2026-05-11T13:25:00+05:30,3667,3667,3659.1,3661.4,5250
2026-05-11T13:30:00+05:30,3660,3666,3658.5,3658.5,4900
2026-05-11T13:35:00+05:30,3658.6,3662,3655,3656.1,12600
2026-05-11T13:40:00+05:30,3653.4,3662.9,3652.8,3660.4,4725
2026-05-11T13:45:00+05:30,3660.3,3665.7,3656.8,3660.9,4375
2026-05-11T13:50:00+05:30,3660.3,3671.3,3660.3,3668.6,8400
2026-05-11T13:55:00+05:30,3669.9,3669.9,3662.1,3662.8,4725
2026-05-11T14:00:00+05:30,3659.7,3663,3657.3,3657.8,3150
2026-05-11T14:05:00+05:30,3658.1,3661.6,3654.1,3654.1,5775
2026-05-11T14:10:00+05:30,3655.9,3655.9,3649,3649,5600
2026-05-11T14:15:00+05:30,3649,3654.1,3642.1,3652.6,24500
2026-05-11T14:20:00+05:30,3654,3658.9,3651.1,3651.8,8050
2026-05-11T14:25:00+05:30,3653.9,3653.9,3647.9,3651.4,7525
2026-05-11T14:30:00+05:30,3651.7,3655.3,3646.2,3646.2,12075
2026-05-11T14:35:00+05:30,3648.2,3648.4,3643.5,3643.6,4025
2026-05-11T14:40:00+05:30,3643.6,3644.3,3640,3640.7,8750
2026-05-11T14:45:00+05:30,3640.6,3640.6,3629.6,3634.9,26075
2026-05-11T14:50:00+05:30,3636.1,3640.1,3634.2,3635.8,8575
2026-05-11T14:55:00+05:30,3635.6,3635.6,3632.7,3635.6,9450
2026-05-11T15:00:00+05:30,3633.4,3634.9,3620,3622,25200
2026-05-11T15:05:00+05:30,3621.4,3622.4,3617.7,3619.3,9275
2026-05-11T15:10:00+05:30,3618.5,3620.6,3616.8,3617.7,6475
2026-05-11T15:15:00+05:30,3617.4,3623.5,3617,3618.7,9625
2026-05-11T15:20:00+05:30,3618.7,3620.3,3611.8,3614.6,25025
2026-05-11T15:25:00+05:30,3615.5,3619,3611.1,3616.7,26250
2026-05-12T09:15:00+05:30,3604.8,3608.2,3550.7,3586.5,84000
2026-05-12T09:20:00+05:30,3594.4,3606,3586,3600.1,27475
2026-05-12T09:25:00+05:30,3599.5,3599.5,3587,3591.6,26425
2026-05-12T09:30:00+05:30,3582.1,3593.2,3578,3586,20825
2026-05-12T09:35:00+05:30,3585.4,3597.1,3579.9,3579.9,8400
2026-05-12T09:40:00+05:30,3579.9,3594,3578.6,3593.2,10675
2026-05-12T09:45:00+05:30,3591.6,3598.3,3588.4,3588.4,9450
2026-05-12T09:50:00+05:30,3588,3593.8,3581.1,3581.1,14000
2026-05-12T09:55:00+05:30,3581.6,3585.8,3576.1,3581.3,19775
2026-05-12T10:00:00+05:30,3583.2,3583.2,3566,3570,9450
2026-05-12T10:05:00+05:30,3568.2,3571.9,3558.4,3558.4,8400
2026-05-12T10:10:00+05:30,3558.4,3563.5,3555.3,3559.8,8575
2026-05-12T10:15:00+05:30,3559.1,3564.7,3559,3561.4,6475
2026-05-12T10:20:00+05:30,3561,3566.3,3557.5,3557.5,5600
2026-05-12T10:25:00+05:30,3557.4,3561,3555.4,3556.6,5075
2026-05-12T10:30:00+05:30,3555.4,3555.4,3545.2,3547,18725
2026-05-12T10:35:00+05:30,3547,3557.9,3545.3,3557.9,5075
2026-05-12T10:40:00+05:30,3565,3572.9,3563.5,3571.3,8925
2026-05-12T10:45:00+05:30,3572,3572.3,3568,3568,1050
2026-05-12T10:50:00+05:30,3569.1,3569.1,3563.3,3566.1,2450
2026-05-12T10:55:00+05:30,3568.8,3579.9,3568.8,3579,4025
2026-05-12T11:00:00+05:30,3578,3578,3571.6,3575.1,3675
2026-05-12T11:05:00+05:30,3577.5,3578.1,3574.8,3576,1750
2026-05-12T11:10:00+05:30,3577.5,3578.6,3572.1,3573.8,2800
2026-05-12T11:15:00+05:30,3573.5,3577.1,3558.7,3558.7,8575
2026-05-12T11:20:00+05:30,3558.7,3583.4,3556.2,3583.4,33425
2026-05-12T11:25:00+05:30,3581.1,3613.8,3578.5,3604.8,20650
2026-05-12T11:30:00+05:30,3602.2,3609.3,3602.1,3607.2,5075
2026-05-12T11:35:00+05:30,3610.1,3613.9,3604.7,3610.9,8575
2026-05-12T11:40:00+05:30,3611,3611,3599.3,3601.3,12425
2026-05-12T11:45:00+05:30,3604.7,3608.8,3602.7,3608.8,11725
2026-05-12T11:50:00+05:30,3606.1,3609,3604.7,3608.9,3500
2026-05-12T11:55:00+05:30,3608,3614.9,3587.2,3591,15575
2026-05-12T12:00:00+05:30,3589.1,3599.7,3589,3599.7,7000
2026-05-12T12:05:00+05:30,3598.9,3604.7,3596.8,3601.9,9625
2026-05-12T12:10:00+05:30,3600,3607.5,3600,3605,4550
2026-05-12T12:15:00+05:30,3604.3,3615,3604.3,3614.5,7000
2026-05-12T12:20:00+05:30,3614,3614,3604.5,3606.7,3500
2026-05-12T12:25:00+05:30,3606.7,3609.5,3603.8,3608.5,5075
2026-05-12T12:30:00+05:30,3608,3608,3598.6,3602.9,4375
2026-05-12T12:35:00+05:30,3603.6,3604,3595,3595,6125
2026-05-12T12:40:00+05:30,3592,3596.2,3592,3596.2,3325
2026-05-12T12:45:00+05:30,3595.5,3597.7,3592.9,3595.8,2975
2026-05-12T12:50:00+05:30,3594.2,3599.6,3594.2,3596.6,4025
2026-05-12T12:55:00+05:30,3594.2,3598.2,3594.2,3595.6,2100
2026-05-12T13:00:00+05:30,3594,3595.1,3587.7,3590.6,3500
2026-05-12T13:05:00+05:30,3589.6,3590.9,3587.3,3587.3,2975
2026-05-12T13:10:00+05:30,3588.9,3599.1,3588.9,3593.6,9450
2026-05-12T13:15:00+05:30,3592.9,3600,3592.9,3599.2,3325
2026-05-12T13:20:00+05:30,3595.9,3598.8,3593.8,3598.8,2450
2026-05-12T13:25:00+05:30,3598.3,3607,3598.3,3604.5,5425
2026-05-12T13:30:00+05:30,3604.1,3608,3601.6,3601.6,4725
2026-05-12T13:35:00+05:30,3602.4,3606.2,3598,3598.8,5950
2026-05-12T13:40:00+05:30,3596,3598.5,3592.1,3594.2,4200
2026-05-12T13:45:00+05:30,3593.6,3596.9,3591,3596,3325
2026-05-12T13:50:00+05:30,3593.5,3597.3,3590.2,3591.9,5775
2026-05-12T13:55:00+05:30,3590,3590,3586,3588.4,2625
2026-05-12T14:00:00+05:30,3589.6,3589.6,3586,3587.7,3325
2026-05-12T14:05:00+05:30,3589.4,3592,3577.8,3591.3,17325
2026-05-12T14:10:00+05:30,3590.7,3595.8,3587.5,3594.3,3150
2026-05-12T14:15:00+05:30,3592.7,3597.6,3589.2,3590.8,8925
2026-05-12T14:20:00+05:30,3594.2,3603.6,3585.2,3603.6,6825
2026-05-12T14:25:00+05:30,3596,3596.2,3589.8,3591.8,4375
2026-05-12T14:30:00+05:30,3591.8,3594.8,3582,3587.5,16275
2026-05-12T14:35:00+05:30,3586.7,3591.2,3582,3583.5,16100
2026-05-12T14:40:00+05:30,3580.3,3592.5,3580.3,3587.6,8050
2026-05-12T14:45:00+05:30,3587.6,3590,3585.8,3585.8,5775
2026-05-12T14:50:00+05:30,3585.1,3591.6,3580,3588,36575
2026-05-12T14:55:00+05:30,3587,3589.1,3577,3587.5,48125
2026-05-12T15:00:00+05:30,3586.7,3587.4,3554,3564.5,55475
2026-05-12T15:05:00+05:30,3564.8,3569.2,3551,3551,18725
2026-05-12T15:10:00+05:30,3552.1,3558.8,3543.4,3550.2,26075
2026-05-12T15:15:00+05:30,3553,3572.8,3551.6,3570.1,30625
2026-05-12T15:20:00+05:30,3573.1,3575.8,3552.2,3562.6,49525
2026-05-12T15:25:00+05:30,3560.8,3572.5,3555.8,3561.8,28350
2026-05-13T09:15:00+05:30,3584.4,3600,3553.4,3559.6,14700
2026-05-13T09:20:00+05:30,3561,3587.9,3556,3581.2,27650
2026-05-13T09:25:00+05:30,3580,3592.7,3572.3,3576,27300
2026-05-13T09:30:00+05:30,3573.6,3577.4,3540,3540,20825
2026-05-13T09:35:00+05:30,3540,3549.9,3535.4,3544.4,16800
2026-05-13T09:40:00+05:30,3546.2,3552,3540,3552,9100
2026-05-13T09:45:00+05:30,3552.9,3552.9,3510,3518.1,57925
2026-05-13T09:50:00+05:30,3520.9,3532.7,3520.9,3528,25375
2026-05-13T09:55:00+05:30,3523.9,3534.6,3523.5,3531.5,31675
2026-05-13T10:00:00+05:30,3530.3,3543.8,3525.3,3536.8,21700
2026-05-13T10:05:00+05:30,3541,3549.1,3529.2,3532.8,28175
2026-05-13T10:10:00+05:30,3533,3533,3522.3,3524.8,7350
2026-05-13T10:15:00+05:30,3528.1,3534.7,3524.5,3529.5,10850
2026-05-13T10:20:00+05:30,3530.2,3545.9,3527.1,3542,7350
2026-05-13T10:25:00+05:30,3543.9,3551.6,3540.5,3549.4,14000
2026-05-13T10:30:00+05:30,3546.6,3564,3543.9,3564,16800
2026-05-13T10:35:00+05:30,3564.6,3565.6,3536.1,3536.1,21700
2026-05-13T10:40:00+05:30,3538.6,3546.6,3534.8,3543.3,14175
2026-05-13T10:45:00+05:30,3538.9,3540.4,3530.1,3530.1,10150
2026-05-13T10:50:00+05:30,3530.1,3530.1,3515,3516.9,10500
2026-05-13T10:55:00+05:30,3521.7,3521.7,3501.2,3503.9,19950
2026-05-13T11:00:00+05:30,3500.5,3502,3492.7,3501.2,28875
2026-05-13T11:05:00+05:30,3501.4,3504.6,3498.7,3499,12075
2026-05-13T11:10:00+05:30,3499,3515,3496.1,3512.2,25550
2026-05-13T11:15:00+05:30,3514,3515.1,3506.9,3512.2,9450
2026-05-13T11:20:00+05:30,3512.2,3526.1,3504.9,3525.8,26075
2026-05-13T11:25:00+05:30,3525.4,3525.4,3507.1,3508.8,17675
2026-05-13T11:30:00+05:30,3512.4,3517.9,3504.4,3507.5,38500
2026-05-13T11:35:00+05:30,3506.6,3521.1,3504.9,3514.2,8400
2026-05-13T11:40:00+05:30,3513.1,3521.7,3511.5,3514.4,9450
2026-05-13T11:45:00+05:30,3514.6,3522,3503.6,3504,15400
2026-05-13T11:50:00+05:30,3503.5,3508.9,3501,3504.2,12075
2026-05-13T11:55:00+05:30,3504.2,3509.1,3503,3505,6650
2026-05-13T12:00:00+05:30,3506.8,3510,3491.8,3500,34125
2026-05-13T12:05:00+05:30,3498,3498,3492.4,3493.2,3850
2026-05-13T12:10:00+05:30,3495,3512.2,3487.3,3512.2,54600
2026-05-13T12:15:00+05:30,3512.7,3514.9,3501.5,3514.9,12950
2026-05-13T12:20:00+05:30,3515,3517,3506.2,3509,14175
2026-05-13T12:25:00+05:30,3506.8,3512.1,3501.3,3507,6475
2026-05-13T12:30:00+05:30,3507,3515.1,3507,3515,5600
2026-05-13T12:35:00+05:30,3515,3519,3511.5,3519,5250
2026-05-13T12:40:00+05:30,3517.8,3519,3514.8,3514.8,15225
2026-05-13T12:45:00+05:30,3514.8,3531.1,3514.8,3531.1,22225
2026-05-13T12:50:00+05:30,3526,3528.4,3516,3528.4,13650
2026-05-13T12:55:00+05:30,3532,3543.4,3530.1,3543.4,12250
2026-05-13T13:00:00+05:30,3541,3541,3531.2,3534.7,5425
2026-05-13T13:05:00+05:30,3534,3542.3,3533.2,3542.3,8575
2026-05-13T13:10:00+05:30,3542.9,3662.5,3535.1,3647.4,506450
2026-05-13T13:15:00+05:30,3642.3,3646.2,3579.7,3581.4,282975
2026-05-13T13:20:00+05:30,3580.2,3595,3526.1,3558.2,200725
2026-05-13T13:25:00+05:30,3558.3,3583.6,3558.3,3564,109200
2026-05-13T13:30:00+05:30,3561.1,3590,3561.1,3579.1,85750
2026-05-13T13:35:00+05:30,3578.3,3579.1,3566.1,3566.5,25725
2026-05-13T13:40:00+05:30,3566.9,3575,3559.1,3565.6,28000
2026-05-13T13:45:00+05:30,3564.8,3575,3544,3545.3,54250
2026-05-13T13:50:00+05:30,3547,3549.3,3540.1,3546.9,17850
2026-05-13T13:55:00+05:30,3545,3545.7,3530,3534.7,25200
2026-05-13T14:00:00+05:30,3535.4,3550.4,3530,3542.8,29400
2026-05-13T14:05:00+05:30,3540.6,3540.6,3523.5,3532.9,58975
2026-05-13T14:10:00+05:30,3529.6,3533.6,3524.3,3524.7,11375
2026-05-13T14:15:00+05:30,3526,3547.9,3524.8,3535,18025
2026-05-13T14:20:00+05:30,3534.6,3550,3530.1,3542.9,41475
2026-05-13T14:25:00+05:30,3542.8,3545.8,3539,3543.9,24150
2026-05-13T14:30:00+05:30,3543.9,3554.9,3541.6,3550.7,38150
2026-05-13T14:35:00+05:30,3553.9,3575,3551.3,3562.3,35175
2026-05-13T14:40:00+05:30,3562.3,3562.3,3546.8,3550.1,17850
2026-05-13T14:45:00+05:30,3546.9,3560.4,3546.9,3553,17850
2026-05-13T14:50:00+05:30,3552.9,3558,3551.5,3555.6,20825
2026-05-13T14:55:00+05:30,3556.1,3560.7,3552.6,3554.7,20125
2026-05-13T15:00:00+05:30,3552,3553.5,3537.5,3542.4,40950
2026-05-13T15:05:00+05:30,3544.4,3546.4,3540.2,3540.5,30625
2026-05-13T15:10:00+05:30,3542.9,3542.9,3531.1,3537.4,31500
2026-05-13T15:15:00+05:30,3537.4,3546.6,3536,3537.3,35875
2026-05-13T15:20:00+05:30,3539.2,3539.2,3532.2,3536.2,33075
2026-05-13T15:25:00+05:30,3536.8,3544,3535,3535,49175
2026-05-14T09:15:00+05:30,3505,3523.5,3460.4,3463.7,200550
2026-05-14T09:20:00+05:30,3463.5,3475,3442,3451.2,124250
2026-05-14T09:25:00+05:30,3451.9,3456.9,3435,3450.9,57575
2026-05-14T09:30:00+05:30,3450,3460.7,3432,3452.6,90825
2026-05-14T09:35:00+05:30,3447.1,3449.5,3430.1,3430.1,45150
2026-05-14T09:40:00+05:30,3430.1,3439.3,3430.1,3433,18375
2026-05-14T09:45:00+05:30,3431,3435.9,3413,3413.1,79100
2026-05-14T09:50:00+05:30,3415,3417.6,3385.8,3388.7,134750
2026-05-14T09:55:00+05:30,3390,3413.1,3388.5,3403.7,50925
2026-05-14T10:00:00+05:30,3403.5,3406.7,3392.6,3397.9,25550
2026-05-14T10:05:00+05:30,3398.3,3406.1,3390,3403.7,36050
2026-05-14T10:10:00+05:30,3401.9,3420,3400,3419.1,45325
2026-05-14T10:15:00+05:30,3418.2,3434.9,3411.3,3434.4,31150
2026-05-14T10:20:00+05:30,3434,3437.3,3420.4,3421.3,47425
2026-05-14T10:25:00+05:30,3422.3,3433.1,3418.3,3431,26600
2026-05-14T10:30:00+05:30,3430,3449,3428.6,3449,31150
2026-05-14T10:35:00+05:30,3452.3,3455.6,3447.8,3451.9,43750
2026-05-14T10:40:00+05:30,3452,3456.5,3448.4,3448.4,24150
2026-05-14T10:45:00+05:30,3448.5,3449.3,3432.3,3433.2,27475
2026-05-14T10:50:00+05:30,3431.9,3440.7,3428.9,3430.3,13825
2026-05-14T10:55:00+05:30,3429.9,3431.4,3426.6,3428.4,8225
2026-05-14T11:00:00+05:30,3427.9,3429,3423,3424.9,8400
2026-05-14T11:05:00+05:30,3426.3,3429.2,3420.3,3420.3,6300
2026-05-14T11:10:00+05:30,3421.6,3426.1,3420,3425.8,8750
2026-05-14T11:15:00+05:30,3428.5,3430.6,3421.5,3424.8,11200
2026-05-14T11:20:00+05:30,3424.7,3426.2,3413.4,3416.2,11025
2026-05-14T11:25:00+05:30,3415.2,3425,3412.5,3422,15400
2026-05-14T11:30:00+05:30,3425,3426.5,3418.7,3418.7,9100
2026-05-14T11:35:00+05:30,3419.1,3430.6,3418.1,3428.3,12425
2026-05-14T11:40:00+05:30,3430.5,3444,3425.7,3441,25550
2026-05-14T11:45:00+05:30,3441.5,3452.2,3441.5,3447.9,30100
2026-05-14T11:50:00+05:30,3447.5,3453.2,3445.7,3452.7,12250
2026-05-14T11:55:00+05:30,3452.3,3454.3,3441.2,3447.7,30625
2026-05-14T12:00:00+05:30,3447.9,3450.4,3444.2,3444.2,14700
2026-05-14T12:05:00+05:30,3444,3444,3435.7,3435.7,15050
2026-05-14T12:10:00+05:30,3435.7,3439.4,3432.7,3438.2,9100
2026-05-14T12:15:00+05:30,3439.6,3444.9,3436.1,3436.1,13300
2026-05-14T12:20:00+05:30,3437.5,3439.9,3426.2,3429.7,26250
2026-05-14T12:25:00+05:30,3429.7,3437.2,3427.1,3431.7,12950
2026-05-14T12:30:00+05:30,3434,3438.6,3430.8,3431.6,7000
2026-05-14T12:35:00+05:30,3431.3,3433.8,3424.6,3429.8,9800
2026-05-14T12:40:00+05:30,3432.2,3439.9,3429.9,3439,8050
2026-05-14T12:45:00+05:30,3444,3444.9,3438.9,3439.4,9625
2026-05-14T12:50:00+05:30,3439.3,3447.5,3436.4,3440.4,8400
2026-05-14T12:55:00+05:30,3440,3440,3434.1,3436.5,3850
2026-05-14T13:00:00+05:30,3437.6,3447.1,3437.6,3447.1,6300
2026-05-14T13:05:00+05:30,3448,3450,3444.3,3445.3,9625
2026-05-14T13:10:00+05:30,3444.6,3457.1,3442.5,3453.6,9800
2026-05-14T13:15:00+05:30,3455.5,3459.2,3448.9,3453.9,17675
2026-05-14T13:20:00+05:30,3450.2,3452.6,3446.1,3446.5,8050
2026-05-14T13:25:00+05:30,3449.8,3469.7,3446.8,3460.4,15400
2026-05-14T13:30:00+05:30,3464.3,3466.4,3449.1,3450.1,18900
2026-05-14T13:35:00+05:30,3450,3455.3,3449.2,3454.7,6475
2026-05-14T13:40:00+05:30,3452,3458,3450.3,3454,5775
2026-05-14T13:45:00+05:30,3457.8,3459.4,3449,3449,7000
2026-05-14T13:50:00+05:30,3449.1,3453,3449.1,3451.6,3850
2026-05-14T13:55:00+05:30,3452.5,3459.9,3451.9,3458,5600
2026-05-14T14:00:00+05:30,3460.7,3462.8,3456.8,3460,8050
2026-05-14T14:05:00+05:30,3460,3464.7,3459.1,3459.1,7000
2026-05-14T14:10:00+05:30,3460,3461.3,3456.1,3460,6125
2026-05-14T14:15:00+05:30,3460.1,3464.5,3459.2,3459.2,5425
2026-05-14T14:20:00+05:30,3456.2,3468,3456.2,3467.1,13650
2026-05-14T14:25:00+05:30,3468.5,3479.9,3468.5,3479,27650
2026-05-14T14:30:00+05:30,3479.9,3484.9,3478.1,3483.4,28875
2026-05-14T14:35:00+05:30,3483.7,3488.1,3468,3477.6,34300
2026-05-14T14:40:00+05:30,3478.5,3484.5,3475.6,3480.3,15925
2026-05-14T14:45:00+05:30,3480.2,3482.2,3474,3480.2,16275
2026-05-14T14:50:00+05:30,3480.2,3483.8,3477.3,3477.7,22050
2026-05-14T14:55:00+05:30,3477.7,3483.4,3472.1,3477,20825
2026-05-14T15:00:00+05:30,3478.5,3478.5,3472,3473.5,21875
2026-05-14T15:05:00+05:30,3475.3,3475.6,3469.9,3473.9,17850
2026-05-14T15:10:00+05:30,3472.2,3476.2,3471.6,3472.5,16975
2026-05-14T15:15:00+05:30,3473.9,3478.4,3471.7,3473.8,31500
2026-05-14T15:20:00+05:30,3474,3474.9,3470.2,3474.3,36925
2026-05-14T15:25:00+05:30,3477.1,3479.8,3473,3478,39200
2026-05-15T09:15:00+05:30,3483.8,3512,3477,3483,64575
2026-05-15T09:20:00+05:30,3475.8,3481.4,3451.6,3451.6,32375
2026-05-15T09:25:00+05:30,3452.3,3464.9,3451.3,3459.4,5250
2026-05-15T09:30:00+05:30,3460.1,3460.3,3445.1,3450.6,10850
2026-05-15T09:35:00+05:30,3447.8,3457.1,3447.8,3457.1,9275
2026-05-15T09:40:00+05:30,3457,3461.9,3452.1,3461,5250
2026-05-15T09:45:00+05:30,3461.1,3464.9,3460,3460,9800
2026-05-15T09:50:00+05:30,3461.1,3466,3459.3,3466,8050
2026-05-15T09:55:00+05:30,3464.8,3483.8,3464.8,3480,19250
2026-05-15T10:00:00+05:30,3482.5,3482.5,3466,3474.3,26775
2026-05-15T10:05:00+05:30,3472,3472,3465.1,3468.5,2800
2026-05-15T10:10:00+05:30,3462.7,3464.1,3451.5,3456.3,10150
2026-05-15T10:15:00+05:30,3458.3,3460.4,3455.7,3457.1,2625
2026-05-15T10:20:00+05:30,3460,3462.3,3457.3,3461.3,3675
2026-05-15T10:25:00+05:30,3461.7,3464.5,3460.4,3463.2,6300
2026-05-15T10:30:00+05:30,3461.6,3463.1,3455.4,3456.9,4200
2026-05-15T10:35:00+05:30,3458.6,3460,3454.3,3454.9,3150
2026-05-15T10:40:00+05:30,3457,3458.5,3451.4,3451.8,8225
2026-05-15T10:45:00+05:30,3453.9,3457.1,3452.1,3452.1,6825
2026-05-15T10:50:00+05:30,3454.7,3454.7,3447.4,3449.6,15575
2026-05-15T10:55:00+05:30,3451,3454.8,3448.7,3454.4,14700
2026-05-15T11:00:00+05:30,3452.2,3452.2,3448,3448.8,3675
2026-05-15T11:05:00+05:30,3443.8,3444.9,3430,3438.4,27300
2026-05-15T11:10:00+05:30,3433,3443.6,3433,3443.6,11550
2026-05-15T11:15:00+05:30,3440,3442.9,3434,3438.7,11725
2026-05-15T11:20:00+05:30,3438.1,3440.3,3434.7,3436.3,2800
2026-05-15T11:25:00+05:30,3436.3,3437.9,3430,3431.3,2800
2026-05-15T11:30:00+05:30,3427.7,3431.7,3423.8,3431.7,9800
2026-05-15T11:35:00+05:30,3433.9,3437.7,3427,3433.9,5075
2026-05-15T11:40:00+05:30,3434.9,3440.7,3434.9,3440.7,875
2026-05-15T11:45:00+05:30,3440,3447.3,3434,3443.4,6125
2026-05-15T11:50:00+05:30,3450,3460,3442.8,3453.5,16625
2026-05-15T11:55:00+05:30,3453.1,3456.1,3450.5,3455.6,3150
2026-05-15T12:00:00+05:30,3455.5,3465.2,3455,3465.2,9275
2026-05-15T12:05:00+05:30,3463.2,3467.9,3461,3461.7,15575
2026-05-15T12:10:00+05:30,3462.1,3463.5,3458.1,3458.1,4725
2026-05-15T12:15:00+05:30,3460.8,3463.5,3456.1,3463.5,6475
2026-05-15T12:20:00+05:30,3463.9,3465,3459.2,3465,6300
2026-05-15T12:25:00+05:30,3464,3479.9,3463.8,3470,14000
2026-05-15T12:30:00+05:30,3468.5,3471.7,3463,3463.2,7875
2026-05-15T12:35:00+05:30,3464.4,3468,3458.6,3465.1,7000
2026-05-15T12:40:00+05:30,3466.8,3468.7,3465.8,3466.1,2450
2026-05-15T12:45:00+05:30,3466.5,3475.9,3465.8,3475,7525
2026-05-15T12:50:00+05:30,3472.8,3476,3471,3473,8400
2026-05-15T12:55:00+05:30,3473.3,3476,3471,3471,2800
2026-05-15T13:00:00+05:30,3472,3472,3462,3464.4,4200
2026-05-15T13:05:00+05:30,3463.2,3468.2,3462.7,3462.7,4375
2026-05-15T13:10:00+05:30,3462.9,3468,3462.1,3464.2,2450
2026-05-15T13:15:00+05:30,3463.9,3467.5,3463.1,3463.1,3500
2026-05-15T13:20:00+05:30,3464.1,3465.4,3461,3463.2,3500
2026-05-15T13:25:00+05:30,3463.5,3463.5,3459.4,3459.4,1750
2026-05-15T13:30:00+05:30,3457.5,3461.8,3454.6,3454.6,13125
2026-05-15T13:35:00+05:30,3457.5,3458.3,3450.3,3452.1,4200
2026-05-15T13:40:00+05:30,3454,3455,3451.8,3455,2100
2026-05-15T13:45:00+05:30,3456,3456,3451,3451,1925
2026-05-15T13:50:00+05:30,3452.6,3460,3451.6,3458,5425
2026-05-15T13:55:00+05:30,3459,3466.9,3459,3459.4,8050
2026-05-15T14:00:00+05:30,3461.5,3463.6,3458,3462,5600
2026-05-15T14:05:00+05:30,3461,3465.8,3460.3,3462.1,2625
2026-05-15T14:10:00+05:30,3465.1,3479.4,3463.3,3479.4,24850
2026-05-15T14:15:00+05:30,3474.4,3474.4,3463.6,3466,5950
2026-05-15T14:20:00+05:30,3464.8,3470.2,3464.8,3467.1,2450
2026-05-15T14:25:00+05:30,3466.1,3474,3462,3473.3,6650
2026-05-15T14:30:00+05:30,3476,3479,3470.5,3471.9,10500
2026-05-15T14:35:00+05:30,3472.6,3478.2,3472.4,3472.5,4200
2026-05-15T14:40:00+05:30,3474,3478.1,3471.9,3473.7,4550
2026-05-15T14:45:00+05:30,3472.1,3477.2,3465.8,3466.7,10675
2026-05-15T14:50:00+05:30,3466.8,3470,3463.7,3468,9450
2026-05-15T14:55:00+05:30,3465.3,3475.9,3465.3,3474.9,9800
2026-05-15T15:00:00+05:30,3473,3486,3467.2,3486,19950
2026-05-15T15:05:00+05:30,3487,3489.9,3479,3479,32200
2026-05-15T15:10:00+05:30,3479,3481.1,3475.3,3475.3,19250
2026-05-15T15:15:00+05:30,3478.8,3479.5,3470.3,3477.3,27300
2026-05-15T15:20:00+05:30,3476.6,3477.5,3467.1,3471.7,14875
2026-05-15T15:25:00+05:30,3472,3473.2,3462.2,3472,37625
2026-05-18T09:15:00+05:30,3408.3,3427,3375,3400,46025
2026-05-18T09:20:00+05:30,3400,3400,3366,3380.8,60900
2026-05-18T09:25:00+05:30,3381.2,3389.1,3374.4,3389.1,34650
2026-05-18T09:30:00+05:30,3381.5,3395.8,3377,3393,24675
2026-05-18T09:35:00+05:30,3390.8,3396.4,3388.1,3392,11025
2026-05-18T09:40:00+05:30,3395,3395.1,3380,3380.4,7350
2026-05-18T09:45:00+05:30,3381.4,3390,3380.8,3388.8,11025
2026-05-18T09:50:00+05:30,3388,3388.1,3375,3375.3,12425
2026-05-18T09:55:00+05:30,3375.4,3377.6,3374,3374.6,4375
2026-05-18T10:00:00+05:30,3377.5,3385,3376.5,3381.3,8225
2026-05-18T10:05:00+05:30,3382.1,3388.1,3373.3,3388.1,6650
2026-05-18T10:10:00+05:30,3389.1,3391.9,3387.4,3391.9,4200
2026-05-18T10:15:00+05:30,3391.1,3392.3,3387.6,3388,5250
2026-05-18T10:20:00+05:30,3388.6,3393,3380,3382.1,24500
2026-05-18T10:25:00+05:30,3385,3388.8,3383.7,3387,3150
2026-05-18T10:30:00+05:30,3386.8,3386.8,3372.2,3385,25200
2026-05-18T10:35:00+05:30,3385,3400,3385,3396.4,19250
2026-05-18T10:40:00+05:30,3396,3398,3392,3394.6,4900
2026-05-18T10:45:00+05:30,3393.7,3394.9,3388.8,3389.5,3500
2026-05-18T10:50:00+05:30,3386,3389.6,3385.1,3386.9,6650
2026-05-18T10:55:00+05:30,3388.3,3395,3385.2,3395,7875
2026-05-18T11:00:00+05:30,3399.1,3400.3,3395.5,3399,7350
2026-05-18T11:05:00+05:30,3398.4,3403.9,3398.4,3403.9,30275
2026-05-18T11:10:00+05:30,3403,3404,3400.8,3401.5,5250
2026-05-18T11:15:00+05:30,3402.3,3406,3401.5,3401.9,8225
2026-05-18T11:20:00+05:30,3398.8,3400.5,3392.8,3395,4550
2026-05-18T11:25:00+05:30,3395.1,3395.3,3390.9,3394.9,4200
2026-05-18T11:30:00+05:30,3394.4,3398.9,3394.4,3396.9,4200
2026-05-18T11:35:00+05:30,3394.6,3400.2,3394.6,3399.3,2975
2026-05-18T11:40:00+05:30,3399.4,3399.4,3392.7,3396.9,2800
2026-05-18T11:45:00+05:30,3396.1,3396.1,3383.3,3386.2,6650
2026-05-18T11:50:00+05:30,3385.9,3390.1,3385.2,3386.3,3150
2026-05-18T11:55:00+05:30,3384.9,3387.2,3383.3,3383.3,3675
2026-05-18T12:00:00+05:30,3383.9,3385,3382.4,3385,3675
2026-05-18T12:05:00+05:30,3385,3391.6,3384.1,3389,7525
2026-05-18T12:10:00+05:30,3385.3,3392,3385.3,3391,5250
2026-05-18T12:15:00+05:30,3389.7,3393.4,3375.5,3380,16450
2026-05-18T12:20:00+05:30,3380.8,3380.8,3340,3348.8,191450
2026-05-18T12:25:00+05:30,3348.8,3363.5,3348.8,3359,70700
2026-05-18T12:30:00+05:30,3358.7,3379.4,3355.8,3372,23975
2026-05-18T12:35:00+05:30,3377.3,3378.8,3370.2,3377.6,7700
2026-05-18T12:40:00+05:30,3374.1,3379.5,3370.3,3373.6,10325
2026-05-18T12:45:00+05:30,3373.1,3375.5,3363.7,3363.7,22750
2026-05-18T12:50:00+05:30,3358.9,3364.9,3351.6,3351.6,35875
2026-05-18T12:55:00+05:30,3351.2,3362.4,3334.8,3338,56000
2026-05-18T13:00:00+05:30,3339.3,3355.6,3339.3,3346.6,50400
2026-05-18T13:05:00+05:30,3344.7,3344.9,3329.3,3329.3,31500
2026-05-18T13:10:00+05:30,3329.9,3339.5,3320,3333.6,81725
2026-05-18T13:15:00+05:30,3337.5,3340,3328.7,3329.4,16975
2026-05-18T13:20:00+05:30,3329.3,3334.7,3326.5,3332,8225
2026-05-18T13:25:00+05:30,3335.5,3336.8,3326.5,3326.5,7350
2026-05-18T13:30:00+05:30,3326.8,3333.4,3326.6,3331.7,11025
2026-05-18T13:35:00+05:30,3332.6,3332.6,3317,3324.1,37975
2026-05-18T13:40:00+05:30,3320.8,3324.8,3319.3,3323.4,7875
2026-05-18T13:45:00+05:30,3323.4,3324.7,3317.1,3318.2,7525
2026-05-18T13:50:00+05:30,3319.6,3325.1,3319.1,3321.9,5075
2026-05-18T13:55:00+05:30,3320.7,3325.7,3315.1,3321,117600
2026-05-18T14:00:00+05:30,3318.4,3334,3315,3331.6,19250
2026-05-18T14:05:00+05:30,3335,3335,3321.3,3321.3,19600
2026-05-18T14:10:00+05:30,3324.9,3324.9,3319.6,3323,9100
2026-05-18T14:15:00+05:30,3321.6,3321.8,3315.1,3321.4,10675
2026-05-18T14:20:00+05:30,3319.7,3320.3,3307,3307.7,28525
2026-05-18T14:25:00+05:30,3307.5,3310.8,3306,3307.6,21525
2026-05-18T14:30:00+05:30,3306.7,3309.5,3303,3307.8,15050
2026-05-18T14:35:00+05:30,3306.6,3307.6,3297,3300,68425
2026-05-18T14:40:00+05:30,3300.1,3304.8,3298.3,3301.1,29225
2026-05-18T14:45:00+05:30,3302.1,3306.1,3289.1,3291.1,30275
2026-05-18T14:50:00+05:30,3293.7,3297.4,3292,3296,22225
2026-05-18T14:55:00+05:30,3296.1,3306.1,3286.1,3305.1,36575
2026-05-18T15:00:00+05:30,3305.2,3312.8,3301.4,3303.5,68950
2026-05-18T15:05:00+05:30,3303.5,3305.5,3288.5,3289.5,59850
2026-05-18T15:10:00+05:30,3289,3295.5,3285,3294.7,57575
2026-05-18T15:15:00+05:30,3294.6,3299.8,3291,3298.2,36050
2026-05-18T15:20:00+05:30,3299,3304.2,3297.3,3304.2,31675
2026-05-18T15:25:00+05:30,3303.7,3304.2,3287.4,3297,79800
2026-05-19T09:15:00+05:30,3297,3311.5,3282.1,3286,34125
2026-05-19T09:20:00+05:30,3287.5,3295.1,3282,3288.5,14000
2026-05-19T09:25:00+05:30,3295.8,3319,3295.8,3315.8,26075
2026-05-19T09:30:00+05:30,3317.4,3317.4,3286,3286,19600
2026-05-19T09:35:00+05:30,3287.2,3287.8,3275,3284.8,49525
2026-05-19T09:40:00+05:30,3289.5,3302,3287.2,3297.6,12250
2026-05-19T09:45:00+05:30,3296.2,3298,3289,3290.8,7175
2026-05-19T09:50:00+05:30,3293,3298,3290,3294.8,3850
2026-05-19T09:55:00+05:30,3291.9,3293,3283.8,3283.8,14000
2026-05-19T10:00:00+05:30,3283,3287,3274,3275.2,11725
2026-05-19T10:05:00+05:30,3276.6,3280.5,3272,3275.4,19075
2026-05-19T10:10:00+05:30,3276.6,3284.8,3275.6,3281.6,13825
2026-05-19T10:15:00+05:30,3281.9,3287,3280.3,3281.6,12950
2026-05-19T10:20:00+05:30,3280,3285,3276.3,3277,9625
2026-05-19T10:25:00+05:30,3279,3280,3272.1,3275.2,10150
2026-05-19T10:30:00+05:30,3276.5,3277,3262.8,3264,22750
2026-05-19T10:35:00+05:30,3263,3263,3252,3252.7,35000
2026-05-19T10:40:00+05:30,3253.4,3257.2,3241.7,3248,36925
2026-05-19T10:45:00+05:30,3248,3250,3244,3244.3,14350
2026-05-19T10:50:00+05:30,3244.2,3253.3,3243.4,3245.4,23275
2026-05-19T10:55:00+05:30,3248.3,3253.6,3245.2,3252.4,15575
2026-05-19T11:00:00+05:30,3252.8,3259.8,3251.6,3256.8,35000
2026-05-19T11:05:00+05:30,3250.6,3256.3,3242,3242,27125
2026-05-19T11:10:00+05:30,3243.8,3246.2,3241.6,3242.4,9275
2026-05-19T11:15:00+05:30,3241.8,3248,3241.8,3245.7,10850
2026-05-19T11:20:00+05:30,3245.4,3248,3240.7,3243.1,11900
2026-05-19T11:25:00+05:30,3242.7,3250.5,3242.3,3248.1,32550
2026-05-19T11:30:00+05:30,3248.2,3248.7,3237.9,3241.5,21700
2026-05-19T11:35:00+05:30,3241.5,3242,3235.6,3239.5,12950
2026-05-19T11:40:00+05:30,3238.9,3250.5,3238.5,3247,23800
2026-05-19T11:45:00+05:30,3247.8,3291.2,3247.5,3290.2,85050
2026-05-19T11:50:00+05:30,3288.5,3289.9,3270.8,3271.6,56350
2026-05-19T11:55:00+05:30,3271.4,3272.3,3257,3267.3,90125
2026-05-19T12:00:00+05:30,3268.1,3286.3,3266.6,3276.1,41650
2026-05-19T12:05:00+05:30,3277.7,3288.1,3270,3279,86100
2026-05-19T12:10:00+05:30,3279.1,3306.3,3279.1,3295.5,41650
2026-05-19T12:15:00+05:30,3292.6,3296.9,3282.2,3288.6,27475
2026-05-19T12:20:00+05:30,3288.5,3300.8,3288,3298.5,13650
2026-05-19T12:25:00+05:30,3299.7,3299.7,3293.3,3295,11900
2026-05-19T12:30:00+05:30,3294.6,3306.5,3294.6,3304.5,20825
2026-05-19T12:35:00+05:30,3304.5,3306,3300.4,3303.5,15750
2026-05-19T12:40:00+05:30,3304.7,3307.6,3293.7,3296,14875
2026-05-19T12:45:00+05:30,3297.4,3300.8,3292.8,3296.9,10150
2026-05-19T12:50:00+05:30,3297,3300.9,3294.3,3299.5,11200
2026-05-19T12:55:00+05:30,3298.5,3325.5,3298.5,3320,68950
2026-05-19T13:00:00+05:30,3319.7,3320.1,3308.8,3309.4,30100
2026-05-19T13:05:00+05:30,3309.2,3309.7,3295.5,3296.2,12250
2026-05-19T13:10:00+05:30,3299.3,3301.6,3294.5,3296.8,18200
2026-05-19T13:15:00+05:30,3295.3,3305.5,3295.3,3302.2,11550
2026-05-19T13:20:00+05:30,3301.3,3309.2,3301.3,3305.9,10675
2026-05-19T13:25:00+05:30,3306.7,3309.1,3301.5,3304.1,17850
2026-05-19T13:30:00+05:30,3310.9,3315.9,3310.2,3310.3,11900
2026-05-19T13:35:00+05:30,3307.9,3312.2,3304.3,3311.8,9275
2026-05-19T13:40:00+05:30,3311.1,3314.2,3308.8,3309.8,7000
2026-05-19T13:45:00+05:30,3307.9,3312.5,3304.7,3310.1,8225
2026-05-19T13:50:00+05:30,3308.8,3311.4,3306,3306.3,9100
2026-05-19T13:55:00+05:30,3305.6,3309.9,3304.6,3309.6,8575
2026-05-19T14:00:00+05:30,3310.5,3312.7,3304.3,3307.2,9275
2026-05-19T14:05:00+05:30,3307.2,3307.6,3295.5,3298.7,8225
2026-05-19T14:10:00+05:30,3296,3299.9,3295,3299.9,11025
2026-05-19T14:15:00+05:30,3304,3308.6,3303.6,3305.3,9450
2026-05-19T14:20:00+05:30,3305.4,3305.4,3303.5,3303.9,12425
2026-05-19T14:25:00+05:30,3304.9,3306.3,3301.9,3304.5,14350
2026-05-19T14:30:00+05:30,3303.5,3306.6,3299.4,3299.4,12250
2026-05-19T14:35:00+05:30,3299.7,3299.7,3295.1,3296.9,14525
2026-05-19T14:40:00+05:30,3296.9,3298.6,3294.7,3298.4,18200
2026-05-19T14:45:00+05:30,3294.9,3296.5,3288.4,3295.1,14875
2026-05-19T14:50:00+05:30,3295,3300,3291,3300,19600
2026-05-19T14:55:00+05:30,3299,3302.2,3298,3299.8,13825
2026-05-19T15:00:00+05:30,3299.8,3299.8,3292.6,3296.4,19600
2026-05-19T15:05:00+05:30,3297.8,3297.8,3292.9,3296,16450
2026-05-19T15:10:00+05:30,3295.2,3296,3291,3292.3,19250
2026-05-19T15:15:00+05:30,3292.3,3296.7,3288.8,3295.3,27825
2026-05-19T15:20:00+05:30,3292.2,3300.3,3290.3,3300,31850
2026-05-19T15:25:00+05:30,3298.3,3300.3,3288.2,3292.5,47775
2026-05-20T09:15:00+05:30,3292.5,3292.5,3240,3245.7,38150
2026-05-20T09:20:00+05:30,3245.6,3269,3245.6,3259.8,17850
2026-05-20T09:25:00+05:30,3259.8,3281.4,3256.9,3281.1,10325
2026-05-20T09:30:00+05:30,3281.1,3295.5,3277,3293.1,10675
2026-05-20T09:35:00+05:30,3291.3,3320,3291.3,3310.1,35875
2026-05-20T09:40:00+05:30,3310,3333,3310,3328.2,62650
2026-05-20T09:45:00+05:30,3328.5,3331.1,3322.2,3326.7,23625
2026-05-20T09:50:00+05:30,3331.1,3338,3329,3333.9,22050
2026-05-20T09:55:00+05:30,3334,3336.3,3328.4,3335.4,9625
2026-05-20T10:00:00+05:30,3336,3336.9,3330,3330,14875
2026-05-20T10:05:00+05:30,3330,3332,3327.4,3328.1,16625
2026-05-20T10:10:00+05:30,3329.5,3340.3,3326.8,3336.3,25025
2026-05-20T10:15:00+05:30,3336,3348.8,3333.8,3345,22050
2026-05-20T10:20:00+05:30,3343.6,3356.4,3341.1,3353.4,55300
2026-05-20T10:25:00+05:30,3353.4,3353.4,3343.4,3346.2,17150
2026-05-20T10:30:00+05:30,3346.1,3353,3340.8,3342.4,14525
2026-05-20T10:35:00+05:30,3344.5,3344.5,3335.5,3337.7,5950
2026-05-20T10:40:00+05:30,3336.2,3341.2,3335.6,3341.2,11025
2026-05-20T10:45:00+05:30,3338.9,3344,3337.5,3342.3,5775
2026-05-20T10:50:00+05:30,3342.3,3349.4,3342.3,3346.9,8050
2026-05-20T10:55:00+05:30,3346.9,3353.9,3346.9,3353.2,10675
2026-05-20T11:00:00+05:30,3352,3359.5,3350.9,3353.3,17850
2026-05-20T11:05:00+05:30,3353.5,3354.7,3350.2,3352.3,6475
2026-05-20T11:10:00+05:30,3351.8,3354,3349.1,3351,6475
2026-05-20T11:15:00+05:30,3350,3355,3348.6,3348.6,11200
2026-05-20T11:20:00+05:30,3348.6,3362.8,3346,3362.8,28525
2026-05-20T11:25:00+05:30,3362.1,3364.7,3357.5,3361.3,18900
2026-05-20T11:30:00+05:30,3359.3,3360.6,3351.1,3360.6,20650
2026-05-20T11:35:00+05:30,3360.2,3361.1,3356.3,3360.6,8925
2026-05-20T11:40:00+05:30,3359.6,3362,3355,3359.7,12075
2026-05-20T11:45:00+05:30,3358,3366.8,3358,3360.4,22050
2026-05-20T11:50:00+05:30,3356.2,3364,3356.2,3364,5425
2026-05-20T11:55:00+05:30,3366.5,3369.4,3359.4,3367,12950
2026-05-20T12:00:00+05:30,3369,3369.9,3360,3366.3,16450
2026-05-20T12:05:00+05:30,3366.3,3366.3,3360.3,3363.5,9100
2026-05-20T12:10:00+05:30,3365.2,3368.2,3362.2,3367.8,13650
2026-05-20T12:15:00+05:30,3367.4,3369,3364.1,3364.1,9450
2026-05-20T12:20:00+05:30,3365.4,3368.2,3362.4,3367,7525
2026-05-20T12:25:00+05:30,3365,3373,3365,3370,26600
2026-05-20T12:30:00+05:30,3369,3373.2,3368.2,3372.4,13125
2026-05-20T12:35:00+05:30,3372.6,3377.5,3371,3375.2,20650
2026-05-20T12:40:00+05:30,3375.2,3376,3368,3371,12425
2026-05-20T12:45:00+05:30,3370.4,3370.4,3366.9,3367.6,5075
2026-05-20T12:50:00+05:30,3367.6,3371.9,3366.5,3367.6,6650
2026-05-20T12:55:00+05:30,3369.5,3369.5,3366.4,3368.4,4200
2026-05-20T13:00:00+05:30,3367.8,3367.8,3355.9,3357.9,12950
2026-05-20T13:05:00+05:30,3357.9,3363,3357.9,3361,7175
2026-05-20T13:10:00+05:30,3362.1,3364,3359.9,3361.1,5600
2026-05-20T13:15:00+05:30,3361.1,3362,3353,3354,9450
2026-05-20T13:20:00+05:30,3352.5,3361.7,3351.6,3355.3,21000
2026-05-20T13:25:00+05:30,3355.8,3362.2,3355.2,3355.2,8925
2026-05-20T13:30:00+05:30,3358.8,3359.6,3354,3357.3,8400
2026-05-20T13:35:00+05:30,3360,3364.1,3354.7,3360.7,6475
2026-05-20T13:40:00+05:30,3360.7,3360.7,3357,3359.9,3325
2026-05-20T13:45:00+05:30,3359.7,3361.9,3356.7,3359,7350
2026-05-20T13:50:00+05:30,3360.5,3361.9,3357.5,3357.9,5425
2026-05-20T13:55:00+05:30,3357.5,3363.2,3357.5,3361,5600
2026-05-20T14:00:00+05:30,3361.7,3368.9,3356.3,3358.5,9625
2026-05-20T14:05:00+05:30,3365.2,3378.8,3361.9,3378.8,23800
2026-05-20T14:10:00+05:30,3375.6,3376.5,3367.1,3367.1,19250
2026-05-20T14:15:00+05:30,3369,3375.1,3369,3373.9,19600
2026-05-20T14:20:00+05:30,3373.8,3378,3373,3375.4,9800
2026-05-20T14:25:00+05:30,3375,3378.4,3366.3,3376.6,18200
2026-05-20T14:30:00+05:30,3376.6,3379.2,3375.6,3376.7,10850
2026-05-20T14:35:00+05:30,3376.7,3382.7,3374,3382.1,21525
2026-05-20T14:40:00+05:30,3382.1,3385,3374.7,3374.7,19425
2026-05-20T14:45:00+05:30,3378.6,3378.7,3376.5,3376.5,10675
2026-05-20T14:50:00+05:30,3376.5,3380.6,3372.6,3377.5,15050
2026-05-20T14:55:00+05:30,3377.5,3379.3,3373.7,3375.6,13475
2026-05-20T15:00:00+05:30,3373.1,3373.1,3364.5,3364.5,17325
2026-05-20T15:05:00+05:30,3364.7,3370.7,3364.2,3370.5,12600
2026-05-20T15:10:00+05:30,3371.4,3372.5,3365.1,3367.7,14700
2026-05-20T15:15:00+05:30,3370.9,3372.5,3366.5,3368.8,21700
2026-05-20T15:20:00+05:30,3365.9,3369.2,3365,3369.2,23450
2026-05-20T15:25:00+05:30,3367.6,3371.9,3366.7,3369,28000
2026-05-21T09:15:00+05:30,3399.9,3399.9,3352.1,3352.1,37275
2026-05-21T09:20:00+05:30,3352.1,3386.6,3350,3384.8,29575
2026-05-21T09:25:00+05:30,3384.4,3385.4,3373.8,3373.8,17500
2026-05-21T09:30:00+05:30,3372.8,3375,3366.2,3368.6,23975
2026-05-21T09:35:00+05:30,3368.6,3374,3362.5,3372,23100
2026-05-21T09:40:00+05:30,3372,3373.2,3366.6,3370.8,25025
2026-05-21T09:45:00+05:30,3370.8,3373.8,3359.7,3360.1,13475
2026-05-21T09:50:00+05:30,3358.3,3363,3358.2,3361,23625
2026-05-21T09:55:00+05:30,3361,3368.4,3361,3367.5,18550
2026-05-21T10:00:00+05:30,3367.5,3367.5,3360.7,3360.7,24150
2026-05-21T10:05:00+05:30,3363.9,3364.7,3354.2,3357.4,40600
2026-05-21T10:10:00+05:30,3360.7,3365.9,3360.6,3365,14350
2026-05-21T10:15:00+05:30,3365,3377.2,3364.5,3377.2,21000
2026-05-21T10:20:00+05:30,3377.7,3382,3375.6,3378,28000
2026-05-21T10:25:00+05:30,3378,3390,3378,3385.6,25900
2026-05-21T10:30:00+05:30,3385.3,3390.8,3377.6,3377.6,24675
2026-05-21T10:35:00+05:30,3377.6,3378.6,3372.3,3372.3,17850
2026-05-21T10:40:00+05:30,3372.3,3381.2,3372.3,3381.2,15400
2026-05-21T10:45:00+05:30,3380,3386,3376.9,3383.3,23800
2026-05-21T10:50:00+05:30,3383.3,3387.2,3377.1,3377.1,26950
2026-05-21T10:55:00+05:30,3377.1,3380,3369.6,3372.7,19950
2026-05-21T11:00:00+05:30,3373.6,3378.9,3373.3,3374.4,18200
2026-05-21T11:05:00+05:30,3374.4,3377.6,3373.3,3377.6,11025
2026-05-21T11:10:00+05:30,3377.6,3379.9,3373.9,3376,139300
2026-05-21T11:15:00+05:30,3378.7,3378.7,3367.4,3374,18375
2026-05-21T11:20:00+05:30,3377.1,3379.6,3375.8,3379,17150
2026-05-21T11:25:00+05:30,3379,3389.7,3379,3389.7,14175
2026-05-21T11:30:00+05:30,3387.5,3389.2,3380,3380.3,25375
2026-05-21T11:35:00+05:30,3379.9,3379.9,3377.4,3377.4,77700
2026-05-21T11:40:00+05:30,3379.9,3380.4,3378.4,3378.6,21000
2026-05-21T11:45:00+05:30,3379.8,3379.8,3376,3376,17150
2026-05-21T11:50:00+05:30,3375.8,3377.4,3375.6,3376.3,16100
2026-05-21T11:55:00+05:30,3376.3,3376.3,3373.7,3375.5,16275
2026-05-21T12:00:00+05:30,3374.8,3381.5,3371.7,3379.2,42175
2026-05-21T12:05:00+05:30,3381.9,3383.6,3379.1,3381.4,16450
2026-05-21T12:10:00+05:30,3380.9,3382.4,3376.9,3378.7,25725
2026-05-21T12:15:00+05:30,3379.1,3381,3378.8,3378.8,19950
2026-05-21T12:20:00+05:30,3377.3,3381.2,3372.8,3378,276850
2026-05-21T12:25:00+05:30,3378.8,3380,3372.1,3376.9,30450
2026-05-21T12:30:00+05:30,3378.2,3378.2,3368.5,3371.2,21700
2026-05-21T12:35:00+05:30,3371,3373.9,3368.8,3373.3,25025
2026-05-21T12:40:00+05:30,3373.1,3375.1,3369.8,3375.1,98000
2026-05-21T12:45:00+05:30,3374.5,3375.6,3369.5,3372.8,17500
2026-05-21T12:50:00+05:30,3374.1,3375.6,3373.8,3375.6,19425
2026-05-21T12:55:00+05:30,3376,3390,3374.1,3382.3,38150
2026-05-21T13:00:00+05:30,3384.7,3385.2,3380.1,3385,20825
2026-05-21T13:05:00+05:30,3385.8,3385.9,3383,3385,23625
2026-05-21T13:10:00+05:30,3387.3,3392,3386,3392,26950
2026-05-21T13:15:00+05:30,3391.4,3391.4,3384.1,3388.6,29400
2026-05-21T13:20:00+05:30,3388.6,3391.3,3387.4,3391.2,22925
2026-05-21T13:25:00+05:30,3391.2,3394.9,3387.1,3390.2,23275
2026-05-21T13:30:00+05:30,3390.2,3391.3,3388.5,3391.3,22050
2026-05-21T13:35:00+05:30,3391.3,3396.8,3390.7,3393.7,23450
2026-05-21T13:40:00+05:30,3393.7,3397,3393.7,3397,20300
2026-05-21T13:45:00+05:30,3397,3397,3389.9,3392.1,25200
2026-05-21T13:50:00+05:30,3392.1,3392.3,3388,3392.3,21000
2026-05-21T13:55:00+05:30,3392.3,3397.5,3390.3,3397.5,25725
2026-05-21T14:00:00+05:30,3397.5,3398.3,3390.2,3390.2,28350
2026-05-21T14:05:00+05:30,3390,3390,3387,3389,33775
2026-05-21T14:10:00+05:30,3390,3392.3,3387.2,3388,15750
2026-05-21T14:15:00+05:30,3388,3391.1,3388,3391.1,38675
2026-05-21T14:20:00+05:30,3391.1,3391.1,3387.6,3390.9,10500
2026-05-21T14:25:00+05:30,3390.9,3392,3384.1,3384.1,23625
2026-05-21T14:30:00+05:30,3386.7,3392,3379.9,3391.9,64225
2026-05-21T14:35:00+05:30,3391.9,3391.9,3385,3389.4,40075
2026-05-21T14:40:00+05:30,3389.4,3391.7,3386.1,3388.6,72275
2026-05-21T14:45:00+05:30,3388.6,3392.8,3386.8,3391.6,69650
2026-05-21T14:50:00+05:30,3391.6,3394.2,3387.5,3390.1,69825
2026-05-21T14:55:00+05:30,3390.1,3392.4,3388.8,3389.6,27650
2026-05-21T15:00:00+05:30,3384.8,3391,3378.1,3382.9,21350
2026-05-21T15:05:00+05:30,3382.9,3390,3382,3389.7,86800
2026-05-21T15:10:00+05:30,3389.7,3394.3,3387.8,3390.3,46725
2026-05-21T15:15:00+05:30,3390.5,3391.3,3386.4,3387.7,98700
2026-05-21T15:20:00+05:30,3390.9,3391.7,3387.6,3387.6,98175
2026-05-21T15:25:00+05:30,3388,3389.8,3384.8,3385.7,18550
2026-05-22T09:15:00+05:30,3388.1,3422.7,3388.1,3404.6,43925
2026-05-22T09:20:00+05:30,3408.7,3414.7,3398.7,3414,60200
2026-05-22T09:25:00+05:30,3410.9,3414.7,3405.7,3412.7,42875
2026-05-22T09:30:00+05:30,3412.7,3414,3407,3412.3,39725
2026-05-22T09:35:00+05:30,3412.3,3424.1,3411.4,3412.2,71575
2026-05-22T09:40:00+05:30,3414.9,3414.9,3401.3,3402.8,44450
2026-05-22T09:45:00+05:30,3402.8,3408.4,3402.8,3405.3,34825
2026-05-22T09:50:00+05:30,3405.3,3411.9,3405,3409,31850
2026-05-22T09:55:00+05:30,3409,3412,3408,3412,21875
2026-05-22T10:00:00+05:30,3409.9,3412.3,3405.4,3410.3,29575
2026-05-22T10:05:00+05:30,3408.9,3409.6,3405,3405.1,29750
2026-05-22T10:10:00+05:30,3405.1,3413.1,3405.1,3410.7,22925
2026-05-22T10:15:00+05:30,3410.7,3411.6,3408.2,3408.9,22050
2026-05-22T10:20:00+05:30,3408.9,3414.7,3408.9,3410.2,27300
2026-05-22T10:25:00+05:30,3410.2,3413.3,3406.6,3407.6,29750
2026-05-22T10:30:00+05:30,3407.6,3414,3407.6,3414,21875
2026-05-22T10:35:00+05:30,3414,3417.5,3406.8,3410.5,27825
2026-05-22T10:40:00+05:30,3410.5,3413.4,3409.6,3410.9,35350
2026-05-22T10:45:00+05:30,3409.4,3410.9,3408,3409.1,30975
2026-05-22T10:50:00+05:30,3409.1,3409.1,3405,3407.2,33075
2026-05-22T10:55:00+05:30,3407.2,3409.4,3405,3408,29400
2026-05-22T11:00:00+05:30,3407.4,3409,3405,3409,35525
2026-05-22T11:05:00+05:30,3409,3409.2,3405.8,3408.1,30975
2026-05-22T11:10:00+05:30,3408.1,3409.7,3405.1,3405.1,24675
2026-05-22T11:15:00+05:30,3407.9,3422.9,3406.4,3421.9,233100
2026-05-22T11:20:00+05:30,3421.9,3427.7,3414.5,3422.7,56000
2026-05-22T11:25:00+05:30,3422.7,3425.2,3412.8,3413.3,44275
2026-05-22T11:30:00+05:30,3413.3,3421.7,3413.3,3421.7,26775
2026-05-22T11:35:00+05:30,3421.7,3434,3419.5,3431.2,26425
2026-05-22T11:40:00+05:30,3431.2,3434.8,3429.7,3434,24500
2026-05-22T11:45:00+05:30,3434.5,3437.9,3432.1,3437.3,33425
2026-05-22T11:50:00+05:30,3437.3,3445,3434.9,3438.9,34300
2026-05-22T11:55:00+05:30,3438.9,3445.3,3437.3,3445,35350
2026-05-22T12:00:00+05:30,3441.2,3444.8,3438.5,3444.5,19950
2026-05-22T12:05:00+05:30,3444.5,3444.9,3440.1,3441.9,24500
2026-05-22T12:10:00+05:30,3441.9,3448.1,3438.4,3442.6,30975
2026-05-22T12:15:00+05:30,3442.6,3446.1,3439.3,3443.1,22575
2026-05-22T12:20:00+05:30,3443.1,3444.1,3437.3,3440.1,21700
2026-05-22T12:25:00+05:30,3440.1,3441.9,3435,3440,25550
2026-05-22T12:30:00+05:30,3440,3440.3,3433.8,3440,24850
2026-05-22T12:35:00+05:30,3440,3441.9,3435,3441.9,40600
2026-05-22T12:40:00+05:30,3441.9,3441.9,3436.9,3440.4,23625
2026-05-22T12:45:00+05:30,3440.4,3440.9,3436.2,3439,26775
2026-05-22T12:50:00+05:30,3439,3445,3433.3,3445,40250
2026-05-22T12:55:00+05:30,3447.1,3450,3442.2,3450,38675
2026-05-22T13:00:00+05:30,3448.1,3452.8,3442.7,3445.8,26600
2026-05-22T13:05:00+05:30,3445.8,3445.8,3440.4,3443,25550
2026-05-22T13:10:00+05:30,3443,3445.1,3438.9,3441.1,24500
2026-05-22T13:15:00+05:30,3441.1,3445.5,3438.6,3442,25725
2026-05-22T13:20:00+05:30,3438.1,3442.6,3434.1,3437.5,23450
2026-05-22T13:25:00+05:30,3437.5,3437.7,3431.4,3435,26425
2026-05-22T13:30:00+05:30,3432.6,3432.6,3424.7,3427,26600
2026-05-22T13:35:00+05:30,3427,3432,3425.6,3432,25900
2026-05-22T13:40:00+05:30,3432,3432,3427.1,3427.1,18200
2026-05-22T13:45:00+05:30,3427.1,3434.6,3427.1,3434.2,20125
2026-05-22T13:50:00+05:30,3434.2,3434.7,3427.1,3433.7,27650
2026-05-22T13:55:00+05:30,3433.7,3438.3,3430.8,3437.8,39550
2026-05-22T14:00:00+05:30,3437.8,3438.3,3429.7,3429.7,24325
2026-05-22T14:05:00+05:30,3429.7,3439,3429,3439,23800
2026-05-22T14:10:00+05:30,3439,3441.1,3434.4,3438,24675
2026-05-22T14:15:00+05:30,3435.4,3435.4,3430.6,3433.5,19775
2026-05-22T14:20:00+05:30,3434,3436.6,3432.2,3434.6,25025
2026-05-22T14:25:00+05:30,3434.6,3437.2,3434.1,3437.2,37100
2026-05-22T14:30:00+05:30,3437.2,3437.2,3426.3,3430.9,29925
2026-05-22T14:35:00+05:30,3430.9,3431,3422.3,3429.5,25025
2026-05-22T14:40:00+05:30,3429.5,3432,3425.4,3425.4,29400
2026-05-22T14:45:00+05:30,3425.4,3431.2,3425.4,3431.2,21175
2026-05-22T14:50:00+05:30,3431.2,3431.6,3425.4,3427.1,23975
2026-05-22T14:55:00+05:30,3427.1,3430,3425.4,3427.9,25725
2026-05-22T15:00:00+05:30,3427.9,3427.9,3417.1,3419.7,44100
2026-05-22T15:05:00+05:30,3419.7,3428.7,3419.5,3425.3,23975
2026-05-22T15:10:00+05:30,3423.1,3429,3423.1,3428.7,23275
2026-05-22T15:15:00+05:30,3429.9,3431.7,3424.6,3427.6,29050
2026-05-22T15:20:00+05:30,3427.6,3437,3427.6,3432.9,48825
2026-05-22T15:25:00+05:30,3434.6,3438.2,3427.3,3438.2,26950
2026-05-25T09:15:00+05:30,3497.4,3504.4,3489,3495.7,76650
2026-05-25T09:20:00+05:30,3495.7,3496.3,3482.7,3494.5,44100
2026-05-25T09:25:00+05:30,3494.8,3498,3489.9,3492.1,37625
2026-05-25T09:30:00+05:30,3492.6,3499.4,3490.8,3498.4,34650
2026-05-25T09:35:00+05:30,3496.1,3496.1,3477.8,3477.8,32375
2026-05-25T09:40:00+05:30,3477.8,3494.4,3477.8,3494.4,23100
2026-05-25T09:45:00+05:30,3494.2,3494.2,3482.9,3482.9,92750
2026-05-25T09:50:00+05:30,3482.9,3489.4,3477.5,3483,47075
2026-05-25T09:55:00+05:30,3482.9,3484.1,3473,3473.6,76300
2026-05-25T10:00:00+05:30,3473.9,3474,3463.1,3467.3,39025
2026-05-25T10:05:00+05:30,3467.9,3469.5,3461.7,3461.7,35175
2026-05-25T10:10:00+05:30,3461.7,3463.1,3458.8,3460.5,51275
2026-05-25T10:15:00+05:30,3460.5,3462.4,3456.2,3459.1,38325
2026-05-25T10:20:00+05:30,3459.1,3459.9,3454,3459.7,28525
2026-05-25T10:25:00+05:30,3459.7,3461.2,3452.6,3458.9,38850
2026-05-25T10:30:00+05:30,3456.6,3463.4,3455.6,3461.7,30450
2026-05-25T10:35:00+05:30,3461.7,3466.4,3461.1,3461.4,32725
2026-05-25T10:40:00+05:30,3461.4,3466.7,3461.2,3461.4,32550
2026-05-25T10:45:00+05:30,3462.2,3468.4,3462.2,3468.4,273875
2026-05-25T10:50:00+05:30,3468.4,3470.5,3466.3,3467.7,55300
2026-05-25T10:55:00+05:30,3467.7,3472.1,3467.7,3470.8,27125
2026-05-25T11:00:00+05:30,3470.8,3470.8,3466,3468.3,22050
2026-05-25T11:05:00+05:30,3468.3,3469.1,3463.8,3463.8,20650
2026-05-25T11:10:00+05:30,3463.8,3464.1,3454.3,3454.8,23450
2026-05-25T11:15:00+05:30,3454.8,3460,3452.9,3455.2,21000
2026-05-25T11:20:00+05:30,3455.2,3458.2,3450,3454.1,205975
2026-05-25T11:25:00+05:30,3454.1,3455.1,3453.1,3453.1,23275
2026-05-25T11:30:00+05:30,3453.1,3454.6,3449.2,3453.7,23975
2026-05-25T11:35:00+05:30,3453.7,3457.8,3447.8,3456.5,27300
2026-05-25T11:40:00+05:30,3456.5,3456.9,3446.2,3447.2,29225
2026-05-25T11:45:00+05:30,3447.2,3447.2,3440.7,3443,28175
2026-05-25T11:50:00+05:30,3443,3447.3,3440,3444,33950
2026-05-25T11:55:00+05:30,3444,3446,3432.4,3443.4,208600
2026-05-25T12:00:00+05:30,3445.8,3446,3438.1,3444.8,32725
2026-05-25T12:05:00+05:30,3444.8,3446.9,3440,3445.5,47425
2026-05-25T12:10:00+05:30,3445.5,3448.6,3443,3443.7,43400
2026-05-25T12:15:00+05:30,3443.7,3446,3441.7,3444,25025
2026-05-25T12:20:00+05:30,3444,3447.4,3442,3445.1,24325
2026-05-25T12:25:00+05:30,3445.1,3455,3441,3448.8,33250
2026-05-25T12:30:00+05:30,3448.8,3451.4,3448.3,3451.4,30275
2026-05-25T12:35:00+05:30,3451.4,3457.6,3451.4,3457.6,20650
2026-05-25T12:40:00+05:30,3457.6,3457.6,3455,3455,22225
2026-05-25T12:45:00+05:30,3455,3455,3447,3448.6,43400
2026-05-25T12:50:00+05:30,3449,3453.7,3448,3449.4,22750
2026-05-25T12:55:00+05:30,3449.4,3450,3445.8,3450,25725
2026-05-25T13:00:00+05:30,3450,3450,3442.6,3446.7,19250
2026-05-25T13:05:00+05:30,3446.7,3448.8,3437.6,3444.4,466550
2026-05-25T13:10:00+05:30,3444.4,3446.4,3437.3,3437.3,39725
2026-05-25T13:15:00+05:30,3436.8,3441.1,3435.7,3440.5,74375
2026-05-25T13:20:00+05:30,3440.5,3440.5,3435.7,3438.3,18900
2026-05-25T13:25:00+05:30,3438.3,3439.2,3428,3429.3,61600
2026-05-25T13:30:00+05:30,3429.3,3431.5,3422.7,3424,31675
2026-05-25T13:35:00+05:30,3424,3428.2,3421.8,3428,20125
2026-05-25T13:40:00+05:30,3428,3435.9,3428,3431.6,18025
2026-05-25T13:45:00+05:30,3431.6,3436.4,3431.6,3436.4,30275
2026-05-25T13:50:00+05:30,3436.4,3441.9,3435.9,3436.6,51450
2026-05-25T13:55:00+05:30,3436.6,3437.3,3433.4,3435.6,18200
2026-05-25T14:00:00+05:30,3435.6,3440.3,3435.6,3440.3,24325
2026-05-25T14:05:00+05:30,3442.4,3444.1,3440.4,3442.7,22750
2026-05-25T14:10:00+05:30,3442.7,3445.2,3442.3,3442.7,27650
2026-05-25T14:15:00+05:30,3442.7,3445,3435.8,3442,31500
2026-05-25T14:20:00+05:30,3442,3445,3440.2,3440.2,24500
2026-05-25T14:25:00+05:30,3440.2,3450.2,3440.2,3442.1,21700
2026-05-25T14:30:00+05:30,3442.1,3455.9,3441.3,3454.7,34300
2026-05-25T14:35:00+05:30,3454.7,3465.8,3454.7,3465.8,27650
2026-05-25T14:40:00+05:30,3464.6,3466,3459,3465,34475
2026-05-25T14:45:00+05:30,3465,3468,3464,3466.5,37800
2026-05-25T14:50:00+05:30,3466.5,3473.9,3466.5,3473.9,28875
2026-05-25T14:55:00+05:30,3473.9,3474,3468.8,3470.1,57225
2026-05-25T15:00:00+05:30,3470.1,3477.6,3470.1,3476.5,25550
2026-05-25T15:05:00+05:30,3476.5,3477.9,3471.6,3475.1,26425
2026-05-25T15:10:00+05:30,3475.1,3482,3475,3479.7,22575
2026-05-25T15:15:00+05:30,3480.7,3480.7,3476.3,3478.3,19775
2026-05-25T15:20:00+05:30,3477.1,3480.6,3476.1,3480.6,22400
2026-05-25T15:25:00+05:30,3479.5,3481.9,3479.5,3479.8,16800
2026-05-26T09:15:00+05:30,3481.1,3482.1,3465.4,3476.2,16100
2026-05-26T09:20:00+05:30,3476.2,3478.7,3475.2,3478,5250
2026-05-26T09:25:00+05:30,3479.1,3491.1,3477,3486.5,17675
2026-05-26T09:30:00+05:30,3484.1,3485.2,3478,3484.5,9625
2026-05-26T09:35:00+05:30,3479.6,3490,3479.6,3489.1,6650
2026-05-26T09:40:00+05:30,3488.9,3488.9,3481,3481,8750
2026-05-26T09:45:00+05:30,3482,3485.4,3481,3481,6475
2026-05-26T09:50:00+05:30,3481.4,3486.6,3480,3480,19600
2026-05-26T09:55:00+05:30,3480,3480,3471,3471.4,12250
2026-05-26T10:00:00+05:30,3471.5,3485,3471,3484,18375
2026-05-26T10:05:00+05:30,3481.1,3482.9,3480.6,3482.2,7350
2026-05-26T10:10:00+05:30,3482.2,3483.2,3479.1,3479.1,12075
2026-05-26T10:15:00+05:30,3477,3480.5,3466.6,3469.7,25900
2026-05-26T10:20:00+05:30,3468.3,3471.9,3466.4,3468.5,12950
2026-05-26T10:25:00+05:30,3468.3,3477.1,3467.8,3475.2,13125
2026-05-26T10:30:00+05:30,3475.2,3484.8,3474.7,3474.7,160825
2026-05-26T10:35:00+05:30,3476.3,3476.8,3474.7,3475.3,39200
2026-05-26T10:40:00+05:30,3475.3,3475.3,3470,3472.7,24500
2026-05-26T10:45:00+05:30,3472.7,3475,3468.1,3470.5,27125
2026-05-26T10:50:00+05:30,3470.5,3471,3469.2,3469.4,12425
2026-05-26T10:55:00+05:30,3469.4,3470,3465,3466.6,23800
2026-05-26T11:00:00+05:30,3465.9,3468.4,3464.2,3466.2,18550
2026-05-26T11:05:00+05:30,3466.2,3471.7,3465.6,3471.7,12775
2026-05-26T11:10:00+05:30,3471.7,3478.9,3470,3472.4,19775
2026-05-26T11:15:00+05:30,3472.7,3476.3,3470.1,3476.3,13650
2026-05-26T11:20:00+05:30,3476.3,3479,3473.4,3477.5,16100
2026-05-26T11:25:00+05:30,3477.5,3479.4,3472.6,3472.6,17675
2026-05-26T11:30:00+05:30,3472,3476.7,3472,3474.3,11025
2026-05-26T11:35:00+05:30,3474.3,3477.3,3474.3,3476,10150
2026-05-26T11:40:00+05:30,3474.4,3477.3,3473.5,3477.3,7175
2026-05-26T11:45:00+05:30,3477.3,3477.3,3472.8,3473.4,7350
2026-05-26T11:50:00+05:30,3473.4,3476.4,3472.7,3475,4550
2026-05-26T11:55:00+05:30,3473,3475.4,3472.5,3472.5,11025
2026-05-26T12:00:00+05:30,3472.5,3474,3472,3472,2975
2026-05-26T12:05:00+05:30,3472.7,3473,3470.3,3473,5250
2026-05-26T12:10:00+05:30,3470.5,3473,3470,3470,11200
2026-05-26T12:15:00+05:30,3471.2,3477.3,3471.1,3473.1,7175
2026-05-26T12:20:00+05:30,3473.1,3474,3467,3467,12425
2026-05-26T12:25:00+05:30,3467,3468.7,3464.5,3465,11900
2026-05-26T12:30:00+05:30,3464.7,3466.8,3464.2,3464.2,8925
2026-05-26T12:35:00+05:30,3464.5,3464.5,3461.4,3462.5,6825
2026-05-26T12:40:00+05:30,3462.5,3464.2,3454.2,3454.2,14175
2026-05-26T12:45:00+05:30,3454,3454.9,3451.7,3452.1,6650
2026-05-26T12:50:00+05:30,3453.9,3454,3449.4,3452.4,15050
2026-05-26T12:55:00+05:30,3452.5,3455.5,3452.5,3455.5,7350
2026-05-26T13:00:00+05:30,3455.5,3456.3,3453,3455.2,6300
2026-05-26T13:05:00+05:30,3454.1,3461.8,3454,3461.6,5600
2026-05-26T13:10:00+05:30,3461.8,3461.9,3457.4,3457.6,7175
2026-05-26T13:15:00+05:30,3457.5,3457.5,3453.4,3456.4,10325
2026-05-26T13:20:00+05:30,3454.8,3463,3454.8,3461.5,5600
2026-05-26T13:25:00+05:30,3458.5,3459.2,3456.7,3456.7,8925
2026-05-26T13:30:00+05:30,3458,3462,3456.8,3458.2,4200
2026-05-26T13:35:00+05:30,3458.8,3460.2,3454.9,3456.7,4200
2026-05-26T13:40:00+05:30,3458,3458.3,3452.1,3452.1,13300
2026-05-26T13:45:00+05:30,3452,3452,3449.3,3451.1,10150
2026-05-26T13:50:00+05:30,3450.2,3450.2,3445.6,3449.9,8400
2026-05-26T13:55:00+05:30,3451.4,3452.8,3450,3450,3325
2026-05-26T14:00:00+05:30,3450.8,3458,3449.8,3457.9,11375
2026-05-26T14:05:00+05:30,3458.6,3466.6,3456.1,3463.2,19425
2026-05-26T14:10:00+05:30,3463.1,3466.4,3459.3,3465.6,25025
2026-05-26T14:15:00+05:30,3465.1,3473.7,3461,3473,52150
2026-05-26T14:20:00+05:30,3472.7,3475,3469.5,3470.1,11025
2026-05-26T14:25:00+05:30,3471.7,3478,3467.1,3475,18200
2026-05-26T14:30:00+05:30,3475.8,3478,3472.3,3476.4,12075
2026-05-26T14:35:00+05:30,3476.5,3476.5,3470.3,3470.4,22925
2026-05-26T14:40:00+05:30,3471.7,3473.2,3468,3470.1,10500
2026-05-26T14:45:00+05:30,3468.5,3474.4,3467.8,3470.5,17325
2026-05-26T14:50:00+05:30,3470.3,3471.6,3467.3,3467.3,12075
2026-05-26T14:55:00+05:30,3467.3,3472.1,3467.3,3472.1,17325
2026-05-26T15:00:00+05:30,3471.9,3474.4,3464,3464.3,42875
2026-05-26T15:05:00+05:30,3463.5,3468.5,3462.1,3464.3,8050
2026-05-26T15:10:00+05:30,3464.3,3472.5,3463.5,3469.2,26250
2026-05-26T15:15:00+05:30,3469.1,3470.1,3462.2,3462.2,28000
2026-05-26T15:20:00+05:30,3465.3,3469.7,3463.2,3467,29050
2026-05-26T15:25:00+05:30,3468.8,3489.4,3464.1,3464.8,62650
2026-05-27T09:15:00+05:30,3465.7,3483.7,3457,3483.1,7000
2026-05-27T09:20:00+05:30,3481.5,3495,3480.8,3495,17500
2026-05-27T09:25:00+05:30,3497.8,3502,3491.5,3497.5,13650
2026-05-27T09:30:00+05:30,3497,3497,3474,3478.5,7700
2026-05-27T09:35:00+05:30,3479,3481.5,3466,3470.4,16975
2026-05-27T09:40:00+05:30,3470,3472.9,3465.8,3470,7000
2026-05-27T09:45:00+05:30,3472.8,3486.6,3470,3478,9100
2026-05-27T09:50:00+05:30,3484,3484,3477.8,3477.8,2275
2026-05-27T09:55:00+05:30,3477.9,3479.8,3474,3474,2975
2026-05-27T10:00:00+05:30,3472,3474,3467.3,3470,5600
2026-05-27T10:05:00+05:30,3472.4,3479.3,3472.2,3473.2,6650
2026-05-27T10:10:00+05:30,3473,3473,3466.9,3469.1,7000
2026-05-27T10:15:00+05:30,3469.7,3470.4,3465,3466.3,6650
2026-05-27T10:20:00+05:30,3468.1,3472.6,3466.2,3466.2,5775
2026-05-27T10:25:00+05:30,3467.5,3473.4,3466.7,3470,3675
2026-05-27T10:30:00+05:30,3470,3470.4,3467.6,3469.4,3675
2026-05-27T10:35:00+05:30,3469.4,3470.4,3466.1,3469.8,4550
2026-05-27T10:40:00+05:30,3466.4,3467.9,3464.8,3464.8,1925
2026-05-27T10:45:00+05:30,3461,3462.4,3458,3462.4,10325
2026-05-27T10:50:00+05:30,3462.9,3468.4,3461.9,3466,4725
2026-05-27T10:55:00+05:30,3469.1,3472,3467.1,3468.2,6650
2026-05-27T11:00:00+05:30,3468.1,3473.5,3468.1,3473.5,5600
2026-05-27T11:05:00+05:30,3470.5,3474.9,3466.5,3474.9,5600
2026-05-27T11:10:00+05:30,3473.6,3476.9,3471.3,3472.3,7875
2026-05-27T11:15:00+05:30,3470,3473.9,3468.6,3473,6125
2026-05-27T11:20:00+05:30,3472.1,3482.8,3472.1,3477.7,24150
2026-05-27T11:25:00+05:30,3478.3,3488.3,3475.2,3483.7,11725
2026-05-27T11:30:00+05:30,3486.4,3487.8,3483,3485,3500
2026-05-27T11:35:00+05:30,3483.9,3485.9,3478.2,3480.6,3325
2026-05-27T11:40:00+05:30,3481,3485,3481,3482.4,5425
2026-05-27T11:45:00+05:30,3482.4,3482.5,3476.8,3476.8,3150
2026-05-27T11:50:00+05:30,3479,3479.7,3474.9,3474.9,1750
2026-05-27T11:55:00+05:30,3474.3,3476.3,3471,3473.7,2450
2026-05-27T12:00:00+05:30,3473.7,3473.7,3467.1,3468,4725
2026-05-27T12:05:00+05:30,3468,3468,3463,3466.3,6825
2026-05-27T12:10:00+05:30,3466,3477.9,3463.8,3476,5250
2026-05-27T12:15:00+05:30,3474.4,3478.4,3474.4,3475.7,3850
2026-05-27T12:20:00+05:30,3473.7,3475.3,3472,3472,4550
2026-05-27T12:25:00+05:30,3473.3,3480.6,3472.4,3477,32200
2026-05-27T12:30:00+05:30,3476.3,3477.8,3475.5,3477.4,5425
2026-05-27T12:35:00+05:30,3476.4,3480,3476.4,3477.1,5075
2026-05-27T12:40:00+05:30,3477.4,3480.9,3477.4,3480.2,5775
2026-05-27T12:45:00+05:30,3480.2,3480.8,3477.9,3478.3,5950
2026-05-27T12:50:00+05:30,3478.6,3480.6,3476.5,3479,6825
2026-05-27T12:55:00+05:30,3480.5,3483.9,3479.1,3481.5,7175
2026-05-27T13:00:00+05:30,3481.5,3485.7,3480.5,3484.1,6825
2026-05-27T13:05:00+05:30,3484.2,3491,3484,3484.5,11025
2026-05-27T13:10:00+05:30,3485.7,3488.4,3478.1,3478.1,11025
2026-05-27T13:15:00+05:30,3479.9,3481.3,3477,3478.2,12075
2026-05-27T13:20:00+05:30,3477.6,3480,3468.4,3471.4,36225
2026-05-27T13:25:00+05:30,3470.9,3470.9,3454.8,3458,73325
2026-05-27T13:30:00+05:30,3454,3463.9,3441,3441,53725
2026-05-27T13:35:00+05:30,3440.6,3446.3,3430.5,3435.4,33425
2026-05-27T13:40:00+05:30,3441.6,3443.9,3438.7,3441.4,10675
2026-05-27T13:45:00+05:30,3441.2,3441.3,3433,3433,7700
2026-05-27T13:50:00+05:30,3433.2,3437.9,3433,3433.3,12075
2026-05-27T13:55:00+05:30,3434,3437.7,3434,3434,12250
2026-05-27T14:00:00+05:30,3438.1,3443.4,3435.1,3437.7,34300
2026-05-27T14:05:00+05:30,3437.4,3440.4,3429.6,3429.6,23100
2026-05-27T14:10:00+05:30,3428.4,3428.4,3417.2,3425.7,25200
2026-05-27T14:15:00+05:30,3425.3,3436.4,3425.1,3432.5,12250
2026-05-27T14:20:00+05:30,3433.8,3437.8,3428.9,3428.9,11900
2026-05-27T14:25:00+05:30,3429.2,3430.4,3413.5,3419.8,50050
2026-05-27T14:30:00+05:30,3417.8,3420,3406.4,3417.8,57225
2026-05-27T14:35:00+05:30,3420,3427.8,3416,3425.7,18725
2026-05-27T14:40:00+05:30,3426.4,3427.9,3420.3,3426.2,23100
2026-05-27T14:45:00+05:30,3425.9,3426,3420.6,3424.9,18725
2026-05-27T14:50:00+05:30,3425.6,3427.4,3417.5,3420.8,26775
2026-05-27T14:55:00+05:30,3421.5,3421.5,3414.2,3415.4,32200
2026-05-27T15:00:00+05:30,3416.7,3422.2,3410.2,3417.1,78225
2026-05-27T15:05:00+05:30,3419,3420.5,3414.5,3416.2,61425
2026-05-27T15:10:00+05:30,3416,3418.4,3393.8,3405.9,306600
2026-05-27T15:15:00+05:30,3403.6,3418.1,3403.6,3418.1,37625
2026-05-27T15:20:00+05:30,3417.3,3441,3416.7,3439.8,45850
2026-05-27T15:25:00+05:30,3438.9,3460,3437,3457.9,79450
2026-05-29T09:15:00+05:30,3476.7,3476.7,3435.1,3461.9,28700
2026-05-29T09:20:00+05:30,3463,3485.2,3454.8,3476,29400
2026-05-29T09:25:00+05:30,3475.7,3477.9,3467.7,3468,9975
2026-05-29T09:30:00+05:30,3469.2,3480.1,3464.6,3472,20650
2026-05-29T09:35:00+05:30,3471,3487,3471,3485.8,23800
2026-05-29T09:40:00+05:30,3486,3486,3464.2,3468.7,19250
2026-05-29T09:45:00+05:30,3470,3484,3470,3475,18375
2026-05-29T09:50:00+05:30,3475,3481.9,3471.9,3475.1,9100
2026-05-29T09:55:00+05:30,3470.3,3472.8,3463.7,3465.3,7875
2026-05-29T10:00:00+05:30,3469.5,3476.5,3467.8,3475.5,8225
2026-05-29T10:05:00+05:30,3476.5,3481,3472.7,3475.2,8575
2026-05-29T10:10:00+05:30,3474.7,3478,3470.3,3470.3,9975
2026-05-29T10:15:00+05:30,3471,3471,3465,3469.9,7175
2026-05-29T10:20:00+05:30,3468.5,3469.9,3462.1,3465.3,5775
2026-05-29T10:25:00+05:30,3466.1,3467.5,3455,3464.3,16975
2026-05-29T10:30:00+05:30,3464,3466.8,3455.2,3455.2,14000
2026-05-29T10:35:00+05:30,3457.2,3461.6,3452.8,3453.3,16275
2026-05-29T10:40:00+05:30,3453.2,3463.1,3453.2,3458,11550
2026-05-29T10:45:00+05:30,3456.4,3461.9,3454.4,3460,10500
2026-05-29T10:50:00+05:30,3458.1,3462.4,3455.7,3459,7175
2026-05-29T10:55:00+05:30,3456.2,3464.4,3453.3,3463.6,9800
2026-05-29T11:00:00+05:30,3463.3,3470.2,3461.1,3469.4,13125
2026-05-29T11:05:00+05:30,3470.1,3472.9,3466.7,3469.8,16625
2026-05-29T11:10:00+05:30,3466.5,3470.5,3452.2,3457.5,19950
2026-05-29T11:15:00+05:30,3456.8,3463.3,3455.3,3458.2,12075
2026-05-29T11:20:00+05:30,3458,3464.7,3455.2,3462.7,8050
2026-05-29T11:25:00+05:30,3459.2,3463.2,3459.2,3459.6,8400
2026-05-29T11:30:00+05:30,3461.8,3466,3456.7,3462.5,11375
2026-05-29T11:35:00+05:30,3462,3466.9,3459.3,3465.1,7700
2026-05-29T11:40:00+05:30,3462.6,3467.3,3459.2,3459.2,8225
2026-05-29T11:45:00+05:30,3461.5,3469.9,3457,3466.5,7700
2026-05-29T11:50:00+05:30,3465.5,3475,3464.6,3469,12600
2026-05-29T11:55:00+05:30,3470.6,3470.6,3465,3468.6,5950
2026-05-29T12:00:00+05:30,3466.1,3473.2,3466.1,3470.6,8575
2026-05-29T12:05:00+05:30,3470.9,3474.4,3467.4,3470.9,7525
2026-05-29T12:10:00+05:30,3469.1,3471.5,3460.3,3463.8,7000
2026-05-29T12:15:00+05:30,3465,3465,3455.2,3461.8,6125
2026-05-29T12:20:00+05:30,3462.3,3462.3,3455.3,3460.3,13650
2026-05-29T12:25:00+05:30,3460.6,3464.7,3460.6,3464.7,5600
2026-05-29T12:30:00+05:30,3461,3465.2,3457.2,3462,7700
2026-05-29T12:35:00+05:30,3460.3,3462,3456.6,3458.5,5950
2026-05-29T12:40:00+05:30,3460,3464.5,3457.6,3461.5,23975
2026-05-29T12:45:00+05:30,3461.5,3464.7,3461.1,3463.2,5775
2026-05-29T12:50:00+05:30,3463.8,3463.8,3459,3459.2,7175
2026-05-29T12:55:00+05:30,3459.8,3459.8,3450,3451.7,24150
2026-05-29T13:00:00+05:30,3451.1,3453.9,3446.2,3450.5,15225
2026-05-29T13:05:00+05:30,3450.2,3456,3449.8,3453,11375
2026-05-29T13:10:00+05:30,3450.7,3453.1,3446,3446,12950
2026-05-29T13:15:00+05:30,3446.5,3448.1,3439.1,3441,21350
2026-05-29T13:20:00+05:30,3441.4,3444,3436.7,3440.5,13475
2026-05-29T13:25:00+05:30,3441,3445.1,3438.7,3443.2,15225
2026-05-29T13:30:00+05:30,3443.6,3450.4,3441.9,3445.6,16450
2026-05-29T13:35:00+05:30,3446.4,3449,3441.9,3447.7,7525
2026-05-29T13:40:00+05:30,3447.5,3450.7,3443.4,3448.3,12775
2026-05-29T13:45:00+05:30,3446.3,3451.2,3440.2,3441.4,8575
2026-05-29T13:50:00+05:30,3442.6,3458.8,3440,3458.8,16275
2026-05-29T13:55:00+05:30,3458.8,3468,3457.6,3466,14350
2026-05-29T14:00:00+05:30,3466.6,3466.6,3456.1,3456.1,8400
2026-05-29T14:05:00+05:30,3458.2,3460.7,3452.3,3456.1,8925
2026-05-29T14:10:00+05:30,3457.5,3458.9,3455,3458.9,5425
2026-05-29T14:15:00+05:30,3452.8,3460.2,3452.8,3456.2,10675
2026-05-29T14:20:00+05:30,3460,3462.6,3456.4,3460,7000
2026-05-29T14:25:00+05:30,3460.4,3463.8,3457,3461.8,17850
2026-05-29T14:30:00+05:30,3462.6,3474.5,3462.2,3470.1,14000
2026-05-29T14:35:00+05:30,3469.1,3470.1,3464.4,3470,7700
2026-05-29T14:40:00+05:30,3469.5,3470.5,3464.5,3466.9,8925
2026-05-29T14:45:00+05:30,3469.4,3470.4,3466.2,3469.6,7350
2026-05-29T14:50:00+05:30,3467.3,3470.7,3454.2,3454.6,35525
2026-05-29T14:55:00+05:30,3456.4,3456.7,3444.1,3450.2,15225
2026-05-29T15:00:00+05:30,3447.2,3449.5,3394.5,3400.9,147350
2026-05-29T15:05:00+05:30,3400.4,3409.9,3390,3393.3,126000
2026-05-29T15:10:00+05:30,3393.8,3399,3384.4,3389.2,141225
2026-05-29T15:15:00+05:30,3387.5,3405.1,3385.2,3397.3,159600
2026-05-29T15:20:00+05:30,3397.2,3399.9,3385.1,3388.6,130200
2026-05-29T15:25:00+05:30,3388.6,3399.9,3366.4,3399.9,140875
2026-06-01T09:15:00+05:30,3407.1,3418,3395.1,3408.9,28000
2026-06-01T09:20:00+05:30,3407.7,3408.9,3390,3400.2,21175
2026-06-01T09:25:00+05:30,3401.2,3401.2,3378.7,3392.7,27650
2026-06-01T09:30:00+05:30,3387.5,3389,3378.6,3383.8,5250
2026-06-01T09:35:00+05:30,3382.5,3382.5,3366.8,3378,10500
2026-06-01T09:40:00+05:30,3378.8,3389.9,3375.1,3377.4,5075
2026-06-01T09:45:00+05:30,3379.5,3388.1,3376.1,3388,9100
2026-06-01T09:50:00+05:30,3394,3396.5,3381.7,3386.2,9100
2026-06-01T09:55:00+05:30,3385,3385,3377,3378.5,8925
2026-06-01T10:00:00+05:30,3380,3383.2,3368.7,3371,11025
2026-06-01T10:05:00+05:30,3365.1,3377.7,3365.1,3371.8,14525
2026-06-01T10:10:00+05:30,3375.3,3385,3375,3375,8400
2026-06-01T10:15:00+05:30,3373.6,3375.5,3368.3,3370.9,4025
2026-06-01T10:20:00+05:30,3369.1,3373.9,3367,3367,4200
2026-06-01T10:25:00+05:30,3370,3374.4,3368.8,3370.3,2450
2026-06-01T10:30:00+05:30,3370.9,3372.2,3367,3370.5,3500
2026-06-01T10:35:00+05:30,3372,3379.2,3369.5,3375.3,4025
2026-06-01T10:40:00+05:30,3375.8,3380.7,3371,3379.3,6125
2026-06-01T10:45:00+05:30,3379.9,3387.2,3375.7,3381.2,6475
2026-06-01T10:50:00+05:30,3384.1,3391,3384.1,3389,5075
2026-06-01T10:55:00+05:30,3389.9,3393.8,3386.8,3388.8,3850
2026-06-01T11:00:00+05:30,3388.5,3391.7,3387.2,3391.7,2275
2026-06-01T11:05:00+05:30,3387.8,3394.9,3387.8,3394.9,2450
2026-06-01T11:10:00+05:30,3395.8,3399.4,3394.1,3395.8,5600
2026-06-01T11:15:00+05:30,3395.1,3401.6,3395.1,3397.5,4200
2026-06-01T11:20:00+05:30,3391.6,3397,3387.2,3387.2,4025
2026-06-01T11:25:00+05:30,3389,3389,3376.5,3377,4025
2026-06-01T11:30:00+05:30,3376.9,3376.9,3370,3370.5,2800
2026-06-01T11:35:00+05:30,3370.9,3378.7,3370.9,3378.7,2275
2026-06-01T11:40:00+05:30,3375.9,3378.7,3375.9,3378,2625
2026-06-01T11:45:00+05:30,3374.9,3392,3374.9,3386.4,20475
2026-06-01T11:50:00+05:30,3386,3386,3380.7,3382.9,1925
2026-06-01T11:55:00+05:30,3380.4,3446.1,3376.9,3430,163275
2026-06-01T12:00:00+05:30,3427.9,3439.8,3423,3431.7,55300
2026-06-01T12:05:00+05:30,3425,3427.2,3406,3413.8,30100
2026-06-01T12:10:00+05:30,3415,3421.2,3406.3,3420,19775
2026-06-01T12:15:00+05:30,3420,3420,3389,3394,22925
2026-06-01T12:20:00+05:30,3392.6,3404.5,3378.1,3404.5,36925
2026-06-01T12:25:00+05:30,3404.9,3404.9,3387.7,3391.5,34650
2026-06-01T12:30:00+05:30,3390.7,3400.5,3384,3391.1,37450
2026-06-01T12:35:00+05:30,3392.9,3409,3391.8,3399,12600
2026-06-01T12:40:00+05:30,3400,3409.5,3398.3,3408.3,12775
2026-06-01T12:45:00+05:30,3411.1,3417.5,3405.5,3411.8,10675
2026-06-01T12:50:00+05:30,3413.5,3413.5,3402.8,3409.1,5600
2026-06-01T12:55:00+05:30,3409.2,3412.1,3401.4,3405.1,7525
2026-06-01T13:00:00+05:30,3404.5,3407.3,3390.8,3393.6,9275
2026-06-01T13:05:00+05:30,3394.5,3394.5,3378.4,3378.4,9275
2026-06-01T13:10:00+05:30,3380.3,3380.3,3373.6,3373.6,11025
2026-06-01T13:15:00+05:30,3376,3379.6,3372.5,3377.2,12250
2026-06-01T13:20:00+05:30,3380,3390.8,3378.6,3389.5,10150
2026-06-01T13:25:00+05:30,3388.6,3395.3,3388.6,3393.4,6475
2026-06-01T13:30:00+05:30,3394.2,3394.8,3383.3,3384.4,5425
2026-06-01T13:35:00+05:30,3385.9,3385.9,3378,3384.2,8925
2026-06-01T13:40:00+05:30,3385,3385.5,3380.3,3384.9,9275
2026-06-01T13:45:00+05:30,3384.3,3393.9,3381.4,3393.5,8750
2026-06-01T13:50:00+05:30,3392.6,3395.4,3385.9,3389.9,11025
2026-06-01T13:55:00+05:30,3390,3391.3,3384.8,3385,5950
2026-06-01T14:00:00+05:30,3388.6,3388.6,3382,3382,5075
2026-06-01T14:05:00+05:30,3389,3389,3382.8,3384.4,3150
2026-06-01T14:10:00+05:30,3385.4,3385.7,3380.4,3382.4,4725
2026-06-01T14:15:00+05:30,3384.9,3389.2,3378,3384.7,8925
2026-06-01T14:20:00+05:30,3384.6,3384.6,3378.3,3378.3,3150
2026-06-01T14:25:00+05:30,3380.1,3391.7,3378.3,3387.5,11550
2026-06-01T14:30:00+05:30,3386.5,3387.1,3375.1,3375.5,9800
2026-06-01T14:35:00+05:30,3375,3384.6,3375,3380.7,6650
2026-06-01T14:40:00+05:30,3383.6,3386.9,3380.3,3383.8,8750
2026-06-01T14:45:00+05:30,3383.9,3387.7,3378,3378,7525
2026-06-01T14:50:00+05:30,3379.8,3393.9,3375.5,3378.9,27300
2026-06-01T14:55:00+05:30,3380,3380.9,3371.6,3374.7,14000
2026-06-01T15:00:00+05:30,3374,3374,3362,3369.6,16975
2026-06-01T15:05:00+05:30,3369.8,3371.3,3361.5,3370.4,16975
2026-06-01T15:10:00+05:30,3371,3380.5,3368.4,3378.3,20825
2026-06-01T15:15:00+05:30,3380.2,3382,3373.5,3373.5,15225
2026-06-01T15:20:00+05:30,3375.7,3375.7,3366,3371.1,15225
2026-06-01T15:25:00+05:30,3370.2,3377,3370.2,3376.9,24500
2026-06-02T09:15:00+05:30,3340,3354.9,3321.2,3354.9,21000
2026-06-02T09:20:00+05:30,3357.5,3365.8,3353.1,3359,11200
2026-06-02T09:25:00+05:30,3356,3356,3344,3346.1,10500
2026-06-02T09:30:00+05:30,3342.8,3342.8,3332.1,3332.6,12775
2026-06-02T09:35:00+05:30,3334.5,3349.8,3332.8,3347.4,8925
2026-06-02T09:40:00+05:30,3346.7,3348.5,3340,3344,4200
2026-06-02T09:45:00+05:30,3340.3,3348.3,3333.6,3340.2,7175
2026-06-02T09:50:00+05:30,3338.2,3347,3332.9,3340.1,6650
2026-06-02T09:55:00+05:30,3340,3342.3,3334.7,3338.8,7350
2026-06-02T10:00:00+05:30,3339.7,3341.4,3332.9,3341.4,7875
2026-06-02T10:05:00+05:30,3342.9,3342.9,3328.4,3331.8,7350
2026-06-02T10:10:00+05:30,3332,3337.1,3330.8,3332.5,3150
2026-06-02T10:15:00+05:30,3332.4,3332.8,3322.5,3328.5,5600
2026-06-02T10:20:00+05:30,3327.7,3340,3327.7,3337.3,5600
2026-06-02T10:25:00+05:30,3334.9,3345.5,3334.9,3340.5,7000
2026-06-02T10:30:00+05:30,3340,3342.4,3332,3332,3675
2026-06-02T10:35:00+05:30,3335,3335,3330.1,3333.9,4200
2026-06-02T10:40:00+05:30,3336,3337.8,3334.2,3337.8,2625
2026-06-02T10:45:00+05:30,3337.9,3337.9,3326,3326,4900
2026-06-02T10:50:00+05:30,3328.5,3331,3323.8,3326.7,7525
2026-06-02T10:55:00+05:30,3323.6,3323.6,3315.9,3317.5,7700
2026-06-02T11:00:00+05:30,3317.5,3327.2,3315.4,3327.2,4025
2026-06-02T11:05:00+05:30,3324.1,3326,3321.8,3322.5,2800
2026-06-02T11:10:00+05:30,3322.6,3334.9,3322.6,3332.1,4025
2026-06-02T11:15:00+05:30,3332.1,3342.8,3332.1,3342.8,4725
2026-06-02T11:20:00+05:30,3343.6,3358.8,3341.7,3358.8,4900
2026-06-02T11:25:00+05:30,3358.7,3358.7,3350,3355,2625
2026-06-02T11:30:00+05:30,3352.1,3355.5,3349.1,3349.5,2975
2026-06-02T11:35:00+05:30,3350,3351.1,3345,3345,5600
2026-06-02T11:40:00+05:30,3345,3350.9,3345,3350.9,2100
2026-06-02T11:45:00+05:30,3352.5,3356.2,3352.5,3356,2100
2026-06-02T11:50:00+05:30,3355,3366.6,3355,3366.6,3675
2026-06-02T11:55:00+05:30,3365.9,3365.9,3358,3358,3675
2026-06-02T12:00:00+05:30,3353,3361,3353,3361,1925
2026-06-02T12:05:00+05:30,3355.7,3366.7,3355.7,3365.9,2625
2026-06-02T12:10:00+05:30,3365.9,3371,3365.8,3367.5,2800
2026-06-02T12:15:00+05:30,3367,3371.9,3367,3371.9,4900
2026-06-02T12:20:00+05:30,3368.8,3380.5,3368.7,3380.5,20475
2026-06-02T12:25:00+05:30,3380.5,3385,3379,3383.9,12950
2026-06-02T12:30:00+05:30,3381.1,3393.3,3381.1,3392.6,6650
2026-06-02T12:35:00+05:30,3392,3392,3384.5,3384.5,3325
2026-06-02T12:40:00+05:30,3381.6,3395,3381.6,3393.2,7000
2026-06-02T12:45:00+05:30,3395.2,3404.1,3392.4,3402.2,11550
2026-06-02T12:50:00+05:30,3403,3406,3397.1,3399.6,6300
2026-06-02T12:55:00+05:30,3399,3405,3399,3404.4,4375
2026-06-02T13:00:00+05:30,3406.1,3411.9,3404,3410,9975
2026-06-02T13:05:00+05:30,3409.9,3409.9,3398.2,3398.2,7000
2026-06-02T13:10:00+05:30,3395,3397.3,3387,3388.2,15925
2026-06-02T13:15:00+05:30,3390.9,3391.1,3387.1,3391.1,5775
2026-06-02T13:20:00+05:30,3392,3395.3,3389.2,3392.8,9625
2026-06-02T13:25:00+05:30,3392.6,3397.4,3390,3395.1,3150
2026-06-02T13:30:00+05:30,3397.7,3398.1,3395.5,3398.1,5425
2026-06-02T13:35:00+05:30,3401.9,3401.9,3396.8,3397.5,3150
2026-06-02T13:40:00+05:30,3397.9,3397.9,3392.5,3395.3,3325
2026-06-02T13:45:00+05:30,3397,3401.5,3397,3401.5,2625
2026-06-02T13:50:00+05:30,3400.5,3401.1,3396.2,3396.2,2275
2026-06-02T13:55:00+05:30,3397.3,3397.3,3391.5,3394.9,2800
2026-06-02T14:00:00+05:30,3392.7,3393.4,3390,3393.4,2625
2026-06-02T14:05:00+05:30,3395,3397.1,3394.5,3397.1,2625
2026-06-02T14:10:00+05:30,3396.1,3398.4,3393.1,3393.1,2450
2026-06-02T14:15:00+05:30,3393.7,3396,3390.6,3390.7,3675
2026-06-02T14:20:00+05:30,3390.8,3396.4,3390.8,3394,2100
2026-06-02T14:25:00+05:30,3391.2,3397.8,3390,3397.4,3150
2026-06-02T14:30:00+05:30,3395,3395,3390.8,3392.1,4900
2026-06-02T14:35:00+05:30,3393.5,3393.5,3386,3386,2800
2026-06-02T14:40:00+05:30,3385.9,3385.9,3381.4,3385.1,6125
2026-06-02T14:45:00+05:30,3386,3388.2,3381,3386.2,6825
2026-06-02T14:50:00+05:30,3386.7,3392.9,3386.7,3391.2,4375
2026-06-02T14:55:00+05:30,3390.1,3394.5,3386.8,3388.1,5250
2026-06-02T15:00:00+05:30,3390,3396.3,3385.1,3390.5,12600
2026-06-02T15:05:00+05:30,3388.8,3394.6,3388.3,3390.7,12600
2026-06-02T15:10:00+05:30,3388.3,3393.4,3386.6,3388.2,9625
2026-06-02T15:15:00+05:30,3392.4,3393.8,3388.1,3390.7,11200
2026-06-02T15:20:00+05:30,3390.4,3398,3390,3396.6,14525
2026-06-02T15:25:00+05:30,3396.6,3398.5,3393,3395.1,16800
2026-06-03T09:15:00+05:30,3362.9,3386.6,3362.9,3370,7875
2026-06-03T09:20:00+05:30,3368.8,3379,3368.8,3379,5250
2026-06-03T09:25:00+05:30,3382.6,3383.5,3371.7,3383.5,8050
2026-06-03T09:30:00+05:30,3379.1,3381.4,3362.9,3362.9,14875
2026-06-03T09:35:00+05:30,3362.3,3378,3357,3376.3,12950
2026-06-03T09:40:00+05:30,3375.1,3383,3365.3,3370.2,10675
2026-06-03T09:45:00+05:30,3370,3386.1,3370,3378.1,9450
2026-06-03T09:50:00+05:30,3378,3379.9,3371.4,3371.4,10150
2026-06-03T09:55:00+05:30,3369.7,3369.7,3352.4,3358.4,12075
2026-06-03T10:00:00+05:30,3357,3362.8,3356,3362.4,7525
2026-06-03T10:05:00+05:30,3367.1,3367.1,3356,3356,8925
2026-06-03T10:10:00+05:30,3352.1,3354.9,3345.1,3349.3,9100
2026-06-03T10:15:00+05:30,3349,3356.2,3349,3356.2,11025
2026-06-03T10:20:00+05:30,3358.5,3363.8,3353.9,3355,22750
2026-06-03T10:25:00+05:30,3355.2,3355.2,3347,3349.2,7175
2026-06-03T10:30:00+05:30,3349.9,3352.7,3344.1,3344.6,8050
2026-06-03T10:35:00+05:30,3344.6,3347.3,3343,3344.7,8225
2026-06-03T10:40:00+05:30,3344.8,3347.6,3342.4,3343.7,7000
2026-06-03T10:45:00+05:30,3341,3344.1,3340.2,3342.2,12075
2026-06-03T10:50:00+05:30,3342,3342,3338,3338.5,10325
2026-06-03T10:55:00+05:30,3338.6,3346,3337.7,3340.4,8225
2026-06-03T11:00:00+05:30,3342.1,3343.6,3338.7,3342,4900
2026-06-03T11:05:00+05:30,3341.5,3343.8,3331,3338.2,10150
2026-06-03T11:10:00+05:30,3339.6,3344,3338.4,3342.3,8575
2026-06-03T11:15:00+05:30,3342.1,3347.4,3342,3345.1,5775
2026-06-03T11:20:00+05:30,3346.8,3350.1,3345.1,3346.5,6650
2026-06-03T11:25:00+05:30,3346.9,3351.1,3340.1,3344.5,6475
2026-06-03T11:30:00+05:30,3343.1,3347.6,3336.8,3338.4,4200
2026-06-03T11:35:00+05:30,3342.7,3344,3337.3,3339.3,5775
2026-06-03T11:40:00+05:30,3340.9,3345.6,3338.8,3345.6,6475
2026-06-03T11:45:00+05:30,3342,3346,3340.2,3345,6125
2026-06-03T11:50:00+05:30,3344.3,3348,3343.4,3345.7,6475
2026-06-03T11:55:00+05:30,3347.4,3347.4,3342.6,3344.1,5250
2026-06-03T12:00:00+05:30,3343.9,3346.5,3334,3338.1,12075
2026-06-03T12:05:00+05:30,3338.8,3348,3338.2,3345.8,5600
2026-06-03T12:10:00+05:30,3347.1,3347.1,3340,3343.7,4550
2026-06-03T12:15:00+05:30,3341.1,3346.7,3341.1,3344.8,5250
2026-06-03T12:20:00+05:30,3347.5,3350.1,3343.3,3344.9,6650
2026-06-03T12:25:00+05:30,3343.8,3349.3,3343.8,3347.7,5775
2026-06-03T12:30:00+05:30,3347.3,3352.2,3346.2,3347.7,9100
2026-06-03T12:35:00+05:30,3349,3363.3,3348.4,3351.8,15575
2026-06-03T12:40:00+05:30,3351.6,3361.2,3351.6,3352.3,13475
2026-06-03T12:45:00+05:30,3353.1,3358.1,3348.7,3352,7875
2026-06-03T12:50:00+05:30,3350.4,3351.8,3337,3337,12600
2026-06-03T12:55:00+05:30,3335.4,3338.6,3332.7,3335.7,5775
2026-06-03T13:00:00+05:30,3335.9,3337.8,3331,3332.8,6650
2026-06-03T13:05:00+05:30,3334.3,3339,3330,3333.7,9800
2026-06-03T13:10:00+05:30,3333.3,3342.6,3333,3339,7000
2026-06-03T13:15:00+05:30,3344.1,3345.9,3338.6,3345.9,8050
2026-06-03T13:20:00+05:30,3343.3,3350,3343,3347.7,5075
2026-06-03T13:25:00+05:30,3346.6,3351.8,3344.2,3349.8,8400
2026-06-03T13:30:00+05:30,3348.1,3358.4,3348.1,3357,6650
2026-06-03T13:35:00+05:30,3357.9,3358,3355,3357.5,5425
2026-06-03T13:40:00+05:30,3356.1,3359.9,3353.8,3353.8,4550
2026-06-03T13:45:00+05:30,3353.5,3368.8,3353.5,3364.7,11200
2026-06-03T13:50:00+05:30,3365.2,3368,3356.7,3360.9,7875
2026-06-03T13:55:00+05:30,3358.7,3360.8,3352.1,3356.7,6125
2026-06-03T14:00:00+05:30,3356.7,3359,3353,3359,2800
2026-06-03T14:05:00+05:30,3359.6,3359.8,3353,3354.8,4550
2026-06-03T14:10:00+05:30,3355,3357.1,3351,3356.5,6650
2026-06-03T14:15:00+05:30,3355,3366.7,3353.3,3365.7,10500
2026-06-03T14:20:00+05:30,3365.9,3365.9,3359.1,3363.3,5775
2026-06-03T14:25:00+05:30,3363.3,3367.6,3359.5,3363.4,24325
2026-06-03T14:30:00+05:30,3363.6,3372.3,3363.6,3368.7,17675
2026-06-03T14:35:00+05:30,3366.8,3367.2,3360.9,3365,5075
2026-06-03T14:40:00+05:30,3363.7,3370.8,3361.5,3367.5,8750
2026-06-03T14:45:00+05:30,3367.1,3370.7,3364,3366.7,8050
2026-06-03T14:50:00+05:30,3370.5,3370.5,3361.6,3363.2,13825
2026-06-03T14:55:00+05:30,3363.1,3367.1,3359.5,3360.9,20650
2026-06-03T15:00:00+05:30,3361.7,3364.8,3349.1,3349.1,23100
2026-06-03T15:05:00+05:30,3350,3360.8,3347.5,3348.7,19950
2026-06-03T15:10:00+05:30,3348.3,3350.2,3337.5,3343.9,21350
2026-06-03T15:15:00+05:30,3341.9,3347.2,3341.9,3345.3,18375
2026-06-03T15:20:00+05:30,3346.6,3348.4,3345,3345,19075
2026-06-03T15:25:00+05:30,3345.8,3350,3342.3,3342.3,16800
2026-06-04T09:15:00+05:30,3336.8,3346,3322,3340.6,8225
2026-06-04T09:20:00+05:30,3339,3340.4,3333.5,3334.7,7875
2026-06-04T09:25:00+05:30,3334.4,3345,3334.4,3335,4900
2026-06-04T09:30:00+05:30,3331.1,3335.7,3322.1,3327.7,11375
2026-06-04T09:35:00+05:30,3327.9,3344.7,3327.9,3332.1,3850
2026-06-04T09:40:00+05:30,3330.7,3332.7,3329.3,3331.5,1575
2026-06-04T09:45:00+05:30,3334.5,3340,3334.3,3338.1,5250
2026-06-04T09:50:00+05:30,3337,3342,3333.1,3341.1,6650
2026-06-04T09:55:00+05:30,3341,3345.9,3338.5,3339.3,8225
2026-06-04T10:00:00+05:30,3339.7,3375.9,3338.7,3366.9,24325
2026-06-04T10:05:00+05:30,3362,3386.7,3362,3379.5,26425
2026-06-04T10:10:00+05:30,3379.9,3390,3376.4,3382.6,19075
2026-06-04T10:15:00+05:30,3386,3386.9,3366.1,3367.7,8225
2026-06-04T10:20:00+05:30,3367,3370.3,3363,3363,3325
2026-06-04T10:25:00+05:30,3363,3366.9,3358,3358.8,5950
2026-06-04T10:30:00+05:30,3358.9,3360.3,3350,3352.1,4375
2026-06-04T10:35:00+05:30,3350.3,3354,3344.9,3346.8,3850
2026-06-04T10:40:00+05:30,3345.6,3353.1,3344.8,3347.7,4200
2026-06-04T10:45:00+05:30,3349.6,3357.2,3349.6,3353.1,4550
2026-06-04T10:50:00+05:30,3352.8,3355.4,3349.1,3352,3500
2026-06-04T10:55:00+05:30,3352.4,3359.9,3352.4,3356,2625
2026-06-04T11:00:00+05:30,3350.8,3358.4,3348.9,3349,6125
2026-06-04T11:05:00+05:30,3348,3351,3346.2,3349.5,2100
2026-06-04T11:10:00+05:30,3350.1,3351.6,3349,3349.3,1750
2026-06-04T11:15:00+05:30,3348.5,3358,3344.8,3356,5250
2026-06-04T11:20:00+05:30,3356.1,3363.6,3353.9,3361.3,6300
2026-06-04T11:25:00+05:30,3362,3362.9,3356.5,3358.4,8050
2026-06-04T11:30:00+05:30,3357.2,3357.3,3345.7,3351.4,6650
2026-06-04T11:35:00+05:30,3352.4,3357.6,3350.4,3353.7,4025
2026-06-04T11:40:00+05:30,3354.4,3356.9,3353.5,3356.3,2450
2026-06-04T11:45:00+05:30,3357.4,3358.8,3355.8,3357.2,1575
2026-06-04T11:50:00+05:30,3355.8,3355.8,3350,3350.3,2450
2026-06-04T11:55:00+05:30,3351.5,3358.2,3348.6,3358.2,2800
2026-06-04T12:00:00+05:30,3357.3,3358.4,3353.8,3357.5,3675
2026-06-04T12:05:00+05:30,3361,3361.2,3358.4,3359,3150
2026-06-04T12:10:00+05:30,3358,3363.1,3358,3361.4,2975
2026-06-04T12:15:00+05:30,3363.2,3363.2,3357.8,3359.8,2800
2026-06-04T12:20:00+05:30,3360.3,3364.8,3355,3364.8,5250
2026-06-04T12:25:00+05:30,3361.6,3362.3,3356.2,3362.1,4550
2026-06-04T12:30:00+05:30,3359.1,3361.6,3354.2,3355.1,5425
2026-06-04T12:35:00+05:30,3352.2,3359.3,3352.2,3354.8,5600
2026-06-04T12:40:00+05:30,3354.7,3362.9,3353.7,3358.9,5775
2026-06-04T12:45:00+05:30,3355.3,3379.6,3354.3,3379.6,12425
2026-06-04T12:50:00+05:30,3375.1,3381,3375,3381,12600
2026-06-04T12:55:00+05:30,3380.1,3380.6,3378.6,3379.3,3500
2026-06-04T13:00:00+05:30,3379.3,3385.9,3377.1,3385.9,5250
2026-06-04T13:05:00+05:30,3379.5,3383.5,3377,3378.7,13475
2026-06-04T13:10:00+05:30,3380,3382.6,3370.8,3374.3,7525
2026-06-04T13:15:00+05:30,3366.8,3378.7,3366.8,3375.5,14175
2026-06-04T13:20:00+05:30,3377.9,3383,3374.8,3378.8,9800
2026-06-04T13:25:00+05:30,3379,3386.1,3378.6,3385,7175
2026-06-04T13:30:00+05:30,3381.3,3388,3381.3,3383.9,6300
2026-06-04T13:35:00+05:30,3388,3395,3387.1,3395,11200
2026-06-04T13:40:00+05:30,3392.6,3404,3392.1,3403.2,20125
2026-06-04T13:45:00+05:30,3405,3405,3393.4,3395.8,16450
2026-06-04T13:50:00+05:30,3397.2,3400,3388.3,3400,9625
2026-06-04T13:55:00+05:30,3397.5,3402.6,3395.4,3399.4,9800
2026-06-04T14:00:00+05:30,3400.7,3405.9,3398.8,3402.3,5950
2026-06-04T14:05:00+05:30,3401.7,3404.6,3398.3,3402.8,6650
2026-06-04T14:10:00+05:30,3404,3405.5,3399.4,3400.8,5775
2026-06-04T14:15:00+05:30,3404.5,3407.6,3393.7,3394.1,6125
2026-06-04T14:20:00+05:30,3394.6,3394.8,3389.9,3394.3,7700
2026-06-04T14:25:00+05:30,3393,3393,3386.2,3392.7,4375
2026-06-04T14:30:00+05:30,3392.5,3398.4,3391.2,3394.6,8400
2026-06-04T14:35:00+05:30,3393.5,3398.9,3391.3,3394.8,3500
2026-06-04T14:40:00+05:30,3395.7,3398.8,3392.4,3393.7,11900
2026-06-04T14:45:00+05:30,3392.8,3398.7,3392.3,3394.5,12250
2026-06-04T14:50:00+05:30,3394.8,3397.9,3384,3384,10850
2026-06-04T14:55:00+05:30,3382.8,3389.4,3382.1,3387.3,11550
2026-06-04T15:00:00+05:30,3389.6,3389.6,3366.6,3372.3,45850
2026-06-04T15:05:00+05:30,3372.6,3380.6,3372,3376.8,42350
2026-06-04T15:10:00+05:30,3377.2,3384.9,3374.9,3380.3,28000
2026-06-04T15:15:00+05:30,3381,3389.1,3380,3386.7,36575
2026-06-04T15:20:00+05:30,3386.2,3396,3385.2,3391.4,35350
2026-06-04T15:25:00+05:30,3390.2,3397,3390.2,3390.3,17850
2026-06-05T09:15:00+05:30,3416.4,3416.4,3393,3405.9,18725
2026-06-05T09:20:00+05:30,3402.2,3412.8,3402.2,3408.4,9625
2026-06-05T09:25:00+05:30,3407.6,3408.7,3397.4,3400,13650
2026-06-05T09:30:00+05:30,3397.6,3405.4,3388,3390.8,11375
2026-06-05T09:35:00+05:30,3390.9,3395.9,3383.4,3389,8400
2026-06-05T09:40:00+05:30,3388.7,3397.4,3388.6,3394.7,9275
2026-06-05T09:45:00+05:30,3395.3,3395.3,3380,3380,8050
2026-06-05T09:50:00+05:30,3379,3394.3,3375.1,3390.5,4200
2026-06-05T09:55:00+05:30,3389,3389.6,3383.4,3383.4,7525
2026-06-05T10:00:00+05:30,3383.9,3389.6,3382.5,3389.6,5425
2026-06-05T10:05:00+05:30,3390.5,3402,3388.3,3398.3,12250
2026-06-05T10:10:00+05:30,3398.3,3400,3391.9,3392.8,4025
2026-06-05T10:15:00+05:30,3392.4,3397.5,3392.3,3393.9,4025
2026-06-05T10:20:00+05:30,3396.3,3396.6,3392.7,3394.5,2100
2026-06-05T10:25:00+05:30,3392.8,3395.3,3383.5,3386.5,2975
2026-06-05T10:30:00+05:30,3385.7,3388.9,3380.5,3381.5,5600
2026-06-05T10:35:00+05:30,3380.2,3381,3375,3376.9,4200
2026-06-05T10:40:00+05:30,3376,3376.4,3373,3375,3500
2026-06-05T10:45:00+05:30,3371.2,3375.7,3367.4,3374.8,8225
2026-06-05T10:50:00+05:30,3375.9,3382.5,3372.6,3382.5,17150
2026-06-05T10:55:00+05:30,3382.5,3385,3381.3,3383.3,3500
2026-06-05T11:00:00+05:30,3389.3,3397.4,3386,3387.9,10325
2026-06-05T11:05:00+05:30,3387.6,3387.6,3383.8,3384.3,3675
2026-06-05T11:10:00+05:30,3384,3384.4,3380.3,3383.1,3675
2026-06-05T11:15:00+05:30,3383.2,3387.3,3376.1,3376.1,7525
2026-06-05T11:20:00+05:30,3376,3381.5,3375.6,3379.3,12075
2026-06-05T11:25:00+05:30,3378.5,3378.5,3376,3377,3325
2026-06-05T11:30:00+05:30,3378.1,3386.2,3378.1,3386.2,3675
2026-06-05T11:35:00+05:30,3385.7,3399.5,3385.7,3388.9,28875
2026-06-05T11:40:00+05:30,3388.5,3394,3387.5,3392,5250
2026-06-05T11:45:00+05:30,3390.7,3402.9,3390.7,3401,9450
2026-06-05T11:50:00+05:30,3399.3,3418,3397.3,3410.8,52325
2026-06-05T11:55:00+05:30,3410.8,3410.8,3395.2,3396.1,33075
2026-06-05T12:00:00+05:30,3395.4,3409.2,3395.4,3409.2,8400
2026-06-05T12:05:00+05:30,3410,3414,3408.9,3411,4375
2026-06-05T12:10:00+05:30,3411.7,3414.2,3408.7,3413.2,4725
2026-06-05T12:15:00+05:30,3413.9,3416.5,3408.3,3413.5,4725
2026-06-05T12:20:00+05:30,3413.1,3414.7,3411,3411,2975
2026-06-05T12:25:00+05:30,3409.2,3414,3408.2,3412.1,5775
2026-06-05T12:30:00+05:30,3411.1,3412.9,3406,3408.9,3850
2026-06-05T12:35:00+05:30,3410.1,3411.7,3405.5,3411.7,4550
2026-06-05T12:40:00+05:30,3409.6,3410.8,3400.2,3403.5,6125
2026-06-05T12:45:00+05:30,3403.5,3404.3,3400.3,3402.9,2975
2026-06-05T12:50:00+05:30,3400.2,3401,3389.1,3397,9275
2026-06-05T12:55:00+05:30,3397.3,3403.2,3394.7,3398.2,4200
2026-06-05T13:00:00+05:30,3397.6,3401.9,3396.1,3398,5950
2026-06-05T13:05:00+05:30,3402,3402,3393.5,3397,8925
2026-06-05T13:10:00+05:30,3397.5,3401,3393.9,3393.9,5425
2026-06-05T13:15:00+05:30,3395.7,3403.9,3393.9,3400.8,4200
2026-06-05T13:20:00+05:30,3405,3409.5,3394.3,3394.3,5950
2026-06-05T13:25:00+05:30,3390.8,3396.2,3390.8,3393.9,2450
2026-06-05T13:30:00+05:30,3391.4,3394.5,3388.3,3392.5,4900
2026-06-05T13:35:00+05:30,3395.5,3396.5,3391.3,3393.8,2100
2026-06-05T13:40:00+05:30,3395.9,3395.9,3388.5,3391.6,4025
2026-06-05T13:45:00+05:30,3393.6,3396.4,3391.8,3394.6,3850
2026-06-05T13:50:00+05:30,3395,3395.2,3392.1,3394,2625
2026-06-05T13:55:00+05:30,3393.5,3394.8,3392.8,3394.8,4550
2026-06-05T14:00:00+05:30,3399.5,3399.5,3393.4,3394.1,4725
2026-06-05T14:05:00+05:30,3395,3396.7,3393,3393.9,2800
2026-06-05T14:10:00+05:30,3394.3,3398.9,3393.7,3396.2,3150
2026-06-05T14:15:00+05:30,3396.4,3399.2,3393.1,3395.6,2625
2026-06-05T14:20:00+05:30,3396.8,3402,3395.8,3402,5775
2026-06-05T14:25:00+05:30,3402.5,3404,3397.6,3401.4,5775
2026-06-05T14:30:00+05:30,3402.7,3405.7,3398.2,3403.9,8225
2026-06-05T14:35:00+05:30,3402.1,3404.6,3399.1,3401.9,7875
2026-06-05T14:40:00+05:30,3401,3414,3400.4,3414,9975
2026-06-05T14:45:00+05:30,3407.9,3411,3403,3403.7,14350
2026-06-05T14:50:00+05:30,3403.5,3412.9,3402.6,3409.1,56000
2026-06-05T14:55:00+05:30,3405.9,3408.2,3402.4,3408.2,8225
2026-06-05T15:00:00+05:30,3407.2,3407.2,3396.8,3402.5,34300
2026-06-05T15:05:00+05:30,3403,3404.1,3399.3,3402.9,15750
2026-06-05T15:10:00+05:30,3400.5,3403,3400,3400,10325
2026-06-05T15:15:00+05:30,3401.2,3405.8,3398.7,3401.9,15050
2026-06-05T15:20:00+05:30,3400,3403,3395.7,3403,28525
2026-06-05T15:25:00+05:30,3403.4,3403.4,3394,3394,27125
2026-06-08T09:15:00+05:30,3363.8,3364,3330.5,3363.4,19250
2026-06-08T09:20:00+05:30,3360.1,3373.6,3360.1,3368,4375
2026-06-08T09:25:00+05:30,3365.1,3387,3365.1,3387,7350
2026-06-08T09:30:00+05:30,3380.8,3387.3,3369.4,3382.2,19950
2026-06-08T09:35:00+05:30,3380.7,3383.8,3369.8,3375.2,7875
2026-06-08T09:40:00+05:30,3370.7,3379.9,3370,3378.4,6475
2026-06-08T09:45:00+05:30,3380,3392.3,3378.9,3384.5,9450
2026-06-08T09:50:00+05:30,3383.6,3391.2,3380,3390.3,6475
2026-06-08T09:55:00+05:30,3388.5,3396.1,3388.5,3395.7,4725
2026-06-08T10:00:00+05:30,3394.8,3401,3392.9,3399,9975
2026-06-08T10:05:00+05:30,3396.9,3402,3395.3,3399.4,18900
2026-06-08T10:10:00+05:30,3397.3,3397.3,3386,3391.4,4900
2026-06-08T10:15:00+05:30,3388.4,3388.4,3385,3387.2,9800
2026-06-08T10:20:00+05:30,3383.3,3388.9,3380,3387.4,4900
2026-06-08T10:25:00+05:30,3386.4,3387.4,3382.9,3384.3,2975
2026-06-08T10:30:00+05:30,3384.4,3395.9,3384.4,3394.1,5075
2026-06-08T10:35:00+05:30,3394,3394,3389,3390.1,4200
2026-06-08T10:40:00+05:30,3393.6,3393.6,3376.3,3376.3,5775
2026-06-08T10:45:00+05:30,3376.3,3379.3,3375,3375,3675
2026-06-08T10:50:00+05:30,3377.2,3381.5,3375.1,3379.6,4025
2026-06-08T10:55:00+05:30,3377,3379.8,3376.2,3379.8,2975
2026-06-08T11:00:00+05:30,3378,3381.6,3377.5,3379.6,4200
2026-06-08T11:05:00+05:30,3379.8,3385,3379.4,3383.6,3150
2026-06-08T11:10:00+05:30,3383.2,3386.1,3382.5,3384.6,2275
2026-06-08T11:15:00+05:30,3384.1,3387.4,3383.7,3386,2975
2026-06-08T11:20:00+05:30,3380,3380.5,3374.7,3375,4550
2026-06-08T11:25:00+05:30,3375,3375,3368.1,3369.4,4200
2026-06-08T11:30:00+05:30,3369.3,3376.3,3368.1,3375,4725
2026-06-08T11:35:00+05:30,3375,3375.1,3372,3374.3,2100
2026-06-08T11:40:00+05:30,3372.4,3375.4,3372.4,3375.4,2800
2026-06-08T11:45:00+05:30,3372,3380.1,3372,3374.7,2975
2026-06-08T11:50:00+05:30,3377.7,3378,3372.9,3378,1400
2026-06-08T11:55:00+05:30,3381,3383,3369,3370.7,4375
2026-06-08T12:00:00+05:30,3370.7,3371.8,3356,3356,11025
2026-06-08T12:05:00+05:30,3357.6,3358.1,3353.4,3356.9,4200
2026-06-08T12:10:00+05:30,3359.4,3363.3,3356.7,3360.7,2975
2026-06-08T12:15:00+05:30,3362.1,3362.4,3356.3,3360.9,2450
2026-06-08T12:20:00+05:30,3359.4,3359.4,3354,3356,2625
2026-06-08T12:25:00+05:30,3356,3360,3354.6,3360,1750
2026-06-08T12:30:00+05:30,3356.6,3359.5,3349,3355,10150
2026-06-08T12:35:00+05:30,3355,3357.1,3354.3,3355.5,7175
2026-06-08T12:40:00+05:30,3353.2,3355.3,3350,3354.5,4200
2026-06-08T12:45:00+05:30,3350,3358.3,3349.9,3357,2450
2026-06-08T12:50:00+05:30,3359,3359,3350,3351,17500
2026-06-08T12:55:00+05:30,3350,3351.2,3347.3,3349.7,4025
2026-06-08T13:00:00+05:30,3349.7,3353.9,3347.7,3352.4,4550
2026-06-08T13:05:00+05:30,3362.4,3363.6,3354.1,3359,7875
2026-06-08T13:10:00+05:30,3356.7,3359,3355.1,3355.1,5075
2026-06-08T13:15:00+05:30,3355.9,3361.6,3354.9,3359.9,3675
2026-06-08T13:20:00+05:30,3361.2,3361.2,3356.2,3358.6,2975
2026-06-08T13:25:00+05:30,3358.7,3362.9,3356.8,3362.5,3675
2026-06-08T13:30:00+05:30,3359.4,3362.3,3358.8,3362.3,5075
2026-06-08T13:35:00+05:30,3360.9,3363,3357.1,3358.4,3150
2026-06-08T13:40:00+05:30,3355.4,3358.6,3353.5,3353.5,5075
2026-06-08T13:45:00+05:30,3352.4,3362.5,3352.4,3362.4,9800
2026-06-08T13:50:00+05:30,3360,3361.9,3356.2,3357,2450
2026-06-08T13:55:00+05:30,3355.1,3358.5,3354.3,3354.4,3325
2026-06-08T14:00:00+05:30,3356.9,3360.6,3356.3,3360.4,2800
2026-06-08T14:05:00+05:30,3357.5,3359.6,3354.4,3356,4550
2026-06-08T14:10:00+05:30,3358.4,3360,3355.2,3359.1,2450
2026-06-08T14:15:00+05:30,3359,3359.2,3355,3357.1,2800
2026-06-08T14:20:00+05:30,3357,3358.7,3354.4,3356.2,2450
2026-06-08T14:25:00+05:30,3354.8,3357.8,3354.1,3355.2,3675
2026-06-08T14:30:00+05:30,3357.3,3358.1,3353.6,3355.2,4550
2026-06-08T14:35:00+05:30,3353.7,3356.4,3351.5,3352.6,4025
2026-06-08T14:40:00+05:30,3351.8,3357.9,3351.2,3357.2,4725
2026-06-08T14:45:00+05:30,3355.3,3358,3353,3353.3,5075
2026-06-08T14:50:00+05:30,3352.3,3353.2,3349.6,3350.5,5425
2026-06-08T14:55:00+05:30,3348.5,3349.9,3341.1,3345.1,8225
2026-06-08T15:00:00+05:30,3344.6,3344.6,3319.2,3320.5,28350
2026-06-08T15:05:00+05:30,3320.3,3332.6,3310,3324.4,43575
2026-06-08T15:10:00+05:30,3323.9,3334.3,3318.1,3330.2,37625
2026-06-08T15:15:00+05:30,3330.1,3333.9,3327.6,3333,22925
2026-06-08T15:20:00+05:30,3332.5,3334.2,3322.1,3323.3,46200
2026-06-08T15:25:00+05:30,3322.8,3334.7,3318.5,3324.1,43050
2026-06-09T09:15:00+05:30,3346.1,3379.9,3338.1,3353.3,29925
2026-06-09T09:20:00+05:30,3352.8,3363.6,3352.8,3361.1,7175
2026-06-09T09:25:00+05:30,3362,3364.6,3357.3,3360.1,2800
2026-06-09T09:30:00+05:30,3356.8,3364.6,3348.2,3351.6,7700
2026-06-09T09:35:00+05:30,3351.6,3354,3346.2,3354,6825
2026-06-09T09:40:00+05:30,3350.1,3355.5,3346.1,3346.1,13300
2026-06-09T09:45:00+05:30,3347.5,3355.6,3347.5,3349,3675
2026-06-09T09:50:00+05:30,3349.7,3358.9,3349.6,3358.9,3675
2026-06-09T09:55:00+05:30,3356,3357.8,3353.5,3356,3150
2026-06-09T10:00:00+05:30,3358.9,3360,3354.2,3354.2,3500
2026-06-09T10:05:00+05:30,3352.8,3357.4,3350.8,3356.7,3500
2026-06-09T10:10:00+05:30,3355.8,3359.5,3355.4,3355.4,4375
2026-06-09T10:15:00+05:30,3359.3,3359.3,3351.1,3352.9,9800
2026-06-09T10:20:00+05:30,3352.7,3358,3352.7,3353.7,3500
2026-06-09T10:25:00+05:30,3353.9,3363,3353.9,3361.1,10150
2026-06-09T10:30:00+05:30,3361,3361,3358,3358.6,3500
2026-06-09T10:35:00+05:30,3355,3355.2,3348,3353.4,19600
2026-06-09T10:40:00+05:30,3352.8,3363,3352.8,3363,4025
2026-06-09T10:45:00+05:30,3363.8,3366.2,3357.6,3357.6,4725
2026-06-09T10:50:00+05:30,3356.3,3369.5,3355.6,3369.5,7175
2026-06-09T10:55:00+05:30,3369.4,3372.4,3369,3370.7,4025
2026-06-09T11:00:00+05:30,3372.4,3373.9,3368.3,3370.2,4200
2026-06-09T11:05:00+05:30,3368.4,3368.5,3363.9,3367.4,1750
2026-06-09T11:10:00+05:30,3366,3367.3,3365.9,3367.3,1575
2026-06-09T11:15:00+05:30,3365.3,3370.4,3365.3,3368.8,4550
2026-06-09T11:20:00+05:30,3370.1,3370.7,3364.7,3364.7,4375
2026-06-09T11:25:00+05:30,3366.2,3371.6,3365.8,3368.9,2275
2026-06-09T11:30:00+05:30,3368.6,3368.6,3367.6,3368.2,1400
2026-06-09T11:35:00+05:30,3370,3370,3366.9,3367.4,2800
2026-06-09T11:40:00+05:30,3367.2,3368.9,3364,3368.7,3500
2026-06-09T11:45:00+05:30,3366.3,3372.5,3366.3,3371.6,3675
2026-06-09T11:50:00+05:30,3371.4,3374.8,3371,3374,1925
2026-06-09T11:55:00+05:30,3372.4,3374.9,3371.7,3374.9,4200
2026-06-09T12:00:00+05:30,3375.8,3377.7,3374.2,3376.7,5775
2026-06-09T12:05:00+05:30,3374.4,3376.6,3372.7,3376.5,3675
2026-06-09T12:10:00+05:30,3376.2,3378,3371.3,3371.5,4375
2026-06-09T12:15:00+05:30,3374.5,3381,3374.5,3379,4900
2026-06-09T12:20:00+05:30,3380.2,3383.5,3376.9,3381.5,4900
2026-06-09T12:25:00+05:30,3381.7,3387.1,3380.3,3386.9,8575
2026-06-09T12:30:00+05:30,3386.9,3386.9,3384,3384.5,7000
2026-06-09T12:35:00+05:30,3384.4,3386,3383.3,3384.9,3500
2026-06-09T12:40:00+05:30,3383.5,3386,3379.9,3379.9,5425
2026-06-09T12:45:00+05:30,3380,3385.6,3380,3384.8,8225
2026-06-09T12:50:00+05:30,3383.5,3383.5,3372.5,3372.5,5600
2026-06-09T12:55:00+05:30,3370,3374,3363,3365,5600
2026-06-09T13:00:00+05:30,3369.4,3370.4,3366.9,3370.4,5775
2026-06-09T13:05:00+05:30,3369.6,3369.6,3363.2,3364.7,4550
2026-06-09T13:10:00+05:30,3367.9,3369.7,3362.5,3369.5,5250
2026-06-09T13:15:00+05:30,3369,3369.5,3366,3369,4025
2026-06-09T13:20:00+05:30,3367.2,3368.7,3364.1,3367.7,3150
2026-06-09T13:25:00+05:30,3365.9,3368.5,3365.9,3367.1,3675
2026-06-09T13:30:00+05:30,3367.9,3372,3363.8,3365.1,6825
2026-06-09T13:35:00+05:30,3368.5,3371.4,3366.1,3370.7,6125
2026-06-09T13:40:00+05:30,3370,3374.8,3367.2,3372.5,5950
2026-06-09T13:45:00+05:30,3371.5,3376.9,3370.8,3373.9,4550
2026-06-09T13:50:00+05:30,3375.3,3377.7,3370.5,3375,4550
2026-06-09T13:55:00+05:30,3375.1,3375.3,3370.7,3373.9,4375
2026-06-09T14:00:00+05:30,3374.9,3378.7,3371.5,3373,5250
2026-06-09T14:05:00+05:30,3371,3376.4,3370.6,3375.8,6300
2026-06-09T14:10:00+05:30,3377.2,3377.2,3372.2,3375.5,6475
2026-06-09T14:15:00+05:30,3375.2,3378,3375,3378,3150
2026-06-09T14:20:00+05:30,3378.7,3379.9,3375.7,3375.7,5250
2026-06-09T14:25:00+05:30,3375.9,3381.4,3375.9,3381.4,3850
2026-06-09T14:30:00+05:30,3375.7,3387.3,3375.5,3377,160300
2026-06-09T14:35:00+05:30,3376.9,3379.8,3373.5,3375.3,17675
2026-06-09T14:40:00+05:30,3377.9,3381.3,3372.1,3376.6,20650
2026-06-09T14:45:00+05:30,3374.2,3379.1,3372,3373.1,24500
2026-06-09T14:50:00+05:30,3373.7,3382.3,3373.6,3382.2,20125
2026-06-09T14:55:00+05:30,3380,3388.2,3380,3382.8,39900
2026-06-09T15:00:00+05:30,3382.5,3382.8,3371.5,3381.3,57925
2026-06-09T15:05:00+05:30,3381.3,3386.9,3379.8,3383.3,36575
2026-06-09T15:10:00+05:30,3383.8,3386,3379.7,3382.4,34300
2026-06-09T15:15:00+05:30,3382.4,3389,3379.4,3380.1,37800
2026-06-09T15:20:00+05:30,3382,3385.9,3377.5,3379.3,38500
2026-06-09T15:25:00+05:30,3379.3,3386.7,3378.2,3379.4,28525
2026-06-10T09:15:00+05:30,3352.6,3371,3344.5,3344.5,22925
2026-06-10T09:20:00+05:30,3343.7,3357,3343.7,3357,15925
2026-06-10T09:25:00+05:30,3354.1,3363.9,3349.7,3361.9,15925
2026-06-10T09:30:00+05:30,3362.9,3369.3,3350.4,3369.3,23275
2026-06-10T09:35:00+05:30,3376.1,3376.9,3366.1,3370.2,23800
2026-06-10T09:40:00+05:30,3372.5,3379.4,3370.2,3371.5,20825
2026-06-10T09:45:00+05:30,3371.5,3380,3368.1,3378.4,14000
2026-06-10T09:50:00+05:30,3385,3386.2,3367.1,3374,12950
2026-06-10T09:55:00+05:30,3374.5,3379.8,3369.5,3369.5,8750
2026-06-10T10:00:00+05:30,3370.4,3371.8,3367.5,3367.5,6475
2026-06-10T10:05:00+05:30,3369,3373.6,3367.7,3369.2,6300
2026-06-10T10:10:00+05:30,3371.1,3371.1,3363.5,3364,5600
2026-06-10T10:15:00+05:30,3361.1,3363,3356.3,3360.1,15575
2026-06-10T10:20:00+05:30,3362.8,3365.1,3358.3,3360.1,2975
2026-06-10T10:25:00+05:30,3360.5,3366.6,3360,3361.3,5600
2026-06-10T10:30:00+05:30,3361.3,3367.7,3361.3,3366,3500
2026-06-10T10:35:00+05:30,3368.3,3369.6,3359.1,3359.1,6300
2026-06-10T10:40:00+05:30,3361,3365.6,3360,3360,4550
2026-06-10T10:45:00+05:30,3360,3367.7,3360,3363,22575
2026-06-10T10:50:00+05:30,3364.8,3364.8,3360,3360.5,1750
2026-06-10T10:55:00+05:30,3360.1,3365.3,3360.1,3365,2975
2026-06-10T11:00:00+05:30,3366.5,3371.8,3363.7,3371.8,3150
2026-06-10T11:05:00+05:30,3369.1,3383.7,3369.1,3378.5,30800
2026-06-10T11:10:00+05:30,3377.4,3377.4,3370.1,3372,10675
2026-06-10T11:15:00+05:30,3371.9,3380,3371.9,3374.8,12600
2026-06-10T11:20:00+05:30,3374.8,3380.5,3373.1,3380.5,7000
2026-06-10T11:25:00+05:30,3378.3,3380,3376.7,3377.1,4900
2026-06-10T11:30:00+05:30,3376.8,3377,3369.6,3369.6,9800
2026-06-10T11:35:00+05:30,3370.2,3370.2,3363,3368.5,7525
2026-06-10T11:40:00+05:30,3369.8,3373.5,3367.3,3372,6125
2026-06-10T11:45:00+05:30,3373.8,3374.2,3370.3,3373.9,4550
2026-06-10T11:50:00+05:30,3373.7,3374.6,3369,3373.7,3675
2026-06-10T11:55:00+05:30,3374.1,3378.3,3372.3,3375.2,9800
2026-06-10T12:00:00+05:30,3377,3378.8,3376.4,3376.4,3150
2026-06-10T12:05:00+05:30,3377.8,3381.8,3376,3381.2,7525
2026-06-10T12:10:00+05:30,3378.3,3387.1,3377.9,3385.7,15050
2026-06-10T12:15:00+05:30,3385.9,3389,3384.7,3388.4,9975
2026-06-10T12:20:00+05:30,3388.1,3388.1,3384.9,3384.9,10675
2026-06-10T12:25:00+05:30,3387.9,3394.5,3385.3,3393,16275
2026-06-10T12:30:00+05:30,3393,3396.8,3391.5,3395.3,18550
2026-06-10T12:35:00+05:30,3395.2,3395.2,3392.7,3394,4375
2026-06-10T12:40:00+05:30,3392.8,3392.8,3386.4,3387.9,11550
2026-06-10T12:45:00+05:30,3387.7,3390.7,3385,3386,8400
2026-06-10T12:50:00+05:30,3387,3388.5,3386.4,3387,5600
2026-06-10T12:55:00+05:30,3387.8,3388.8,3385.7,3387.9,7000
2026-06-10T13:00:00+05:30,3388.4,3397.9,3388.4,3396,3850
2026-06-10T13:05:00+05:30,3398,3398,3390.4,3390.5,5250
2026-06-10T13:10:00+05:30,3392.7,3394.3,3391.5,3392.4,4900
2026-06-10T13:15:00+05:30,3394,3395.3,3392.3,3394.3,3675
2026-06-10T13:20:00+05:30,3394.5,3396.8,3392.3,3394.1,4025
2026-06-10T13:25:00+05:30,3392.3,3397.7,3392.3,3396,3500
2026-06-10T13:30:00+05:30,3397.6,3398,3393.1,3393.7,5425
2026-06-10T13:35:00+05:30,3395.4,3396,3393,3393.5,3675
2026-06-10T13:40:00+05:30,3393,3394.8,3385.5,3389.3,4900
2026-06-10T13:45:00+05:30,3390.1,3393.5,3388.2,3388.2,3325
2026-06-10T13:50:00+05:30,3389.7,3389.7,3380.8,3380.8,11550
2026-06-10T13:55:00+05:30,3382.2,3384.9,3380.5,3380.5,4025
2026-06-10T14:00:00+05:30,3382.5,3386.1,3382.1,3386.1,2450
2026-06-10T14:05:00+05:30,3384.2,3387.5,3384.2,3384.6,2625
2026-06-10T14:10:00+05:30,3384.6,3386,3380,3383.8,6125
2026-06-10T14:15:00+05:30,3382.2,3384.4,3380.8,3384.4,3150
2026-06-10T14:20:00+05:30,3382.6,3389.7,3382.6,3387,17850
2026-06-10T14:25:00+05:30,3383.8,3387.3,3383.1,3383.1,8925
2026-06-10T14:30:00+05:30,3383.1,3383.1,3375,3379.2,16100
2026-06-10T14:35:00+05:30,3382.2,3382.2,3375,3375.9,3150
2026-06-10T14:40:00+05:30,3375.9,3380.9,3370.4,3371.2,9100
2026-06-10T14:45:00+05:30,3371.2,3371.5,3362,3362,13825
2026-06-10T14:50:00+05:30,3362,3368.8,3360.4,3362.6,18725
2026-06-10T14:55:00+05:30,3363.6,3366,3360.3,3361.8,10850
2026-06-10T15:00:00+05:30,3362.1,3362.7,3347.6,3350,29225
2026-06-10T15:05:00+05:30,3350,3353.3,3346,3348.6,28700
2026-06-10T15:10:00+05:30,3350.8,3350.8,3337.5,3337.5,25725
2026-06-10T15:15:00+05:30,3339.4,3342.2,3332.6,3340.8,25375
2026-06-10T15:20:00+05:30,3341.6,3344.4,3335.3,3342.2,28700
2026-06-10T15:25:00+05:30,3343.5,3349.6,3337.1,3337.1,26600
2026-06-11T09:15:00+05:30,3318.9,3324.4,3306.9,3321.4,11025
2026-06-11T09:20:00+05:30,3323.3,3336.7,3321.7,3325.3,5775
2026-06-11T09:25:00+05:30,3322,3329.1,3321.1,3321.2,4900
2026-06-11T09:30:00+05:30,3323,3330.9,3322.3,3327.5,2275
2026-06-11T09:35:00+05:30,3324.2,3325.3,3316.8,3323,7350
2026-06-11T09:40:00+05:30,3319.2,3322,3313.1,3318.3,4375
2026-06-11T09:45:00+05:30,3317,3321.6,3314.1,3318,2625
2026-06-11T09:50:00+05:30,3320.3,3326.9,3317.6,3317.6,4025
2026-06-11T09:55:00+05:30,3315.2,3321.4,3312.1,3318.2,5250
2026-06-11T10:00:00+05:30,3320,3320,3314.8,3314.8,1750
2026-06-11T10:05:00+05:30,3312.5,3320.2,3312.2,3320.2,2450
2026-06-11T10:10:00+05:30,3319,3319,3312.9,3314.7,2975
2026-06-11T10:15:00+05:30,3314.7,3315.1,3313.2,3315.1,1050
2026-06-11T10:20:00+05:30,3320.8,3320.8,3315.3,3319.6,4375
2026-06-11T10:25:00+05:30,3317,3320.8,3316.2,3319.3,7175
2026-06-11T10:30:00+05:30,3322,3322,3315.1,3316,6125
2026-06-11T10:35:00+05:30,3316.4,3319.7,3316,3317.1,4725
2026-06-11T10:40:00+05:30,3322.1,3324.1,3319.3,3319.4,2975
2026-06-11T10:45:00+05:30,3321.7,3321.7,3317.5,3317.5,1750
2026-06-11T10:50:00+05:30,3316.1,3316.7,3307.8,3310.1,9625
2026-06-11T10:55:00+05:30,3310.1,3310.1,3307.8,3308.6,2275
2026-06-11T11:00:00+05:30,3308.7,3308.7,3300,3300.1,8925
2026-06-11T11:05:00+05:30,3302,3307,3300,3303,3500
2026-06-11T11:10:00+05:30,3305.3,3310.6,3304.8,3309.8,4200
2026-06-11T11:15:00+05:30,3311.2,3316,3309.5,3312.1,2800
2026-06-11T11:20:00+05:30,3315.5,3319.3,3315.5,3318,1925
2026-06-11T11:25:00+05:30,3318.4,3326,3318.2,3324.6,7175
2026-06-11T11:30:00+05:30,3327.4,3335.9,3323.2,3325.7,24500
2026-06-11T11:35:00+05:30,3323.7,3325,3320,3320.4,2275
2026-06-11T11:40:00+05:30,3322.4,3324.9,3319.5,3322.3,2800
2026-06-11T11:45:00+05:30,3324.4,3327,3322,3325.1,4025
2026-06-11T11:50:00+05:30,3325.3,3328,3322.5,3328,2800
2026-06-11T11:55:00+05:30,3329.1,3331.7,3327.2,3327.8,5075
2026-06-11T12:00:00+05:30,3332.3,3333,3325.5,3329.7,4900
2026-06-11T12:05:00+05:30,3327.7,3335.6,3324,3332.6,20300
2026-06-11T12:10:00+05:30,3332,3338.7,3329.8,3336.1,7525
2026-06-11T12:15:00+05:30,3340,3344.8,3333.4,3333.4,11725
2026-06-11T12:20:00+05:30,3334.5,3335.3,3332.1,3334.8,5950
2026-06-11T12:25:00+05:30,3333.9,3344.9,3332,3338,20300
2026-06-11T12:30:00+05:30,3340.4,3344,3334.1,3340,42700
2026-06-11T12:35:00+05:30,3342,3350,3335.5,3342.3,26075
2026-06-11T12:40:00+05:30,3340.6,3341.5,3332.2,3332.2,6300
2026-06-11T12:45:00+05:30,3332.2,3332.5,3321.9,3321.9,10500
2026-06-11T12:50:00+05:30,3321.5,3324.6,3318.5,3324.6,5075
2026-06-11T12:55:00+05:30,3323.3,3328.9,3320.9,3328,6125
2026-06-11T13:00:00+05:30,3328,3330,3323.5,3324,15750
2026-06-11T13:05:00+05:30,3321.1,3321.1,3318.3,3318.4,3500
2026-06-11T13:10:00+05:30,3317,3318.7,3314.9,3316,3675
2026-06-11T13:15:00+05:30,3312.4,3313.9,3310,3310,3325
2026-06-11T13:20:00+05:30,3310,3310,3302,3309,5950
2026-06-11T13:25:00+05:30,3310.8,3312,3309.5,3312,1050
2026-06-11T13:30:00+05:30,3313,3315.4,3308.1,3308.1,7525
2026-06-11T13:35:00+05:30,3309.8,3314.1,3307.4,3312.3,2975
2026-06-11T13:40:00+05:30,3312.3,3312.3,3309,3309,1925
2026-06-11T13:45:00+05:30,3313.1,3315.5,3311.6,3315.5,1575
2026-06-11T13:50:00+05:30,3315,3317.6,3311.6,3313.2,3675
2026-06-11T13:55:00+05:30,3313.3,3316.1,3311.8,3311.8,3850
2026-06-11T14:00:00+05:30,3313.3,3313.3,3311,3311.5,2100
2026-06-11T14:05:00+05:30,3311.8,3313.3,3307.6,3310.8,4375
2026-06-11T14:10:00+05:30,3312.8,3316.5,3308.4,3313.5,7525
2026-06-11T14:15:00+05:30,3314.4,3316.1,3312.9,3314.5,5425
2026-06-11T14:20:00+05:30,3314.5,3319.7,3314,3314,12075
2026-06-11T14:25:00+05:30,3314.3,3325.3,3313.7,3323.1,22050
2026-06-11T14:30:00+05:30,3322.5,3322.5,3318,3320,9100
2026-06-11T14:35:00+05:30,3318.6,3320.1,3314.6,3314.6,6300
2026-06-11T14:40:00+05:30,3315,3316.1,3314,3314,3500
2026-06-11T14:45:00+05:30,3314.2,3315,3308.8,3309.5,5425
2026-06-11T14:50:00+05:30,3309.1,3310.7,3307,3310.2,6300
2026-06-11T14:55:00+05:30,3310.2,3314.1,3307.2,3310.4,6125
2026-06-11T15:00:00+05:30,3310.4,3310.5,3300.8,3305.9,26250
2026-06-11T15:05:00+05:30,3304,3306.4,3300.8,3303.9,16975
2026-06-11T15:10:00+05:30,3303.3,3309.1,3301.5,3307.3,20825
2026-06-11T15:15:00+05:30,3306.7,3311,3301.1,3301.6,31675
2026-06-11T15:20:00+05:30,3302.2,3304.8,3297.1,3301.3,40425
2026-06-11T15:25:00+05:30,3301.7,3309,3301.3,3303.9,35875
2026-06-12T09:15:00+05:30,3339,3379,3339,3350.4,70350
2026-06-12T09:20:00+05:30,3351.1,3371,3351.1,3363.9,21350
2026-06-12T09:25:00+05:30,3366,3370.6,3353.3,3360.6,12075
2026-06-12T09:30:00+05:30,3360.6,3360.6,3342.4,3348.1,30275
2026-06-12T09:35:00+05:30,3350.9,3354.6,3340,3350.1,32900
2026-06-12T09:40:00+05:30,3350.1,3350.1,3327.3,3328,29575
2026-06-12T09:45:00+05:30,3327.2,3332.9,3322.1,3330,16800
2026-06-12T09:50:00+05:30,3331.1,3337.2,3326.4,3328.1,11375
2026-06-12T09:55:00+05:30,3331.7,3331.7,3321,3321,12425
2026-06-12T10:00:00+05:30,3320.5,3320.5,3316,3319,4725
2026-06-12T10:05:00+05:30,3324.9,3327.8,3318,3321.7,19775
2026-06-12T10:10:00+05:30,3320.8,3320.8,3315.3,3320.2,4900
2026-06-12T10:15:00+05:30,3318.1,3320.5,3312.3,3313.7,8925
2026-06-12T10:20:00+05:30,3313.7,3318,3312.3,3317.1,5950
2026-06-12T10:25:00+05:30,3318.4,3323.3,3315.6,3315.6,5425
2026-06-12T10:30:00+05:30,3315.9,3315.9,3307.3,3308,5950
2026-06-12T10:35:00+05:30,3309.7,3309.7,3304.5,3309.1,6125
2026-06-12T10:40:00+05:30,3312.3,3313,3303.1,3303.1,8575
2026-06-12T10:45:00+05:30,3305.3,3308.5,3297.4,3304.8,23450
2026-06-12T10:50:00+05:30,3302.1,3318,3302,3318,7875
2026-06-12T10:55:00+05:30,3320,3320,3308,3308,4725
2026-06-12T11:00:00+05:30,3311.5,3312.2,3306.5,3312.2,3325
2026-06-12T11:05:00+05:30,3312.5,3316,3310.3,3314.4,6825
2026-06-12T11:10:00+05:30,3314.7,3318.9,3310.9,3318,11200
2026-06-12T11:15:00+05:30,3315.2,3315.2,3308.7,3309.1,4550
2026-06-12T11:20:00+05:30,3310.4,3310.4,3308.7,3310.4,2800
2026-06-12T11:25:00+05:30,3310.4,3310.4,3301.6,3303.1,4725
2026-06-12T11:30:00+05:30,3301.9,3304.9,3297,3304.3,7525
2026-06-12T11:35:00+05:30,3303.5,3306,3302.2,3302.2,8225
2026-06-12T11:40:00+05:30,3302,3305.4,3300.9,3304.5,4200
2026-06-12T11:45:00+05:30,3304,3304,3299.1,3300.5,7000
2026-06-12T11:50:00+05:30,3300.5,3300.5,3291.1,3292.7,11725
2026-06-12T11:55:00+05:30,3292.8,3296.5,3283,3283,18375
2026-06-12T12:00:00+05:30,3284.2,3298.8,3282.9,3293.3,34475
2026-06-12T12:05:00+05:30,3294.6,3294.6,3290,3290,3500
2026-06-12T12:10:00+05:30,3289.4,3296,3289.4,3296,5250
2026-06-12T12:15:00+05:30,3296.4,3298.5,3293.3,3293.4,5775
2026-06-12T12:20:00+05:30,3294.5,3301.9,3294.5,3299.2,3150
2026-06-12T12:25:00+05:30,3301.6,3302.9,3297.9,3300.4,4725
2026-06-12T12:30:00+05:30,3299.7,3299.7,3295.9,3297.3,3675
2026-06-12T12:35:00+05:30,3297.2,3297.9,3291.1,3293.2,4200
2026-06-12T12:40:00+05:30,3294.1,3294.1,3290,3290,7875
2026-06-12T12:45:00+05:30,3288.3,3292.8,3288,3289.9,5775
2026-06-12T12:50:00+05:30,3289.9,3291.8,3286.5,3288,5075
2026-06-12T12:55:00+05:30,3288.6,3294,3285.1,3294,3675
2026-06-12T13:00:00+05:30,3291,3292.4,3285.5,3285.5,8575
2026-06-12T13:05:00+05:30,3285.5,3286.6,3284,3285.2,5775
2026-06-12T13:10:00+05:30,3286.2,3290.3,3283.2,3286.7,14350
2026-06-12T13:15:00+05:30,3285,3289.4,3282.8,3284.2,12950
2026-06-12T13:20:00+05:30,3287.2,3289.5,3283,3283,8925
2026-06-12T13:25:00+05:30,3283,3298.5,3281,3294.4,10325
2026-06-12T13:30:00+05:30,3298.9,3299,3290.1,3293.1,13825
2026-06-12T13:35:00+05:30,3293.5,3304,3292.5,3299.3,34125
2026-06-12T13:40:00+05:30,3300.8,3303.6,3295.4,3296.3,30800
2026-06-12T13:45:00+05:30,3297.4,3301.9,3294.9,3300.1,37100
2026-06-12T13:50:00+05:30,3300.9,3300.9,3295.2,3298.6,35700
2026-06-12T13:55:00+05:30,3299.3,3317.3,3299.3,3312.2,48825
2026-06-12T14:00:00+05:30,3312.1,3318,3303.5,3307.8,39725
2026-06-12T14:05:00+05:30,3307.6,3307.6,3300.2,3303.2,33600
2026-06-12T14:10:00+05:30,3303.3,3324,3303.2,3320.7,25025
2026-06-12T14:15:00+05:30,3320,3324,3318,3321.1,23450
2026-06-12T14:20:00+05:30,3320.6,3325.6,3317.7,3324,24325
2026-06-12T14:25:00+05:30,3323.3,3331.7,3322.1,3326.7,31850
2026-06-12T14:30:00+05:30,3325.8,3335,3324.6,3331.6,47775
2026-06-12T14:35:00+05:30,3332.8,3334.6,3324.3,3331,43575
2026-06-12T14:40:00+05:30,3333.4,3343.6,3331.3,3338.4,42175
2026-06-12T14:45:00+05:30,3337.5,3342,3332.2,3340.2,51625
2026-06-12T14:50:00+05:30,3340.2,3345,3331.7,3345,41125
2026-06-12T14:55:00+05:30,3343.8,3348,3342,3345.7,23625
2026-06-12T15:00:00+05:30,3343,3344.9,3326.4,3333.3,76650
2026-06-12T15:05:00+05:30,3333.9,3349,3331.7,3335.7,91350
2026-06-12T15:10:00+05:30,3337,3337,3319.3,3333,94500
2026-06-12T15:15:00+05:30,3331.7,3337.2,3321.1,3334,55825
2026-06-12T15:20:00+05:30,3333.9,3336.2,3330.3,3333.9,26950
2026-06-12T15:25:00+05:30,3333.7,3342,3333.7,3338,36225
2026-06-15T09:15:00+05:30,3381,3410.5,3360,3399.9,89950
2026-06-15T09:20:00+05:30,3400,3409.8,3393.1,3406,36750
2026-06-15T09:25:00+05:30,3406,3407,3381.1,3401.8,27475
2026-06-15T09:30:00+05:30,3399.4,3405,3382.3,3403.8,31325
2026-06-15T09:35:00+05:30,3407.3,3419,3402.6,3409.7,43925
2026-06-15T09:40:00+05:30,3410.5,3415.5,3397.2,3401.9,28875
2026-06-15T09:45:00+05:30,3405.3,3410.9,3400,3400,31850
2026-06-15T09:50:00+05:30,3400,3409.9,3396,3406.9,15050
2026-06-15T09:55:00+05:30,3409.5,3420,3406,3412.5,29575
2026-06-15T10:00:00+05:30,3410.9,3413.2,3404,3409.1,10675
2026-06-15T10:05:00+05:30,3406.5,3412.5,3405.7,3409,8925
2026-06-15T10:10:00+05:30,3407.5,3407.6,3401.6,3403.3,7875
2026-06-15T10:15:00+05:30,3403.3,3409.7,3401,3407.4,14700
2026-06-15T10:20:00+05:30,3407.4,3414.6,3405.4,3410,27125
2026-06-15T10:25:00+05:30,3409,3412.6,3405.6,3406.6,12600
2026-06-15T10:30:00+05:30,3406.6,3424.5,3406.6,3423.9,44450
2026-06-15T10:35:00+05:30,3425,3430,3422,3426.6,28700
2026-06-15T10:40:00+05:30,3424,3432.8,3424,3427.5,28700
2026-06-15T10:45:00+05:30,3427.1,3442,3426.4,3438.5,59150
2026-06-15T10:50:00+05:30,3439.3,3456,3437.5,3452.4,43050
2026-06-15T10:55:00+05:30,3449.1,3458.9,3448.9,3456.4,26950
2026-06-15T11:00:00+05:30,3456.3,3456.7,3449.2,3452.8,19250
2026-06-15T11:05:00+05:30,3451.8,3459.9,3447.2,3459.4,20650
2026-06-15T11:10:00+05:30,3455.8,3460,3454.6,3459.8,24150
2026-06-15T11:15:00+05:30,3457.6,3464.9,3453.4,3462.1,19425
2026-06-15T11:20:00+05:30,3460.5,3463.9,3455.5,3459.1,27125
2026-06-15T11:25:00+05:30,3460,3464.9,3458.7,3460.4,18025
2026-06-15T11:30:00+05:30,3459.4,3463,3458.2,3463,10500
2026-06-15T11:35:00+05:30,3463,3465,3462.1,3464.4,11900
2026-06-15T11:40:00+05:30,3462,3464.8,3460,3461.6,10325
2026-06-15T11:45:00+05:30,3460,3464.1,3458.3,3463.6,8575
2026-06-15T11:50:00+05:30,3463.4,3476.4,3463.3,3473.2,31150
2026-06-15T11:55:00+05:30,3473,3474,3467.7,3468.7,18725
2026-06-15T12:00:00+05:30,3470,3472.9,3466.8,3466.8,10500
2026-06-15T12:05:00+05:30,3468.3,3469.9,3466.1,3466.3,8225
2026-06-15T12:10:00+05:30,3464,3472,3463.1,3472,11200
2026-06-15T12:15:00+05:30,3472.3,3473.5,3466.6,3471.1,18900
2026-06-15T12:20:00+05:30,3471.1,3474.8,3466.3,3474.8,15400
2026-06-15T12:25:00+05:30,3474.9,3474.9,3467.1,3469.2,14700
2026-06-15T12:30:00+05:30,3471.4,3474.9,3471,3474.9,10500
2026-06-15T12:35:00+05:30,3472.9,3474.9,3468,3468,9975
2026-06-15T12:40:00+05:30,3469.7,3470,3460.8,3468.6,20475
2026-06-15T12:45:00+05:30,3468.6,3469.9,3463.7,3468.2,12600
2026-06-15T12:50:00+05:30,3466.5,3471.9,3466,3468.2,14350
2026-06-15T12:55:00+05:30,3467.6,3471.1,3464,3471.1,12425
2026-06-15T13:00:00+05:30,3469.4,3471.2,3467.2,3470.5,14350
2026-06-15T13:05:00+05:30,3472,3473.6,3468.6,3470.2,13650
2026-06-15T13:10:00+05:30,3471.5,3472.7,3467.5,3468.3,15925
2026-06-15T13:15:00+05:30,3471.4,3477.9,3470.2,3477.7,13125
2026-06-15T13:20:00+05:30,3477.6,3477.6,3470.9,3476,8400
2026-06-15T13:25:00+05:30,3476.5,3477.2,3472.1,3475,9625
2026-06-15T13:30:00+05:30,3474.6,3478.4,3473.9,3478,11725
2026-06-15T13:35:00+05:30,3477.4,3480,3474,3476.2,18200
2026-06-15T13:40:00+05:30,3477,3481,3475.3,3479.8,14000
2026-06-15T13:45:00+05:30,3477.9,3483,3476.1,3482.9,19425
2026-06-15T13:50:00+05:30,3483.4,3488,3472.5,3480.4,42875
2026-06-15T13:55:00+05:30,3480.6,3483,3476.9,3481,12250
2026-06-15T14:00:00+05:30,3480.1,3482.8,3477.2,3478.5,10850
2026-06-15T14:05:00+05:30,3479.4,3482.1,3477.3,3481.5,7700
2026-06-15T14:10:00+05:30,3480,3482.1,3478.2,3480.5,9450
2026-06-15T14:15:00+05:30,3479.5,3482.6,3477.2,3481.4,9975
2026-06-15T14:20:00+05:30,3480.3,3483.3,3477.3,3481.7,9800
2026-06-15T14:25:00+05:30,3480.6,3483.7,3479.6,3481.8,9625
2026-06-15T14:30:00+05:30,3479.9,3484.9,3479.9,3482.1,8750
2026-06-15T14:35:00+05:30,3482.2,3484.5,3479,3482.2,11900
2026-06-15T14:40:00+05:30,3481.8,3482.9,3473.1,3475.6,14875
2026-06-15T14:45:00+05:30,3473.8,3476.4,3471.1,3473.3,11725
2026-06-15T14:50:00+05:30,3471,3475.8,3468,3473.2,17500
2026-06-15T14:55:00+05:30,3472,3474.6,3465.7,3469.4,16975
2026-06-15T15:00:00+05:30,3470.6,3470.6,3455.1,3463.5,31150
2026-06-15T15:05:00+05:30,3464.3,3467.6,3461,3467.6,30275
2026-06-15T15:10:00+05:30,3468.1,3470.3,3463.3,3465,43575
2026-06-15T15:15:00+05:30,3465,3469.9,3464.7,3466,40250
2026-06-15T15:20:00+05:30,3466.5,3471.9,3464.5,3469.2,45150
2026-06-15T15:25:00+05:30,3469.1,3470,3460.3,3469.9,54250
2026-06-16T09:15:00+05:30,3470,3470.3,3452,3455.1,12600
2026-06-16T09:20:00+05:30,3451.5,3462.3,3450,3458.9,15750
2026-06-16T09:25:00+05:30,3459.5,3463.5,3458,3463.5,6475
2026-06-16T09:30:00+05:30,3460.6,3460.6,3446.8,3446.8,13300
2026-06-16T09:35:00+05:30,3449.2,3453.4,3443.3,3447.7,7000
2026-06-16T09:40:00+05:30,3446.2,3449,3446.2,3446.2,3500
2026-06-16T09:45:00+05:30,3447.4,3448.1,3442,3442,3325
2026-06-16T09:50:00+05:30,3444.1,3448,3440.6,3448,5425
2026-06-16T09:55:00+05:30,3448.5,3450.1,3442.1,3443.5,5250
2026-06-16T10:00:00+05:30,3445,3445,3429.4,3434.6,22225
2026-06-16T10:05:00+05:30,3434.8,3435.4,3431.6,3432,4025
2026-06-16T10:10:00+05:30,3431.6,3431.6,3424.3,3429,22400
2026-06-16T10:15:00+05:30,3431.4,3440.2,3429,3437.8,9100
2026-06-16T10:20:00+05:30,3439.2,3448.5,3436.7,3444,10675
2026-06-16T10:25:00+05:30,3442.7,3444.7,3440.4,3443,3150
2026-06-16T10:30:00+05:30,3444.7,3447.4,3440.9,3445.8,5425
2026-06-16T10:35:00+05:30,3448.2,3455.2,3448.2,3454.7,4725
2026-06-16T10:40:00+05:30,3452.4,3462,3451.5,3462,5250
2026-06-16T10:45:00+05:30,3462.3,3463,3458,3461.5,4900
2026-06-16T10:50:00+05:30,3458.4,3461.2,3457,3460,2275
2026-06-16T10:55:00+05:30,3459.5,3459.5,3456.5,3459.5,2100
2026-06-16T11:00:00+05:30,3459.1,3463,3454.6,3456,9800
2026-06-16T11:05:00+05:30,3458,3460.1,3455.4,3456,5600
2026-06-16T11:10:00+05:30,3455.8,3461,3455.6,3458.5,6825
2026-06-16T11:15:00+05:30,3461.2,3461.8,3458.2,3458.2,2625
2026-06-16T11:20:00+05:30,3461.2,3463,3458.6,3463,4900
2026-06-16T11:25:00+05:30,3462.4,3463.5,3456,3457.9,4725
2026-06-16T11:30:00+05:30,3457.7,3461.5,3457.7,3461.5,1575
2026-06-16T11:35:00+05:30,3461.5,3461.5,3459.3,3459.3,1400
2026-06-16T11:40:00+05:30,3459.6,3460.5,3458,3458.9,1575
2026-06-16T11:45:00+05:30,3460.9,3465,3460.9,3463.9,1750
2026-06-16T11:50:00+05:30,3466.5,3468.5,3466.5,3468.5,3850
2026-06-16T11:55:00+05:30,3469,3470,3466,3469.7,5775
2026-06-16T12:00:00+05:30,3470,3470,3464.8,3466.1,3325
2026-06-16T12:05:00+05:30,3465.9,3469.4,3465.9,3466.6,2625
2026-06-16T12:10:00+05:30,3466.2,3467.3,3464,3467,5425
2026-06-16T12:15:00+05:30,3466.5,3467,3463.2,3466.7,2625
2026-06-16T12:20:00+05:30,3465.5,3465.5,3460.2,3462.5,4900
2026-06-16T12:25:00+05:30,3463.2,3463.2,3458.4,3460.3,3850
2026-06-16T12:30:00+05:30,3460,3465.3,3460,3463.5,5425
2026-06-16T12:35:00+05:30,3464.8,3464.8,3460.3,3462.1,4200
2026-06-16T12:40:00+05:30,3461.8,3463.2,3461,3461.2,4550
2026-06-16T12:45:00+05:30,3462,3462,3456.3,3459.3,6825
2026-06-16T12:50:00+05:30,3459.6,3459.8,3455.8,3457,4200
2026-06-16T12:55:00+05:30,3457.7,3460.3,3456.9,3458.7,3325
2026-06-16T13:00:00+05:30,3460.1,3460.1,3457,3458.7,3150
2026-06-16T13:05:00+05:30,3460.2,3462.3,3459.1,3462.3,4375
2026-06-16T13:10:00+05:30,3462.3,3466,3461.4,3464.2,3850
2026-06-16T13:15:00+05:30,3464.3,3464.3,3461.6,3461.6,2100
2026-06-16T13:20:00+05:30,3463,3464.4,3458.2,3458.7,6825
2026-06-16T13:25:00+05:30,3458.3,3458.5,3456.7,3458.1,2800
2026-06-16T13:30:00+05:30,3459.7,3459.7,3455.9,3455.9,4025
2026-06-16T13:35:00+05:30,3459.1,3459.8,3458.2,3458.2,2450
2026-06-16T13:40:00+05:30,3458.4,3460.6,3458.4,3460.4,2800
2026-06-16T13:45:00+05:30,3460.2,3462.4,3457.7,3457.7,2975
2026-06-16T13:50:00+05:30,3460.3,3460.8,3456.3,3457.9,4550
2026-06-16T13:55:00+05:30,3458.5,3462.2,3458.5,3458.5,4200
2026-06-16T14:00:00+05:30,3460.1,3462.2,3460.1,3461.5,2100
2026-06-16T14:05:00+05:30,3461.4,3461.4,3458.8,3458.8,3675
2026-06-16T14:10:00+05:30,3461.6,3461.6,3458.3,3460.6,5775
2026-06-16T14:15:00+05:30,3460.3,3462.3,3458.1,3462.3,3850
2026-06-16T14:20:00+05:30,3462.4,3462.6,3458.2,3458.7,5775
2026-06-16T14:25:00+05:30,3457.7,3459,3456.5,3456.5,6825
2026-06-16T14:30:00+05:30,3455.8,3458.6,3455.7,3458,5075
2026-06-16T14:35:00+05:30,3456.4,3456.4,3451,3454.6,15750
2026-06-16T14:40:00+05:30,3453.9,3455.9,3450.7,3450.7,8750
2026-06-16T14:45:00+05:30,3450,3455.3,3450,3454.4,9625
2026-06-16T14:50:00+05:30,3453.7,3454.9,3453.6,3454.9,3150
2026-06-16T14:55:00+05:30,3456.9,3456.9,3452.8,3453.3,3500
2026-06-16T15:00:00+05:30,3454.9,3456.1,3445.1,3445.3,19250
2026-06-16T15:05:00+05:30,3445,3447.6,3444.1,3444.8,10150
2026-06-16T15:10:00+05:30,3447.9,3447.9,3443,3443.7,11900
2026-06-16T15:15:00+05:30,3445.9,3448.5,3443,3445.6,11550
2026-06-16T15:20:00+05:30,3445.6,3450.4,3445.2,3447.3,18550
2026-06-16T15:25:00+05:30,3447.2,3450.6,3445.3,3446.1,17675
2026-06-17T09:15:00+05:30,3447.6,3460,3447.3,3450,12600
2026-06-17T09:20:00+05:30,3451.2,3457.4,3449,3450.1,12775
2026-06-17T09:25:00+05:30,3450.1,3467.9,3450.1,3459.3,10500
2026-06-17T09:30:00+05:30,3463.9,3464,3455,3455,9625
2026-06-17T09:35:00+05:30,3454.2,3462.5,3454.2,3462.5,13300
2026-06-17T09:40:00+05:30,3460.3,3476.9,3460.3,3474.8,11900
2026-06-17T09:45:00+05:30,3473.9,3480,3473.1,3477.3,23800
2026-06-17T09:50:00+05:30,3477.2,3477.2,3465.5,3467,20300
2026-06-17T09:55:00+05:30,3466.1,3472.5,3466.1,3469.9,9800
2026-06-17T10:00:00+05:30,3472.1,3472.1,3461.5,3461.5,4025
2026-06-17T10:05:00+05:30,3462.6,3476,3461.9,3475,4550
2026-06-17T10:10:00+05:30,3475.1,3486.8,3475.1,3478.7,11025
2026-06-17T10:15:00+05:30,3480.9,3483.3,3478.9,3478.9,3325
2026-06-17T10:20:00+05:30,3477.6,3484,3477.6,3484,2800
2026-06-17T10:25:00+05:30,3481.9,3485,3474.8,3475.6,10150
2026-06-17T10:30:00+05:30,3474.1,3476.5,3474.1,3476.2,2450
2026-06-17T10:35:00+05:30,3476.2,3483.9,3472.4,3483.9,3850
2026-06-17T10:40:00+05:30,3483.9,3488.8,3480.6,3482.6,18550
2026-06-17T10:45:00+05:30,3483,3484.5,3478.3,3478.3,9975
2026-06-17T10:50:00+05:30,3479.8,3481.2,3479.2,3480.6,2100
2026-06-17T10:55:00+05:30,3481.2,3481.8,3475,3479.2,3150
2026-06-17T11:00:00+05:30,3479.9,3484,3476.6,3479.7,7700
2026-06-17T11:05:00+05:30,3483.8,3483.8,3478,3482.2,6125
2026-06-17T11:10:00+05:30,3478.7,3478.7,3473,3476,4375
2026-06-17T11:15:00+05:30,3478.3,3478.3,3471.2,3473.7,2975
2026-06-17T11:20:00+05:30,3473.7,3476.6,3471.5,3474.1,7875
2026-06-17T11:25:00+05:30,3468,3471.5,3466.2,3470.5,6300
2026-06-17T11:30:00+05:30,3470.9,3474.9,3467.5,3474.9,5775
2026-06-17T11:35:00+05:30,3474.6,3474.6,3468,3468.2,4550
2026-06-17T11:40:00+05:30,3466.1,3474.7,3463.1,3474.6,4550
2026-06-17T11:45:00+05:30,3473.2,3474.8,3470.3,3470.8,4375
2026-06-17T11:50:00+05:30,3472.6,3477,3470.2,3471.4,4200
2026-06-17T11:55:00+05:30,3472.2,3476,3472.2,3476,10675
2026-06-17T12:00:00+05:30,3478,3478,3472.4,3473.5,4900
2026-06-17T12:05:00+05:30,3474.5,3477.2,3473.5,3474,5425
2026-06-17T12:10:00+05:30,3473.5,3474.2,3466.3,3466.3,2450
2026-06-17T12:15:00+05:30,3467.2,3467.2,3460.8,3460.8,4550
2026-06-17T12:20:00+05:30,3464,3464,3456.4,3459.3,4375
2026-06-17T12:25:00+05:30,3457.3,3458.6,3450,3453.2,19950
2026-06-17T12:30:00+05:30,3456.5,3457.8,3448.8,3448.9,8050
2026-06-17T12:35:00+05:30,3450.4,3457.7,3450.1,3453.5,4900
2026-06-17T12:40:00+05:30,3454.8,3454.9,3453.5,3454.9,1400
2026-06-17T12:45:00+05:30,3453.5,3453.5,3451,3451,3325
2026-06-17T12:50:00+05:30,3453.9,3454,3447.1,3447.1,5425
2026-06-17T12:55:00+05:30,3445.8,3445.8,3440.3,3445.3,8400
2026-06-17T13:00:00+05:30,3443.2,3444.3,3434.1,3438.7,11200
2026-06-17T13:05:00+05:30,3436.4,3436.4,3423.7,3425,11550
2026-06-17T13:10:00+05:30,3420.9,3431,3420.9,3428,12425
2026-06-17T13:15:00+05:30,3428.5,3437.8,3423.2,3436.9,4375
2026-06-17T13:20:00+05:30,3436,3439.6,3435.9,3439,2100
2026-06-17T13:25:00+05:30,3439.4,3442.3,3436.9,3442.3,1925
2026-06-17T13:30:00+05:30,3441.3,3444,3439.6,3439.6,6125
2026-06-17T13:35:00+05:30,3440.9,3443.5,3439.7,3443.5,1400
2026-06-17T13:40:00+05:30,3443.6,3443.6,3440.5,3443.2,2625
2026-06-17T13:45:00+05:30,3443.8,3443.8,3433.4,3434.6,4375
2026-06-17T13:50:00+05:30,3434.7,3437.3,3425.4,3427.6,12600
2026-06-17T13:55:00+05:30,3428,3432.7,3428,3432.7,2450
2026-06-17T14:00:00+05:30,3432.7,3433,3427.3,3433,2275
2026-06-17T14:05:00+05:30,3433,3440.3,3431.7,3438.2,6125
2026-06-17T14:10:00+05:30,3440.6,3443.1,3437,3441.6,1575
2026-06-17T14:15:00+05:30,3441.4,3443.4,3440,3443.4,1575
2026-06-17T14:20:00+05:30,3443.4,3443.4,3438.6,3438.6,2100
2026-06-17T14:25:00+05:30,3438.6,3438.6,3433.8,3433.8,1925
2026-06-17T14:30:00+05:30,3433.7,3436.6,3430.9,3433.3,2450
2026-06-17T14:35:00+05:30,3434.4,3439.9,3434.4,3439.7,1575
2026-06-17T14:40:00+05:30,3438.3,3439.8,3435.7,3435.7,3325
2026-06-17T14:45:00+05:30,3439,3444.4,3439,3443.2,5775
2026-06-17T14:50:00+05:30,3443,3444.7,3440.4,3444.6,1575
2026-06-17T14:55:00+05:30,3441.8,3452,3441.8,3452,4725
2026-06-17T15:00:00+05:30,3450.3,3462.6,3450.3,3459.1,19600
2026-06-17T15:05:00+05:30,3457.2,3458.9,3450,3452.6,11900
2026-06-17T15:10:00+05:30,3454.4,3460,3450.2,3452,23975
2026-06-17T15:15:00+05:30,3452.2,3456.1,3450.3,3456.1,11200
2026-06-17T15:20:00+05:30,3453.1,3456,3448.9,3454.2,14000
2026-06-17T15:25:00+05:30,3455.1,3455.5,3448.1,3448.1,23975
2026-06-18T09:15:00+05:30,3453.6,3473,3453.6,3461.7,13300
2026-06-18T09:20:00+05:30,3462.7,3465,3455,3455.5,11200
2026-06-18T09:25:00+05:30,3456.5,3460,3456.5,3459.4,2100
2026-06-18T09:30:00+05:30,3459.5,3463.9,3459,3463.8,2275
2026-06-18T09:35:00+05:30,3463.8,3463.8,3457.5,3462,6650
2026-06-18T09:40:00+05:30,3460,3468.7,3454.8,3465.8,4725
2026-06-18T09:45:00+05:30,3467.6,3467.8,3466.6,3467.8,3150
2026-06-18T09:50:00+05:30,3465.1,3465.1,3463,3463,875
2026-06-18T09:55:00+05:30,3468,3473.9,3467.9,3473.9,5775
2026-06-18T10:00:00+05:30,3473.9,3473.9,3467.9,3473.7,6125
2026-06-18T10:05:00+05:30,3472.1,3480,3472.1,3476.9,10150
2026-06-18T10:10:00+05:30,3476.9,3477.3,3467.2,3467.4,5775
2026-06-18T10:15:00+05:30,3470,3474.9,3465.7,3474.9,3850
2026-06-18T10:20:00+05:30,3474.2,3476,3472,3475.2,2800
2026-06-18T10:25:00+05:30,3475.1,3475.1,3468.8,3470.9,3850
2026-06-18T10:30:00+05:30,3469.4,3471,3466.3,3471,1575
2026-06-18T10:35:00+05:30,3474,3474.2,3467.2,3467.2,4200
2026-06-18T10:40:00+05:30,3467.4,3474.4,3466.6,3471.4,2450
2026-06-18T10:45:00+05:30,3474.9,3477,3472.5,3472.5,2625
2026-06-18T10:50:00+05:30,3471.5,3471.5,3469.4,3471.3,1225
2026-06-18T10:55:00+05:30,3469.2,3470,3467.5,3470,1400
2026-06-18T11:00:00+05:30,3469.4,3472.7,3469.4,3471.1,1225
2026-06-18T11:05:00+05:30,3469.4,3470,3469,3470,1225
2026-06-18T11:10:00+05:30,3469.1,3469.4,3461.3,3469.4,3675
2026-06-18T11:15:00+05:30,3468.5,3468.6,3467.6,3468.1,2100
2026-06-18T11:20:00+05:30,3465.8,3465.8,3459.2,3465.1,2800
2026-06-18T11:25:00+05:30,3467.4,3468.1,3463.1,3464.7,2450
2026-06-18T11:30:00+05:30,3465.4,3468.9,3464.5,3468.1,1925
2026-06-18T11:35:00+05:30,3468.2,3468.5,3466.3,3466.3,1575
2026-06-18T11:40:00+05:30,3463.5,3464.3,3463.5,3463.8,1050
2026-06-18T11:45:00+05:30,3463.2,3463.2,3460,3460,1225
2026-06-18T11:50:00+05:30,3459.9,3460,3456.3,3459.2,4725
2026-06-18T11:55:00+05:30,3461.8,3466.4,3461.8,3462,1575
2026-06-18T12:00:00+05:30,3466,3466,3464.3,3465.7,875
2026-06-18T12:05:00+05:30,3463.3,3465.1,3463.3,3464.9,1050
2026-06-18T12:10:00+05:30,3463,3463.9,3462.5,3463.2,875
2026-06-18T12:15:00+05:30,3463,3473.3,3463,3470.3,2975
2026-06-18T12:20:00+05:30,3468.5,3470.4,3467.3,3469.6,2100
2026-06-18T12:25:00+05:30,3469.4,3474.5,3469.4,3474.5,3150
2026-06-18T12:30:00+05:30,3471.9,3473.4,3471,3471.5,2975
2026-06-18T12:35:00+05:30,3470,3471,3469.7,3469.7,4550
2026-06-18T12:40:00+05:30,3468.9,3468.9,3468.1,3468.1,875
2026-06-18T12:45:00+05:30,3468.2,3469.6,3467.8,3467.8,1925
2026-06-18T12:50:00+05:30,3468.6,3470.3,3463,3463,3850
2026-06-18T12:55:00+05:30,3464.1,3464.7,3464.1,3464.7,3675
2026-06-18T13:00:00+05:30,3466.1,3466.8,3466.1,3466.4,700
2026-06-18T13:05:00+05:30,3467,3468.5,3465.9,3468.3,2450
2026-06-18T13:10:00+05:30,3470.8,3470.8,3468.9,3470.3,1750
2026-06-18T13:15:00+05:30,3469.6,3469.6,3466.4,3466.4,1225
2026-06-18T13:20:00+05:30,3467.3,3468.4,3466.8,3466.8,1225
2026-06-18T13:25:00+05:30,3466.8,3466.8,3464.5,3465.4,1575
2026-06-18T13:30:00+05:30,3466.7,3469.5,3466.7,3469.5,1225
2026-06-18T13:35:00+05:30,3468.9,3469.1,3467.9,3469,1575
2026-06-18T13:40:00+05:30,3469.9,3469.9,3467.8,3468,1925
2026-06-18T13:45:00+05:30,3468.3,3468.7,3467,3467,2800
2026-06-18T13:50:00+05:30,3467,3467,3465.3,3465.3,1925
2026-06-18T13:55:00+05:30,3467.3,3467.3,3465.2,3465.7,2450
2026-06-18T14:00:00+05:30,3465.9,3466.5,3464.3,3465,2975
2026-06-18T14:05:00+05:30,3465.7,3466.2,3461.1,3462.8,2275
2026-06-18T14:10:00+05:30,3462.8,3462.8,3462,3462.8,4200
2026-06-18T14:15:00+05:30,3463.8,3463.8,3461.6,3462.7,2625
2026-06-18T14:20:00+05:30,3461.2,3464,3459.9,3463.4,4025
2026-06-18T14:25:00+05:30,3463.4,3463.6,3461.7,3462.5,1050
2026-06-18T14:30:00+05:30,3463,3463.7,3459,3463.7,4550
2026-06-18T14:35:00+05:30,3464.3,3467,3463.3,3466.8,1750
2026-06-18T14:40:00+05:30,3466,3466,3460.9,3460.9,3850
2026-06-18T14:45:00+05:30,3462.7,3462.7,3457.9,3457.9,5775
2026-06-18T14:50:00+05:30,3457.5,3460.5,3456.1,3456.6,10150
2026-06-18T14:55:00+05:30,3459.4,3469.8,3457,3469.8,10325
2026-06-18T15:00:00+05:30,3466.5,3468.7,3462.2,3465.8,10500
2026-06-18T15:05:00+05:30,3463.5,3469.8,3462.3,3469.7,10150
2026-06-18T15:10:00+05:30,3469.6,3469.9,3463.4,3467.5,11725
2026-06-18T15:15:00+05:30,3463,3470,3463,3469.9,10500
2026-06-18T15:20:00+05:30,3467.3,3470,3465.8,3470,11550
2026-06-18T15:25:00+05:30,3467.7,3470.7,3464.2,3470,22925
2026-06-19T09:15:00+05:30,3434.2,3459,3434.2,3448,5425
2026-06-19T09:20:00+05:30,3448,3449.9,3440,3441.3,2800
2026-06-19T09:25:00+05:30,3441.3,3453.5,3441.3,3453.5,4200
2026-06-19T09:30:00+05:30,3450.2,3452.1,3444.1,3451.9,7700
2026-06-19T09:35:00+05:30,3448.2,3453,3443.3,3443.3,4900
2026-06-19T09:40:00+05:30,3445.2,3450,3441.8,3448,14525
2026-06-19T09:45:00+05:30,3448.7,3452.7,3444.1,3444.3,5425
2026-06-19T09:50:00+05:30,3445.7,3447.7,3443,3447.7,6125
2026-06-19T09:55:00+05:30,3447.3,3447.8,3438.8,3438.8,7175
2026-06-19T10:00:00+05:30,3438.5,3440.8,3430,3435.5,13475
2026-06-19T10:05:00+05:30,3430.2,3436,3426.5,3433.4,11550
2026-06-19T10:10:00+05:30,3431.4,3437.5,3431.4,3434.1,2800
2026-06-19T10:15:00+05:30,3435,3436.1,3431,3434.9,2975
2026-06-19T10:20:00+05:30,3431,3433.8,3430,3433.8,3150
2026-06-19T10:25:00+05:30,3434.4,3434.4,3430.4,3432.3,1400
2026-06-19T10:30:00+05:30,3426,3428.1,3421.4,3425.8,3500
2026-06-19T10:35:00+05:30,3425.3,3429.7,3425.1,3429.7,1400
2026-06-19T10:40:00+05:30,3431.5,3437.6,3431.5,3437,2800
2026-06-19T10:45:00+05:30,3442.6,3443.6,3435,3435,2100
2026-06-19T10:50:00+05:30,3435,3435,3428,3429,1225
2026-06-19T10:55:00+05:30,3432.6,3432.6,3430.4,3430.4,1750
2026-06-19T11:00:00+05:30,3431.8,3433.2,3431.8,3433.2,700
2026-06-19T11:05:00+05:30,3433.8,3436.9,3433.8,3436.9,700
2026-06-19T11:10:00+05:30,3434.4,3438.5,3433.7,3438.2,2100
2026-06-19T11:15:00+05:30,3439.1,3439.1,3435.6,3435.6,1050
2026-06-19T11:20:00+05:30,3434.5,3441.8,3434.5,3435,2800
2026-06-19T11:25:00+05:30,3437.2,3437.2,3432.5,3436,2800
2026-06-19T11:30:00+05:30,3434,3438.4,3433.7,3438.4,1225
2026-06-19T11:35:00+05:30,3435.2,3436.7,3433.2,3436.7,1225
2026-06-19T11:40:00+05:30,3435,3437,3431.5,3436.2,2625
2026-06-19T11:45:00+05:30,3432.6,3432.6,3429.3,3430,1050
2026-06-19T11:50:00+05:30,3429.6,3431.4,3428.4,3429.7,2800
2026-06-19T11:55:00+05:30,3428.1,3436.1,3428.1,3436.1,3850
2026-06-19T12:00:00+05:30,3437.2,3439.1,3437.1,3437.6,2100
2026-06-19T12:05:00+05:30,3437.7,3439.4,3437.7,3439.4,875
2026-06-19T12:10:00+05:30,3440.2,3440.4,3436.4,3437.1,1925
2026-06-19T12:15:00+05:30,3437.4,3441.9,3437.4,3439.3,2625
2026-06-19T12:20:00+05:30,3440.4,3440.4,3439.9,3440.1,1750
2026-06-19T12:25:00+05:30,3441.9,3444.9,3441.9,3443.2,2975
2026-06-19T12:30:00+05:30,3441.4,3441.4,3433.1,3433.1,3150
2026-06-19T12:35:00+05:30,3433.8,3435,3429.3,3429.3,3675
2026-06-19T12:40:00+05:30,3427.4,3427.4,3419.4,3425.2,4200
2026-06-19T12:45:00+05:30,3427.1,3429.3,3426.4,3428.9,1925
2026-06-19T12:50:00+05:30,3428.8,3431.3,3427,3431.3,2450
2026-06-19T12:55:00+05:30,3431.1,3431.1,3426.6,3430.7,3150
2026-06-19T13:00:00+05:30,3429.6,3429.6,3421.4,3422,4900
2026-06-19T13:05:00+05:30,3422,3425.3,3420.5,3421.1,6475
2026-06-19T13:10:00+05:30,3422.3,3422.4,3419.5,3421.3,3325
2026-06-19T13:15:00+05:30,3424.6,3425.2,3420.2,3423,2975
2026-06-19T13:20:00+05:30,3423,3423,3419.7,3420.8,1750
2026-06-19T13:25:00+05:30,3420.8,3429.1,3420.8,3426.3,6125
2026-06-19T13:30:00+05:30,3425.7,3430,3425.3,3430,3150
2026-06-19T13:35:00+05:30,3428.5,3428.5,3424.9,3426.5,1400
2026-06-19T13:40:00+05:30,3427.7,3437.4,3427.6,3434.3,2800
2026-06-19T13:45:00+05:30,3437.3,3437.3,3431.5,3435,1925
2026-06-19T13:50:00+05:30,3438.5,3438.5,3434.7,3435.6,4375
2026-06-19T13:55:00+05:30,3436.5,3440.7,3436.5,3438.9,3325
2026-06-19T14:00:00+05:30,3441,3449,3441,3446.2,12425
2026-06-19T14:05:00+05:30,3444.8,3447,3444.2,3444.4,3500
2026-06-19T14:10:00+05:30,3445.5,3449,3443.1,3448.7,2625
2026-06-19T14:15:00+05:30,3449.1,3449.1,3446.9,3448,2100
2026-06-19T14:20:00+05:30,3448.5,3448.5,3445.9,3446,4900
2026-06-19T14:25:00+05:30,3444,3449.7,3444,3447.7,2100
2026-06-19T14:30:00+05:30,3450,3459.7,3450,3459.7,14350
2026-06-19T14:35:00+05:30,3457.9,3463.2,3456.3,3461.9,5775
2026-06-19T14:40:00+05:30,3461.1,3461.1,3454.3,3456.6,8925
2026-06-19T14:45:00+05:30,3458.1,3458.1,3454,3455.8,4725
2026-06-19T14:50:00+05:30,3454.3,3455,3440,3442.5,20650
2026-06-19T14:55:00+05:30,3442.5,3442.7,3434.3,3441.8,20300
2026-06-19T15:00:00+05:30,3440.6,3452,3435.6,3451.4,46725
2026-06-19T15:05:00+05:30,3451.3,3454.9,3447.8,3450,43400
2026-06-19T15:10:00+05:30,3450,3455,3446,3450.6,44625
2026-06-19T15:15:00+05:30,3452.5,3460.9,3444.6,3449.9,41125
2026-06-19T15:20:00+05:30,3448.5,3461,3448.5,3458.6,32900
2026-06-19T15:25:00+05:30,3459.1,3463.6,3453.2,3462.6,42175
2026-06-22T09:15:00+05:30,3490.1,3507,3472.3,3475.6,68425
2026-06-22T09:20:00+05:30,3473.7,3476.1,3468.8,3473.5,14000
2026-06-22T09:25:00+05:30,3472,3477.2,3472,3474,4025
2026-06-22T09:30:00+05:30,3470.6,3470.6,3465,3469.4,4725
2026-06-22T09:35:00+05:30,3470.3,3471.5,3468,3471.5,3150
2026-06-22T09:40:00+05:30,3471.3,3473.4,3468.1,3469.1,3675
2026-06-22T09:45:00+05:30,3470.7,3473.3,3462.6,3463,10850
2026-06-22T09:50:00+05:30,3464.7,3470.3,3464.7,3470.3,3675
2026-06-22T09:55:00+05:30,3470.8,3475,3469.5,3475,1925
2026-06-22T10:00:00+05:30,3474.5,3483,3473.6,3483,10500
2026-06-22T10:05:00+05:30,3480.9,3484.9,3478.6,3484.9,3150
2026-06-22T10:10:00+05:30,3484.9,3484.9,3479.1,3481.1,3850
2026-06-22T10:15:00+05:30,3482,3482,3479.9,3480,1225
2026-06-22T10:20:00+05:30,3480,3480,3477.6,3478.4,2100
2026-06-22T10:25:00+05:30,3477.5,3485,3477.5,3485,8225
2026-06-22T10:30:00+05:30,3481.2,3481.2,3473.4,3473.4,3850
2026-06-22T10:35:00+05:30,3476,3481.9,3474.9,3478.4,3850
2026-06-22T10:40:00+05:30,3476.9,3478.9,3476.9,3477.8,1050
2026-06-22T10:45:00+05:30,3478.5,3478.5,3476.3,3477.1,1400
2026-06-22T10:50:00+05:30,3475,3477.6,3471.4,3471.4,2975
2026-06-22T10:55:00+05:30,3471.8,3477.9,3470.1,3477.9,4375
2026-06-22T11:00:00+05:30,3475,3477,3473,3474.1,5250
2026-06-22T11:05:00+05:30,3473,3473.6,3468.3,3471.1,8225
2026-06-22T11:10:00+05:30,3469.5,3469.5,3466.2,3467.9,2625
2026-06-22T11:15:00+05:30,3468.7,3469.2,3467.1,3469.2,2625
2026-06-22T11:20:00+05:30,3468.4,3468.5,3465.6,3467.6,5075
2026-06-22T11:25:00+05:30,3469.6,3469.8,3467,3468.5,4375
2026-06-22T11:30:00+05:30,3467,3467.2,3463.8,3464,6825
2026-06-22T11:35:00+05:30,3464.4,3467.2,3458,3459.2,11900
2026-06-22T11:40:00+05:30,3457.3,3463.3,3455.2,3462.1,5600
2026-06-22T11:45:00+05:30,3460,3462.2,3458.8,3458.8,5075
2026-06-22T11:50:00+05:30,3461.1,3461.1,3458.9,3460.9,1050
2026-06-22T11:55:00+05:30,3459.9,3461.4,3459.1,3461.4,2450
2026-06-22T12:00:00+05:30,3463,3463,3459.1,3459.9,3850
2026-06-22T12:05:00+05:30,3459.9,3463.5,3459.9,3460.1,7175
2026-06-22T12:10:00+05:30,3461.7,3467.9,3461.4,3465.2,4375
2026-06-22T12:15:00+05:30,3466,3466,3463.7,3465.3,2100
2026-06-22T12:20:00+05:30,3464.8,3467,3464.5,3466.8,1050
2026-06-22T12:25:00+05:30,3468.8,3468.8,3466.7,3467.5,2100
2026-06-22T12:30:00+05:30,3466.4,3468,3465.6,3468,1400
2026-06-22T12:35:00+05:30,3466,3466.1,3466,3466.1,700
2026-06-22T12:40:00+05:30,3466,3466.2,3466,3466.2,350
2026-06-22T12:45:00+05:30,3466.4,3466.4,3463.2,3464,1400
2026-06-22T12:50:00+05:30,3464,3464.2,3462.7,3464,2625
2026-06-22T12:55:00+05:30,3464,3464,3462.7,3463.3,1225
2026-06-22T13:00:00+05:30,3462.2,3464.7,3462.2,3464.7,4200
2026-06-22T13:05:00+05:30,3465.9,3468,3465.9,3468,1050
2026-06-22T13:10:00+05:30,3467,3468.5,3466,3466,525
2026-06-22T13:15:00+05:30,3465,3466.1,3464,3466.1,1225
2026-06-22T13:20:00+05:30,3465.2,3465.2,3465.2,3465.2,175
2026-06-22T13:25:00+05:30,3467.1,3474,3467.1,3474,3850
2026-06-22T13:30:00+05:30,3474.1,3474.1,3472,3472,525
2026-06-22T13:35:00+05:30,3471.4,3473.3,3471.4,3473.3,700
2026-06-22T13:40:00+05:30,3472.3,3472.3,3470,3470,700
2026-06-22T13:45:00+05:30,3470,3472.2,3470,3472.2,1225
2026-06-22T13:50:00+05:30,3469.5,3471.7,3469.5,3470.7,1225
2026-06-22T13:55:00+05:30,3470.7,3471.7,3469.9,3471.7,1400
2026-06-22T14:00:00+05:30,3468.6,3468.6,3468.6,3468.6,875
2026-06-22T14:05:00+05:30,3468.1,3468.5,3466.7,3467.6,2275
2026-06-22T14:10:00+05:30,3468.8,3472.7,3467.1,3471.8,4200
2026-06-22T14:15:00+05:30,3475,3479,3475,3475.6,3325
2026-06-22T14:20:00+05:30,3475.9,3475.9,3471.7,3473.7,1400
2026-06-22T14:25:00+05:30,3472.8,3472.8,3469.1,3470.8,3500
2026-06-22T14:30:00+05:30,3469.9,3470,3465.1,3470,4375
2026-06-22T14:35:00+05:30,3470.3,3477.9,3470.3,3477.9,5600
2026-06-22T14:40:00+05:30,3478,3480,3476.4,3476.5,7175
2026-06-22T14:45:00+05:30,3476.7,3481.6,3476.7,3481.6,8400
2026-06-22T14:50:00+05:30,3481.3,3481.3,3477,3478.2,6825
2026-06-22T14:55:00+05:30,3478.9,3483.5,3478.9,3480,12250
2026-06-22T15:00:00+05:30,3480.8,3487.5,3480.6,3484.6,34300
2026-06-22T15:05:00+05:30,3485.1,3486.1,3483,3484.1,29225
2026-06-22T15:10:00+05:30,3484.8,3490,3482.3,3488.8,41300
2026-06-22T15:15:00+05:30,3487.6,3495.6,3485,3494.8,89600
2026-06-22T15:20:00+05:30,3494.7,3496.1,3487.2,3491.9,55825
2026-06-22T15:25:00+05:30,3491.5,3495,3488.5,3494.7,48125
2026-06-23T09:15:00+05:30,3499.9,3504.6,3479.5,3499,12775
2026-06-23T09:20:00+05:30,3499,3502,3497.2,3497.2,8225
2026-06-23T09:25:00+05:30,3499.5,3510,3499.5,3501.6,20125
2026-06-23T09:30:00+05:30,3502.7,3505.7,3500,3500,2975
2026-06-23T09:35:00+05:30,3495,3498.3,3488.4,3490.5,11725
2026-06-23T09:40:00+05:30,3494,3516.4,3494,3512.7,32725
2026-06-23T09:45:00+05:30,3514.7,3521.2,3510.8,3520.1,15925
2026-06-23T09:50:00+05:30,3519.7,3519.7,3501.9,3513,22225
2026-06-23T09:55:00+05:30,3515.4,3516.1,3508.3,3508.3,5775
2026-06-23T10:00:00+05:30,3510.8,3514,3506.3,3507.4,4025
2026-06-23T10:05:00+05:30,3504.6,3511.3,3504.6,3508.8,12950
2026-06-23T10:10:00+05:30,3511.2,3511.8,3509.1,3511.5,4375
2026-06-23T10:15:00+05:30,3510.5,3512.2,3509,3509.8,2625
2026-06-23T10:20:00+05:30,3509.8,3510,3499.6,3499.6,5250
2026-06-23T10:25:00+05:30,3500,3506.8,3496.6,3499,7350
2026-06-23T10:30:00+05:30,3499,3499,3492,3496.1,4900
2026-06-23T10:35:00+05:30,3497,3501.2,3497,3499.9,3500
2026-06-23T10:40:00+05:30,3497,3500.3,3496.7,3499.1,2275
2026-06-23T10:45:00+05:30,3499.1,3500,3496.3,3500,3325
2026-06-23T10:50:00+05:30,3500,3503.7,3498,3501.5,2100
2026-06-23T10:55:00+05:30,3500.3,3505.1,3498.3,3505.1,3500
2026-06-23T11:00:00+05:30,3505.1,3505.1,3503.3,3503.3,1575
2026-06-23T11:05:00+05:30,3503.3,3505.6,3500,3505.6,6125
2026-06-23T11:10:00+05:30,3506.2,3506.2,3501,3501.8,2975
2026-06-23T11:15:00+05:30,3501.8,3510,3501.8,3510,5250
2026-06-23T11:20:00+05:30,3506.4,3519.5,3506.4,3516.9,28000
2026-06-23T11:25:00+05:30,3517,3521,3516.7,3518.9,7525
2026-06-23T11:30:00+05:30,3520,3521.9,3515.7,3517.3,3150
2026-06-23T11:35:00+05:30,3517.4,3517.4,3511.2,3511.2,3150
2026-06-23T11:40:00+05:30,3511.5,3512.8,3509.8,3511,4725
2026-06-23T11:45:00+05:30,3510.3,3510.3,3499.2,3499.2,4550
2026-06-23T11:50:00+05:30,3499.2,3503.4,3498.9,3501.2,9975
2026-06-23T11:55:00+05:30,3502.7,3502.7,3490.8,3493,6125
2026-06-23T12:00:00+05:30,3490.5,3492,3485.3,3489.4,17850
2026-06-23T12:05:00+05:30,3489.2,3489.9,3485,3485.7,4025
2026-06-23T12:10:00+05:30,3487.1,3488,3483.1,3487.5,2975
2026-06-23T12:15:00+05:30,3487.1,3488,3486,3487.9,2450
2026-06-23T12:20:00+05:30,3486.3,3486.3,3474.3,3478,13125
2026-06-23T12:25:00+05:30,3480,3483.9,3480,3483.3,2275
2026-06-23T12:30:00+05:30,3484.9,3484.9,3480.3,3480.3,2275
2026-06-23T12:35:00+05:30,3480.3,3484.1,3480.3,3484.1,2100
2026-06-23T12:40:00+05:30,3483.9,3483.9,3475.3,3475.3,3325
2026-06-23T12:45:00+05:30,3477.7,3480.6,3475,3476.7,7525
2026-06-23T12:50:00+05:30,3478.4,3478.4,3460.7,3460.7,13125
2026-06-23T12:55:00+05:30,3460.7,3462.3,3457.4,3460.9,6825
2026-06-23T13:00:00+05:30,3460.1,3461.6,3455,3456.4,5425
2026-06-23T13:05:00+05:30,3456.9,3457,3452.6,3456.2,8750
2026-06-23T13:10:00+05:30,3456,3459.9,3453.3,3459.6,5600
2026-06-23T13:15:00+05:30,3459.9,3463.9,3457.2,3463.9,7175
2026-06-23T13:20:00+05:30,3463.9,3466.1,3460.9,3460.9,8225
2026-06-23T13:25:00+05:30,3460,3460,3453,3455.1,4200
2026-06-23T13:30:00+05:30,3455.1,3455.1,3448.6,3448.6,7175
2026-06-23T13:35:00+05:30,3445,3452.5,3445,3450.6,5075
2026-06-23T13:40:00+05:30,3450.6,3453.2,3448.6,3448.6,4550
2026-06-23T13:45:00+05:30,3452,3457.3,3448.6,3457.3,2625
2026-06-23T13:50:00+05:30,3458.9,3461.1,3454.8,3461.1,5075
2026-06-23T13:55:00+05:30,3461.1,3463,3458.4,3460.7,7175
2026-06-23T14:00:00+05:30,3460.7,3460.7,3451,3453.1,8225
2026-06-23T14:05:00+05:30,3453.1,3463.3,3453.1,3455.9,6300
2026-06-23T14:10:00+05:30,3456.4,3470.5,3456.4,3468,7700
2026-06-23T14:15:00+05:30,3468,3471.5,3467,3467.3,8750
2026-06-23T14:20:00+05:30,3469,3473.6,3467.6,3471.5,7175
2026-06-23T14:25:00+05:30,3472.8,3482.2,3471.8,3476.6,11550
2026-06-23T14:30:00+05:30,3477.1,3480.2,3474.7,3478.8,10675
2026-06-23T14:35:00+05:30,3480,3480.8,3475.8,3476.4,8225
2026-06-23T14:40:00+05:30,3476.5,3486.7,3475.6,3485.8,11550
2026-06-23T14:45:00+05:30,3486.9,3497,3486.9,3497,20825
2026-06-23T14:50:00+05:30,3497,3498.9,3489.1,3490.6,18025
2026-06-23T14:55:00+05:30,3493,3493.9,3486,3486,14175
2026-06-23T15:00:00+05:30,3487.1,3489.2,3451,3453.6,60550
2026-06-23T15:05:00+05:30,3455.7,3459.6,3453.2,3453.6,20125
2026-06-23T15:10:00+05:30,3453.6,3455.4,3450.1,3454.3,16450
2026-06-23T15:15:00+05:30,3455.5,3461.8,3453.3,3456.1,18025
2026-06-23T15:20:00+05:30,3457.6,3461,3455.2,3458.1,33075
2026-06-23T15:25:00+05:30,3456.2,3459.9,3448.5,3455.4,22925
2026-06-24T09:15:00+05:30,3455.4,3455.4,3431,3431,19250
2026-06-24T09:20:00+05:30,3431.5,3437.9,3425,3432.8,30450
2026-06-24T09:25:00+05:30,3432.8,3432.8,3419.6,3421.6,57050
2026-06-24T09:30:00+05:30,3421.6,3423.5,3403.2,3414,49525
2026-06-24T09:35:00+05:30,3415,3420.1,3404.4,3405.5,50050
2026-06-24T09:40:00+05:30,3405.9,3410.7,3386,3391,61075
2026-06-24T09:45:00+05:30,3390.8,3394,3384.3,3385.1,47950
2026-06-24T09:50:00+05:30,3384.1,3395.1,3383.6,3394.5,48300
2026-06-24T09:55:00+05:30,3394.4,3399,3382.4,3385.8,66150
2026-06-24T10:00:00+05:30,3386.6,3392.8,3379.8,3384.8,61775
2026-06-24T10:05:00+05:30,3385.5,3387.9,3382.5,3385.8,44625
2026-06-24T10:10:00+05:30,3385.8,3400.3,3384.7,3398.1,50400
2026-06-24T10:15:00+05:30,3398.1,3416.6,3395.4,3413.1,48475
2026-06-24T10:20:00+05:30,3413.1,3419.8,3411.3,3414,42175
2026-06-24T10:25:00+05:30,3415.9,3425,3415.9,3421.7,35875
2026-06-24T10:30:00+05:30,3421.7,3428,3421,3423.5,44800
2026-06-24T10:35:00+05:30,3423.5,3427.5,3420.9,3422.1,35700
2026-06-24T10:40:00+05:30,3422.1,3430.9,3422.1,3426.5,35350
2026-06-24T10:45:00+05:30,3427.5,3436.2,3425.1,3435.6,35875
2026-06-24T10:50:00+05:30,3435.6,3446,3433.9,3439.1,57225
2026-06-24T10:55:00+05:30,3439.1,3449,3437.5,3445.2,48475
2026-06-24T11:00:00+05:30,3445.2,3449,3440.5,3440.8,32375
2026-06-24T11:05:00+05:30,3440,3442.1,3435,3439.5,34475
2026-06-24T11:10:00+05:30,3439.5,3443,3431.6,3431.6,40950
2026-06-24T11:15:00+05:30,3431.6,3432.7,3424.3,3425.1,32200
2026-06-24T11:20:00+05:30,3424,3430.6,3424,3429,35175
2026-06-24T11:25:00+05:30,3429,3431.1,3424.2,3428,36750
2026-06-24T11:30:00+05:30,3428,3428,3420,3421.6,35000
2026-06-24T11:35:00+05:30,3421.6,3429.1,3419.6,3429.1,36225
2026-06-24T11:40:00+05:30,3429.1,3432.6,3424.7,3430.2,40250
2026-06-24T11:45:00+05:30,3430.2,3430.9,3423.6,3425.8,40950
2026-06-24T11:50:00+05:30,3426.6,3426.8,3419.9,3424.1,44975
2026-06-24T11:55:00+05:30,3424.5,3424.5,3416.5,3416.5,47950
2026-06-24T12:00:00+05:30,3416.5,3417.7,3413.1,3417.7,41650
2026-06-24T12:05:00+05:30,3417.7,3417.7,3410,3411,40075
2026-06-24T12:10:00+05:30,3411,3415.9,3406.4,3409.6,40775
2026-06-24T12:15:00+05:30,3409.6,3412.9,3406.1,3407.4,40425
2026-06-24T12:20:00+05:30,3407.4,3414.8,3406.9,3411.4,44800
2026-06-24T12:25:00+05:30,3411.4,3428.6,3411.4,3428.6,45850
2026-06-24T12:30:00+05:30,3426.5,3433.2,3425.7,3431.7,44625
2026-06-24T12:35:00+05:30,3431.7,3440,3431.7,3437.5,44275
2026-06-24T12:40:00+05:30,3437.5,3439,3430.4,3431.4,40250
2026-06-24T12:45:00+05:30,3431.4,3436.7,3425.4,3425.5,39550
2026-06-24T12:50:00+05:30,3425.5,3438.4,3424.1,3434.9,41475
2026-06-24T12:55:00+05:30,3434.9,3436.2,3427.8,3436.2,38150
2026-06-24T13:00:00+05:30,3436.2,3437.7,3433.3,3434.2,89775
2026-06-24T13:05:00+05:30,3434.2,3436.7,3431.1,3435.2,38325
2026-06-24T13:10:00+05:30,3436,3436,3431,3435.8,38675
2026-06-24T13:15:00+05:30,3435.8,3438.6,3433.7,3435,51275
2026-06-24T13:20:00+05:30,3435,3442.4,3433.3,3436.8,364525
2026-06-24T13:25:00+05:30,3436.8,3444,3432.9,3441.7,59850
2026-06-24T13:30:00+05:30,3441.7,3454.8,3441.7,3452.8,55650
2026-06-24T13:35:00+05:30,3452.8,3472.3,3452.8,3467.4,81200
2026-06-24T13:40:00+05:30,3467.4,3468.3,3461.8,3463.8,34475
2026-06-24T13:45:00+05:30,3463.8,3472.2,3462.1,3468,37275
2026-06-24T13:50:00+05:30,3468,3479,3463.9,3474.8,43575
2026-06-24T13:55:00+05:30,3474.8,3475.2,3469.9,3474.5,41300
2026-06-24T14:00:00+05:30,3474.5,3474.5,3467.6,3470.5,33600
2026-06-24T14:05:00+05:30,3470.5,3470.5,3465.8,3470,46200
2026-06-24T14:10:00+05:30,3470,3476,3465.4,3465.4,212275
2026-06-24T14:15:00+05:30,3465.4,3469.6,3460.1,3469.6,198275
2026-06-24T14:20:00+05:30,3469.6,3476.3,3466.5,3476.3,40775
2026-06-24T14:25:00+05:30,3476.3,3476.5,3471,3473.6,43225
2026-06-24T14:30:00+05:30,3473.6,3473.6,3465.2,3469.7,35350
2026-06-24T14:35:00+05:30,3469.7,3471.4,3461.5,3461.5,33250
2026-06-24T14:40:00+05:30,3461.5,3468.8,3460.2,3461.9,32900
2026-06-24T14:45:00+05:30,3461.9,3461.9,3451.5,3454.1,38325
2026-06-24T14:50:00+05:30,3454.1,3459.3,3453.8,3456.3,33950
2026-06-24T14:55:00+05:30,3456.3,3457,3450.9,3452.9,32725
2026-06-24T15:00:00+05:30,3453,3460.7,3446.8,3446.8,42350
2026-06-24T15:05:00+05:30,3446.8,3450.9,3446.7,3448.3,42000
2026-06-24T15:10:00+05:30,3450.3,3450.6,3439.6,3441.9,39900
2026-06-24T15:15:00+05:30,3445,3449.9,3440.1,3443.5,30275
2026-06-24T15:20:00+05:30,3444.7,3447.7,3440.7,3445,32900
2026-06-24T15:25:00+05:30,3445,3452.8,3445,3452.8,18725
2026-06-25T09:15:00+05:30,3452.4,3494.7,3452.4,3494.7,75950
2026-06-25T09:20:00+05:30,3494.7,3514.9,3494.7,3511.5,116200
2026-06-25T09:25:00+05:30,3511.5,3537,3509.7,3535.9,94150
2026-06-25T09:30:00+05:30,3539.1,3547.9,3532,3534.9,107625
2026-06-25T09:35:00+05:30,3534.9,3535,3527.7,3535,67725
2026-06-25T09:40:00+05:30,3535,3538,3530.5,3537.1,67550
2026-06-25T09:45:00+05:30,3537.1,3544.6,3527.1,3532.3,68075
2026-06-25T09:50:00+05:30,3532.3,3535,3525.6,3532.7,45500
2026-06-25T09:55:00+05:30,3532.7,3545.4,3530.6,3545,69300
2026-06-25T10:00:00+05:30,3544,3544,3530.9,3534.7,60550
2026-06-25T10:05:00+05:30,3534.7,3537.6,3526.7,3537.5,55125
2026-06-25T10:10:00+05:30,3537.5,3549.8,3537.5,3547.7,70175
2026-06-25T10:15:00+05:30,3547.7,3550,3545,3549,58450
2026-06-25T10:20:00+05:30,3549,3557.4,3548.7,3557.3,72625
2026-06-25T10:25:00+05:30,3557.3,3560,3549.9,3560,61775
2026-06-25T10:30:00+05:30,3560,3563.4,3551.3,3555,82075
2026-06-25T10:35:00+05:30,3554,3560.8,3550,3551.9,60200
2026-06-25T10:40:00+05:30,3551.9,3553,3546.7,3547.6,56525
2026-06-25T10:45:00+05:30,3547.6,3553.5,3547.1,3552.8,54775
2026-06-25T10:50:00+05:30,3552.8,3557,3552.1,3554,57050
2026-06-25T10:55:00+05:30,3554,3557.8,3551.4,3553.3,45500
2026-06-25T11:00:00+05:30,3553.3,3556,3547.8,3550.1,40600
2026-06-25T11:05:00+05:30,3550.1,3558.7,3548.3,3556.9,60200
2026-06-25T11:10:00+05:30,3556.9,3566,3556.3,3565.9,50400
2026-06-25T11:15:00+05:30,3565.7,3576.8,3560.6,3576.5,72800
2026-06-25T11:20:00+05:30,3576.5,3588,3575.2,3587.8,80325
2026-06-25T11:25:00+05:30,3587.8,3599,3587.6,3596.1,324800
2026-06-25T11:30:00+05:30,3596.1,3597.1,3584.2,3586,45325
2026-06-25T11:35:00+05:30,3586,3589.9,3583.6,3585.7,56700
2026-06-25T11:40:00+05:30,3585.7,3586.2,3577.1,3577.1,64400
2026-06-25T11:45:00+05:30,3578.9,3588.3,3578.9,3588.3,232400
2026-06-25T11:50:00+05:30,3588.1,3588.1,3581,3581,52675
2026-06-25T11:55:00+05:30,3581,3585.2,3576.1,3577.8,54775
2026-06-25T12:00:00+05:30,3577.8,3583.4,3575.3,3578,72625
2026-06-25T12:05:00+05:30,3578,3582.7,3575.3,3582,46550
2026-06-25T12:10:00+05:30,3582,3584.4,3578.9,3580,41300
2026-06-25T12:15:00+05:30,3580,3583.6,3577,3583.6,38150
2026-06-25T12:20:00+05:30,3583.6,3584.4,3577.9,3578.5,50400
2026-06-25T12:25:00+05:30,3578.5,3580.1,3575.2,3577.2,57225
2026-06-25T12:30:00+05:30,3577.2,3578.8,3575.6,3577.7,49175
2026-06-25T12:35:00+05:30,3577.7,3578.7,3575.5,3577.7,56000
2026-06-25T12:40:00+05:30,3577.7,3582.7,3576.7,3582.6,57050
2026-06-25T12:45:00+05:30,3582.8,3582.8,3578.3,3580.6,58450
2026-06-25T12:50:00+05:30,3580.1,3580.1,3575.4,3576.6,51275
2026-06-25T12:55:00+05:30,3576.6,3577.1,3575.2,3576.4,50750
2026-06-25T13:00:00+05:30,3575.3,3576.2,3573,3575.6,68425
2026-06-25T13:05:00+05:30,3575.6,3577.1,3575.3,3576.3,64925
2026-06-25T13:10:00+05:30,3576.3,3580.3,3575.7,3575.7,53025
2026-06-25T13:15:00+05:30,3575.7,3581.5,3575.4,3580.8,66325
2026-06-25T13:20:00+05:30,3581.1,3594.3,3580.4,3591.6,76825
2026-06-25T13:25:00+05:30,3591.6,3593.8,3584.2,3592.9,77875
2026-06-25T13:30:00+05:30,3591.6,3594,3589.7,3592.2,75425
2026-06-25T13:35:00+05:30,3592.2,3596.5,3591.8,3594.4,84875
2026-06-25T13:40:00+05:30,3595.5,3599.7,3590.7,3595.2,73150
2026-06-25T13:45:00+05:30,3595.2,3595.7,3587.8,3595.3,85575
2026-06-25T13:50:00+05:30,3595.3,3600,3589.4,3594.6,71750
2026-06-25T13:55:00+05:30,3592.7,3595.1,3586.2,3588.6,59675
2026-06-25T14:00:00+05:30,3588.6,3588.7,3583.4,3585.6,68600
2026-06-25T14:05:00+05:30,3585.6,3585.6,3579.1,3579.3,64925
2026-06-25T14:10:00+05:30,3579.3,3580.5,3576.1,3576.7,60550
2026-06-25T14:15:00+05:30,3576.7,3578.9,3569.8,3571,97475
2026-06-25T14:20:00+05:30,3571,3571.2,3566.3,3571.2,61250
2026-06-25T14:25:00+05:30,3570.5,3571.2,3567.3,3568.5,63525
2026-06-25T14:30:00+05:30,3568.5,3574.9,3566.8,3574.9,67200
2026-06-25T14:35:00+05:30,3574.9,3578.9,3570.3,3571,63525
2026-06-25T14:40:00+05:30,3571,3571,3564,3568.8,79450
2026-06-25T14:45:00+05:30,3568.1,3575.1,3566.7,3569.5,70700
2026-06-25T14:50:00+05:30,3569.5,3572.7,3568.3,3570.6,57925
2026-06-25T14:55:00+05:30,3570.6,3570.6,3567.5,3569.6,72625
2026-06-25T15:00:00+05:30,3568.3,3569.6,3547.9,3560.7,79625
2026-06-25T15:05:00+05:30,3560.7,3564.7,3558.9,3561.8,70175
2026-06-25T15:10:00+05:30,3560.5,3572.8,3560.5,3567.9,60200
2026-06-25T15:15:00+05:30,3567.9,3575,3567.2,3573.1,71750
2026-06-25T15:20:00+05:30,3573,3575.2,3569.2,3575.2,60725
2026-06-25T15:25:00+05:30,3574.1,3575.2,3572,3574.2,56350